portname,week,avg_daily_transits,avg_daily_capacity
Oresund Strait,2019-05-06T00:00:00.000Z,56.857142857142854,99000.42857142857
Oresund Strait,2019-10-14T00:00:00.000Z,54.142857142857146,108938.0
Oresund Strait,2020-02-17T00:00:00.000Z,41.285714285714285,94172.14285714286
Oresund Strait,2020-03-30T00:00:00.000Z,59.142857142857146,138331.57142857142
Oresund Strait,2020-04-06T00:00:00.000Z,65.28571428571429,131204.42857142858
Oresund Strait,2020-05-18T00:00:00.000Z,58.57142857142857,98710.42857142857
Oresund Strait,2020-06-08T00:00:00.000Z,61.42857142857143,93680.71428571429
Oresund Strait,2020-12-21T00:00:00.000Z,56.57142857142857,108628.57142857143
Oresund Strait,2021-05-17T00:00:00.000Z,55.142857142857146,92956.0
Oresund Strait,2021-07-12T00:00:00.000Z,54.857142857142854,92463.42857142857
Oresund Strait,2021-08-02T00:00:00.000Z,52.0,98506.28571428571
Oresund Strait,2021-09-20T00:00:00.000Z,49.0,104844.28571428571
Oresund Strait,2021-10-18T00:00:00.000Z,51.285714285714285,108613.57142857143
Oresund Strait,2022-01-03T00:00:00.000Z,45.0,82828.85714285714
Oresund Strait,2022-04-04T00:00:00.000Z,44.142857142857146,85063.85714285714
Oresund Strait,2022-05-09T00:00:00.000Z,43.714285714285715,107037.0
Oresund Strait,2022-08-29T00:00:00.000Z,47.42857142857143,88881.57142857143
Oresund Strait,2022-11-21T00:00:00.000Z,46.142857142857146,90223.0
Oresund Strait,2022-11-28T00:00:00.000Z,46.285714285714285,96079.42857142857
Oresund Strait,2023-03-06T00:00:00.000Z,43.285714285714285,91390.85714285714
Oresund Strait,2023-07-31T00:00:00.000Z,42.714285714285715,75219.0
Oresund Strait,2023-10-02T00:00:00.000Z,39.714285714285715,79089.42857142857
Oresund Strait,2023-10-16T00:00:00.000Z,45.42857142857143,90943.71428571429
Oresund Strait,2024-05-13T00:00:00.000Z,43.714285714285715,108508.57142857143
Oresund Strait,2024-12-30T00:00:00.000Z,35.857142857142854,86089.14285714286
Oresund Strait,2025-01-27T00:00:00.000Z,45.57142857142857,87945.85714285714
Oresund Strait,2025-03-17T00:00:00.000Z,49.285714285714285,140606.2857142857
Oresund Strait,2025-08-18T00:00:00.000Z,49.285714285714285,109955.0
Oresund Strait,2025-09-22T00:00:00.000Z,46.42857142857143,90996.42857142857
Oresund Strait,2026-04-20T00:00:00.000Z,41.0,133286.14285714287
Luzon Strait,2019-04-22T00:00:00.000Z,54.42857142857143,3364769.285714286
Luzon Strait,2019-09-02T00:00:00.000Z,48.0,3153871.1428571427
Luzon Strait,2020-11-23T00:00:00.000Z,62.714285714285715,4116300.285714286
Luzon Strait,2021-03-08T00:00:00.000Z,62.42857142857143,3523256.0
Luzon Strait,2021-06-07T00:00:00.000Z,67.42857142857143,4062887.0
Luzon Strait,2021-07-19T00:00:00.000Z,55.285714285714285,3613769.0
Luzon Strait,2021-09-13T00:00:00.000Z,67.0,3789659.1428571427
Luzon Strait,2021-09-27T00:00:00.000Z,65.42857142857143,4196904.428571428
Luzon Strait,2022-04-25T00:00:00.000Z,76.28571428571429,4295276.0
Luzon Strait,2022-11-07T00:00:00.000Z,72.0,4592058.857142857
Luzon Strait,2023-01-02T00:00:00.000Z,95.14285714285714,5098356.0
Luzon Strait,2023-07-03T00:00:00.000Z,81.85714285714286,4790127.857142857
Luzon Strait,2024-01-15T00:00:00.000Z,83.28571428571429,4609802.0
Luzon Strait,2024-02-12T00:00:00.000Z,77.71428571428571,4868951.571428572
Luzon Strait,2024-06-03T00:00:00.000Z,90.71428571428571,6374206.285714285
Luzon Strait,2024-07-08T00:00:00.000Z,89.42857142857143,6899959.714285715
Luzon Strait,2025-07-28T00:00:00.000Z,56.0,4121060.285714286
Luzon Strait,2025-10-06T00:00:00.000Z,69.14285714285714,4336149.142857143
Ombai Strait,2019-03-18T00:00:00.000Z,15.857142857142858,842766.0
Ombai Strait,2019-04-15T00:00:00.000Z,12.428571428571429,676848.5714285715
Ombai Strait,2019-09-23T00:00:00.000Z,10.857142857142858,534705.2857142857
Ombai Strait,2019-11-18T00:00:00.000Z,13.285714285714286,617589.0
Ombai Strait,2020-01-13T00:00:00.000Z,10.857142857142858,382458.0
Ombai Strait,2020-03-09T00:00:00.000Z,12.142857142857142,643980.5714285715
Ombai Strait,2020-03-30T00:00:00.000Z,10.714285714285714,669485.8571428572
Ombai Strait,2020-11-23T00:00:00.000Z,12.285714285714286,433087.5714285714
Ombai Strait,2020-12-14T00:00:00.000Z,13.0,515068.85714285716
Ombai Strait,2021-02-01T00:00:00.000Z,9.285714285714286,294956.28571428574
Ombai Strait,2021-12-20T00:00:00.000Z,14.0,295384.4285714286
Ombai Strait,2022-02-07T00:00:00.000Z,13.857142857142858,324998.28571428574
Ombai Strait,2022-03-28T00:00:00.000Z,11.571428571428571,455498.5714285714
Ombai Strait,2022-07-25T00:00:00.000Z,10.714285714285714,364727.85714285716
Ombai Strait,2022-12-05T00:00:00.000Z,11.571428571428571,513993.0
Ombai Strait,2023-08-14T00:00:00.000Z,10.0,392150.5714285714
Ombai Strait,2024-03-18T00:00:00.000Z,9.857142857142858,399779.28571428574
Ombai Strait,2024-06-17T00:00:00.000Z,11.857142857142858,427858.4285714286
Ombai Strait,2024-08-19T00:00:00.000Z,9.714285714285714,460439.85714285716
Ombai Strait,2024-09-23T00:00:00.000Z,9.714285714285714,520650.5714285714
Ombai Strait,2025-12-22T00:00:00.000Z,10.142857142857142,851062.4285714285
Ombai Strait,2026-01-26T00:00:00.000Z,9.142857142857142,701070.1428571428
Ombai Strait,2026-04-13T00:00:00.000Z,7.571428571428571,640555.4285714285
Ombai Strait,2026-06-29T00:00:00.000Z,8.714285714285714,815622.8571428572
Torres Strait,2019-03-25T00:00:00.000Z,8.428571428571429,185727.2857142857
Torres Strait,2019-05-20T00:00:00.000Z,7.857142857142857,140305.85714285713
Torres Strait,2019-06-24T00:00:00.000Z,9.428571428571429,176955.0
Torres Strait,2019-08-12T00:00:00.000Z,7.285714285714286,146498.14285714287
Torres Strait,2019-12-16T00:00:00.000Z,9.428571428571429,164023.0
Torres Strait,2020-02-03T00:00:00.000Z,9.285714285714286,211620.2857142857
Torres Strait,2021-04-26T00:00:00.000Z,9.571428571428571,198042.0
Torres Strait,2021-10-11T00:00:00.000Z,9.0,179905.85714285713
Torres Strait,2022-11-14T00:00:00.000Z,9.142857142857142,160961.2857142857
Torres Strait,2023-06-12T00:00:00.000Z,11.285714285714286,266293.0
Torres Strait,2023-11-27T00:00:00.000Z,9.0,144162.2857142857
Torres Strait,2024-04-08T00:00:00.000Z,8.714285714285714,165465.57142857142
Torres Strait,2024-07-01T00:00:00.000Z,9.857142857142858,200856.14285714287
Torres Strait,2024-12-30T00:00:00.000Z,8.0,198400.14285714287
Torres Strait,2025-03-03T00:00:00.000Z,8.714285714285714,149149.2857142857
Torres Strait,2025-03-31T00:00:00.000Z,10.142857142857142,199501.85714285713
Torres Strait,2025-07-21T00:00:00.000Z,9.428571428571429,235096.57142857142
Torres Strait,2025-09-29T00:00:00.000Z,10.714285714285714,230961.42857142858
Torres Strait,2025-11-24T00:00:00.000Z,10.714285714285714,297056.0
Torres Strait,2026-02-23T00:00:00.000Z,9.857142857142858,234636.7142857143
Torres Strait,2026-04-27T00:00:00.000Z,9.142857142857142,224925.7142857143
Magellan Strait,2018-12-31T00:00:00.000Z,2.8333333333333335,70696.33333333333
Magellan Strait,2019-03-11T00:00:00.000Z,3.4285714285714284,62330.42857142857
Magellan Strait,2019-09-30T00:00:00.000Z,4.285714285714286,139095.2857142857
Magellan Strait,2020-03-16T00:00:00.000Z,3.5714285714285716,57842.0
Magellan Strait,2020-06-29T00:00:00.000Z,3.4285714285714284,51006.0
Magellan Strait,2020-08-17T00:00:00.000Z,4.428571428571429,94504.0
Magellan Strait,2020-11-02T00:00:00.000Z,3.142857142857143,69467.0
Magellan Strait,2021-01-18T00:00:00.000Z,1.7142857142857142,43931.42857142857
Magellan Strait,2021-01-25T00:00:00.000Z,2.7142857142857144,47652.142857142855
Magellan Strait,2021-03-08T00:00:00.000Z,2.857142857142857,145620.42857142858
Magellan Strait,2021-03-29T00:00:00.000Z,3.5714285714285716,72364.28571428571
Magellan Strait,2021-08-23T00:00:00.000Z,3.4285714285714284,137320.57142857142
Magellan Strait,2022-01-24T00:00:00.000Z,4.142857142857143,104216.42857142857
Magellan Strait,2022-02-07T00:00:00.000Z,4.571428571428571,149316.7142857143
Magellan Strait,2022-02-28T00:00:00.000Z,4.285714285714286,152796.0
Magellan Strait,2023-01-02T00:00:00.000Z,3.7142857142857144,122873.85714285714
Magellan Strait,2023-01-30T00:00:00.000Z,3.5714285714285716,111201.42857142857
Magellan Strait,2023-05-08T00:00:00.000Z,4.285714285714286,135253.85714285713
Magellan Strait,2023-11-06T00:00:00.000Z,4.0,104238.42857142857
Magellan Strait,2023-12-11T00:00:00.000Z,7.0,179257.0
Magellan Strait,2024-09-09T00:00:00.000Z,4.714285714285714,184048.85714285713
Magellan Strait,2024-12-23T00:00:00.000Z,4.0,139635.7142857143
Magellan Strait,2025-08-11T00:00:00.000Z,4.857142857142857,164243.7142857143
Magellan Strait,2026-01-19T00:00:00.000Z,3.7142857142857144,145105.14285714287
Magellan Strait,2026-06-22T00:00:00.000Z,4.714285714285714,162107.0
Balabac Strait,2018-12-31T00:00:00.000Z,13.333333333333334,324155.8333333333
Balabac Strait,2019-03-18T00:00:00.000Z,11.857142857142858,273516.5714285714
Balabac Strait,2019-04-01T00:00:00.000Z,11.857142857142858,316173.5714285714
Balabac Strait,2019-07-08T00:00:00.000Z,12.428571428571429,267871.14285714284
Balabac Strait,2019-08-26T00:00:00.000Z,10.857142857142858,235533.42857142858
Balabac Strait,2019-10-21T00:00:00.000Z,12.142857142857142,361570.71428571426
Balabac Strait,2019-11-18T00:00:00.000Z,15.714285714285714,345706.5714285714
Balabac Strait,2020-04-06T00:00:00.000Z,9.428571428571429,236570.0
Balabac Strait,2020-05-18T00:00:00.000Z,10.571428571428571,207113.2857142857
Balabac Strait,2020-06-15T00:00:00.000Z,9.428571428571429,167933.85714285713
Balabac Strait,2020-08-17T00:00:00.000Z,9.571428571428571,327874.28571428574
Balabac Strait,2020-11-02T00:00:00.000Z,8.142857142857142,167998.14285714287
Balabac Strait,2021-02-22T00:00:00.000Z,11.428571428571429,337217.28571428574
Balabac Strait,2022-01-24T00:00:00.000Z,8.142857142857142,156433.14285714287
Balabac Strait,2022-05-23T00:00:00.000Z,11.142857142857142,328707.4285714286
Balabac Strait,2022-11-21T00:00:00.000Z,12.0,459162.0
Balabac Strait,2023-10-30T00:00:00.000Z,10.0,394562.5714285714
Balabac Strait,2024-01-22T00:00:00.000Z,12.571428571428571,375451.0
Balabac Strait,2024-06-03T00:00:00.000Z,9.571428571428571,209346.85714285713
Balabac Strait,2024-08-05T00:00:00.000Z,7.428571428571429,129106.0
Balabac Strait,2024-09-16T00:00:00.000Z,12.142857142857142,186204.85714285713
Balabac Strait,2025-02-24T00:00:00.000Z,8.714285714285714,221379.7142857143
Balabac Strait,2025-06-16T00:00:00.000Z,9.142857142857142,273148.14285714284
Balabac Strait,2025-09-29T00:00:00.000Z,6.571428571428571,97307.71428571429
Balabac Strait,2025-12-08T00:00:00.000Z,4.428571428571429,106410.42857142857
Dover Strait,2019-01-28T00:00:00.000Z,152.14285714285714,2775558.1428571427
Dover Strait,2019-09-23T00:00:00.000Z,145.71428571428572,2682163.285714286
Dover Strait,2020-03-16T00:00:00.000Z,170.0,2720528.8571428573
Dover Strait,2020-06-22T00:00:00.000Z,143.14285714285714,2599453.5714285714
Dover Strait,2021-04-26T00:00:00.000Z,172.42857142857142,3174328.8571428573
Dover Strait,2021-07-26T00:00:00.000Z,156.85714285714286,2796618.8571428573
Dover Strait,2022-03-14T00:00:00.000Z,166.42857142857142,3226135.1428571427
Dover Strait,2022-05-02T00:00:00.000Z,169.14285714285714,3402993.0
Dover Strait,2022-07-04T00:00:00.000Z,173.14285714285714,3241912.5714285714
Dover Strait,2022-07-25T00:00:00.000Z,167.0,3472733.8571428573
Dover Strait,2022-10-10T00:00:00.000Z,177.28571428571428,3809120.8571428573
Dover Strait,2022-10-24T00:00:00.000Z,176.57142857142858,3952903.8571428573
Dover Strait,2022-12-19T00:00:00.000Z,174.57142857142858,3796519.5714285714
Dover Strait,2023-02-27T00:00:00.000Z,184.0,3594919.285714286
Dover Strait,2023-03-06T00:00:00.000Z,167.14285714285714,3570743.8571428573
Dover Strait,2023-09-25T00:00:00.000Z,178.28571428571428,3513042.285714286
Dover Strait,2023-10-23T00:00:00.000Z,172.71428571428572,3659018.285714286
Dover Strait,2024-04-29T00:00:00.000Z,179.42857142857142,3741659.1428571427
Dover Strait,2024-07-22T00:00:00.000Z,160.85714285714286,3228935.285714286
Dover Strait,2024-12-02T00:00:00.000Z,161.85714285714286,3580694.8571428573
Dover Strait,2025-03-31T00:00:00.000Z,187.57142857142858,3838640.5714285714
Dover Strait,2025-04-07T00:00:00.000Z,179.57142857142858,3516097.8571428573
Dover Strait,2025-05-19T00:00:00.000Z,183.28571428571428,3474919.5714285714
Dover Strait,2025-11-17T00:00:00.000Z,171.85714285714286,3701702.285714286
Dover Strait,2026-04-20T00:00:00.000Z,176.14285714285714,3473003.8571428573
Dover Strait,2026-07-13T00:00:00.000Z,157.42857142857142,3448826.5714285714
Tsugaru Strait,2019-09-23T00:00:00.000Z,43.857142857142854,790774.5714285715
Tsugaru Strait,2020-03-23T00:00:00.000Z,51.285714285714285,995519.1428571428
Tsugaru Strait,2020-07-27T00:00:00.000Z,52.857142857142854,1145040.7142857143
Tsugaru Strait,2021-04-12T00:00:00.000Z,50.142857142857146,1086046.142857143
Tsugaru Strait,2022-03-14T00:00:00.000Z,42.42857142857143,863513.4285714285
Tsugaru Strait,2022-08-29T00:00:00.000Z,49.714285714285715,950370.1428571428
Tsugaru Strait,2022-10-31T00:00:00.000Z,50.42857142857143,982876.8571428572
Tsugaru Strait,2023-01-02T00:00:00.000Z,32.857142857142854,639569.1428571428
Tsugaru Strait,2023-04-03T00:00:00.000Z,42.42857142857143,1050863.5714285714
Tsugaru Strait,2023-06-19T00:00:00.000Z,44.57142857142857,901929.4285714285
Tsugaru Strait,2023-10-16T00:00:00.000Z,38.42857142857143,883939.2857142857
Tsugaru Strait,2024-01-29T00:00:00.000Z,44.0,774939.7142857143
Tsugaru Strait,2024-06-03T00:00:00.000Z,54.42857142857143,1347270.0
Tsugaru Strait,2024-09-23T00:00:00.000Z,55.714285714285715,1308195.4285714286
Tsugaru Strait,2024-09-30T00:00:00.000Z,50.42857142857143,1012826.5714285715
Tsugaru Strait,2025-06-23T00:00:00.000Z,50.42857142857143,1130485.142857143
Tsugaru Strait,2025-10-13T00:00:00.000Z,41.57142857142857,896057.2857142857
Tsugaru Strait,2025-10-27T00:00:00.000Z,36.857142857142854,788633.4285714285
Tsugaru Strait,2026-06-08T00:00:00.000Z,56.0,1399517.857142857
Panama Canal,2019-03-11T00:00:00.000Z,32.0,760346.2857142857
Panama Canal,2019-04-15T00:00:00.000Z,29.857142857142858,805584.7142857143
Panama Canal,2019-04-22T00:00:00.000Z,33.57142857142857,914935.5714285715
Panama Canal,2019-06-10T00:00:00.000Z,29.428571428571427,759458.7142857143
Panama Canal,2019-12-09T00:00:00.000Z,33.714285714285715,873865.0
Panama Canal,2019-12-23T00:00:00.000Z,31.285714285714285,804234.0
Panama Canal,2020-01-06T00:00:00.000Z,32.714285714285715,865590.1428571428
Panama Canal,2020-01-13T00:00:00.000Z,32.42857142857143,841244.4285714285
Panama Canal,2020-02-10T00:00:00.000Z,32.714285714285715,922138.8571428572
Panama Canal,2020-04-13T00:00:00.000Z,29.571428571428573,849532.4285714285
Panama Canal,2020-04-27T00:00:00.000Z,29.0,763472.0
Panama Canal,2020-08-10T00:00:00.000Z,28.714285714285715,718364.8571428572
Panama Canal,2021-05-03T00:00:00.000Z,31.428571428571427,904988.8571428572
Panama Canal,2021-05-24T00:00:00.000Z,31.142857142857142,831287.5714285715
Panama Canal,2021-12-13T00:00:00.000Z,35.857142857142854,958870.1428571428
Panama Canal,2022-01-31T00:00:00.000Z,34.142857142857146,926673.4285714285
Panama Canal,2022-10-03T00:00:00.000Z,32.42857142857143,789368.0
Panama Canal,2022-10-31T00:00:00.000Z,33.714285714285715,937553.2857142857
Panama Canal,2023-08-07T00:00:00.000Z,31.285714285714285,842727.0
Panama Canal,2023-11-20T00:00:00.000Z,23.142857142857142,612637.0
Panama Canal,2023-11-27T00:00:00.000Z,24.571428571428573,613212.2857142857
Panama Canal,2024-07-08T00:00:00.000Z,30.0,834004.1428571428
Panama Canal,2024-09-23T00:00:00.000Z,29.571428571428573,810645.2857142857
Panama Canal,2025-04-14T00:00:00.000Z,32.714285714285715,919875.5714285715
Panama Canal,2026-02-23T00:00:00.000Z,32.857142857142854,871622.4285714285
Panama Canal,2026-07-13T00:00:00.000Z,38.0,1146364.7142857143
Makassar Strait,2019-07-01T00:00:00.000Z,50.42857142857143,2524162.5714285714
Makassar Strait,2019-07-08T00:00:00.000Z,50.57142857142857,2529577.285714286
Makassar Strait,2019-08-12T00:00:00.000Z,48.42857142857143,2344854.5714285714
Makassar Strait,2019-11-04T00:00:00.000Z,47.42857142857143,2351975.285714286
Makassar Strait,2020-07-06T00:00:00.000Z,54.142857142857146,2440091.0
Makassar Strait,2020-12-21T00:00:00.000Z,57.142857142857146,2771094.4285714286
Makassar Strait,2021-02-15T00:00:00.000Z,60.142857142857146,2859957.0
Makassar Strait,2021-03-22T00:00:00.000Z,53.714285714285715,2350039.285714286
Makassar Strait,2021-06-07T00:00:00.000Z,54.857142857142854,2511478.5714285714
Makassar Strait,2021-08-02T00:00:00.000Z,51.42857142857143,2576179.8571428573
Makassar Strait,2022-01-10T00:00:00.000Z,43.285714285714285,2831091.285714286
Makassar Strait,2022-02-14T00:00:00.000Z,52.142857142857146,2767332.1428571427
Makassar Strait,2022-02-28T00:00:00.000Z,53.857142857142854,3014069.714285714
Makassar Strait,2022-11-21T00:00:00.000Z,58.142857142857146,3104152.285714286
Makassar Strait,2023-02-06T00:00:00.000Z,57.714285714285715,3165764.8571428573
Makassar Strait,2023-04-17T00:00:00.000Z,52.285714285714285,2679955.1428571427
Makassar Strait,2024-04-29T00:00:00.000Z,52.57142857142857,3582920.0
Makassar Strait,2024-05-27T00:00:00.000Z,55.142857142857146,2874961.285714286
Makassar Strait,2024-06-17T00:00:00.000Z,53.57142857142857,2985864.714285714
Makassar Strait,2025-07-07T00:00:00.000Z,38.0,2251071.8571428573
Makassar Strait,2025-08-25T00:00:00.000Z,46.142857142857146,3098747.0
Makassar Strait,2026-03-09T00:00:00.000Z,45.57142857142857,2540363.5714285714
Makassar Strait,2026-04-06T00:00:00.000Z,36.285714285714285,2524901.8571428573
Makassar Strait,2026-06-29T00:00:00.000Z,54.857142857142854,3401366.285714286
Yucatan Channel,2019-01-21T00:00:00.000Z,41.142857142857146,907657.8571428572
Yucatan Channel,2019-02-04T00:00:00.000Z,37.0,771956.8571428572
Yucatan Channel,2019-04-22T00:00:00.000Z,46.0,1263029.4285714286
Yucatan Channel,2019-05-13T00:00:00.000Z,39.285714285714285,899324.0
Yucatan Channel,2019-12-30T00:00:00.000Z,40.142857142857146,929437.4285714285
Yucatan Channel,2020-02-10T00:00:00.000Z,44.285714285714285,963438.2857142857
Yucatan Channel,2020-03-23T00:00:00.000Z,47.0,1104298.0
Yucatan Channel,2020-10-12T00:00:00.000Z,46.142857142857146,1024699.2857142857
Yucatan Channel,2021-04-19T00:00:00.000Z,47.285714285714285,1076337.857142857
Yucatan Channel,2021-06-07T00:00:00.000Z,45.285714285714285,1004628.0
Yucatan Channel,2021-07-05T00:00:00.000Z,44.57142857142857,963733.5714285715
Yucatan Channel,2021-08-02T00:00:00.000Z,46.285714285714285,964866.2857142857
Yucatan Channel,2021-08-16T00:00:00.000Z,43.714285714285715,749177.8571428572
Yucatan Channel,2022-03-28T00:00:00.000Z,47.142857142857146,1211895.142857143
Yucatan Channel,2022-06-06T00:00:00.000Z,48.42857142857143,1039077.4285714285
Yucatan Channel,2022-08-15T00:00:00.000Z,41.714285714285715,1076685.7142857143
Yucatan Channel,2022-10-24T00:00:00.000Z,45.42857142857143,1247585.5714285714
Yucatan Channel,2023-02-20T00:00:00.000Z,46.142857142857146,1193644.0
Yucatan Channel,2023-08-14T00:00:00.000Z,43.42857142857143,1134770.2857142857
Yucatan Channel,2023-10-09T00:00:00.000Z,47.0,957506.0
Yucatan Channel,2024-05-13T00:00:00.000Z,47.0,1197470.0
Yucatan Channel,2026-04-06T00:00:00.000Z,52.142857142857146,1389831.4285714286
Yucatan Channel,2026-07-06T00:00:00.000Z,53.857142857142854,1374795.7142857143
Windward Passage,2019-01-07T00:00:00.000Z,14.0,221099.2857142857
Windward Passage,2019-01-14T00:00:00.000Z,15.571428571428571,314772.14285714284
Windward Passage,2019-02-11T00:00:00.000Z,16.714285714285715,339972.4285714286
Windward Passage,2019-04-01T00:00:00.000Z,17.428571428571427,310606.5714285714
Windward Passage,2019-07-01T00:00:00.000Z,18.0,290064.28571428574
Windward Passage,2019-07-22T00:00:00.000Z,17.428571428571427,270660.0
Windward Passage,2019-09-09T00:00:00.000Z,15.571428571428571,226052.0
Windward Passage,2019-11-04T00:00:00.000Z,17.285714285714285,249236.0
Windward Passage,2020-03-16T00:00:00.000Z,17.0,247467.85714285713
Windward Passage,2020-03-23T00:00:00.000Z,13.142857142857142,216543.7142857143
Windward Passage,2020-04-13T00:00:00.000Z,15.714285714285714,275673.4285714286
Windward Passage,2020-11-09T00:00:00.000Z,21.142857142857142,543694.1428571428
Windward Passage,2020-12-28T00:00:00.000Z,16.857142857142858,269399.0
Windward Passage,2021-02-08T00:00:00.000Z,17.142857142857142,280975.0
Windward Passage,2021-11-22T00:00:00.000Z,16.0,278702.14285714284
Windward Passage,2022-01-24T00:00:00.000Z,15.0,259570.7142857143
Windward Passage,2022-04-25T00:00:00.000Z,16.428571428571427,312342.85714285716
Windward Passage,2022-08-15T00:00:00.000Z,16.714285714285715,314746.5714285714
Windward Passage,2023-06-05T00:00:00.000Z,16.0,251846.0
Windward Passage,2023-10-30T00:00:00.000Z,15.714285714285714,267126.4285714286
Windward Passage,2024-11-18T00:00:00.000Z,15.285714285714286,324282.14285714284
Windward Passage,2025-07-14T00:00:00.000Z,16.428571428571427,277756.85714285716
Windward Passage,2026-03-23T00:00:00.000Z,16.714285714285715,274088.5714285714
Windward Passage,2026-06-08T00:00:00.000Z,18.142857142857142,316415.5714285714
Windward Passage,2026-07-20T00:00:00.000Z,17.0,318547.14285714284
Kerch Strait,2019-03-11T00:00:00.000Z,47.285714285714285,107713.85714285714
Kerch Strait,2019-05-06T00:00:00.000Z,49.285714285714285,107409.28571428571
Kerch Strait,2019-07-15T00:00:00.000Z,71.42857142857143,169393.85714285713
Kerch Strait,2019-09-23T00:00:00.000Z,73.42857142857143,161913.57142857142
Kerch Strait,2020-01-13T00:00:00.000Z,45.285714285714285,82814.28571428571
Kerch Strait,2020-09-07T00:00:00.000Z,71.14285714285714,127358.28571428571
Kerch Strait,2020-10-12T00:00:00.000Z,75.42857142857143,151467.0
Kerch Strait,2021-02-01T00:00:00.000Z,61.857142857142854,122541.57142857143
Kerch Strait,2021-04-05T00:00:00.000Z,37.857142857142854,70731.28571428571
Kerch Strait,2021-05-17T00:00:00.000Z,43.0,82175.85714285714
Kerch Strait,2021-09-13T00:00:00.000Z,66.42857142857143,144207.14285714287
Kerch Strait,2022-03-07T00:00:00.000Z,8.0,6214.285714285715
Kerch Strait,2022-04-18T00:00:00.000Z,18.571428571428573,28044.14285714286
Kerch Strait,2022-10-31T00:00:00.000Z,15.714285714285714,25746.428571428572
Kerch Strait,2022-12-19T00:00:00.000Z,16.714285714285715,35743.57142857143
Kerch Strait,2023-02-20T00:00:00.000Z,15.857142857142858,28726.14285714286
Kerch Strait,2023-06-12T00:00:00.000Z,3.2857142857142856,5800.857142857143
Kerch Strait,2023-07-17T00:00:00.000Z,3.2857142857142856,4118.571428571428
Kerch Strait,2024-02-26T00:00:00.000Z,5.0,9045.142857142857
Kerch Strait,2024-03-04T00:00:00.000Z,10.0,15904.285714285714
Kerch Strait,2024-05-13T00:00:00.000Z,2.4285714285714284,5399.571428571428
Kerch Strait,2024-07-22T00:00:00.000Z,0.42857142857142855,5123.571428571428
Kerch Strait,2024-08-19T00:00:00.000Z,0.2857142857142857,162.28571428571428
Kerch Strait,2024-11-18T00:00:00.000Z,6.0,68159.71428571429
Kerch Strait,2025-04-28T00:00:00.000Z,2.5714285714285716,21035.0
Kerch Strait,2025-12-15T00:00:00.000Z,16.571428571428573,69868.0
Kerch Strait,2026-03-02T00:00:00.000Z,19.285714285714285,92430.14285714286
Kerch Strait,2026-03-23T00:00:00.000Z,14.285714285714286,62037.42857142857
Kerch Strait,2026-05-25T00:00:00.000Z,9.428571428571429,65734.57142857143
Kerch Strait,2026-06-15T00:00:00.000Z,11.428571428571429,67403.85714285714
Gibraltar Strait,2019-03-04T00:00:00.000Z,111.42857142857143,2901323.1428571427
Gibraltar Strait,2019-08-12T00:00:00.000Z,112.71428571428571,3156374.8571428573
Gibraltar Strait,2019-09-23T00:00:00.000Z,119.71428571428571,3090447.5714285714
Gibraltar Strait,2020-01-06T00:00:00.000Z,119.57142857142857,3165148.1428571427
Gibraltar Strait,2020-02-10T00:00:00.000Z,123.28571428571429,3265337.285714286
Gibraltar Strait,2020-02-24T00:00:00.000Z,130.42857142857142,3423446.8571428573
Gibraltar Strait,2020-08-10T00:00:00.000Z,121.85714285714286,2942261.285714286
Gibraltar Strait,2020-08-31T00:00:00.000Z,120.28571428571429,3295470.714285714
Gibraltar Strait,2021-05-17T00:00:00.000Z,131.71428571428572,3384274.714285714
Gibraltar Strait,2021-07-26T00:00:00.000Z,120.42857142857143,3245821.714285714
Gibraltar Strait,2021-09-06T00:00:00.000Z,129.0,3361168.4285714286
Gibraltar Strait,2022-02-21T00:00:00.000Z,120.42857142857143,3254484.1428571427
Gibraltar Strait,2022-04-18T00:00:00.000Z,135.85714285714286,3747439.1428571427
Gibraltar Strait,2022-06-06T00:00:00.000Z,142.42857142857142,3914896.714285714
Gibraltar Strait,2022-09-05T00:00:00.000Z,142.71428571428572,3659821.5714285714
Gibraltar Strait,2022-12-19T00:00:00.000Z,138.14285714285714,3872224.0
Gibraltar Strait,2023-11-06T00:00:00.000Z,154.71428571428572,4550318.285714285
Gibraltar Strait,2023-11-20T00:00:00.000Z,148.28571428571428,4128086.5714285714
Gibraltar Strait,2024-01-08T00:00:00.000Z,145.85714285714286,4073517.5714285714
Gibraltar Strait,2024-09-02T00:00:00.000Z,129.28571428571428,3108423.1428571427
Gibraltar Strait,2024-09-09T00:00:00.000Z,130.28571428571428,3561377.714285714
Gibraltar Strait,2024-09-23T00:00:00.000Z,123.42857142857143,3016197.8571428573
Gibraltar Strait,2025-04-28T00:00:00.000Z,138.71428571428572,3780660.5714285714
Gibraltar Strait,2025-06-09T00:00:00.000Z,137.57142857142858,3681994.1428571427
Gibraltar Strait,2026-04-06T00:00:00.000Z,126.0,3095041.4285714286
Taiwan Strait,2019-06-10T00:00:00.000Z,258.7142857142857,5484183.428571428
Taiwan Strait,2019-08-19T00:00:00.000Z,249.85714285714286,5624006.428571428
Taiwan Strait,2019-08-26T00:00:00.000Z,284.7142857142857,5811247.571428572
Taiwan Strait,2019-12-09T00:00:00.000Z,254.57142857142858,5119077.571428572
Taiwan Strait,2020-02-03T00:00:00.000Z,180.42857142857142,3471255.1428571427
Taiwan Strait,2020-03-23T00:00:00.000Z,248.0,5062069.285714285
Taiwan Strait,2020-04-06T00:00:00.000Z,251.85714285714286,4879548.857142857
Taiwan Strait,2020-05-18T00:00:00.000Z,266.57142857142856,5362675.714285715
Taiwan Strait,2020-11-09T00:00:00.000Z,253.0,5255228.857142857
Taiwan Strait,2021-02-15T00:00:00.000Z,244.0,5343222.0
Taiwan Strait,2021-02-22T00:00:00.000Z,248.28571428571428,4921678.857142857
Taiwan Strait,2021-05-10T00:00:00.000Z,265.57142857142856,5987821.857142857
Taiwan Strait,2021-07-19T00:00:00.000Z,221.57142857142858,5360652.142857143
Taiwan Strait,2021-09-13T00:00:00.000Z,241.42857142857142,5820772.857142857
Taiwan Strait,2021-10-11T00:00:00.000Z,219.0,5266586.714285715
Taiwan Strait,2021-11-29T00:00:00.000Z,253.85714285714286,5057641.571428572
Taiwan Strait,2021-12-13T00:00:00.000Z,229.57142857142858,5184593.571428572
Taiwan Strait,2022-01-03T00:00:00.000Z,215.71428571428572,4561486.714285715
Taiwan Strait,2022-01-17T00:00:00.000Z,218.14285714285714,4668955.571428572
Taiwan Strait,2022-01-31T00:00:00.000Z,211.0,4804315.285714285
Taiwan Strait,2022-05-09T00:00:00.000Z,232.28571428571428,5190572.571428572
Taiwan Strait,2022-08-15T00:00:00.000Z,236.42857142857142,5357986.142857143
Taiwan Strait,2022-10-10T00:00:00.000Z,203.85714285714286,5020757.142857143
Taiwan Strait,2022-11-07T00:00:00.000Z,251.14285714285714,5403628.571428572
Taiwan Strait,2022-11-14T00:00:00.000Z,241.42857142857142,5433169.142857143
Taiwan Strait,2023-06-26T00:00:00.000Z,247.85714285714286,5755316.142857143
Taiwan Strait,2023-07-24T00:00:00.000Z,231.71428571428572,5549883.428571428
Taiwan Strait,2023-10-09T00:00:00.000Z,216.28571428571428,4855946.857142857
Taiwan Strait,2024-04-22T00:00:00.000Z,239.71428571428572,5906983.714285715
Taiwan Strait,2024-09-02T00:00:00.000Z,204.71428571428572,4990407.142857143
Taiwan Strait,2024-09-30T00:00:00.000Z,196.85714285714286,5092229.285714285
Taiwan Strait,2024-12-30T00:00:00.000Z,258.42857142857144,5967552.285714285
Taiwan Strait,2025-03-24T00:00:00.000Z,239.0,5526767.428571428
Taiwan Strait,2025-05-26T00:00:00.000Z,257.7142857142857,6673145.857142857
Taiwan Strait,2025-10-20T00:00:00.000Z,151.71428571428572,3631145.0
Taiwan Strait,2025-12-29T00:00:00.000Z,223.57142857142858,5215308.285714285
Taiwan Strait,2026-02-02T00:00:00.000Z,216.28571428571428,5526906.0
Taiwan Strait,2026-03-09T00:00:00.000Z,235.0,5851015.142857143
Taiwan Strait,2026-03-16T00:00:00.000Z,241.71428571428572,5625757.857142857
Taiwan Strait,2026-07-20T00:00:00.000Z,226.0,5971999.285714285
Taiwan Strait,2026-08-17T00:00:00.000Z,236.57142857142858,5989159.571428572
Bohai Strait,2019-03-18T00:00:00.000Z,106.57142857142857,2920373.8571428573
Bohai Strait,2019-07-15T00:00:00.000Z,174.28571428571428,4680686.0
Bohai Strait,2019-10-14T00:00:00.000Z,125.57142857142857,3185541.8571428573
Bohai Strait,2019-11-25T00:00:00.000Z,211.57142857142858,5910628.285714285
Bohai Strait,2019-12-09T00:00:00.000Z,214.14285714285714,5958195.857142857
Bohai Strait,2020-05-25T00:00:00.000Z,205.42857142857142,5897366.714285715
Bohai Strait,2020-07-13T00:00:00.000Z,200.71428571428572,5852515.285714285
Bohai Strait,2020-10-26T00:00:00.000Z,202.0,6168486.142857143
Bohai Strait,2021-06-14T00:00:00.000Z,196.14285714285714,5723001.857142857
Bohai Strait,2021-06-21T00:00:00.000Z,190.14285714285714,5282774.857142857
Bohai Strait,2021-06-28T00:00:00.000Z,183.71428571428572,5238171.0
Bohai Strait,2021-08-09T00:00:00.000Z,188.14285714285714,5501830.857142857
Bohai Strait,2021-11-15T00:00:00.000Z,187.85714285714286,5271585.285714285
Bohai Strait,2021-12-20T00:00:00.000Z,174.0,5331975.0
Bohai Strait,2022-08-01T00:00:00.000Z,180.71428571428572,5587103.428571428
Bohai Strait,2022-09-05T00:00:00.000Z,167.57142857142858,5704739.571428572
Bohai Strait,2023-01-16T00:00:00.000Z,189.42857142857142,5857983.285714285
Bohai Strait,2023-03-06T00:00:00.000Z,175.28571428571428,5267664.857142857
Bohai Strait,2023-11-20T00:00:00.000Z,201.85714285714286,6845126.714285715
Bohai Strait,2023-12-25T00:00:00.000Z,190.57142857142858,6201525.142857143
Bohai Strait,2024-05-06T00:00:00.000Z,168.71428571428572,6135970.285714285
Bohai Strait,2024-11-25T00:00:00.000Z,151.0,5529824.0
Bohai Strait,2025-05-12T00:00:00.000Z,166.14285714285714,5634250.0
Bohai Strait,2025-08-25T00:00:00.000Z,171.57142857142858,6255335.714285715
Bohai Strait,2025-11-17T00:00:00.000Z,186.28571428571428,7315620.714285715
Bohai Strait,2025-12-08T00:00:00.000Z,129.28571428571428,3944142.714285714
Bohai Strait,2026-05-11T00:00:00.000Z,163.71428571428572,6628012.571428572
Bohai Strait,2026-06-01T00:00:00.000Z,168.42857142857142,6111558.142857143
Sunda Strait,2020-01-20T00:00:00.000Z,25.571428571428573,780628.4285714285
Sunda Strait,2020-06-01T00:00:00.000Z,26.571428571428573,862993.2857142857
Sunda Strait,2020-06-29T00:00:00.000Z,29.714285714285715,960420.5714285715
Sunda Strait,2021-10-11T00:00:00.000Z,22.857142857142858,754329.0
Sunda Strait,2022-01-10T00:00:00.000Z,24.857142857142858,1155007.7142857143
Sunda Strait,2022-01-24T00:00:00.000Z,27.857142857142858,972781.7142857143
Sunda Strait,2022-05-09T00:00:00.000Z,22.714285714285715,913044.1428571428
Sunda Strait,2022-05-16T00:00:00.000Z,24.428571428571427,898322.1428571428
Sunda Strait,2022-07-25T00:00:00.000Z,22.571428571428573,711089.1428571428
Sunda Strait,2023-06-05T00:00:00.000Z,32.42857142857143,961579.0
Sunda Strait,2024-01-15T00:00:00.000Z,35.142857142857146,1344387.7142857143
Sunda Strait,2024-03-04T00:00:00.000Z,32.42857142857143,1277705.5714285714
Sunda Strait,2024-04-22T00:00:00.000Z,28.285714285714285,1085378.857142857
Sunda Strait,2024-04-29T00:00:00.000Z,32.42857142857143,1191755.5714285714
Sunda Strait,2024-06-03T00:00:00.000Z,30.142857142857142,1332870.857142857
Sunda Strait,2024-07-22T00:00:00.000Z,29.0,1130796.5714285714
Sunda Strait,2024-11-25T00:00:00.000Z,32.42857142857143,1174019.4285714286
Sunda Strait,2024-12-09T00:00:00.000Z,33.142857142857146,1049851.4285714286
Sunda Strait,2025-02-24T00:00:00.000Z,29.142857142857142,1092276.857142857
Sunda Strait,2025-09-01T00:00:00.000Z,36.0,1695105.4285714286
Sunda Strait,2026-01-05T00:00:00.000Z,37.142857142857146,1570976.0
Sunda Strait,2026-02-09T00:00:00.000Z,36.285714285714285,1392684.5714285714
Sunda Strait,2026-08-10T00:00:00.000Z,30.428571428571427,1026817.0
Mona Passage,2019-07-08T00:00:00.000Z,9.428571428571429,235511.0
Mona Passage,2019-09-09T00:00:00.000Z,13.0,323813.0
Mona Passage,2019-11-25T00:00:00.000Z,10.857142857142858,357855.28571428574
Mona Passage,2020-10-12T00:00:00.000Z,10.0,269478.85714285716
Mona Passage,2020-11-02T00:00:00.000Z,11.428571428571429,251787.0
Mona Passage,2021-02-08T00:00:00.000Z,11.142857142857142,279228.85714285716
Mona Passage,2021-10-25T00:00:00.000Z,9.142857142857142,251616.85714285713
Mona Passage,2022-05-02T00:00:00.000Z,10.0,290286.28571428574
Mona Passage,2022-06-13T00:00:00.000Z,12.142857142857142,289257.85714285716
Mona Passage,2023-01-02T00:00:00.000Z,11.714285714285714,280397.28571428574
Mona Passage,2023-06-12T00:00:00.000Z,10.714285714285714,203445.7142857143
Mona Passage,2024-09-23T00:00:00.000Z,10.142857142857142,297276.28571428574
Mona Passage,2024-11-18T00:00:00.000Z,13.428571428571429,335666.5714285714
Mona Passage,2025-03-03T00:00:00.000Z,11.0,291219.71428571426
Mona Passage,2025-04-21T00:00:00.000Z,9.571428571428571,216994.57142857142
Mona Passage,2025-05-12T00:00:00.000Z,13.285714285714286,325771.4285714286
Mona Passage,2025-12-08T00:00:00.000Z,10.714285714285714,291719.28571428574
Mona Passage,2025-12-15T00:00:00.000Z,11.0,300930.71428571426
Mona Passage,2026-01-19T00:00:00.000Z,12.285714285714286,327310.28571428574
Mona Passage,2026-06-29T00:00:00.000Z,11.571428571428571,339573.85714285716
Bering Strait,2019-02-11T00:00:00.000Z,2.2857142857142856,34135.42857142857
Bering Strait,2019-03-11T00:00:00.000Z,1.8571428571428572,99537.14285714286
Bering Strait,2019-06-24T00:00:00.000Z,0.14285714285714285,6214.857142857143
Bering Strait,2019-09-16T00:00:00.000Z,1.4285714285714286,8230.857142857143
Bering Strait,2020-01-13T00:00:00.000Z,0.0,0.0
Bering Strait,2020-04-06T00:00:00.000Z,0.0,0.0
Bering Strait,2020-06-15T00:00:00.000Z,0.14285714285714285,1567.857142857143
Bering Strait,2020-10-12T00:00:00.000Z,2.0,8077.0
Bering Strait,2021-03-08T00:00:00.000Z,0.0,0.0
Bering Strait,2021-10-25T00:00:00.000Z,1.5714285714285714,1985.7142857142858
Bering Strait,2021-11-29T00:00:00.000Z,0.5714285714285714,1564.5714285714287
Bering Strait,2022-01-31T00:00:00.000Z,0.0,0.0
Bering Strait,2022-02-14T00:00:00.000Z,0.0,0.0
Bering Strait,2022-05-30T00:00:00.000Z,0.0,0.0
Bering Strait,2022-06-06T00:00:00.000Z,0.0,0.0
Bering Strait,2023-01-30T00:00:00.000Z,0.0,0.0
Bering Strait,2023-07-03T00:00:00.000Z,0.42857142857142855,1250.4285714285713
Bering Strait,2024-01-01T00:00:00.000Z,0.14285714285714285,447.85714285714283
Bering Strait,2024-09-16T00:00:00.000Z,4.0,71121.28571428571
Bering Strait,2024-12-23T00:00:00.000Z,0.0,0.0
Bering Strait,2025-04-28T00:00:00.000Z,0.14285714285714285,1567.142857142857
Bering Strait,2025-05-12T00:00:00.000Z,0.0,0.0
Bering Strait,2025-10-13T00:00:00.000Z,1.8571428571428572,37538.28571428572
Bering Strait,2025-12-22T00:00:00.000Z,0.14285714285714285,296.85714285714283
Bering Strait,2026-02-23T00:00:00.000Z,0.14285714285714285,1375.7142857142858
Bering Strait,2026-03-16T00:00:00.000Z,0.14285714285714285,2337.4285714285716
Bering Strait,2026-03-23T00:00:00.000Z,0.2857142857142857,4765.142857142857
Strait of Hormuz,2019-01-07T00:00:00.000Z,54.57142857142857,1716544.2857142857
Strait of Hormuz,2019-02-25T00:00:00.000Z,58.714285714285715,1962296.857142857
Strait of Hormuz,2019-03-11T00:00:00.000Z,55.57142857142857,2208502.5714285714
Strait of Hormuz,2019-08-19T00:00:00.000Z,75.42857142857143,3282877.285714286
Strait of Hormuz,2020-08-03T00:00:00.000Z,88.85714285714286,3814575.5714285714
Strait of Hormuz,2020-09-21T00:00:00.000Z,95.28571428571429,3767485.714285714
Strait of Hormuz,2020-10-12T00:00:00.000Z,75.42857142857143,2988817.8571428573
Strait of Hormuz,2021-06-21T00:00:00.000Z,90.71428571428571,3738737.285714286
Strait of Hormuz,2021-09-13T00:00:00.000Z,93.14285714285714,4016049.0
Strait of Hormuz,2022-02-07T00:00:00.000Z,93.85714285714286,4009702.1428571427
Strait of Hormuz,2022-03-28T00:00:00.000Z,93.57142857142857,4029488.4285714286
Strait of Hormuz,2023-03-20T00:00:00.000Z,73.71428571428571,3236158.8571428573
Strait of Hormuz,2023-05-15T00:00:00.000Z,100.28571428571429,3922597.0
Strait of Hormuz,2023-10-09T00:00:00.000Z,108.71428571428571,4191922.5714285714
Strait of Hormuz,2023-11-13T00:00:00.000Z,80.14285714285714,3099043.1428571427
Strait of Hormuz,2024-01-22T00:00:00.000Z,79.0,3127526.8571428573
Strait of Hormuz,2024-04-01T00:00:00.000Z,105.85714285714286,4003977.285714286
Strait of Hormuz,2024-05-27T00:00:00.000Z,105.0,4274434.285714285
Strait of Hormuz,2024-08-26T00:00:00.000Z,106.42857142857143,3667979.285714286
Strait of Hormuz,2024-09-30T00:00:00.000Z,92.71428571428571,3568299.0
Strait of Hormuz,2024-12-09T00:00:00.000Z,74.0,2781932.714285714
Strait of Hormuz,2025-08-18T00:00:00.000Z,96.14285714285714,3920597.5714285714
Strait of Hormuz,2025-12-29T00:00:00.000Z,58.57142857142857,2215122.4285714286
Strait of Hormuz,2026-01-19T00:00:00.000Z,56.285714285714285,2262815.4285714286
Strait of Hormuz,2026-02-02T00:00:00.000Z,60.714285714285715,2240774.8571428573
Strait of Hormuz,2026-04-06T00:00:00.000Z,5.857142857142857,154952.2857142857
Strait of Hormuz,2026-06-08T00:00:00.000Z,2.4285714285714284,29801.428571428572
Cape of Good Hope,2019-04-15T00:00:00.000Z,42.285714285714285,2214855.1428571427
Cape of Good Hope,2019-11-11T00:00:00.000Z,49.0,2764349.714285714
Cape of Good Hope,2020-01-27T00:00:00.000Z,177.28571428571428,1475349.0
Cape of Good Hope,2020-05-25T00:00:00.000Z,56.57142857142857,3621242.714285714
Cape of Good Hope,2021-01-11T00:00:00.000Z,44.857142857142854,2905905.0
Cape of Good Hope,2021-03-15T00:00:00.000Z,49.142857142857146,2517043.1428571427
Cape of Good Hope,2021-04-12T00:00:00.000Z,52.285714285714285,3022618.1428571427
Cape of Good Hope,2021-06-28T00:00:00.000Z,46.142857142857146,2834096.4285714286
Cape of Good Hope,2021-11-22T00:00:00.000Z,42.857142857142854,2695545.5714285714
Cape of Good Hope,2022-03-07T00:00:00.000Z,40.857142857142854,2356937.4285714286
Cape of Good Hope,2022-04-18T00:00:00.000Z,45.285714285714285,2966340.4285714286
Cape of Good Hope,2022-07-25T00:00:00.000Z,46.285714285714285,2927257.1428571427
Cape of Good Hope,2022-10-03T00:00:00.000Z,44.285714285714285,3217543.0
Cape of Good Hope,2022-12-05T00:00:00.000Z,42.42857142857143,2497987.285714286
Cape of Good Hope,2023-03-13T00:00:00.000Z,48.285714285714285,2670149.285714286
Cape of Good Hope,2023-04-10T00:00:00.000Z,42.57142857142857,3051087.8571428573
Cape of Good Hope,2023-10-23T00:00:00.000Z,47.142857142857146,2773823.4285714286
Cape of Good Hope,2023-11-13T00:00:00.000Z,51.42857142857143,3205202.714285714
Cape of Good Hope,2025-06-02T00:00:00.000Z,100.28571428571429,6200275.714285715
Cape of Good Hope,2025-08-25T00:00:00.000Z,105.71428571428571,6426879.857142857
Cape of Good Hope,2025-12-15T00:00:00.000Z,78.85714285714286,5319736.142857143
Cape of Good Hope,2026-01-05T00:00:00.000Z,86.71428571428571,5136981.142857143
Suez Canal,2018-12-31T00:00:00.000Z,52.0,2436427.6666666665
Suez Canal,2019-02-18T00:00:00.000Z,50.57142857142857,2497166.4285714286
Suez Canal,2019-06-10T00:00:00.000Z,49.714285714285715,2439735.1428571427
Suez Canal,2019-09-23T00:00:00.000Z,54.285714285714285,2641252.285714286
Suez Canal,2020-04-27T00:00:00.000Z,56.857142857142854,2603449.5714285714
Suez Canal,2020-10-19T00:00:00.000Z,53.714285714285715,2603308.5714285714
Suez Canal,2020-11-02T00:00:00.000Z,53.57142857142857,2445830.1428571427
Suez Canal,2020-12-21T00:00:00.000Z,53.285714285714285,2406340.0
Suez Canal,2021-02-08T00:00:00.000Z,60.0,2631460.8571428573
Suez Canal,2021-03-29T00:00:00.000Z,70.0,3496989.5714285714
Suez Canal,2021-07-12T00:00:00.000Z,54.0,2559616.1428571427
Suez Canal,2021-11-01T00:00:00.000Z,62.142857142857146,2590188.5714285714
Suez Canal,2021-11-08T00:00:00.000Z,60.42857142857143,2555796.0
Suez Canal,2021-12-13T00:00:00.000Z,57.857142857142854,2813111.4285714286
Suez Canal,2022-02-14T00:00:00.000Z,62.142857142857146,2756431.4285714286
Suez Canal,2022-02-21T00:00:00.000Z,60.42857142857143,2798762.1428571427
Suez Canal,2022-10-24T00:00:00.000Z,69.57142857142857,3030832.4285714286
Suez Canal,2022-11-07T00:00:00.000Z,74.71428571428571,3241524.285714286
Suez Canal,2022-11-14T00:00:00.000Z,70.0,3033059.0
Suez Canal,2023-08-21T00:00:00.000Z,70.0,3114018.8571428573
Suez Canal,2023-10-02T00:00:00.000Z,74.85714285714286,3503459.5714285714
Suez Canal,2024-01-22T00:00:00.000Z,42.714285714285715,1544335.4285714286
Suez Canal,2024-02-19T00:00:00.000Z,44.57142857142857,1767915.5714285714
Suez Canal,2024-04-01T00:00:00.000Z,41.857142857142854,1466083.0
Suez Canal,2024-12-23T00:00:00.000Z,34.714285714285715,1295061.857142857
Suez Canal,2025-02-24T00:00:00.000Z,35.142857142857146,1278901.7142857143
Suez Canal,2025-07-28T00:00:00.000Z,38.142857142857146,1315750.142857143
Suez Canal,2025-08-11T00:00:00.000Z,37.285714285714285,1272952.2857142857
Suez Canal,2025-09-08T00:00:00.000Z,45.0,1639089.7142857143
Suez Canal,2026-01-05T00:00:00.000Z,38.0,1313380.142857143
Suez Canal,2026-06-08T00:00:00.000Z,39.857142857142854,1529109.7142857143
Korea Strait,2019-01-14T00:00:00.000Z,233.14285714285714,2771824.8571428573
Korea Strait,2019-03-04T00:00:00.000Z,220.85714285714286,2429761.714285714
Korea Strait,2019-06-10T00:00:00.000Z,233.57142857142858,2831479.5714285714
Korea Strait,2019-10-21T00:00:00.000Z,237.85714285714286,2813480.285714286
Korea Strait,2019-11-18T00:00:00.000Z,229.57142857142858,2442727.0
Korea Strait,2019-12-02T00:00:00.000Z,223.85714285714286,2585861.5714285714
Korea Strait,2020-09-28T00:00:00.000Z,234.85714285714286,2911186.8571428573
Korea Strait,2021-01-11T00:00:00.000Z,233.71428571428572,3031125.714285714
Korea Strait,2021-02-08T00:00:00.000Z,226.28571428571428,2882578.5714285714
Korea Strait,2021-03-01T00:00:00.000Z,229.57142857142858,2518213.0
Korea Strait,2021-08-09T00:00:00.000Z,219.71428571428572,2967793.1428571427
Korea Strait,2021-09-13T00:00:00.000Z,213.14285714285714,2758263.285714286
Korea Strait,2022-02-21T00:00:00.000Z,227.42857142857142,2709224.285714286
Korea Strait,2022-03-21T00:00:00.000Z,233.85714285714286,2874748.5714285714
Korea Strait,2022-04-04T00:00:00.000Z,239.42857142857142,2894305.8571428573
Korea Strait,2022-06-27T00:00:00.000Z,246.42857142857142,3116413.285714286
Korea Strait,2023-03-06T00:00:00.000Z,239.28571428571428,3011324.4285714286
Korea Strait,2023-03-13T00:00:00.000Z,245.28571428571428,3015949.714285714
Korea Strait,2023-03-20T00:00:00.000Z,243.57142857142858,2826893.0
Korea Strait,2023-05-01T00:00:00.000Z,206.57142857142858,2878552.285714286
Korea Strait,2023-07-24T00:00:00.000Z,250.28571428571428,3123632.0
Korea Strait,2023-10-02T00:00:00.000Z,216.57142857142858,2693912.1428571427
Korea Strait,2024-01-01T00:00:00.000Z,221.28571428571428,3188746.5714285714
Korea Strait,2024-02-12T00:00:00.000Z,233.0,3082064.1428571427
Korea Strait,2024-03-04T00:00:00.000Z,243.85714285714286,3040851.1428571427
Korea Strait,2025-01-06T00:00:00.000Z,204.85714285714286,2970476.8571428573
Korea Strait,2025-08-18T00:00:00.000Z,217.14285714285714,3239534.5714285714
Korea Strait,2026-02-02T00:00:00.000Z,185.85714285714286,2773513.714285714
Lombok Strait,2019-03-11T00:00:00.000Z,35.285714285714285,2058544.0
Lombok Strait,2019-05-06T00:00:00.000Z,36.57142857142857,1980594.142857143
Lombok Strait,2020-01-06T00:00:00.000Z,33.142857142857146,2066440.2857142857
Lombok Strait,2020-06-01T00:00:00.000Z,36.0,2450708.5714285714
Lombok Strait,2020-06-15T00:00:00.000Z,37.0,2434026.1428571427
Lombok Strait,2020-08-10T00:00:00.000Z,30.857142857142858,2019355.5714285714
Lombok Strait,2020-12-07T00:00:00.000Z,34.142857142857146,2272158.4285714286
Lombok Strait,2021-02-01T00:00:00.000Z,29.142857142857142,1799220.857142857
Lombok Strait,2021-02-22T00:00:00.000Z,34.714285714285715,2170292.285714286
Lombok Strait,2021-08-30T00:00:00.000Z,33.857142857142854,2526559.1428571427
Lombok Strait,2021-10-11T00:00:00.000Z,32.57142857142857,2460915.285714286
Lombok Strait,2022-05-16T00:00:00.000Z,38.857142857142854,2624645.4285714286
Lombok Strait,2022-08-01T00:00:00.000Z,35.142857142857146,2760432.4285714286
Lombok Strait,2022-08-15T00:00:00.000Z,33.285714285714285,2536213.285714286
Lombok Strait,2022-09-19T00:00:00.000Z,35.57142857142857,2642411.4285714286
Lombok Strait,2022-11-14T00:00:00.000Z,35.285714285714285,2483100.285714286
Lombok Strait,2023-01-16T00:00:00.000Z,38.0,2744875.1428571427
Lombok Strait,2023-02-20T00:00:00.000Z,39.142857142857146,2739930.0
Lombok Strait,2023-05-22T00:00:00.000Z,38.0,2553090.5714285714
Lombok Strait,2024-02-12T00:00:00.000Z,36.57142857142857,2820269.714285714
Lombok Strait,2024-04-08T00:00:00.000Z,33.42857142857143,2031066.4285714286
Lombok Strait,2024-05-13T00:00:00.000Z,38.857142857142854,2940844.714285714
Lombok Strait,2024-07-15T00:00:00.000Z,33.42857142857143,2306037.5714285714
Lombok Strait,2024-09-23T00:00:00.000Z,38.57142857142857,2636251.285714286
Lombok Strait,2025-09-08T00:00:00.000Z,34.714285714285715,3257902.714285714
Lombok Strait,2025-11-10T00:00:00.000Z,38.714285714285715,3460456.8571428573
Lombok Strait,2026-02-09T00:00:00.000Z,29.714285714285715,2053635.0
Lombok Strait,2026-04-13T00:00:00.000Z,38.857142857142854,2841173.285714286
Lombok Strait,2026-05-18T00:00:00.000Z,38.285714285714285,3211548.714285714
Lombok Strait,2026-07-06T00:00:00.000Z,35.714285714285715,2987767.0
Mindoro Strait,2019-02-25T00:00:00.000Z,40.0,1859455.0
Mindoro Strait,2020-06-22T00:00:00.000Z,55.57142857142857,2556260.714285714
Mindoro Strait,2020-08-03T00:00:00.000Z,46.142857142857146,2496613.8571428573
Mindoro Strait,2020-11-23T00:00:00.000Z,59.857142857142854,2967342.8571428573
Mindoro Strait,2020-12-14T00:00:00.000Z,35.714285714285715,1252706.7142857143
Mindoro Strait,2021-03-22T00:00:00.000Z,51.42857142857143,2385431.4285714286
Mindoro Strait,2021-03-29T00:00:00.000Z,48.142857142857146,2692749.714285714
Mindoro Strait,2021-08-16T00:00:00.000Z,49.142857142857146,2284850.8571428573
Mindoro Strait,2022-07-18T00:00:00.000Z,46.57142857142857,2425589.1428571427
Mindoro Strait,2022-08-08T00:00:00.000Z,43.42857142857143,2748012.714285714
Mindoro Strait,2023-02-20T00:00:00.000Z,51.285714285714285,2488932.8571428573
Mindoro Strait,2024-01-15T00:00:00.000Z,48.42857142857143,2240540.5714285714
Mindoro Strait,2024-04-08T00:00:00.000Z,47.142857142857146,2256337.8571428573
Mindoro Strait,2024-06-17T00:00:00.000Z,43.0,2426645.714285714
Mindoro Strait,2024-08-12T00:00:00.000Z,23.0,1091287.2857142857
Mindoro Strait,2025-06-02T00:00:00.000Z,35.857142857142854,1864459.857142857
Mindoro Strait,2025-08-04T00:00:00.000Z,34.142857142857146,1867117.857142857
Mindoro Strait,2026-01-12T00:00:00.000Z,42.142857142857146,2092307.5714285714
Bosporus Strait,2019-05-27T00:00:00.000Z,103.0,1161703.0
Bosporus Strait,2020-01-20T00:00:00.000Z,110.14285714285714,1167602.5714285714
Bosporus Strait,2020-03-09T00:00:00.000Z,87.71428571428571,1206593.7142857143
Bosporus Strait,2020-04-06T00:00:00.000Z,96.71428571428571,1120600.0
Bosporus Strait,2020-04-13T00:00:00.000Z,124.71428571428571,1349185.2857142857
Bosporus Strait,2020-11-23T00:00:00.000Z,109.85714285714286,1423090.5714285714
Bosporus Strait,2021-02-15T00:00:00.000Z,99.0,1076304.2857142857
Bosporus Strait,2021-03-08T00:00:00.000Z,98.85714285714286,1174929.4285714286
Bosporus Strait,2021-05-24T00:00:00.000Z,96.0,1231615.857142857
Bosporus Strait,2021-08-02T00:00:00.000Z,104.42857142857143,1452109.857142857
Bosporus Strait,2021-09-13T00:00:00.000Z,116.28571428571429,1534091.4285714286
Bosporus Strait,2022-10-03T00:00:00.000Z,100.0,1039651.0
Bosporus Strait,2022-10-17T00:00:00.000Z,91.71428571428571,815249.7142857143
Bosporus Strait,2023-08-07T00:00:00.000Z,91.0,1161731.2857142857
Bosporus Strait,2023-09-25T00:00:00.000Z,89.14285714285714,1137856.857142857
Bosporus Strait,2023-11-06T00:00:00.000Z,101.57142857142857,1053990.7142857143
Bosporus Strait,2023-11-27T00:00:00.000Z,70.85714285714286,686745.4285714285
Bosporus Strait,2024-02-26T00:00:00.000Z,89.71428571428571,1123251.2857142857
Bosporus Strait,2024-04-29T00:00:00.000Z,94.28571428571429,1252009.7142857143
Bosporus Strait,2024-06-10T00:00:00.000Z,104.42857142857143,1252754.4285714286
Bosporus Strait,2024-09-09T00:00:00.000Z,96.28571428571429,1261861.142857143
Bosporus Strait,2025-01-13T00:00:00.000Z,87.42857142857143,1087417.7142857143
Bosporus Strait,2025-02-03T00:00:00.000Z,78.28571428571429,1094546.0
Bosporus Strait,2025-03-10T00:00:00.000Z,95.14285714285714,1139747.2857142857
Bosporus Strait,2025-05-26T00:00:00.000Z,84.57142857142857,1141995.5714285714
Bosporus Strait,2025-06-16T00:00:00.000Z,88.85714285714286,925387.4285714285
Bosporus Strait,2025-07-14T00:00:00.000Z,92.0,1103560.0
Bosporus Strait,2025-08-25T00:00:00.000Z,100.57142857142857,1332801.7142857143
Bosporus Strait,2025-12-22T00:00:00.000Z,73.57142857142857,963518.4285714285
Bosporus Strait,2026-02-09T00:00:00.000Z,89.71428571428571,1149428.5714285714
Bosporus Strait,2026-03-16T00:00:00.000Z,86.57142857142857,1237103.0
Bab el-Mandeb Strait,2019-05-20T00:00:00.000Z,54.0,2403882.714285714
Bab el-Mandeb Strait,2019-08-26T00:00:00.000Z,55.42857142857143,2764367.1428571427
Bab el-Mandeb Strait,2020-01-20T00:00:00.000Z,55.142857142857146,2445734.714285714
Bab el-Mandeb Strait,2020-05-04T00:00:00.000Z,59.285714285714285,2885266.8571428573
Bab el-Mandeb Strait,2020-07-20T00:00:00.000Z,55.0,2560590.8571428573
Bab el-Mandeb Strait,2020-09-14T00:00:00.000Z,56.142857142857146,2531946.8571428573
Bab el-Mandeb Strait,2020-12-21T00:00:00.000Z,56.42857142857143,2435108.0
Bab el-Mandeb Strait,2021-03-22T00:00:00.000Z,44.285714285714285,2069630.857142857
Bab el-Mandeb Strait,2022-02-14T00:00:00.000Z,56.285714285714285,2533051.714285714
Bab el-Mandeb Strait,2022-06-13T00:00:00.000Z,68.28571428571429,3221985.5714285714
Bab el-Mandeb Strait,2022-08-29T00:00:00.000Z,72.57142857142857,3462437.714285714
Bab el-Mandeb Strait,2023-07-03T00:00:00.000Z,73.71428571428571,3443750.5714285714
Bab el-Mandeb Strait,2023-08-21T00:00:00.000Z,68.71428571428571,3070055.285714286
Bab el-Mandeb Strait,2023-09-04T00:00:00.000Z,74.57142857142857,3509745.285714286
Bab el-Mandeb Strait,2025-07-07T00:00:00.000Z,35.0,1401031.5714285714
Bab el-Mandeb Strait,2025-09-01T00:00:00.000Z,34.142857142857146,1154961.5714285714
Bab el-Mandeb Strait,2025-09-22T00:00:00.000Z,33.285714285714285,1234004.0
Bab el-Mandeb Strait,2026-02-23T00:00:00.000Z,36.57142857142857,1424543.2857142857
Bab el-Mandeb Strait,2026-04-20T00:00:00.000Z,39.57142857142857,1302607.7142857143
Bab el-Mandeb Strait,2026-05-11T00:00:00.000Z,35.285714285714285,1431542.5714285714
Malacca Strait,2019-01-07T00:00:00.000Z,169.28571428571428,6398983.857142857
Malacca Strait,2019-04-22T00:00:00.000Z,175.42857142857142,6970829.714285715
Malacca Strait,2019-07-22T00:00:00.000Z,165.14285714285714,6244644.285714285
Malacca Strait,2020-08-10T00:00:00.000Z,154.14285714285714,6159197.428571428
Malacca Strait,2020-09-07T00:00:00.000Z,155.28571428571428,6214043.857142857
Malacca Strait,2020-11-02T00:00:00.000Z,159.42857142857142,5951164.285714285
Malacca Strait,2020-11-30T00:00:00.000Z,151.14285714285714,5533745.571428572
Malacca Strait,2021-01-04T00:00:00.000Z,161.71428571428572,5851085.857142857
Malacca Strait,2021-01-11T00:00:00.000Z,175.0,6922847.428571428
Malacca Strait,2021-03-15T00:00:00.000Z,168.71428571428572,6719501.428571428
Malacca Strait,2021-04-19T00:00:00.000Z,167.28571428571428,6736591.857142857
Malacca Strait,2021-11-08T00:00:00.000Z,209.14285714285714,7486336.0
Malacca Strait,2021-12-13T00:00:00.000Z,195.0,7165886.714285715
Malacca Strait,2022-09-05T00:00:00.000Z,213.0,8040293.428571428
Malacca Strait,2023-11-06T00:00:00.000Z,239.14285714285714,9253154.857142856
Malacca Strait,2024-01-15T00:00:00.000Z,229.57142857142858,8724589.57142857
Malacca Strait,2024-04-29T00:00:00.000Z,234.42857142857142,8762244.714285715
Malacca Strait,2024-06-10T00:00:00.000Z,220.42857142857142,7890851.428571428
Malacca Strait,2024-09-30T00:00:00.000Z,220.85714285714286,8598409.42857143
Malacca Strait,2024-11-25T00:00:00.000Z,220.0,8305883.142857143
Malacca Strait,2025-01-20T00:00:00.000Z,233.85714285714286,8707956.57142857
Malacca Strait,2025-07-14T00:00:00.000Z,243.28571428571428,8833422.857142856
Malacca Strait,2025-09-15T00:00:00.000Z,251.14285714285714,9209497.714285715
Malacca Strait,2026-01-12T00:00:00.000Z,245.71428571428572,9639458.857142856
Oresund Strait,2020-02-03T00:00:00.000Z,50.42857142857143,76403.85714285714
Oresund Strait,2021-02-08T00:00:00.000Z,50.142857142857146,90739.14285714286
Oresund Strait,2021-03-01T00:00:00.000Z,56.57142857142857,111839.42857142857
Oresund Strait,2021-03-15T00:00:00.000Z,55.714285714285715,105650.71428571429
Oresund Strait,2021-11-08T00:00:00.000Z,51.285714285714285,115758.14285714286
Oresund Strait,2022-06-27T00:00:00.000Z,43.714285714285715,88561.0
Oresund Strait,2022-07-04T00:00:00.000Z,43.285714285714285,97268.0
Oresund Strait,2022-10-24T00:00:00.000Z,47.285714285714285,83901.57142857143
Oresund Strait,2022-12-05T00:00:00.000Z,42.42857142857143,101768.57142857143
Oresund Strait,2023-01-02T00:00:00.000Z,47.0,98119.28571428571
Oresund Strait,2023-01-09T00:00:00.000Z,39.57142857142857,83217.85714285714
Oresund Strait,2023-05-08T00:00:00.000Z,49.57142857142857,109895.42857142857
Oresund Strait,2023-05-15T00:00:00.000Z,47.857142857142854,78514.28571428571
Oresund Strait,2024-01-15T00:00:00.000Z,43.714285714285715,154590.57142857142
Oresund Strait,2024-04-15T00:00:00.000Z,43.285714285714285,76942.85714285714
Oresund Strait,2024-04-22T00:00:00.000Z,47.142857142857146,101536.42857142857
Oresund Strait,2024-12-16T00:00:00.000Z,42.42857142857143,104317.85714285714
Oresund Strait,2025-04-28T00:00:00.000Z,44.42857142857143,107589.14285714286
Oresund Strait,2025-08-04T00:00:00.000Z,47.714285714285715,84338.57142857143
Oresund Strait,2025-10-27T00:00:00.000Z,48.714285714285715,95240.0
Oresund Strait,2025-12-01T00:00:00.000Z,46.57142857142857,146850.14285714287
Oresund Strait,2026-03-02T00:00:00.000Z,44.42857142857143,97037.85714285714
Oresund Strait,2026-03-16T00:00:00.000Z,45.57142857142857,92631.85714285714
Oresund Strait,2026-06-15T00:00:00.000Z,40.714285714285715,101460.42857142857
Luzon Strait,2019-01-07T00:00:00.000Z,57.285714285714285,3095777.1428571427
Luzon Strait,2019-10-21T00:00:00.000Z,59.42857142857143,3148580.285714286
Luzon Strait,2020-09-28T00:00:00.000Z,61.142857142857146,3223355.285714286
Luzon Strait,2020-11-09T00:00:00.000Z,64.28571428571429,3217824.285714286
Luzon Strait,2020-12-14T00:00:00.000Z,56.42857142857143,3176433.714285714
Luzon Strait,2020-12-21T00:00:00.000Z,68.0,4296922.142857143
Luzon Strait,2021-09-06T00:00:00.000Z,49.0,3252319.714285714
Luzon Strait,2021-10-04T00:00:00.000Z,69.42857142857143,4287263.857142857
Luzon Strait,2021-11-01T00:00:00.000Z,70.14285714285714,4284820.285714285
Luzon Strait,2022-01-24T00:00:00.000Z,88.0,4890213.428571428
Luzon Strait,2022-09-26T00:00:00.000Z,87.71428571428571,5083560.142857143
Luzon Strait,2022-10-31T00:00:00.000Z,105.71428571428571,6302706.428571428
Luzon Strait,2023-01-16T00:00:00.000Z,86.42857142857143,4890393.428571428
Luzon Strait,2024-02-05T00:00:00.000Z,80.0,4796180.714285715
Luzon Strait,2024-04-15T00:00:00.000Z,98.71428571428571,6309503.857142857
Luzon Strait,2024-07-29T00:00:00.000Z,73.0,4534528.0
Luzon Strait,2024-09-16T00:00:00.000Z,72.0,5077310.142857143
Luzon Strait,2025-03-10T00:00:00.000Z,60.42857142857143,3877527.1428571427
Luzon Strait,2025-08-11T00:00:00.000Z,65.14285714285714,3667570.714285714
Luzon Strait,2026-07-06T00:00:00.000Z,64.42857142857143,4793533.0
Ombai Strait,2019-02-11T00:00:00.000Z,12.0,914948.7142857143
Ombai Strait,2020-06-08T00:00:00.000Z,11.0,459385.85714285716
Ombai Strait,2020-07-13T00:00:00.000Z,10.0,433765.0
Ombai Strait,2020-08-17T00:00:00.000Z,11.857142857142858,475112.14285714284
Ombai Strait,2020-10-05T00:00:00.000Z,12.571428571428571,675879.2857142857
Ombai Strait,2021-03-08T00:00:00.000Z,13.714285714285714,621621.2857142857
Ombai Strait,2021-06-14T00:00:00.000Z,11.142857142857142,343870.28571428574
Ombai Strait,2021-07-05T00:00:00.000Z,8.857142857142858,194186.0
Ombai Strait,2021-07-19T00:00:00.000Z,12.571428571428571,396519.14285714284
Ombai Strait,2021-09-06T00:00:00.000Z,13.0,557411.4285714285
Ombai Strait,2021-09-13T00:00:00.000Z,13.142857142857142,657194.0
Ombai Strait,2021-10-11T00:00:00.000Z,10.857142857142858,420127.5714285714
Ombai Strait,2022-05-23T00:00:00.000Z,11.571428571428571,519272.85714285716
Ombai Strait,2022-06-20T00:00:00.000Z,10.0,361552.28571428574
Ombai Strait,2022-10-10T00:00:00.000Z,10.428571428571429,375354.5714285714
Ombai Strait,2023-01-09T00:00:00.000Z,12.571428571428571,622699.0
Ombai Strait,2023-05-08T00:00:00.000Z,11.0,422903.4285714286
Ombai Strait,2024-01-29T00:00:00.000Z,11.428571428571429,442332.4285714286
Ombai Strait,2024-03-25T00:00:00.000Z,11.571428571428571,581296.2857142857
Ombai Strait,2024-12-16T00:00:00.000Z,10.0,808836.1428571428
Ombai Strait,2025-04-07T00:00:00.000Z,12.285714285714286,842523.5714285715
Ombai Strait,2025-07-14T00:00:00.000Z,11.285714285714286,886026.4285714285
Ombai Strait,2025-09-08T00:00:00.000Z,10.571428571428571,400206.71428571426
Ombai Strait,2026-03-02T00:00:00.000Z,8.571428571428571,889172.0
Ombai Strait,2026-03-23T00:00:00.000Z,8.571428571428571,726572.4285714285
Ombai Strait,2026-04-27T00:00:00.000Z,10.428571428571429,1036759.4285714285
Torres Strait,2019-05-06T00:00:00.000Z,9.428571428571429,163989.0
Torres Strait,2019-06-03T00:00:00.000Z,10.0,181446.7142857143
Torres Strait,2020-02-17T00:00:00.000Z,9.285714285714286,139322.85714285713
Torres Strait,2020-05-04T00:00:00.000Z,7.142857142857143,148382.7142857143
Torres Strait,2020-06-08T00:00:00.000Z,8.714285714285714,180251.57142857142
Torres Strait,2020-09-07T00:00:00.000Z,8.571428571428571,173921.14285714287
Torres Strait,2020-10-05T00:00:00.000Z,9.428571428571429,218788.0
Torres Strait,2021-02-08T00:00:00.000Z,8.285714285714286,175460.42857142858
Torres Strait,2021-03-01T00:00:00.000Z,9.428571428571429,231311.14285714287
Torres Strait,2021-03-29T00:00:00.000Z,8.428571428571429,146759.2857142857
Torres Strait,2021-06-28T00:00:00.000Z,8.0,196931.57142857142
Torres Strait,2021-08-02T00:00:00.000Z,6.571428571428571,191968.2857142857
Torres Strait,2021-09-13T00:00:00.000Z,9.142857142857142,188455.0
Torres Strait,2021-09-20T00:00:00.000Z,9.714285714285714,209546.57142857142
Torres Strait,2021-10-18T00:00:00.000Z,9.0,204653.57142857142
Torres Strait,2021-12-06T00:00:00.000Z,7.428571428571429,174635.7142857143
Torres Strait,2022-02-21T00:00:00.000Z,8.285714285714286,195190.7142857143
Torres Strait,2022-05-23T00:00:00.000Z,9.714285714285714,164903.57142857142
Torres Strait,2022-05-30T00:00:00.000Z,9.714285714285714,252985.14285714287
Torres Strait,2022-08-29T00:00:00.000Z,7.0,108203.28571428571
Torres Strait,2022-11-28T00:00:00.000Z,8.285714285714286,134346.57142857142
Torres Strait,2022-12-05T00:00:00.000Z,10.142857142857142,239727.2857142857
Torres Strait,2023-02-27T00:00:00.000Z,7.857142857142857,164472.85714285713
Torres Strait,2023-06-19T00:00:00.000Z,10.0,199868.2857142857
Torres Strait,2023-07-31T00:00:00.000Z,12.857142857142858,244493.7142857143
Torres Strait,2023-12-18T00:00:00.000Z,10.142857142857142,190727.85714285713
Torres Strait,2024-03-18T00:00:00.000Z,10.0,174391.2857142857
Torres Strait,2024-11-18T00:00:00.000Z,9.142857142857142,193035.85714285713
Torres Strait,2024-12-23T00:00:00.000Z,10.285714285714286,276632.28571428574
Torres Strait,2025-08-04T00:00:00.000Z,9.285714285714286,180606.42857142858
Torres Strait,2025-10-13T00:00:00.000Z,9.142857142857142,229472.7142857143
Torres Strait,2026-01-05T00:00:00.000Z,7.571428571428571,175945.85714285713
Torres Strait,2026-04-20T00:00:00.000Z,9.142857142857142,184677.57142857142
Torres Strait,2026-06-01T00:00:00.000Z,9.428571428571429,201348.85714285713
Torres Strait,2026-06-29T00:00:00.000Z,9.0,178090.7142857143
Magellan Strait,2019-03-04T00:00:00.000Z,3.7142857142857144,68583.71428571429
Magellan Strait,2019-04-01T00:00:00.000Z,2.142857142857143,91735.14285714286
Magellan Strait,2019-05-13T00:00:00.000Z,3.857142857142857,127390.85714285714
Magellan Strait,2019-08-12T00:00:00.000Z,3.857142857142857,106582.57142857143
Magellan Strait,2019-09-16T00:00:00.000Z,3.5714285714285716,122415.14285714286
Magellan Strait,2019-10-21T00:00:00.000Z,3.5714285714285716,89979.28571428571
Magellan Strait,2020-02-03T00:00:00.000Z,2.857142857142857,48265.0
Magellan Strait,2020-10-12T00:00:00.000Z,3.2857142857142856,92869.14285714286
Magellan Strait,2020-12-28T00:00:00.000Z,2.4285714285714284,53006.857142857145
Magellan Strait,2021-02-01T00:00:00.000Z,2.7142857142857144,74890.71428571429
Magellan Strait,2021-03-22T00:00:00.000Z,3.7142857142857144,96517.0
Magellan Strait,2021-08-09T00:00:00.000Z,4.857142857142857,92956.0
Magellan Strait,2021-08-16T00:00:00.000Z,6.285714285714286,161336.2857142857
Magellan Strait,2021-10-04T00:00:00.000Z,5.142857142857143,189471.7142857143
Magellan Strait,2022-01-10T00:00:00.000Z,4.0,130726.85714285714
Magellan Strait,2022-05-30T00:00:00.000Z,4.857142857142857,157532.0
Magellan Strait,2022-07-25T00:00:00.000Z,4.285714285714286,150102.85714285713
Magellan Strait,2022-08-15T00:00:00.000Z,3.5714285714285716,100087.71428571429
Magellan Strait,2023-01-09T00:00:00.000Z,4.142857142857143,83784.57142857143
Magellan Strait,2023-01-23T00:00:00.000Z,3.2857142857142856,115476.28571428571
Magellan Strait,2023-02-06T00:00:00.000Z,3.5714285714285716,88484.71428571429
Magellan Strait,2023-10-02T00:00:00.000Z,5.714285714285714,139697.7142857143
Magellan Strait,2024-05-06T00:00:00.000Z,5.857142857142857,188839.42857142858
Magellan Strait,2024-07-01T00:00:00.000Z,4.285714285714286,205995.0
Magellan Strait,2024-07-15T00:00:00.000Z,4.571428571428571,176554.85714285713
Magellan Strait,2025-06-02T00:00:00.000Z,4.428571428571429,111566.42857142857
Magellan Strait,2025-07-07T00:00:00.000Z,5.285714285714286,221976.57142857142
Magellan Strait,2025-11-17T00:00:00.000Z,3.4285714285714284,126293.28571428571
Magellan Strait,2025-12-15T00:00:00.000Z,3.5714285714285716,138928.85714285713
Balabac Strait,2019-01-14T00:00:00.000Z,15.571428571428571,362987.14285714284
Balabac Strait,2019-08-12T00:00:00.000Z,12.857142857142858,260196.57142857142
Balabac Strait,2020-02-10T00:00:00.000Z,13.285714285714286,275017.28571428574
Balabac Strait,2020-03-02T00:00:00.000Z,11.857142857142858,257473.0
Balabac Strait,2020-06-08T00:00:00.000Z,9.571428571428571,141096.2857142857
Balabac Strait,2020-06-22T00:00:00.000Z,9.142857142857142,232495.7142857143
Balabac Strait,2020-06-29T00:00:00.000Z,7.571428571428571,120399.42857142857
Balabac Strait,2020-08-24T00:00:00.000Z,10.714285714285714,223598.0
Balabac Strait,2020-09-28T00:00:00.000Z,9.0,164983.7142857143
Balabac Strait,2020-12-07T00:00:00.000Z,10.285714285714286,225821.14285714287
Balabac Strait,2021-12-13T00:00:00.000Z,10.857142857142858,246366.7142857143
Balabac Strait,2022-01-17T00:00:00.000Z,9.714285714285714,250225.42857142858
Balabac Strait,2022-03-07T00:00:00.000Z,11.142857142857142,363515.4285714286
Balabac Strait,2022-04-18T00:00:00.000Z,11.857142857142858,350808.71428571426
Balabac Strait,2023-01-02T00:00:00.000Z,15.142857142857142,325793.85714285716
Balabac Strait,2023-07-10T00:00:00.000Z,9.857142857142858,234677.57142857142
Balabac Strait,2023-07-31T00:00:00.000Z,12.285714285714286,365388.28571428574
Balabac Strait,2023-08-14T00:00:00.000Z,7.714285714285714,244093.57142857142
Balabac Strait,2023-10-02T00:00:00.000Z,9.285714285714286,289481.0
Balabac Strait,2024-06-24T00:00:00.000Z,12.428571428571429,254589.14285714287
Balabac Strait,2024-09-02T00:00:00.000Z,12.428571428571429,253273.2857142857
Balabac Strait,2024-09-23T00:00:00.000Z,9.285714285714286,197322.57142857142
Balabac Strait,2024-10-14T00:00:00.000Z,11.714285714285714,174415.2857142857
Balabac Strait,2025-04-07T00:00:00.000Z,9.571428571428571,133404.42857142858
Balabac Strait,2025-06-30T00:00:00.000Z,9.428571428571429,335085.5714285714
Balabac Strait,2025-08-04T00:00:00.000Z,8.142857142857142,91832.85714285714
Balabac Strait,2025-08-18T00:00:00.000Z,7.285714285714286,187587.0
Balabac Strait,2026-01-12T00:00:00.000Z,10.0,185540.14285714287
Balabac Strait,2026-02-02T00:00:00.000Z,10.142857142857142,281394.4285714286
Balabac Strait,2026-04-20T00:00:00.000Z,11.285714285714286,284468.4285714286
Dover Strait,2019-01-07T00:00:00.000Z,156.14285714285714,2455512.0
Dover Strait,2019-01-14T00:00:00.000Z,167.14285714285714,2798331.0
Dover Strait,2019-09-02T00:00:00.000Z,163.28571428571428,2884037.714285714
Dover Strait,2019-11-04T00:00:00.000Z,155.14285714285714,2555046.4285714286
Dover Strait,2020-02-24T00:00:00.000Z,160.14285714285714,3060315.285714286
Dover Strait,2020-10-19T00:00:00.000Z,156.71428571428572,2927978.0
Dover Strait,2021-03-22T00:00:00.000Z,172.57142857142858,3081842.1428571427
Dover Strait,2021-04-19T00:00:00.000Z,169.28571428571428,3048572.8571428573
Dover Strait,2021-05-17T00:00:00.000Z,154.57142857142858,2860888.0
Dover Strait,2021-09-20T00:00:00.000Z,165.42857142857142,2976658.0
Dover Strait,2021-10-04T00:00:00.000Z,170.57142857142858,3239184.5714285714
Dover Strait,2021-11-01T00:00:00.000Z,154.28571428571428,3126155.5714285714
Dover Strait,2022-05-09T00:00:00.000Z,168.57142857142858,3652658.714285714
Dover Strait,2022-05-23T00:00:00.000Z,167.0,3268313.285714286
Dover Strait,2022-08-08T00:00:00.000Z,164.14285714285714,3260543.0
Dover Strait,2022-11-14T00:00:00.000Z,172.42857142857142,3730213.285714286
Dover Strait,2023-07-31T00:00:00.000Z,166.85714285714286,3195218.5714285714
Dover Strait,2024-02-19T00:00:00.000Z,148.14285714285714,3259749.0
Dover Strait,2024-03-11T00:00:00.000Z,182.14285714285714,3912716.4285714286
Dover Strait,2024-10-07T00:00:00.000Z,167.42857142857142,3361025.714285714
Dover Strait,2024-11-25T00:00:00.000Z,178.57142857142858,3541146.4285714286
Dover Strait,2025-03-17T00:00:00.000Z,173.0,3507143.714285714
Dover Strait,2025-05-26T00:00:00.000Z,172.14285714285714,3481154.4285714286
Dover Strait,2025-11-24T00:00:00.000Z,169.71428571428572,3597209.5714285714
Tsugaru Strait,2019-07-29T00:00:00.000Z,53.0,1090246.7142857143
Tsugaru Strait,2019-09-16T00:00:00.000Z,42.714285714285715,972793.1428571428
Tsugaru Strait,2020-01-13T00:00:00.000Z,45.714285714285715,974335.5714285715
Tsugaru Strait,2020-06-08T00:00:00.000Z,43.857142857142854,837560.1428571428
Tsugaru Strait,2021-03-08T00:00:00.000Z,47.57142857142857,806061.5714285715
Tsugaru Strait,2021-05-31T00:00:00.000Z,45.857142857142854,1120386.5714285714
Tsugaru Strait,2021-10-11T00:00:00.000Z,48.285714285714285,903662.4285714285
Tsugaru Strait,2021-11-08T00:00:00.000Z,43.42857142857143,980574.0
Tsugaru Strait,2021-11-22T00:00:00.000Z,39.142857142857146,935130.5714285715
Tsugaru Strait,2022-05-09T00:00:00.000Z,44.714285714285715,877627.1428571428
Tsugaru Strait,2022-07-25T00:00:00.000Z,55.142857142857146,1321022.5714285714
Tsugaru Strait,2023-02-27T00:00:00.000Z,43.714285714285715,746580.2857142857
Tsugaru Strait,2023-08-14T00:00:00.000Z,47.285714285714285,1128552.5714285714
Tsugaru Strait,2024-02-26T00:00:00.000Z,36.142857142857146,720177.8571428572
Tsugaru Strait,2024-03-18T00:00:00.000Z,44.857142857142854,934300.4285714285
Tsugaru Strait,2024-07-22T00:00:00.000Z,50.142857142857146,1190925.4285714286
Tsugaru Strait,2024-11-18T00:00:00.000Z,41.714285714285715,957170.7142857143
Tsugaru Strait,2025-01-13T00:00:00.000Z,39.42857142857143,932587.1428571428
Tsugaru Strait,2025-03-24T00:00:00.000Z,46.285714285714285,1072521.142857143
Tsugaru Strait,2025-06-30T00:00:00.000Z,56.857142857142854,1269449.5714285714
Tsugaru Strait,2026-08-17T00:00:00.000Z,54.57142857142857,1381336.5714285714
Panama Canal,2019-02-25T00:00:00.000Z,31.714285714285715,882873.7142857143
Panama Canal,2019-06-03T00:00:00.000Z,31.285714285714285,863738.5714285715
Panama Canal,2019-07-08T00:00:00.000Z,30.428571428571427,764283.0
Panama Canal,2020-05-11T00:00:00.000Z,27.0,725947.2857142857
Panama Canal,2020-06-29T00:00:00.000Z,26.714285714285715,771838.7142857143
Panama Canal,2020-07-13T00:00:00.000Z,28.857142857142858,817915.5714285715
Panama Canal,2020-10-05T00:00:00.000Z,31.571428571428573,878640.7142857143
Panama Canal,2020-11-09T00:00:00.000Z,31.285714285714285,946075.7142857143
Panama Canal,2021-10-11T00:00:00.000Z,32.714285714285715,962993.8571428572
Panama Canal,2022-01-24T00:00:00.000Z,34.142857142857146,918841.5714285715
Panama Canal,2022-07-04T00:00:00.000Z,31.0,910699.8571428572
Panama Canal,2022-07-18T00:00:00.000Z,32.142857142857146,843191.4285714285
Panama Canal,2022-08-15T00:00:00.000Z,35.285714285714285,987648.7142857143
Panama Canal,2023-03-06T00:00:00.000Z,33.0,871725.0
Panama Canal,2023-06-12T00:00:00.000Z,29.571428571428573,854129.7142857143
Panama Canal,2023-09-04T00:00:00.000Z,31.714285714285715,816202.4285714285
Panama Canal,2023-10-23T00:00:00.000Z,30.857142857142858,939421.5714285715
Panama Canal,2025-01-27T00:00:00.000Z,29.571428571428573,843700.2857142857
Panama Canal,2025-05-26T00:00:00.000Z,26.857142857142858,741025.5714285715
Panama Canal,2025-06-30T00:00:00.000Z,31.571428571428573,861394.7142857143
Panama Canal,2025-08-25T00:00:00.000Z,30.857142857142858,864930.1428571428
Panama Canal,2025-11-03T00:00:00.000Z,32.57142857142857,1025334.1428571428
Panama Canal,2025-11-17T00:00:00.000Z,29.714285714285715,850050.0
Panama Canal,2026-06-22T00:00:00.000Z,32.57142857142857,868139.1428571428
Makassar Strait,2019-02-18T00:00:00.000Z,48.42857142857143,2255238.285714286
Makassar Strait,2019-04-01T00:00:00.000Z,43.285714285714285,1686810.0
Makassar Strait,2019-06-24T00:00:00.000Z,55.285714285714285,2629265.0
Makassar Strait,2019-07-15T00:00:00.000Z,54.42857142857143,2493737.0
Makassar Strait,2020-01-20T00:00:00.000Z,55.285714285714285,2390950.1428571427
Makassar Strait,2020-05-25T00:00:00.000Z,51.714285714285715,2301941.0
Makassar Strait,2020-12-28T00:00:00.000Z,54.285714285714285,3159083.8571428573
Makassar Strait,2021-09-06T00:00:00.000Z,51.142857142857146,2812385.4285714286
Makassar Strait,2021-10-04T00:00:00.000Z,55.857142857142854,2738905.1428571427
Makassar Strait,2022-03-07T00:00:00.000Z,56.57142857142857,2730657.4285714286
Makassar Strait,2022-08-22T00:00:00.000Z,49.285714285714285,2754387.0
Makassar Strait,2022-09-05T00:00:00.000Z,57.0,3531575.1428571427
Makassar Strait,2022-09-12T00:00:00.000Z,62.142857142857146,3061626.8571428573
Makassar Strait,2022-10-10T00:00:00.000Z,53.857142857142854,2904142.1428571427
Makassar Strait,2023-03-13T00:00:00.000Z,60.57142857142857,3085670.0
Makassar Strait,2023-07-17T00:00:00.000Z,55.285714285714285,2637317.5714285714
Makassar Strait,2023-11-13T00:00:00.000Z,58.714285714285715,3064680.714285714
Makassar Strait,2024-03-18T00:00:00.000Z,59.714285714285715,3209835.4285714286
Makassar Strait,2024-08-05T00:00:00.000Z,52.0,2914994.4285714286
Makassar Strait,2024-08-19T00:00:00.000Z,50.142857142857146,3036653.8571428573
Makassar Strait,2024-09-09T00:00:00.000Z,54.57142857142857,2991493.8571428573
Makassar Strait,2024-10-28T00:00:00.000Z,57.0,3352725.8571428573
Makassar Strait,2025-03-24T00:00:00.000Z,44.857142857142854,2834309.4285714286
Makassar Strait,2025-05-12T00:00:00.000Z,42.0,2401677.1428571427
Makassar Strait,2025-06-16T00:00:00.000Z,40.42857142857143,3203008.0
Makassar Strait,2025-07-28T00:00:00.000Z,50.857142857142854,2856500.8571428573
Makassar Strait,2025-08-04T00:00:00.000Z,44.0,2716698.714285714
Makassar Strait,2025-12-22T00:00:00.000Z,50.857142857142854,3275706.5714285714
Makassar Strait,2026-01-12T00:00:00.000Z,54.285714285714285,3050176.285714286
Makassar Strait,2026-02-09T00:00:00.000Z,37.42857142857143,1665132.0
Makassar Strait,2026-04-20T00:00:00.000Z,41.142857142857146,2118162.4285714286
Yucatan Channel,2019-01-14T00:00:00.000Z,46.714285714285715,1093956.142857143
Yucatan Channel,2019-04-08T00:00:00.000Z,39.857142857142854,749742.8571428572
Yucatan Channel,2019-10-14T00:00:00.000Z,46.0,1043134.7142857143
Yucatan Channel,2020-04-06T00:00:00.000Z,44.714285714285715,1176572.7142857143
Yucatan Channel,2020-04-13T00:00:00.000Z,39.57142857142857,1051824.7142857143
Yucatan Channel,2021-01-04T00:00:00.000Z,46.42857142857143,1251367.2857142857
Yucatan Channel,2021-03-08T00:00:00.000Z,43.57142857142857,966591.8571428572
Yucatan Channel,2021-06-21T00:00:00.000Z,43.57142857142857,1089488.0
Yucatan Channel,2021-06-28T00:00:00.000Z,45.0,1077189.5714285714
Yucatan Channel,2021-08-09T00:00:00.000Z,44.57142857142857,997379.4285714285
Yucatan Channel,2022-02-07T00:00:00.000Z,46.285714285714285,1162401.7142857143
Yucatan Channel,2022-03-21T00:00:00.000Z,42.285714285714285,1018815.4285714285
Yucatan Channel,2022-05-23T00:00:00.000Z,46.0,972841.2857142857
Yucatan Channel,2022-09-19T00:00:00.000Z,43.285714285714285,1119466.0
Yucatan Channel,2023-07-03T00:00:00.000Z,45.142857142857146,889961.2857142857
Yucatan Channel,2023-11-27T00:00:00.000Z,43.285714285714285,1011111.7142857143
Yucatan Channel,2023-12-11T00:00:00.000Z,40.714285714285715,800018.8571428572
Yucatan Channel,2024-01-29T00:00:00.000Z,47.0,1152586.857142857
Yucatan Channel,2024-02-26T00:00:00.000Z,50.0,1292010.857142857
Yucatan Channel,2024-04-08T00:00:00.000Z,45.714285714285715,968392.1428571428
Yucatan Channel,2024-05-27T00:00:00.000Z,49.285714285714285,1252978.7142857143
Yucatan Channel,2024-10-07T00:00:00.000Z,47.714285714285715,1168811.4285714286
Yucatan Channel,2024-12-16T00:00:00.000Z,52.0,1120905.0
Yucatan Channel,2025-02-03T00:00:00.000Z,51.142857142857146,1109131.0
Yucatan Channel,2025-06-09T00:00:00.000Z,47.57142857142857,974692.1428571428
Yucatan Channel,2025-06-16T00:00:00.000Z,44.142857142857146,1032843.7142857143
Yucatan Channel,2025-09-22T00:00:00.000Z,50.714285714285715,1235525.4285714286
Yucatan Channel,2025-12-29T00:00:00.000Z,46.714285714285715,1223590.857142857
Yucatan Channel,2026-02-09T00:00:00.000Z,51.285714285714285,1320710.0
Yucatan Channel,2026-05-04T00:00:00.000Z,41.57142857142857,1042175.2857142857
Yucatan Channel,2026-08-17T00:00:00.000Z,55.142857142857146,1359138.0
Windward Passage,2019-06-10T00:00:00.000Z,15.285714285714286,196790.2857142857
Windward Passage,2019-10-07T00:00:00.000Z,17.0,277252.0
Windward Passage,2019-12-23T00:00:00.000Z,15.571428571428571,252579.14285714287
Windward Passage,2020-11-02T00:00:00.000Z,17.714285714285715,294216.0
Windward Passage,2021-05-17T00:00:00.000Z,13.714285714285714,256879.7142857143
Windward Passage,2021-06-28T00:00:00.000Z,14.428571428571429,288360.0
Windward Passage,2021-07-19T00:00:00.000Z,15.714285714285714,331757.71428571426
Windward Passage,2021-11-29T00:00:00.000Z,16.285714285714285,299669.14285714284
Windward Passage,2021-12-06T00:00:00.000Z,16.714285714285715,401375.85714285716
Windward Passage,2022-03-07T00:00:00.000Z,15.428571428571429,301698.5714285714
Windward Passage,2022-04-11T00:00:00.000Z,16.142857142857142,325722.85714285716
Windward Passage,2022-04-18T00:00:00.000Z,14.0,216934.2857142857
Windward Passage,2022-05-30T00:00:00.000Z,15.714285714285714,300608.4285714286
Windward Passage,2022-08-22T00:00:00.000Z,14.142857142857142,247316.0
Windward Passage,2023-02-27T00:00:00.000Z,16.571428571428573,239937.85714285713
Windward Passage,2023-07-24T00:00:00.000Z,16.285714285714285,276162.85714285716
Windward Passage,2023-09-11T00:00:00.000Z,15.714285714285714,258064.2857142857
Windward Passage,2023-12-18T00:00:00.000Z,12.428571428571429,210177.0
Windward Passage,2024-01-15T00:00:00.000Z,15.285714285714286,172271.7142857143
Windward Passage,2024-03-04T00:00:00.000Z,14.571428571428571,169144.14285714287
Windward Passage,2024-07-29T00:00:00.000Z,14.0,264108.85714285716
Windward Passage,2025-06-23T00:00:00.000Z,16.428571428571427,301027.4285714286
Windward Passage,2026-06-29T00:00:00.000Z,17.428571428571427,344000.4285714286
Windward Passage,2026-08-10T00:00:00.000Z,15.857142857142858,331928.71428571426
Kerch Strait,2019-03-18T00:00:00.000Z,45.857142857142854,101254.57142857143
Kerch Strait,2019-06-17T00:00:00.000Z,47.42857142857143,97319.28571428571
Kerch Strait,2020-03-09T00:00:00.000Z,50.285714285714285,107262.14285714286
Kerch Strait,2020-06-15T00:00:00.000Z,38.42857142857143,70240.57142857143
Kerch Strait,2020-06-29T00:00:00.000Z,47.714285714285715,84192.71428571429
Kerch Strait,2020-08-17T00:00:00.000Z,72.57142857142857,151554.14285714287
Kerch Strait,2020-11-16T00:00:00.000Z,45.714285714285715,84874.0
Kerch Strait,2021-01-04T00:00:00.000Z,51.142857142857146,98465.57142857143
Kerch Strait,2021-10-18T00:00:00.000Z,55.857142857142854,116203.14285714286
Kerch Strait,2022-04-11T00:00:00.000Z,16.285714285714285,22169.428571428572
Kerch Strait,2022-05-16T00:00:00.000Z,22.571428571428573,31835.285714285714
Kerch Strait,2022-11-14T00:00:00.000Z,15.0,38933.71428571428
Kerch Strait,2022-12-05T00:00:00.000Z,12.142857142857142,19318.285714285714
Kerch Strait,2023-02-06T00:00:00.000Z,12.428571428571429,23931.571428571428
Kerch Strait,2023-06-26T00:00:00.000Z,5.857142857142857,11822.57142857143
Kerch Strait,2023-07-31T00:00:00.000Z,3.857142857142857,8095.285714285715
Kerch Strait,2023-08-28T00:00:00.000Z,3.857142857142857,7020.428571428572
Kerch Strait,2023-09-25T00:00:00.000Z,1.4285714285714286,2759.5714285714284
Kerch Strait,2023-10-23T00:00:00.000Z,4.428571428571429,11059.714285714286
Kerch Strait,2024-07-01T00:00:00.000Z,1.7142857142857142,1565.0
Kerch Strait,2024-09-16T00:00:00.000Z,0.0,0.0
Kerch Strait,2024-09-23T00:00:00.000Z,0.42857142857142855,686.7142857142857
Kerch Strait,2024-09-30T00:00:00.000Z,0.42857142857142855,5655.857142857143
Kerch Strait,2024-10-07T00:00:00.000Z,0.2857142857142857,706.5714285714286
Kerch Strait,2025-01-13T00:00:00.000Z,12.714285714285714,69790.85714285714
Kerch Strait,2025-06-30T00:00:00.000Z,15.285714285714286,44193.0
Kerch Strait,2025-11-17T00:00:00.000Z,23.428571428571427,217396.85714285713
Kerch Strait,2026-04-27T00:00:00.000Z,3.857142857142857,30820.14285714286
Kerch Strait,2026-06-01T00:00:00.000Z,14.0,107066.28571428571
Kerch Strait,2026-08-17T00:00:00.000Z,0.14285714285714285,3031.0
Gibraltar Strait,2019-02-04T00:00:00.000Z,110.71428571428571,2813727.8571428573
Gibraltar Strait,2020-01-20T00:00:00.000Z,127.85714285714286,3423762.5714285714
Gibraltar Strait,2020-05-04T00:00:00.000Z,124.57142857142857,3181481.8571428573
Gibraltar Strait,2020-11-30T00:00:00.000Z,112.85714285714286,3047278.1428571427
Gibraltar Strait,2021-03-08T00:00:00.000Z,130.28571428571428,3344800.285714286
Gibraltar Strait,2021-05-10T00:00:00.000Z,126.71428571428571,3514949.285714286
Gibraltar Strait,2021-06-07T00:00:00.000Z,127.42857142857143,3403375.0
Gibraltar Strait,2021-07-05T00:00:00.000Z,128.57142857142858,3540845.5714285714
Gibraltar Strait,2021-08-16T00:00:00.000Z,129.0,3352091.714285714
Gibraltar Strait,2021-10-25T00:00:00.000Z,120.85714285714286,3443650.285714286
Gibraltar Strait,2021-11-01T00:00:00.000Z,130.71428571428572,3132276.5714285714
Gibraltar Strait,2021-11-08T00:00:00.000Z,118.28571428571429,3370049.8571428573
Gibraltar Strait,2022-03-21T00:00:00.000Z,136.85714285714286,3788130.1428571427
Gibraltar Strait,2023-02-13T00:00:00.000Z,142.57142857142858,3910612.5714285714
Gibraltar Strait,2023-02-27T00:00:00.000Z,147.42857142857142,4321753.714285715
Gibraltar Strait,2023-04-03T00:00:00.000Z,146.0,4367323.714285715
Gibraltar Strait,2023-04-17T00:00:00.000Z,148.85714285714286,4223621.428571428
Gibraltar Strait,2023-06-05T00:00:00.000Z,147.71428571428572,3987888.5714285714
Gibraltar Strait,2023-09-11T00:00:00.000Z,145.85714285714286,4101367.1428571427
Gibraltar Strait,2023-09-18T00:00:00.000Z,152.0,4317771.571428572
Gibraltar Strait,2024-02-19T00:00:00.000Z,116.14285714285714,3135780.5714285714
Gibraltar Strait,2024-04-01T00:00:00.000Z,142.57142857142858,3787004.0
Gibraltar Strait,2024-04-29T00:00:00.000Z,130.57142857142858,3531282.5714285714
Gibraltar Strait,2024-11-18T00:00:00.000Z,129.14285714285714,3391189.8571428573
Gibraltar Strait,2025-01-13T00:00:00.000Z,132.85714285714286,3554798.714285714
Gibraltar Strait,2025-06-16T00:00:00.000Z,135.0,3263839.714285714
Gibraltar Strait,2025-07-14T00:00:00.000Z,139.0,3586282.714285714
Gibraltar Strait,2025-09-01T00:00:00.000Z,137.71428571428572,3661831.0
Gibraltar Strait,2025-09-29T00:00:00.000Z,135.71428571428572,3381975.0
Gibraltar Strait,2026-01-26T00:00:00.000Z,120.42857142857143,3172979.8571428573
Gibraltar Strait,2026-03-23T00:00:00.000Z,137.57142857142858,4127283.1428571427
Gibraltar Strait,2026-04-13T00:00:00.000Z,133.14285714285714,3233076.4285714286
Gibraltar Strait,2026-07-20T00:00:00.000Z,130.28571428571428,3471586.5714285714
Taiwan Strait,2019-01-14T00:00:00.000Z,243.0,4857763.0
Taiwan Strait,2019-01-28T00:00:00.000Z,248.0,5214249.0
Taiwan Strait,2019-06-17T00:00:00.000Z,253.28571428571428,5115451.428571428
Taiwan Strait,2020-04-13T00:00:00.000Z,225.71428571428572,4627174.571428572
Taiwan Strait,2020-04-20T00:00:00.000Z,197.85714285714286,4119510.714285714
Taiwan Strait,2021-08-02T00:00:00.000Z,236.0,5251912.714285715
Taiwan Strait,2022-08-08T00:00:00.000Z,228.42857142857142,4923564.142857143
Taiwan Strait,2023-03-27T00:00:00.000Z,252.85714285714286,5379598.0
Taiwan Strait,2023-04-24T00:00:00.000Z,245.0,5982870.857142857
Taiwan Strait,2023-08-14T00:00:00.000Z,236.42857142857142,5934771.571428572
Taiwan Strait,2023-12-25T00:00:00.000Z,241.71428571428572,5803490.428571428
Taiwan Strait,2024-02-19T00:00:00.000Z,199.57142857142858,4564548.571428572
Taiwan Strait,2024-03-11T00:00:00.000Z,247.71428571428572,6095883.142857143
Taiwan Strait,2024-05-20T00:00:00.000Z,237.0,5368754.857142857
Taiwan Strait,2024-06-24T00:00:00.000Z,243.28571428571428,5842157.285714285
Taiwan Strait,2024-12-02T00:00:00.000Z,221.14285714285714,5206354.0
Taiwan Strait,2025-01-06T00:00:00.000Z,235.85714285714286,6021554.714285715
Taiwan Strait,2025-04-21T00:00:00.000Z,256.2857142857143,6075285.285714285
Taiwan Strait,2025-06-02T00:00:00.000Z,267.57142857142856,6607234.285714285
Taiwan Strait,2025-09-01T00:00:00.000Z,257.0,6477272.714285715
Taiwan Strait,2025-10-13T00:00:00.000Z,217.57142857142858,4924620.0
Taiwan Strait,2025-10-27T00:00:00.000Z,230.57142857142858,6119147.857142857
Taiwan Strait,2025-11-10T00:00:00.000Z,216.0,4921384.142857143
Taiwan Strait,2026-01-19T00:00:00.000Z,228.71428571428572,5736624.428571428
Taiwan Strait,2026-06-29T00:00:00.000Z,248.57142857142858,6789623.571428572
Taiwan Strait,2026-08-03T00:00:00.000Z,208.71428571428572,5333720.285714285
Bohai Strait,2019-04-29T00:00:00.000Z,130.0,3680183.5714285714
Bohai Strait,2019-06-17T00:00:00.000Z,171.0,4612069.285714285
Bohai Strait,2019-07-01T00:00:00.000Z,173.42857142857142,5004060.428571428
Bohai Strait,2020-02-24T00:00:00.000Z,163.28571428571428,4367134.571428572
Bohai Strait,2020-03-23T00:00:00.000Z,166.85714285714286,4516721.714285715
Bohai Strait,2020-04-27T00:00:00.000Z,195.71428571428572,5612811.714285715
Bohai Strait,2020-05-11T00:00:00.000Z,197.42857142857142,5465291.428571428
Bohai Strait,2021-10-11T00:00:00.000Z,160.42857142857142,4847181.571428572
Bohai Strait,2022-01-10T00:00:00.000Z,188.71428571428572,5443770.142857143
Bohai Strait,2022-01-17T00:00:00.000Z,189.42857142857142,5401826.714285715
Bohai Strait,2022-01-24T00:00:00.000Z,190.71428571428572,5632220.571428572
Bohai Strait,2022-03-21T00:00:00.000Z,181.85714285714286,5496929.571428572
Bohai Strait,2022-11-28T00:00:00.000Z,173.0,5548325.428571428
Bohai Strait,2023-06-12T00:00:00.000Z,189.0,6043907.285714285
Bohai Strait,2023-09-04T00:00:00.000Z,171.57142857142858,5628637.142857143
Bohai Strait,2023-10-02T00:00:00.000Z,163.0,5069337.142857143
Bohai Strait,2023-11-27T00:00:00.000Z,200.57142857142858,6274558.285714285
Bohai Strait,2024-02-19T00:00:00.000Z,139.14285714285714,4693585.714285715
Bohai Strait,2024-05-13T00:00:00.000Z,178.28571428571428,6680512.142857143
Bohai Strait,2024-10-28T00:00:00.000Z,181.42857142857142,6411423.285714285
Bohai Strait,2025-03-24T00:00:00.000Z,182.28571428571428,6042707.428571428
Bohai Strait,2025-07-07T00:00:00.000Z,169.85714285714286,6221780.142857143
Bohai Strait,2026-04-06T00:00:00.000Z,171.28571428571428,5888343.428571428
Bohai Strait,2026-04-13T00:00:00.000Z,174.28571428571428,5965197.428571428
Bohai Strait,2026-07-20T00:00:00.000Z,173.0,5618415.428571428
Sunda Strait,2019-02-25T00:00:00.000Z,27.285714285714285,652898.4285714285
Sunda Strait,2019-04-29T00:00:00.000Z,28.428571428571427,877786.0
Sunda Strait,2019-06-03T00:00:00.000Z,20.0,628619.1428571428
Sunda Strait,2020-02-03T00:00:00.000Z,28.428571428571427,850839.8571428572
Sunda Strait,2020-09-28T00:00:00.000Z,28.857142857142858,1165060.2857142857
Sunda Strait,2020-11-09T00:00:00.000Z,26.0,797239.8571428572
Sunda Strait,2020-12-07T00:00:00.000Z,33.857142857142854,1241044.142857143
Sunda Strait,2021-05-17T00:00:00.000Z,29.857142857142858,1039280.8571428572
Sunda Strait,2021-07-26T00:00:00.000Z,24.285714285714285,1025678.4285714285
Sunda Strait,2021-09-06T00:00:00.000Z,26.571428571428573,1080039.0
Sunda Strait,2022-04-11T00:00:00.000Z,27.714285714285715,908348.0
Sunda Strait,2022-05-23T00:00:00.000Z,25.142857142857142,750277.4285714285
Sunda Strait,2023-01-23T00:00:00.000Z,25.714285714285715,1150193.0
Sunda Strait,2023-03-06T00:00:00.000Z,29.857142857142858,1071718.142857143
Sunda Strait,2023-05-15T00:00:00.000Z,33.857142857142854,1170266.5714285714
Sunda Strait,2023-08-28T00:00:00.000Z,30.857142857142858,1085918.5714285714
Sunda Strait,2024-02-19T00:00:00.000Z,28.857142857142858,937750.0
Sunda Strait,2024-07-01T00:00:00.000Z,34.142857142857146,1579500.142857143
Sunda Strait,2024-07-08T00:00:00.000Z,35.57142857142857,1393069.5714285714
Sunda Strait,2025-07-07T00:00:00.000Z,34.857142857142854,1430812.0
Sunda Strait,2025-09-29T00:00:00.000Z,36.57142857142857,1266214.2857142857
Sunda Strait,2026-05-25T00:00:00.000Z,34.142857142857146,1423732.857142857
Sunda Strait,2026-07-13T00:00:00.000Z,30.714285714285715,1388974.2857142857
Sunda Strait,2026-07-20T00:00:00.000Z,35.285714285714285,1556449.142857143
Mona Passage,2019-05-20T00:00:00.000Z,10.857142857142858,338149.14285714284
Mona Passage,2019-12-09T00:00:00.000Z,12.428571428571429,335344.14285714284
Mona Passage,2019-12-30T00:00:00.000Z,8.285714285714286,232755.14285714287
Mona Passage,2020-01-06T00:00:00.000Z,9.857142857142858,175008.42857142858
Mona Passage,2020-06-08T00:00:00.000Z,11.0,301005.28571428574
Mona Passage,2020-10-05T00:00:00.000Z,12.0,281767.4285714286
Mona Passage,2020-12-28T00:00:00.000Z,9.571428571428571,191361.42857142858
Mona Passage,2021-10-11T00:00:00.000Z,11.0,324564.28571428574
Mona Passage,2021-12-20T00:00:00.000Z,8.428571428571429,224783.14285714287
Mona Passage,2022-01-17T00:00:00.000Z,8.714285714285714,271822.28571428574
Mona Passage,2022-04-25T00:00:00.000Z,10.571428571428571,273242.5714285714
Mona Passage,2022-05-16T00:00:00.000Z,11.285714285714286,382529.5714285714
Mona Passage,2022-07-11T00:00:00.000Z,11.571428571428571,234358.0
Mona Passage,2022-07-25T00:00:00.000Z,11.714285714285714,282599.14285714284
Mona Passage,2022-08-01T00:00:00.000Z,12.571428571428571,343979.5714285714
Mona Passage,2022-08-29T00:00:00.000Z,10.0,294296.4285714286
Mona Passage,2022-10-24T00:00:00.000Z,11.571428571428571,205985.0
Mona Passage,2022-12-19T00:00:00.000Z,8.571428571428571,263871.0
Mona Passage,2023-01-09T00:00:00.000Z,11.285714285714286,295054.4285714286
Mona Passage,2023-03-13T00:00:00.000Z,8.714285714285714,187587.2857142857
Mona Passage,2023-06-19T00:00:00.000Z,13.571428571428571,330093.28571428574
Mona Passage,2023-08-21T00:00:00.000Z,8.857142857142858,159968.2857142857
Mona Passage,2023-10-02T00:00:00.000Z,9.142857142857142,165882.7142857143
Mona Passage,2023-11-27T00:00:00.000Z,9.571428571428571,212272.7142857143
Mona Passage,2024-07-22T00:00:00.000Z,9.857142857142858,266570.14285714284
Mona Passage,2024-12-02T00:00:00.000Z,10.571428571428571,315777.71428571426
Mona Passage,2025-03-24T00:00:00.000Z,12.571428571428571,305084.4285714286
Mona Passage,2025-08-11T00:00:00.000Z,11.428571428571429,284072.85714285716
Mona Passage,2025-08-25T00:00:00.000Z,10.142857142857142,306309.4285714286
Mona Passage,2025-11-17T00:00:00.000Z,10.714285714285714,245181.2857142857
Mona Passage,2026-07-13T00:00:00.000Z,10.285714285714286,231958.14285714287
Bering Strait,2019-06-17T00:00:00.000Z,0.14285714285714285,2276.5714285714284
Bering Strait,2019-07-08T00:00:00.000Z,0.7142857142857143,6981.142857142857
Bering Strait,2019-07-29T00:00:00.000Z,1.5714285714285714,18089.0
Bering Strait,2019-09-30T00:00:00.000Z,1.7142857142857142,6109.0
Bering Strait,2019-11-18T00:00:00.000Z,0.2857142857142857,701.7142857142857
Bering Strait,2019-12-23T00:00:00.000Z,0.0,0.0
Bering Strait,2020-02-10T00:00:00.000Z,0.14285714285714285,8154.428571428572
Bering Strait,2020-08-17T00:00:00.000Z,3.0,39998.71428571428
Bering Strait,2021-01-04T00:00:00.000Z,0.14285714285714285,0.0
Bering Strait,2021-03-29T00:00:00.000Z,0.0,0.0
Bering Strait,2021-05-17T00:00:00.000Z,0.0,0.0
Bering Strait,2021-05-24T00:00:00.000Z,0.0,0.0
Bering Strait,2021-06-21T00:00:00.000Z,0.42857142857142855,5592.714285714285
Bering Strait,2021-08-02T00:00:00.000Z,1.5714285714285714,17249.0
Bering Strait,2022-04-11T00:00:00.000Z,0.0,0.0
Bering Strait,2022-09-26T00:00:00.000Z,2.2857142857142856,5604.285714285715
Bering Strait,2023-03-27T00:00:00.000Z,0.0,0.0
Bering Strait,2023-04-03T00:00:00.000Z,0.0,0.0
Bering Strait,2023-09-04T00:00:00.000Z,1.7142857142857142,5851.0
Bering Strait,2023-09-11T00:00:00.000Z,3.2857142857142856,59850.71428571428
Bering Strait,2023-11-20T00:00:00.000Z,0.2857142857142857,0.0
Bering Strait,2023-12-25T00:00:00.000Z,0.0,0.0
Bering Strait,2024-01-22T00:00:00.000Z,0.0,0.0
Bering Strait,2024-01-29T00:00:00.000Z,0.0,0.0
Bering Strait,2024-02-19T00:00:00.000Z,0.0,0.0
Bering Strait,2024-05-06T00:00:00.000Z,0.0,0.0
Bering Strait,2025-03-24T00:00:00.000Z,0.0,0.0
Bering Strait,2025-05-05T00:00:00.000Z,0.14285714285714285,843.7142857142857
Bering Strait,2025-05-26T00:00:00.000Z,0.42857142857142855,10662.0
Bering Strait,2025-08-25T00:00:00.000Z,3.4285714285714284,86693.57142857143
Bering Strait,2025-12-15T00:00:00.000Z,0.14285714285714285,0.0
Bering Strait,2026-03-09T00:00:00.000Z,0.0,0.0
Bering Strait,2026-08-10T00:00:00.000Z,3.857142857142857,93091.14285714286
Strait of Hormuz,2019-01-14T00:00:00.000Z,54.57142857142857,2255087.285714286
Strait of Hormuz,2019-09-30T00:00:00.000Z,66.14285714285714,2862061.1428571427
Strait of Hormuz,2020-05-18T00:00:00.000Z,75.57142857142857,3398894.0
Strait of Hormuz,2020-06-22T00:00:00.000Z,83.85714285714286,3122243.4285714286
Strait of Hormuz,2020-08-31T00:00:00.000Z,83.42857142857143,3343674.0
Strait of Hormuz,2020-12-21T00:00:00.000Z,58.857142857142854,1896641.2857142857
Strait of Hormuz,2021-10-18T00:00:00.000Z,81.0,3092327.0
Strait of Hormuz,2022-04-11T00:00:00.000Z,97.85714285714286,4044614.285714286
Strait of Hormuz,2022-05-02T00:00:00.000Z,102.71428571428571,4181174.714285714
Strait of Hormuz,2022-11-21T00:00:00.000Z,77.71428571428571,3155406.4285714286
Strait of Hormuz,2023-04-03T00:00:00.000Z,95.28571428571429,3864028.285714286
Strait of Hormuz,2023-04-10T00:00:00.000Z,103.71428571428571,4197585.857142857
Strait of Hormuz,2024-08-19T00:00:00.000Z,89.71428571428571,3389541.0
Strait of Hormuz,2024-09-09T00:00:00.000Z,110.0,3972942.5714285714
Strait of Hormuz,2025-02-03T00:00:00.000Z,69.71428571428571,2329650.1428571427
Strait of Hormuz,2025-06-30T00:00:00.000Z,89.14285714285714,3086329.5714285714
Strait of Hormuz,2025-10-06T00:00:00.000Z,70.57142857142857,2489068.1428571427
Strait of Hormuz,2026-07-13T00:00:00.000Z,6.285714285714286,83268.85714285714
Strait of Hormuz,2026-07-20T00:00:00.000Z,3.5714285714285716,33032.142857142855
Cape of Good Hope,2019-06-24T00:00:00.000Z,53.57142857142857,3549447.0
Cape of Good Hope,2019-07-15T00:00:00.000Z,49.857142857142854,3200394.5714285714
Cape of Good Hope,2019-08-19T00:00:00.000Z,52.0,3175206.4285714286
Cape of Good Hope,2019-10-07T00:00:00.000Z,49.57142857142857,2613264.1428571427
Cape of Good Hope,2020-04-27T00:00:00.000Z,53.142857142857146,3211752.1428571427
Cape of Good Hope,2020-07-27T00:00:00.000Z,60.142857142857146,3270319.5714285714
Cape of Good Hope,2020-12-21T00:00:00.000Z,43.857142857142854,2650667.5714285714
Cape of Good Hope,2021-06-07T00:00:00.000Z,55.285714285714285,3403866.0
Cape of Good Hope,2021-09-20T00:00:00.000Z,46.57142857142857,2896241.8571428573
Cape of Good Hope,2021-11-15T00:00:00.000Z,37.714285714285715,2415658.1428571427
Cape of Good Hope,2022-10-17T00:00:00.000Z,41.857142857142854,2444344.285714286
Cape of Good Hope,2023-03-27T00:00:00.000Z,39.285714285714285,2330543.285714286
Cape of Good Hope,2023-05-01T00:00:00.000Z,43.857142857142854,2879789.714285714
Cape of Good Hope,2023-06-05T00:00:00.000Z,50.857142857142854,3136780.285714286
Cape of Good Hope,2023-10-09T00:00:00.000Z,50.857142857142854,3629335.714285714
Cape of Good Hope,2024-01-22T00:00:00.000Z,73.0,4174372.4285714286
Cape of Good Hope,2024-03-25T00:00:00.000Z,82.85714285714286,5059088.0
Cape of Good Hope,2024-06-24T00:00:00.000Z,92.28571428571429,5710517.714285715
Cape of Good Hope,2024-07-08T00:00:00.000Z,102.28571428571429,6041912.142857143
Cape of Good Hope,2024-07-15T00:00:00.000Z,95.85714285714286,6399596.285714285
Cape of Good Hope,2025-02-10T00:00:00.000Z,92.0,5334480.285714285
Cape of Good Hope,2025-04-28T00:00:00.000Z,78.71428571428571,5230811.142857143
Cape of Good Hope,2025-05-19T00:00:00.000Z,79.0,4989606.285714285
Cape of Good Hope,2025-06-09T00:00:00.000Z,91.28571428571429,6213971.714285715
Cape of Good Hope,2025-11-03T00:00:00.000Z,85.0,5257134.142857143
Cape of Good Hope,2026-02-02T00:00:00.000Z,78.57142857142857,4549590.0
Cape of Good Hope,2026-06-29T00:00:00.000Z,96.14285714285714,6218545.142857143
Cape of Good Hope,2026-07-06T00:00:00.000Z,90.42857142857143,5784392.142857143
Cape of Good Hope,2026-07-27T00:00:00.000Z,87.28571428571429,4983282.428571428
Cape of Good Hope,2026-08-03T00:00:00.000Z,87.28571428571429,5072940.142857143
Suez Canal,2019-04-01T00:00:00.000Z,53.42857142857143,2643142.285714286
Suez Canal,2019-09-09T00:00:00.000Z,52.57142857142857,2524847.714285714
Suez Canal,2019-12-30T00:00:00.000Z,55.42857142857143,2646914.5714285714
Suez Canal,2020-03-16T00:00:00.000Z,55.285714285714285,2648487.285714286
Suez Canal,2020-03-30T00:00:00.000Z,54.714285714285715,2555432.5714285714
Suez Canal,2020-08-03T00:00:00.000Z,48.42857142857143,2142480.5714285714
Suez Canal,2021-01-18T00:00:00.000Z,51.857142857142854,2320930.8571428573
Suez Canal,2021-08-16T00:00:00.000Z,64.42857142857143,2783429.285714286
Suez Canal,2021-08-30T00:00:00.000Z,60.285714285714285,2864238.714285714
Suez Canal,2022-01-03T00:00:00.000Z,61.57142857142857,2530513.1428571427
Suez Canal,2022-04-11T00:00:00.000Z,65.0,2767037.0
Suez Canal,2022-05-30T00:00:00.000Z,65.28571428571429,2879667.8571428573
Suez Canal,2022-08-01T00:00:00.000Z,75.42857142857143,3284832.1428571427
Suez Canal,2022-09-12T00:00:00.000Z,70.85714285714286,3047031.5714285714
Suez Canal,2023-02-06T00:00:00.000Z,70.28571428571429,3142949.0
Suez Canal,2023-03-27T00:00:00.000Z,71.42857142857143,3503784.4285714286
Suez Canal,2023-08-07T00:00:00.000Z,72.57142857142857,3245191.0
Suez Canal,2024-06-17T00:00:00.000Z,37.285714285714285,1360437.4285714286
Suez Canal,2024-08-19T00:00:00.000Z,41.714285714285715,1235608.857142857
Suez Canal,2026-02-23T00:00:00.000Z,41.57142857142857,1487101.0
Suez Canal,2026-06-22T00:00:00.000Z,42.57142857142857,1702072.5714285714
Suez Canal,2026-08-03T00:00:00.000Z,41.0,1433503.857142857
Korea Strait,2019-02-11T00:00:00.000Z,223.14285714285714,2403796.714285714
Korea Strait,2019-02-25T00:00:00.000Z,234.14285714285714,2625764.5714285714
Korea Strait,2019-05-20T00:00:00.000Z,233.42857142857142,2598151.714285714
Korea Strait,2019-07-29T00:00:00.000Z,232.14285714285714,2985909.5714285714
Korea Strait,2019-08-12T00:00:00.000Z,224.42857142857142,2999573.1428571427
Korea Strait,2019-10-07T00:00:00.000Z,238.71428571428572,3017743.4285714286
Korea Strait,2019-11-25T00:00:00.000Z,232.85714285714286,2768831.285714286
Korea Strait,2020-02-24T00:00:00.000Z,220.14285714285714,2601688.8571428573
Korea Strait,2020-03-02T00:00:00.000Z,224.85714285714286,2718550.8571428573
Korea Strait,2020-06-15T00:00:00.000Z,230.14285714285714,2594866.5714285714
Korea Strait,2020-10-26T00:00:00.000Z,236.42857142857142,3097658.0
Korea Strait,2020-11-30T00:00:00.000Z,228.85714285714286,2662705.8571428573
Korea Strait,2020-12-07T00:00:00.000Z,219.71428571428572,2834424.8571428573
Korea Strait,2021-01-25T00:00:00.000Z,232.28571428571428,2806298.714285714
Korea Strait,2021-05-24T00:00:00.000Z,239.71428571428572,3009658.1428571427
Korea Strait,2021-05-31T00:00:00.000Z,223.0,3006768.1428571427
Korea Strait,2021-09-06T00:00:00.000Z,235.14285714285714,3321376.8571428573
Korea Strait,2021-10-11T00:00:00.000Z,205.14285714285714,2679331.8571428573
Korea Strait,2022-02-28T00:00:00.000Z,231.71428571428572,2872837.1428571427
Korea Strait,2022-06-13T00:00:00.000Z,245.71428571428572,2885020.1428571427
Korea Strait,2023-04-17T00:00:00.000Z,247.85714285714286,3030603.5714285714
Korea Strait,2023-10-09T00:00:00.000Z,206.28571428571428,2388090.285714286
Korea Strait,2023-10-30T00:00:00.000Z,213.57142857142858,2783387.4285714286
Korea Strait,2025-11-24T00:00:00.000Z,220.14285714285714,3458758.0
Lombok Strait,2019-04-15T00:00:00.000Z,29.857142857142858,1980717.857142857
Lombok Strait,2019-08-19T00:00:00.000Z,33.57142857142857,2363210.1428571427
Lombok Strait,2019-11-04T00:00:00.000Z,37.0,2151045.5714285714
Lombok Strait,2020-03-23T00:00:00.000Z,32.57142857142857,2200075.285714286
Lombok Strait,2021-01-18T00:00:00.000Z,34.0,2333142.8571428573
Lombok Strait,2021-03-29T00:00:00.000Z,35.57142857142857,2586232.5714285714
Lombok Strait,2022-02-14T00:00:00.000Z,30.142857142857142,2329653.8571428573
Lombok Strait,2022-04-11T00:00:00.000Z,38.57142857142857,2513846.285714286
Lombok Strait,2023-01-09T00:00:00.000Z,37.57142857142857,2830197.285714286
Lombok Strait,2024-05-20T00:00:00.000Z,37.42857142857143,2816932.5714285714
Lombok Strait,2025-01-13T00:00:00.000Z,35.857142857142854,2688593.0
Lombok Strait,2026-04-20T00:00:00.000Z,37.285714285714285,2878766.1428571427
Lombok Strait,2026-06-29T00:00:00.000Z,38.714285714285715,2863242.5714285714
Mindoro Strait,2019-02-18T00:00:00.000Z,41.714285714285715,1885372.5714285714
Mindoro Strait,2019-06-10T00:00:00.000Z,47.142857142857146,2038236.857142857
Mindoro Strait,2019-07-15T00:00:00.000Z,53.42857142857143,2211136.714285714
Mindoro Strait,2019-11-04T00:00:00.000Z,44.57142857142857,2025337.7142857143
Mindoro Strait,2019-11-25T00:00:00.000Z,50.285714285714285,2491066.8571428573
Mindoro Strait,2019-12-23T00:00:00.000Z,40.285714285714285,1937403.142857143
Mindoro Strait,2020-01-13T00:00:00.000Z,44.57142857142857,1732047.0
Mindoro Strait,2020-04-13T00:00:00.000Z,37.714285714285715,2039539.0
Mindoro Strait,2020-09-28T00:00:00.000Z,47.714285714285715,2082770.4285714286
Mindoro Strait,2020-11-02T00:00:00.000Z,48.42857142857143,2689773.4285714286
Mindoro Strait,2021-05-24T00:00:00.000Z,58.0,2676976.0
Mindoro Strait,2021-06-28T00:00:00.000Z,58.142857142857146,3027728.5714285714
Mindoro Strait,2021-10-25T00:00:00.000Z,57.142857142857146,2811529.4285714286
Mindoro Strait,2021-12-27T00:00:00.000Z,41.857142857142854,2413232.1428571427
Mindoro Strait,2022-03-07T00:00:00.000Z,43.285714285714285,2386616.8571428573
Mindoro Strait,2022-07-11T00:00:00.000Z,52.142857142857146,2830863.4285714286
Mindoro Strait,2022-08-22T00:00:00.000Z,49.0,2608996.1428571427
Mindoro Strait,2022-09-05T00:00:00.000Z,49.142857142857146,3059714.5714285714
Mindoro Strait,2022-12-12T00:00:00.000Z,50.57142857142857,2733325.285714286
Mindoro Strait,2024-03-18T00:00:00.000Z,46.714285714285715,2495776.8571428573
Mindoro Strait,2024-05-20T00:00:00.000Z,46.285714285714285,2288235.714285714
Mindoro Strait,2024-06-24T00:00:00.000Z,41.142857142857146,2522739.4285714286
Mindoro Strait,2025-10-27T00:00:00.000Z,32.285714285714285,2111819.4285714286
Bosporus Strait,2019-01-07T00:00:00.000Z,91.85714285714286,1076922.4285714286
Bosporus Strait,2019-04-01T00:00:00.000Z,113.85714285714286,1115245.5714285714
Bosporus Strait,2019-06-03T00:00:00.000Z,98.42857142857143,1253967.0
Bosporus Strait,2019-07-22T00:00:00.000Z,111.14285714285714,1427523.857142857
Bosporus Strait,2019-09-30T00:00:00.000Z,117.14285714285714,1695203.4285714286
Bosporus Strait,2020-11-30T00:00:00.000Z,93.71428571428571,1349146.7142857143
Bosporus Strait,2021-01-25T00:00:00.000Z,79.57142857142857,801408.4285714285
Bosporus Strait,2021-06-07T00:00:00.000Z,103.28571428571429,1385048.857142857
Bosporus Strait,2021-08-16T00:00:00.000Z,104.14285714285714,1308687.7142857143
Bosporus Strait,2021-08-23T00:00:00.000Z,102.14285714285714,1558566.142857143
Bosporus Strait,2021-09-20T00:00:00.000Z,104.42857142857143,1308834.142857143
Bosporus Strait,2021-09-27T00:00:00.000Z,93.71428571428571,1443113.4285714286
Bosporus Strait,2021-10-18T00:00:00.000Z,106.14285714285714,1488698.857142857
Bosporus Strait,2021-11-22T00:00:00.000Z,109.42857142857143,1563194.0
Bosporus Strait,2022-04-25T00:00:00.000Z,84.28571428571429,957514.4285714285
Bosporus Strait,2022-06-27T00:00:00.000Z,81.28571428571429,869408.8571428572
Bosporus Strait,2022-11-28T00:00:00.000Z,97.28571428571429,1217055.4285714286
Bosporus Strait,2023-01-02T00:00:00.000Z,93.85714285714286,1051768.7142857143
Bosporus Strait,2023-06-19T00:00:00.000Z,102.71428571428571,1134832.0
Bosporus Strait,2023-10-02T00:00:00.000Z,95.42857142857143,1218472.2857142857
Bosporus Strait,2024-01-22T00:00:00.000Z,100.57142857142857,1289494.4285714286
Bosporus Strait,2024-01-29T00:00:00.000Z,97.14285714285714,1397950.0
Bosporus Strait,2024-10-28T00:00:00.000Z,96.57142857142857,1115304.0
Bosporus Strait,2025-03-17T00:00:00.000Z,94.0,1099286.5714285714
Bosporus Strait,2025-07-07T00:00:00.000Z,90.14285714285714,1101044.857142857
Bosporus Strait,2025-07-28T00:00:00.000Z,91.57142857142857,1262650.2857142857
Bosporus Strait,2025-09-29T00:00:00.000Z,101.14285714285714,1307809.2857142857
Bosporus Strait,2025-10-06T00:00:00.000Z,95.71428571428571,1212921.5714285714
Bosporus Strait,2026-06-08T00:00:00.000Z,84.57142857142857,925547.5714285715
Bab el-Mandeb Strait,2019-06-17T00:00:00.000Z,50.714285714285715,2435080.0
Bab el-Mandeb Strait,2019-08-05T00:00:00.000Z,55.857142857142854,2504140.285714286
Bab el-Mandeb Strait,2021-01-11T00:00:00.000Z,57.42857142857143,2578760.5714285714
Bab el-Mandeb Strait,2021-04-19T00:00:00.000Z,52.57142857142857,2694634.714285714
Bab el-Mandeb Strait,2021-05-17T00:00:00.000Z,56.142857142857146,2691341.285714286
Bab el-Mandeb Strait,2021-12-13T00:00:00.000Z,60.285714285714285,2798434.285714286
Bab el-Mandeb Strait,2021-12-20T00:00:00.000Z,62.714285714285715,2887677.4285714286
Bab el-Mandeb Strait,2022-09-12T00:00:00.000Z,70.0,3058039.285714286
Bab el-Mandeb Strait,2023-07-17T00:00:00.000Z,73.85714285714286,3306716.1428571427
Bab el-Mandeb Strait,2023-10-16T00:00:00.000Z,82.57142857142857,3529805.285714286
Bab el-Mandeb Strait,2024-04-01T00:00:00.000Z,29.714285714285715,1028745.2857142857
Bab el-Mandeb Strait,2024-05-27T00:00:00.000Z,30.428571428571427,1076335.4285714286
Bab el-Mandeb Strait,2025-02-17T00:00:00.000Z,32.42857142857143,1059147.7142857143
Bab el-Mandeb Strait,2025-06-23T00:00:00.000Z,28.857142857142858,1006083.8571428572
Bab el-Mandeb Strait,2025-07-28T00:00:00.000Z,31.571428571428573,1053998.142857143
Bab el-Mandeb Strait,2025-11-03T00:00:00.000Z,40.142857142857146,1468613.5714285714
Bab el-Mandeb Strait,2025-12-01T00:00:00.000Z,36.857142857142854,1276276.0
Bab el-Mandeb Strait,2026-02-09T00:00:00.000Z,35.285714285714285,1340301.7142857143
Malacca Strait,2019-02-18T00:00:00.000Z,171.28571428571428,6215479.714285715
Malacca Strait,2019-02-25T00:00:00.000Z,170.85714285714286,6899219.142857143
Malacca Strait,2019-04-29T00:00:00.000Z,168.14285714285714,6599214.142857143
Malacca Strait,2020-03-23T00:00:00.000Z,164.71428571428572,6479055.0
Malacca Strait,2020-05-25T00:00:00.000Z,160.57142857142858,6857014.0
Malacca Strait,2020-08-17T00:00:00.000Z,158.14285714285714,6221302.857142857
Malacca Strait,2020-09-14T00:00:00.000Z,161.42857142857142,5984633.285714285
Malacca Strait,2021-04-05T00:00:00.000Z,185.0,6383890.857142857
Malacca Strait,2021-04-12T00:00:00.000Z,152.85714285714286,6106150.571428572
Malacca Strait,2021-05-17T00:00:00.000Z,143.71428571428572,6248199.285714285
Malacca Strait,2021-06-28T00:00:00.000Z,152.71428571428572,6105335.285714285
Malacca Strait,2021-12-20T00:00:00.000Z,204.14285714285714,7711280.571428572
Malacca Strait,2022-01-17T00:00:00.000Z,209.85714285714286,7507953.0
Malacca Strait,2022-02-21T00:00:00.000Z,195.71428571428572,7212704.857142857
Malacca Strait,2022-10-24T00:00:00.000Z,208.14285714285714,7509419.714285715
Malacca Strait,2023-02-06T00:00:00.000Z,206.71428571428572,7566307.714285715
Malacca Strait,2023-03-27T00:00:00.000Z,223.28571428571428,8264064.142857143
Malacca Strait,2023-06-12T00:00:00.000Z,213.0,7820217.714285715
Malacca Strait,2024-09-23T00:00:00.000Z,219.28571428571428,7984729.857142857
Malacca Strait,2025-02-17T00:00:00.000Z,224.0,8154170.0
Malacca Strait,2025-03-24T00:00:00.000Z,235.57142857142858,9200853.285714285
Malacca Strait,2025-04-07T00:00:00.000Z,233.85714285714286,9415789.714285715
Oresund Strait,2019-02-04T00:00:00.000Z,51.142857142857146,108000.14285714286
Oresund Strait,2019-06-24T00:00:00.000Z,57.714285714285715,101763.57142857143
Oresund Strait,2019-08-12T00:00:00.000Z,55.714285714285715,109376.85714285714
Oresund Strait,2019-09-23T00:00:00.000Z,53.57142857142857,114618.0
Oresund Strait,2019-10-21T00:00:00.000Z,54.714285714285715,110539.42857142857
Oresund Strait,2019-12-09T00:00:00.000Z,50.42857142857143,159553.7142857143
Oresund Strait,2020-05-11T00:00:00.000Z,59.57142857142857,133031.57142857142
Oresund Strait,2020-08-03T00:00:00.000Z,53.42857142857143,103306.42857142857
Oresund Strait,2020-11-23T00:00:00.000Z,57.0,113779.42857142857
Oresund Strait,2021-05-03T00:00:00.000Z,55.285714285714285,167744.7142857143
Oresund Strait,2021-12-27T00:00:00.000Z,46.714285714285715,89040.28571428571
Oresund Strait,2022-06-20T00:00:00.000Z,45.857142857142854,106857.0
Oresund Strait,2022-08-08T00:00:00.000Z,43.57142857142857,90408.71428571429
Oresund Strait,2023-03-13T00:00:00.000Z,45.285714285714285,91512.14285714286
Oresund Strait,2023-04-24T00:00:00.000Z,45.57142857142857,165575.7142857143
Oresund Strait,2023-05-22T00:00:00.000Z,46.285714285714285,75359.42857142857
Oresund Strait,2023-07-17T00:00:00.000Z,44.285714285714285,124835.14285714286
Oresund Strait,2023-12-18T00:00:00.000Z,43.857142857142854,83544.14285714286
Oresund Strait,2024-04-01T00:00:00.000Z,38.285714285714285,70803.71428571429
Oresund Strait,2024-06-24T00:00:00.000Z,46.714285714285715,84791.71428571429
Oresund Strait,2024-07-01T00:00:00.000Z,44.57142857142857,98412.0
Oresund Strait,2024-08-05T00:00:00.000Z,39.57142857142857,82847.28571428571
Oresund Strait,2025-11-24T00:00:00.000Z,49.142857142857146,129219.71428571429
Oresund Strait,2026-05-25T00:00:00.000Z,38.42857142857143,102959.14285714286
Oresund Strait,2026-07-06T00:00:00.000Z,40.857142857142854,113105.85714285714
Oresund Strait,2026-08-10T00:00:00.000Z,41.714285714285715,90755.28571428571
Luzon Strait,2019-02-25T00:00:00.000Z,56.142857142857146,3233887.5714285714
Luzon Strait,2019-04-01T00:00:00.000Z,52.0,2390693.8571428573
Luzon Strait,2019-11-25T00:00:00.000Z,66.0,4579645.142857143
Luzon Strait,2019-12-02T00:00:00.000Z,47.42857142857143,2856894.285714286
Luzon Strait,2020-03-02T00:00:00.000Z,56.42857142857143,2833948.1428571427
Luzon Strait,2020-04-13T00:00:00.000Z,59.714285714285715,3868150.8571428573
Luzon Strait,2022-02-07T00:00:00.000Z,90.85714285714286,5108664.285714285
Luzon Strait,2022-02-21T00:00:00.000Z,81.57142857142857,4582255.428571428
Luzon Strait,2022-11-21T00:00:00.000Z,79.0,4580136.571428572
Luzon Strait,2023-07-31T00:00:00.000Z,50.285714285714285,2953543.0
Luzon Strait,2023-12-18T00:00:00.000Z,72.14285714285714,4691791.285714285
Luzon Strait,2024-04-08T00:00:00.000Z,86.57142857142857,5634392.0
Luzon Strait,2024-08-05T00:00:00.000Z,74.71428571428571,4489838.285714285
Luzon Strait,2025-02-17T00:00:00.000Z,61.857142857142854,3883893.4285714286
Luzon Strait,2025-08-18T00:00:00.000Z,63.57142857142857,3664333.714285714
Luzon Strait,2025-09-29T00:00:00.000Z,67.57142857142857,3944146.5714285714
Luzon Strait,2025-12-08T00:00:00.000Z,25.285714285714285,891933.8571428572
Luzon Strait,2025-12-15T00:00:00.000Z,59.0,3836694.8571428573
Luzon Strait,2026-01-26T00:00:00.000Z,68.85714285714286,4201494.571428572
Luzon Strait,2026-04-13T00:00:00.000Z,59.142857142857146,3239702.5714285714
Luzon Strait,2026-06-22T00:00:00.000Z,63.857142857142854,4718677.714285715
Ombai Strait,2018-12-31T00:00:00.000Z,15.5,955080.0
Ombai Strait,2019-01-14T00:00:00.000Z,12.857142857142858,746045.5714285715
Ombai Strait,2019-03-25T00:00:00.000Z,8.714285714285714,221684.42857142858
Ombai Strait,2019-05-06T00:00:00.000Z,13.571428571428571,690658.2857142857
Ombai Strait,2019-06-17T00:00:00.000Z,13.714285714285714,793441.2857142857
Ombai Strait,2019-06-24T00:00:00.000Z,12.285714285714286,692262.7142857143
Ombai Strait,2019-08-05T00:00:00.000Z,16.0,738274.1428571428
Ombai Strait,2019-10-14T00:00:00.000Z,12.428571428571429,708602.4285714285
Ombai Strait,2019-10-28T00:00:00.000Z,12.714285714285714,692595.1428571428
Ombai Strait,2019-11-11T00:00:00.000Z,13.285714285714286,569378.5714285715
Ombai Strait,2020-06-29T00:00:00.000Z,11.0,501553.14285714284
Ombai Strait,2021-06-28T00:00:00.000Z,10.571428571428571,496043.71428571426
Ombai Strait,2022-02-28T00:00:00.000Z,9.857142857142858,410103.14285714284
Ombai Strait,2022-05-16T00:00:00.000Z,9.571428571428571,423077.0
Ombai Strait,2022-06-13T00:00:00.000Z,10.285714285714286,456728.4285714286
Ombai Strait,2022-08-08T00:00:00.000Z,12.285714285714286,389795.71428571426
Ombai Strait,2023-01-02T00:00:00.000Z,11.285714285714286,332929.85714285716
Ombai Strait,2023-12-18T00:00:00.000Z,12.428571428571429,596267.7142857143
Ombai Strait,2024-01-22T00:00:00.000Z,9.714285714285714,377716.5714285714
Ombai Strait,2025-03-03T00:00:00.000Z,8.857142857142858,1079657.2857142857
Ombai Strait,2025-06-16T00:00:00.000Z,11.857142857142858,1100873.857142857
Ombai Strait,2025-06-30T00:00:00.000Z,9.714285714285714,682277.8571428572
Ombai Strait,2025-12-29T00:00:00.000Z,12.571428571428571,713245.1428571428
Ombai Strait,2026-02-02T00:00:00.000Z,9.428571428571429,353868.14285714284
Torres Strait,2019-04-22T00:00:00.000Z,10.285714285714286,159898.14285714287
Torres Strait,2019-11-25T00:00:00.000Z,9.0,185296.57142857142
Torres Strait,2019-12-09T00:00:00.000Z,7.571428571428571,143993.7142857143
Torres Strait,2020-04-20T00:00:00.000Z,9.0,149832.14285714287
Torres Strait,2020-08-31T00:00:00.000Z,8.142857142857142,175460.85714285713
Torres Strait,2020-10-26T00:00:00.000Z,11.428571428571429,253468.0
Torres Strait,2021-04-12T00:00:00.000Z,7.571428571428571,165200.2857142857
Torres Strait,2021-09-06T00:00:00.000Z,8.142857142857142,189868.42857142858
Torres Strait,2021-11-29T00:00:00.000Z,8.428571428571429,166806.57142857142
Torres Strait,2021-12-27T00:00:00.000Z,5.857142857142857,146197.7142857143
Torres Strait,2022-01-17T00:00:00.000Z,10.0,211714.0
Torres Strait,2023-04-10T00:00:00.000Z,10.714285714285714,259160.0
Torres Strait,2023-10-02T00:00:00.000Z,10.571428571428571,197256.85714285713
Torres Strait,2023-12-25T00:00:00.000Z,8.571428571428571,201189.85714285713
Torres Strait,2024-01-08T00:00:00.000Z,9.142857142857142,153083.14285714287
Torres Strait,2024-03-25T00:00:00.000Z,10.714285714285714,202674.42857142858
Torres Strait,2024-04-29T00:00:00.000Z,9.428571428571429,174250.0
Torres Strait,2024-05-27T00:00:00.000Z,9.428571428571429,203637.0
Torres Strait,2024-09-02T00:00:00.000Z,10.714285714285714,219321.7142857143
Torres Strait,2025-05-12T00:00:00.000Z,9.571428571428571,199360.42857142858
Torres Strait,2026-03-09T00:00:00.000Z,8.0,170781.85714285713
Torres Strait,2026-06-15T00:00:00.000Z,10.571428571428571,212785.2857142857
Magellan Strait,2019-02-04T00:00:00.000Z,3.4285714285714284,63721.28571428572
Magellan Strait,2019-03-25T00:00:00.000Z,4.571428571428571,116254.14285714286
Magellan Strait,2019-04-22T00:00:00.000Z,4.285714285714286,121262.57142857143
Magellan Strait,2019-05-27T00:00:00.000Z,3.0,105816.0
Magellan Strait,2019-06-10T00:00:00.000Z,3.4285714285714284,110104.57142857143
Magellan Strait,2019-11-11T00:00:00.000Z,3.4285714285714284,92850.42857142857
Magellan Strait,2020-02-17T00:00:00.000Z,3.142857142857143,55976.42857142857
Magellan Strait,2020-05-11T00:00:00.000Z,2.2857142857142856,51584.42857142857
Magellan Strait,2020-06-01T00:00:00.000Z,4.0,107157.57142857143
Magellan Strait,2020-12-21T00:00:00.000Z,2.857142857142857,63055.57142857143
Magellan Strait,2021-01-11T00:00:00.000Z,5.714285714285714,171167.0
Magellan Strait,2021-04-26T00:00:00.000Z,3.0,117333.85714285714
Magellan Strait,2021-10-18T00:00:00.000Z,4.714285714285714,100365.14285714286
Magellan Strait,2021-10-25T00:00:00.000Z,4.142857142857143,139738.7142857143
Magellan Strait,2021-11-15T00:00:00.000Z,3.857142857142857,145224.42857142858
Magellan Strait,2021-11-22T00:00:00.000Z,4.428571428571429,152013.57142857142
Magellan Strait,2021-12-20T00:00:00.000Z,4.285714285714286,119427.28571428571
Magellan Strait,2022-01-03T00:00:00.000Z,3.5714285714285716,132288.85714285713
Magellan Strait,2022-03-07T00:00:00.000Z,3.857142857142857,114772.71428571429
Magellan Strait,2022-04-18T00:00:00.000Z,3.4285714285714284,76329.14285714286
Magellan Strait,2022-11-14T00:00:00.000Z,3.857142857142857,88395.85714285714
Magellan Strait,2023-12-04T00:00:00.000Z,5.857142857142857,183024.85714285713
Magellan Strait,2024-02-12T00:00:00.000Z,5.142857142857143,151185.0
Magellan Strait,2024-05-13T00:00:00.000Z,4.428571428571429,146074.2857142857
Magellan Strait,2025-05-26T00:00:00.000Z,3.142857142857143,109612.0
Magellan Strait,2025-10-06T00:00:00.000Z,2.857142857142857,127788.14285714286
Magellan Strait,2025-12-29T00:00:00.000Z,3.857142857142857,138614.14285714287
Magellan Strait,2026-03-16T00:00:00.000Z,3.857142857142857,123329.14285714286
Magellan Strait,2026-06-15T00:00:00.000Z,5.571428571428571,218617.85714285713
Balabac Strait,2019-07-01T00:00:00.000Z,10.571428571428571,354117.28571428574
Balabac Strait,2020-01-06T00:00:00.000Z,10.714285714285714,240510.7142857143
Balabac Strait,2020-04-20T00:00:00.000Z,8.428571428571429,197123.7142857143
Balabac Strait,2020-09-14T00:00:00.000Z,8.0,229060.7142857143
Balabac Strait,2020-11-16T00:00:00.000Z,9.142857142857142,207138.14285714287
Balabac Strait,2021-04-26T00:00:00.000Z,10.857142857142858,392280.14285714284
Balabac Strait,2021-05-24T00:00:00.000Z,11.0,316243.5714285714
Balabac Strait,2022-01-10T00:00:00.000Z,9.714285714285714,249637.2857142857
Balabac Strait,2022-02-07T00:00:00.000Z,9.571428571428571,229633.57142857142
Balabac Strait,2022-12-19T00:00:00.000Z,13.285714285714286,289117.14285714284
Balabac Strait,2023-03-20T00:00:00.000Z,9.428571428571429,280482.71428571426
Balabac Strait,2023-06-12T00:00:00.000Z,12.428571428571429,430647.5714285714
Balabac Strait,2023-08-28T00:00:00.000Z,12.428571428571429,260403.42857142858
Balabac Strait,2024-01-29T00:00:00.000Z,12.0,187610.0
Balabac Strait,2024-03-11T00:00:00.000Z,12.428571428571429,285248.5714285714
Balabac Strait,2024-04-22T00:00:00.000Z,13.0,305835.5714285714
Balabac Strait,2024-10-07T00:00:00.000Z,11.428571428571429,304887.5714285714
Balabac Strait,2024-12-23T00:00:00.000Z,10.285714285714286,214852.7142857143
Balabac Strait,2025-02-10T00:00:00.000Z,9.714285714285714,231867.85714285713
Balabac Strait,2025-03-17T00:00:00.000Z,8.571428571428571,174080.2857142857
Balabac Strait,2025-03-24T00:00:00.000Z,13.571428571428571,343475.14285714284
Balabac Strait,2025-05-12T00:00:00.000Z,8.714285714285714,228649.7142857143
Balabac Strait,2025-06-02T00:00:00.000Z,8.285714285714286,328236.28571428574
Balabac Strait,2025-07-28T00:00:00.000Z,11.0,293276.4285714286
Balabac Strait,2025-12-15T00:00:00.000Z,7.571428571428571,225630.85714285713
Balabac Strait,2026-07-13T00:00:00.000Z,14.571428571428571,324751.71428571426
Dover Strait,2019-04-22T00:00:00.000Z,143.71428571428572,2649358.285714286
Dover Strait,2019-04-29T00:00:00.000Z,140.0,2353183.5714285714
Dover Strait,2019-06-10T00:00:00.000Z,164.85714285714286,2833689.1428571427
Dover Strait,2020-01-06T00:00:00.000Z,154.28571428571428,2786826.8571428573
Dover Strait,2020-03-23T00:00:00.000Z,161.14285714285714,2974837.4285714286
Dover Strait,2020-05-25T00:00:00.000Z,155.71428571428572,2601607.8571428573
Dover Strait,2020-06-29T00:00:00.000Z,142.57142857142858,2386786.8571428573
Dover Strait,2020-12-28T00:00:00.000Z,145.57142857142858,2791360.8571428573
Dover Strait,2021-02-15T00:00:00.000Z,170.85714285714286,3300975.1428571427
Dover Strait,2021-03-08T00:00:00.000Z,152.14285714285714,2722196.714285714
Dover Strait,2021-05-24T00:00:00.000Z,168.14285714285714,2906012.5714285714
Dover Strait,2021-06-14T00:00:00.000Z,163.71428571428572,2685879.285714286
Dover Strait,2022-08-15T00:00:00.000Z,168.28571428571428,3450467.285714286
Dover Strait,2023-03-20T00:00:00.000Z,174.0,3550795.714285714
Dover Strait,2023-04-10T00:00:00.000Z,171.14285714285714,3642100.8571428573
Dover Strait,2023-07-17T00:00:00.000Z,167.71428571428572,3168839.8571428573
Dover Strait,2023-08-28T00:00:00.000Z,170.14285714285714,3229777.0
Dover Strait,2024-03-18T00:00:00.000Z,180.0,3661863.5714285714
Dover Strait,2024-05-20T00:00:00.000Z,170.0,3429967.0
Dover Strait,2024-08-05T00:00:00.000Z,169.42857142857142,3688779.8571428573
Dover Strait,2025-08-11T00:00:00.000Z,168.0,3252445.714285714
Dover Strait,2026-06-01T00:00:00.000Z,160.85714285714286,3307458.285714286
Dover Strait,2026-07-20T00:00:00.000Z,156.57142857142858,2974548.4285714286
Dover Strait,2026-08-10T00:00:00.000Z,154.42857142857142,3334307.5714285714
Tsugaru Strait,2019-03-25T00:00:00.000Z,42.0,883813.5714285715
Tsugaru Strait,2020-04-27T00:00:00.000Z,45.285714285714285,1025153.2857142857
Tsugaru Strait,2020-09-28T00:00:00.000Z,54.42857142857143,1076907.0
Tsugaru Strait,2020-11-30T00:00:00.000Z,47.42857142857143,950180.7142857143
Tsugaru Strait,2021-08-23T00:00:00.000Z,55.142857142857146,1144259.0
Tsugaru Strait,2022-04-11T00:00:00.000Z,48.42857142857143,973327.0
Tsugaru Strait,2023-01-23T00:00:00.000Z,29.285714285714285,560648.7142857143
Tsugaru Strait,2023-01-30T00:00:00.000Z,38.714285714285715,607585.0
Tsugaru Strait,2023-02-20T00:00:00.000Z,41.57142857142857,770172.5714285715
Tsugaru Strait,2024-07-01T00:00:00.000Z,51.57142857142857,1298100.5714285714
Tsugaru Strait,2024-07-15T00:00:00.000Z,52.142857142857146,1298007.5714285714
Tsugaru Strait,2024-07-29T00:00:00.000Z,51.285714285714285,1260565.2857142857
Tsugaru Strait,2024-10-28T00:00:00.000Z,52.285714285714285,1277467.4285714286
Tsugaru Strait,2025-01-20T00:00:00.000Z,43.285714285714285,848445.5714285715
Tsugaru Strait,2025-07-14T00:00:00.000Z,50.57142857142857,1215690.7142857143
Tsugaru Strait,2025-08-25T00:00:00.000Z,47.714285714285715,1048922.0
Tsugaru Strait,2025-09-01T00:00:00.000Z,51.285714285714285,1278090.2857142857
Tsugaru Strait,2025-09-22T00:00:00.000Z,54.714285714285715,1208190.7142857143
Tsugaru Strait,2025-11-24T00:00:00.000Z,37.142857142857146,794811.8571428572
Tsugaru Strait,2025-12-01T00:00:00.000Z,35.0,803058.7142857143
Tsugaru Strait,2026-02-23T00:00:00.000Z,48.42857142857143,1125516.857142857
Panama Canal,2019-02-18T00:00:00.000Z,30.857142857142858,792687.1428571428
Panama Canal,2019-05-27T00:00:00.000Z,30.571428571428573,769624.2857142857
Panama Canal,2019-06-24T00:00:00.000Z,30.857142857142858,785461.5714285715
Panama Canal,2019-10-07T00:00:00.000Z,35.285714285714285,938029.1428571428
Panama Canal,2020-03-16T00:00:00.000Z,31.285714285714285,852788.0
Panama Canal,2020-05-04T00:00:00.000Z,28.714285714285715,889243.8571428572
Panama Canal,2020-09-28T00:00:00.000Z,30.714285714285715,825865.1428571428
Panama Canal,2020-10-26T00:00:00.000Z,33.142857142857146,952936.4285714285
Panama Canal,2021-02-22T00:00:00.000Z,32.857142857142854,882088.2857142857
Panama Canal,2021-08-02T00:00:00.000Z,35.142857142857146,941375.5714285715
Panama Canal,2021-09-06T00:00:00.000Z,27.857142857142858,797104.1428571428
Panama Canal,2021-11-22T00:00:00.000Z,37.714285714285715,1135773.857142857
Panama Canal,2022-04-11T00:00:00.000Z,32.142857142857146,863865.1428571428
Panama Canal,2022-05-09T00:00:00.000Z,32.42857142857143,944685.7142857143
Panama Canal,2022-07-25T00:00:00.000Z,33.857142857142854,954264.7142857143
Panama Canal,2022-08-01T00:00:00.000Z,33.285714285714285,980729.7142857143
Panama Canal,2022-11-28T00:00:00.000Z,32.285714285714285,891172.4285714285
Panama Canal,2023-11-13T00:00:00.000Z,22.857142857142858,527061.0
Panama Canal,2023-12-18T00:00:00.000Z,21.285714285714285,568532.4285714285
Panama Canal,2024-03-04T00:00:00.000Z,21.0,581608.4285714285
Panama Canal,2024-03-18T00:00:00.000Z,22.285714285714285,634886.1428571428
Panama Canal,2024-05-13T00:00:00.000Z,26.0,718930.1428571428
Panama Canal,2024-06-17T00:00:00.000Z,28.0,800148.5714285715
Panama Canal,2025-01-13T00:00:00.000Z,29.285714285714285,843211.7142857143
Panama Canal,2025-02-10T00:00:00.000Z,31.714285714285715,907006.2857142857
Panama Canal,2025-12-01T00:00:00.000Z,34.142857142857146,924064.0
Panama Canal,2026-04-06T00:00:00.000Z,31.571428571428573,972213.1428571428
Panama Canal,2026-04-13T00:00:00.000Z,37.714285714285715,1068317.5714285714
Panama Canal,2026-04-20T00:00:00.000Z,34.42857142857143,1041166.5714285715
Panama Canal,2026-05-25T00:00:00.000Z,32.57142857142857,919293.5714285715
Makassar Strait,2019-03-11T00:00:00.000Z,51.42857142857143,2351481.1428571427
Makassar Strait,2019-09-30T00:00:00.000Z,50.285714285714285,2124222.8571428573
Makassar Strait,2019-10-14T00:00:00.000Z,49.714285714285715,2046146.857142857
Makassar Strait,2020-01-13T00:00:00.000Z,48.57142857142857,2180898.4285714286
Makassar Strait,2020-05-04T00:00:00.000Z,45.857142857142854,2155830.714285714
Makassar Strait,2020-08-10T00:00:00.000Z,45.714285714285715,2236984.285714286
Makassar Strait,2020-08-17T00:00:00.000Z,49.0,2179081.0
Makassar Strait,2021-02-08T00:00:00.000Z,52.285714285714285,2592636.4285714286
Makassar Strait,2021-03-08T00:00:00.000Z,49.42857142857143,2232774.714285714
Makassar Strait,2021-10-11T00:00:00.000Z,51.42857142857143,2502327.8571428573
Makassar Strait,2021-12-06T00:00:00.000Z,55.714285714285715,2630022.0
Makassar Strait,2022-01-03T00:00:00.000Z,40.0,2361341.8571428573
Makassar Strait,2022-08-29T00:00:00.000Z,57.857142857142854,2800190.1428571427
Makassar Strait,2022-12-12T00:00:00.000Z,63.0,3598365.5714285714
Makassar Strait,2023-01-16T00:00:00.000Z,56.285714285714285,3293121.0
Makassar Strait,2023-03-20T00:00:00.000Z,64.57142857142857,3432750.714285714
Makassar Strait,2023-04-03T00:00:00.000Z,59.42857142857143,3286388.5714285714
Makassar Strait,2023-08-28T00:00:00.000Z,57.42857142857143,3027721.5714285714
Makassar Strait,2024-02-05T00:00:00.000Z,58.714285714285715,2913356.4285714286
Makassar Strait,2024-04-08T00:00:00.000Z,53.42857142857143,2564563.5714285714
Makassar Strait,2025-03-10T00:00:00.000Z,46.57142857142857,2918694.5714285714
Makassar Strait,2025-06-02T00:00:00.000Z,44.285714285714285,2689776.8571428573
Makassar Strait,2025-10-06T00:00:00.000Z,47.285714285714285,3158699.285714286
Makassar Strait,2026-03-02T00:00:00.000Z,44.857142857142854,2580527.714285714
Makassar Strait,2026-03-30T00:00:00.000Z,37.0,2010967.142857143
Makassar Strait,2026-06-15T00:00:00.000Z,57.0,3374459.8571428573
Makassar Strait,2026-08-10T00:00:00.000Z,52.42857142857143,3543670.8571428573
Yucatan Channel,2019-02-18T00:00:00.000Z,41.285714285714285,990799.0
Yucatan Channel,2019-03-11T00:00:00.000Z,43.142857142857146,928499.4285714285
Yucatan Channel,2019-03-18T00:00:00.000Z,41.857142857142854,947130.7142857143
Yucatan Channel,2019-05-06T00:00:00.000Z,42.0,900662.7142857143
Yucatan Channel,2019-07-01T00:00:00.000Z,39.0,890560.4285714285
Yucatan Channel,2019-08-12T00:00:00.000Z,45.0,979430.4285714285
Yucatan Channel,2020-09-28T00:00:00.000Z,49.0,1270762.5714285714
Yucatan Channel,2020-12-28T00:00:00.000Z,47.57142857142857,1145133.2857142857
Yucatan Channel,2022-10-10T00:00:00.000Z,46.42857142857143,1099173.857142857
Yucatan Channel,2023-02-06T00:00:00.000Z,45.57142857142857,1148520.0
Yucatan Channel,2023-06-19T00:00:00.000Z,44.42857142857143,1013670.0
Yucatan Channel,2023-09-11T00:00:00.000Z,49.0,1186395.857142857
Yucatan Channel,2025-01-20T00:00:00.000Z,45.285714285714285,1029548.4285714285
Yucatan Channel,2025-05-05T00:00:00.000Z,47.142857142857146,1055391.7142857143
Yucatan Channel,2025-06-23T00:00:00.000Z,46.142857142857146,1214279.2857142857
Yucatan Channel,2025-07-14T00:00:00.000Z,46.142857142857146,1206592.7142857143
Yucatan Channel,2026-03-02T00:00:00.000Z,48.42857142857143,1218768.142857143
Windward Passage,2019-07-08T00:00:00.000Z,18.571428571428573,265588.71428571426
Windward Passage,2019-12-09T00:00:00.000Z,17.285714285714285,218419.85714285713
Windward Passage,2020-02-24T00:00:00.000Z,15.142857142857142,229999.0
Windward Passage,2020-03-02T00:00:00.000Z,16.428571428571427,278499.85714285716
Windward Passage,2020-04-20T00:00:00.000Z,14.714285714285714,253163.2857142857
Windward Passage,2020-05-18T00:00:00.000Z,16.285714285714285,277195.85714285716
Windward Passage,2020-06-08T00:00:00.000Z,15.285714285714286,228455.7142857143
Windward Passage,2020-10-19T00:00:00.000Z,18.428571428571427,299760.71428571426
Windward Passage,2021-01-18T00:00:00.000Z,15.0,228531.2857142857
Windward Passage,2021-01-25T00:00:00.000Z,16.857142857142858,291175.85714285716
Windward Passage,2021-03-01T00:00:00.000Z,17.714285714285715,302142.4285714286
Windward Passage,2021-03-15T00:00:00.000Z,18.428571428571427,287505.85714285716
Windward Passage,2021-04-12T00:00:00.000Z,16.714285714285715,324231.28571428574
Windward Passage,2021-08-09T00:00:00.000Z,16.714285714285715,334620.4285714286
Windward Passage,2021-10-25T00:00:00.000Z,14.714285714285714,236018.42857142858
Windward Passage,2021-11-15T00:00:00.000Z,16.142857142857142,267716.14285714284
Windward Passage,2022-01-31T00:00:00.000Z,14.857142857142858,317812.28571428574
Windward Passage,2022-08-01T00:00:00.000Z,17.714285714285715,241909.14285714287
Windward Passage,2022-09-05T00:00:00.000Z,14.142857142857142,223304.14285714287
Windward Passage,2022-10-31T00:00:00.000Z,15.285714285714286,276672.85714285716
Windward Passage,2023-03-06T00:00:00.000Z,12.857142857142858,214468.0
Windward Passage,2023-06-12T00:00:00.000Z,14.857142857142858,220913.2857142857
Windward Passage,2023-08-14T00:00:00.000Z,13.857142857142858,218938.7142857143
Windward Passage,2024-01-08T00:00:00.000Z,12.714285714285714,173370.42857142858
Windward Passage,2024-01-22T00:00:00.000Z,14.714285714285714,221432.85714285713
Windward Passage,2024-02-26T00:00:00.000Z,13.428571428571429,221022.42857142858
Windward Passage,2024-04-22T00:00:00.000Z,14.857142857142858,172206.0
Windward Passage,2024-12-30T00:00:00.000Z,13.571428571428571,242814.7142857143
Windward Passage,2025-04-07T00:00:00.000Z,16.285714285714285,248203.2857142857
Windward Passage,2025-09-15T00:00:00.000Z,15.0,314548.14285714284
Windward Passage,2026-01-26T00:00:00.000Z,15.0,341232.71428571426
Windward Passage,2026-02-23T00:00:00.000Z,16.571428571428573,354539.71428571426
Kerch Strait,2018-12-31T00:00:00.000Z,39.833333333333336,98273.33333333333
Kerch Strait,2019-05-20T00:00:00.000Z,51.285714285714285,102499.0
Kerch Strait,2020-01-27T00:00:00.000Z,66.0,110485.71428571429
Kerch Strait,2021-05-24T00:00:00.000Z,49.57142857142857,108029.57142857143
Kerch Strait,2021-06-14T00:00:00.000Z,51.57142857142857,108552.14285714286
Kerch Strait,2021-06-28T00:00:00.000Z,50.42857142857143,106705.0
Kerch Strait,2021-11-22T00:00:00.000Z,18.285714285714285,32820.71428571428
Kerch Strait,2021-11-29T00:00:00.000Z,14.285714285714286,41712.57142857143
Kerch Strait,2023-02-27T00:00:00.000Z,23.285714285714285,41302.28571428572
Kerch Strait,2023-10-30T00:00:00.000Z,5.0,7710.0
Kerch Strait,2024-01-15T00:00:00.000Z,0.0,0.0
Kerch Strait,2024-03-18T00:00:00.000Z,20.142857142857142,34548.0
Kerch Strait,2024-04-08T00:00:00.000Z,16.857142857142858,31428.571428571428
Kerch Strait,2024-05-06T00:00:00.000Z,0.7142857142857143,2477.8571428571427
Kerch Strait,2024-05-27T00:00:00.000Z,2.857142857142857,5338.714285714285
Kerch Strait,2024-06-03T00:00:00.000Z,5.285714285714286,11234.285714285714
Kerch Strait,2024-06-10T00:00:00.000Z,2.7142857142857144,4756.0
Kerch Strait,2024-06-17T00:00:00.000Z,2.4285714285714284,3449.8571428571427
Kerch Strait,2024-08-12T00:00:00.000Z,0.8571428571428571,4979.571428571428
Kerch Strait,2024-12-23T00:00:00.000Z,12.571428571428571,30221.0
Kerch Strait,2025-01-27T00:00:00.000Z,0.14285714285714285,249.0
Kerch Strait,2025-02-17T00:00:00.000Z,11.142857142857142,43983.857142857145
Kerch Strait,2025-03-10T00:00:00.000Z,10.714285714285714,49001.57142857143
Kerch Strait,2025-04-07T00:00:00.000Z,7.285714285714286,27893.714285714286
Kerch Strait,2025-05-05T00:00:00.000Z,18.571428571428573,84946.14285714286
Kerch Strait,2025-06-09T00:00:00.000Z,14.142857142857142,39569.0
Kerch Strait,2025-08-04T00:00:00.000Z,15.0,88352.42857142857
Kerch Strait,2026-04-06T00:00:00.000Z,8.428571428571429,22689.0
Gibraltar Strait,2019-09-16T00:00:00.000Z,111.85714285714286,3096697.0
Gibraltar Strait,2020-06-22T00:00:00.000Z,126.0,3339367.0
Gibraltar Strait,2021-07-19T00:00:00.000Z,129.85714285714286,3390991.4285714286
Gibraltar Strait,2021-10-11T00:00:00.000Z,127.42857142857143,3489894.0
Gibraltar Strait,2022-05-23T00:00:00.000Z,145.0,4288399.142857143
Gibraltar Strait,2022-06-27T00:00:00.000Z,145.71428571428572,4244034.714285715
Gibraltar Strait,2023-01-09T00:00:00.000Z,137.14285714285714,4046211.714285714
Gibraltar Strait,2023-02-20T00:00:00.000Z,157.71428571428572,4354665.857142857
Gibraltar Strait,2023-08-21T00:00:00.000Z,142.57142857142858,3774067.714285714
Gibraltar Strait,2024-05-13T00:00:00.000Z,132.71428571428572,3442309.285714286
Gibraltar Strait,2024-12-09T00:00:00.000Z,132.0,3702381.8571428573
Gibraltar Strait,2024-12-30T00:00:00.000Z,129.0,3282086.1428571427
Gibraltar Strait,2025-06-02T00:00:00.000Z,134.28571428571428,3596549.714285714
Gibraltar Strait,2025-08-11T00:00:00.000Z,135.85714285714286,3587925.1428571427
Gibraltar Strait,2025-11-03T00:00:00.000Z,131.0,3582302.5714285714
Gibraltar Strait,2025-11-17T00:00:00.000Z,143.0,3706039.8571428573
Gibraltar Strait,2025-12-01T00:00:00.000Z,137.14285714285714,3570110.4285714286
Gibraltar Strait,2025-12-15T00:00:00.000Z,138.57142857142858,3651588.714285714
Gibraltar Strait,2026-02-16T00:00:00.000Z,147.28571428571428,4201057.428571428
Taiwan Strait,2019-04-01T00:00:00.000Z,253.14285714285714,5085135.0
Taiwan Strait,2019-05-06T00:00:00.000Z,253.42857142857142,5309123.714285715
Taiwan Strait,2019-09-09T00:00:00.000Z,277.42857142857144,5927790.714285715
Taiwan Strait,2019-09-16T00:00:00.000Z,277.57142857142856,5937335.285714285
Taiwan Strait,2019-11-25T00:00:00.000Z,257.7142857142857,5256264.857142857
Taiwan Strait,2019-12-02T00:00:00.000Z,253.85714285714286,5594373.0
Taiwan Strait,2020-08-03T00:00:00.000Z,258.85714285714283,5803082.142857143
Taiwan Strait,2020-11-16T00:00:00.000Z,265.85714285714283,5670567.428571428
Taiwan Strait,2020-11-30T00:00:00.000Z,249.28571428571428,5361183.857142857
Taiwan Strait,2020-12-28T00:00:00.000Z,249.85714285714286,5000280.857142857
Taiwan Strait,2021-01-18T00:00:00.000Z,267.2857142857143,5705965.285714285
Taiwan Strait,2021-03-22T00:00:00.000Z,266.85714285714283,5797600.285714285
Taiwan Strait,2021-12-20T00:00:00.000Z,215.57142857142858,4887509.285714285
Taiwan Strait,2022-03-21T00:00:00.000Z,221.14285714285714,5350937.142857143
Taiwan Strait,2022-05-02T00:00:00.000Z,248.42857142857142,5472881.428571428
Taiwan Strait,2022-06-20T00:00:00.000Z,241.71428571428572,5212354.714285715
Taiwan Strait,2022-10-31T00:00:00.000Z,232.28571428571428,5008589.714285715
Taiwan Strait,2023-02-06T00:00:00.000Z,237.28571428571428,4883216.285714285
Taiwan Strait,2023-04-10T00:00:00.000Z,259.7142857142857,5871521.285714285
Taiwan Strait,2023-05-29T00:00:00.000Z,302.2857142857143,8612212.0
Taiwan Strait,2023-10-23T00:00:00.000Z,234.57142857142858,5233297.857142857
Taiwan Strait,2024-02-05T00:00:00.000Z,222.14285714285714,5003332.142857143
Taiwan Strait,2024-04-29T00:00:00.000Z,247.57142857142858,6015846.0
Taiwan Strait,2024-05-27T00:00:00.000Z,257.0,6069592.0
Taiwan Strait,2024-11-11T00:00:00.000Z,237.57142857142858,6024362.571428572
Taiwan Strait,2025-08-18T00:00:00.000Z,254.0,6106622.428571428
Taiwan Strait,2025-11-03T00:00:00.000Z,238.42857142857142,6299646.428571428
Taiwan Strait,2026-06-08T00:00:00.000Z,244.42857142857142,6302347.0
Bohai Strait,2019-02-04T00:00:00.000Z,76.0,2001451.0
Bohai Strait,2019-12-23T00:00:00.000Z,209.14285714285714,5587812.857142857
Bohai Strait,2020-06-29T00:00:00.000Z,203.14285714285714,5771837.714285715
Bohai Strait,2020-08-24T00:00:00.000Z,192.14285714285714,5851380.428571428
Bohai Strait,2021-02-08T00:00:00.000Z,174.42857142857142,5162169.428571428
Bohai Strait,2021-03-01T00:00:00.000Z,189.71428571428572,5576698.571428572
Bohai Strait,2021-04-05T00:00:00.000Z,206.57142857142858,5586285.571428572
Bohai Strait,2021-09-13T00:00:00.000Z,169.14285714285714,5009299.571428572
Bohai Strait,2021-11-01T00:00:00.000Z,168.14285714285714,5034314.714285715
Bohai Strait,2021-11-08T00:00:00.000Z,181.71428571428572,5403861.428571428
Bohai Strait,2022-05-16T00:00:00.000Z,184.42857142857142,5552827.571428572
Bohai Strait,2022-05-30T00:00:00.000Z,185.71428571428572,5552003.857142857
Bohai Strait,2022-06-13T00:00:00.000Z,182.0,5416216.0
Bohai Strait,2022-06-20T00:00:00.000Z,177.57142857142858,5348778.428571428
Bohai Strait,2022-09-19T00:00:00.000Z,184.57142857142858,5623216.428571428
Bohai Strait,2022-12-12T00:00:00.000Z,175.28571428571428,5583326.714285715
Bohai Strait,2023-03-13T00:00:00.000Z,203.57142857142858,6906424.714285715
Bohai Strait,2023-04-24T00:00:00.000Z,195.14285714285714,5958956.428571428
Bohai Strait,2023-09-18T00:00:00.000Z,182.85714285714286,5784815.0
Bohai Strait,2024-01-22T00:00:00.000Z,180.0,6423641.714285715
Bohai Strait,2024-03-18T00:00:00.000Z,181.42857142857142,6453317.571428572
Bohai Strait,2024-06-24T00:00:00.000Z,178.57142857142858,6659540.142857143
Bohai Strait,2025-03-10T00:00:00.000Z,160.85714285714286,6222194.0
Bohai Strait,2025-11-03T00:00:00.000Z,195.0,7149481.571428572
Bohai Strait,2026-03-30T00:00:00.000Z,169.0,6490343.857142857
Bohai Strait,2026-04-27T00:00:00.000Z,152.28571428571428,5848443.571428572
Sunda Strait,2019-01-21T00:00:00.000Z,27.142857142857142,794013.7142857143
Sunda Strait,2019-08-12T00:00:00.000Z,27.0,1099583.4285714286
Sunda Strait,2020-03-02T00:00:00.000Z,28.0,698580.4285714285
Sunda Strait,2020-03-23T00:00:00.000Z,27.857142857142858,868925.2857142857
Sunda Strait,2020-08-17T00:00:00.000Z,24.428571428571427,851509.4285714285
Sunda Strait,2021-05-10T00:00:00.000Z,28.142857142857142,1071723.142857143
Sunda Strait,2021-05-31T00:00:00.000Z,31.428571428571427,1278285.857142857
Sunda Strait,2021-11-01T00:00:00.000Z,27.571428571428573,973131.0
Sunda Strait,2021-12-20T00:00:00.000Z,29.142857142857142,1053971.5714285714
Sunda Strait,2022-01-03T00:00:00.000Z,28.714285714285715,953816.7142857143
Sunda Strait,2022-02-21T00:00:00.000Z,26.857142857142858,1087762.857142857
Sunda Strait,2022-04-25T00:00:00.000Z,26.714285714285715,861880.8571428572
Sunda Strait,2022-12-05T00:00:00.000Z,30.428571428571427,895023.5714285715
Sunda Strait,2023-04-03T00:00:00.000Z,30.714285714285715,1223499.5714285714
Sunda Strait,2023-09-11T00:00:00.000Z,28.285714285714285,899038.5714285715
Sunda Strait,2023-09-18T00:00:00.000Z,28.142857142857142,891367.0
Sunda Strait,2025-03-03T00:00:00.000Z,30.285714285714285,1272921.857142857
Sunda Strait,2025-07-21T00:00:00.000Z,38.857142857142854,1845582.5714285714
Sunda Strait,2025-10-13T00:00:00.000Z,32.857142857142854,1104688.142857143
Sunda Strait,2026-06-15T00:00:00.000Z,34.57142857142857,1193085.142857143
Mona Passage,2019-02-18T00:00:00.000Z,11.0,321874.85714285716
Mona Passage,2019-03-25T00:00:00.000Z,11.0,281483.28571428574
Mona Passage,2019-08-19T00:00:00.000Z,13.428571428571429,355174.4285714286
Mona Passage,2020-02-10T00:00:00.000Z,7.285714285714286,262948.14285714284
Mona Passage,2020-02-17T00:00:00.000Z,9.714285714285714,317517.28571428574
Mona Passage,2020-05-04T00:00:00.000Z,9.0,233586.14285714287
Mona Passage,2020-12-07T00:00:00.000Z,11.428571428571429,257243.57142857142
Mona Passage,2021-05-10T00:00:00.000Z,9.571428571428571,238037.42857142858
Mona Passage,2021-08-09T00:00:00.000Z,9.714285714285714,221126.14285714287
Mona Passage,2021-09-06T00:00:00.000Z,9.142857142857142,200568.14285714287
Mona Passage,2021-11-15T00:00:00.000Z,10.571428571428571,302676.4285714286
Mona Passage,2021-12-27T00:00:00.000Z,10.142857142857142,180256.14285714287
Mona Passage,2023-01-23T00:00:00.000Z,11.0,255343.7142857143
Mona Passage,2023-02-20T00:00:00.000Z,9.285714285714286,181088.85714285713
Mona Passage,2023-03-20T00:00:00.000Z,9.714285714285714,201805.42857142858
Mona Passage,2024-06-03T00:00:00.000Z,11.0,275459.14285714284
Mona Passage,2024-12-30T00:00:00.000Z,10.714285714285714,200030.57142857142
Mona Passage,2025-09-08T00:00:00.000Z,11.142857142857142,297648.14285714284
Mona Passage,2025-10-13T00:00:00.000Z,11.142857142857142,308725.0
Mona Passage,2026-08-10T00:00:00.000Z,10.714285714285714,310476.5714285714
Bering Strait,2020-07-13T00:00:00.000Z,1.1428571428571428,21100.571428571428
Bering Strait,2020-09-28T00:00:00.000Z,2.0,10048.714285714286
Bering Strait,2021-06-07T00:00:00.000Z,0.0,0.0
Bering Strait,2021-09-20T00:00:00.000Z,2.5714285714285716,49476.71428571428
Bering Strait,2021-09-27T00:00:00.000Z,2.4285714285714284,34317.857142857145
Bering Strait,2022-10-10T00:00:00.000Z,1.2857142857142858,9550.714285714286
Bering Strait,2022-10-31T00:00:00.000Z,0.5714285714285714,10193.142857142857
Bering Strait,2023-06-05T00:00:00.000Z,0.0,0.0
Bering Strait,2023-08-07T00:00:00.000Z,2.4285714285714284,22011.285714285714
Bering Strait,2024-06-24T00:00:00.000Z,0.5714285714285714,22623.571428571428
Bering Strait,2024-08-05T00:00:00.000Z,2.142857142857143,62718.71428571428
Bering Strait,2024-08-26T00:00:00.000Z,3.2857142857142856,39060.142857142855
Bering Strait,2024-12-30T00:00:00.000Z,0.0,0.0
Bering Strait,2025-02-24T00:00:00.000Z,0.0,0.0
Bering Strait,2025-04-21T00:00:00.000Z,0.0,0.0
Bering Strait,2025-08-18T00:00:00.000Z,3.4285714285714284,88755.71428571429
Bering Strait,2025-11-24T00:00:00.000Z,0.42857142857142855,582.0
Bering Strait,2026-02-02T00:00:00.000Z,0.0,0.0
Strait of Hormuz,2019-02-11T00:00:00.000Z,56.285714285714285,1967480.7142857143
Strait of Hormuz,2019-03-04T00:00:00.000Z,63.857142857142854,2164332.0
Strait of Hormuz,2019-09-02T00:00:00.000Z,77.14285714285714,3445370.5714285714
Strait of Hormuz,2019-12-16T00:00:00.000Z,57.42857142857143,1750779.4285714286
Strait of Hormuz,2020-01-13T00:00:00.000Z,57.142857142857146,1458401.4285714286
Strait of Hormuz,2020-12-07T00:00:00.000Z,54.42857142857143,1689786.2857142857
Strait of Hormuz,2021-01-04T00:00:00.000Z,58.57142857142857,1715712.4285714286
Strait of Hormuz,2021-03-08T00:00:00.000Z,65.57142857142857,2570697.1428571427
Strait of Hormuz,2021-06-28T00:00:00.000Z,89.42857142857143,3652102.4285714286
Strait of Hormuz,2022-01-03T00:00:00.000Z,73.57142857142857,3456708.0
Strait of Hormuz,2022-03-14T00:00:00.000Z,87.57142857142857,3492343.714285714
Strait of Hormuz,2023-01-09T00:00:00.000Z,69.85714285714286,2868577.1428571427
Strait of Hormuz,2023-05-08T00:00:00.000Z,108.28571428571429,4536401.285714285
Strait of Hormuz,2023-05-29T00:00:00.000Z,105.57142857142857,4206512.571428572
Strait of Hormuz,2023-09-04T00:00:00.000Z,101.42857142857143,4066629.5714285714
Strait of Hormuz,2024-03-18T00:00:00.000Z,104.28571428571429,3980782.714285714
Strait of Hormuz,2024-11-18T00:00:00.000Z,74.42857142857143,2845728.5714285714
Strait of Hormuz,2025-01-13T00:00:00.000Z,70.42857142857143,2604687.8571428573
Strait of Hormuz,2025-02-10T00:00:00.000Z,85.42857142857143,3395215.0
Strait of Hormuz,2025-02-24T00:00:00.000Z,60.57142857142857,2123148.4285714286
Strait of Hormuz,2025-05-12T00:00:00.000Z,107.0,4013358.5714285714
Strait of Hormuz,2025-09-08T00:00:00.000Z,75.0,2678896.285714286
Strait of Hormuz,2026-03-02T00:00:00.000Z,2.5714285714285716,49034.71428571428
Strait of Hormuz,2026-06-22T00:00:00.000Z,30.428571428571427,1136136.142857143
Cape of Good Hope,2019-04-29T00:00:00.000Z,43.714285714285715,2308606.8571428573
Cape of Good Hope,2019-05-27T00:00:00.000Z,49.714285714285715,3177841.714285714
Cape of Good Hope,2019-07-01T00:00:00.000Z,43.57142857142857,3200381.1428571427
Cape of Good Hope,2019-09-16T00:00:00.000Z,51.857142857142854,3185570.1428571427
Cape of Good Hope,2019-10-14T00:00:00.000Z,53.0,3304518.1428571427
Cape of Good Hope,2019-10-28T00:00:00.000Z,49.0,2864841.5714285714
Cape of Good Hope,2020-04-13T00:00:00.000Z,59.0,3387636.0
Cape of Good Hope,2020-04-20T00:00:00.000Z,50.0,2934069.285714286
Cape of Good Hope,2020-06-29T00:00:00.000Z,63.57142857142857,4240060.0
Cape of Good Hope,2020-08-03T00:00:00.000Z,54.285714285714285,3125190.1428571427
Cape of Good Hope,2020-08-24T00:00:00.000Z,51.42857142857143,3468698.285714286
Cape of Good Hope,2020-11-02T00:00:00.000Z,46.0,2487987.1428571427
Cape of Good Hope,2021-01-18T00:00:00.000Z,40.142857142857146,2209917.0
Cape of Good Hope,2021-05-31T00:00:00.000Z,45.857142857142854,2855487.714285714
Cape of Good Hope,2021-07-12T00:00:00.000Z,54.857142857142854,3547237.8571428573
Cape of Good Hope,2021-08-30T00:00:00.000Z,51.285714285714285,3331419.4285714286
Cape of Good Hope,2021-12-20T00:00:00.000Z,40.0,2616943.8571428573
Cape of Good Hope,2022-07-11T00:00:00.000Z,52.0,3224163.1428571427
Cape of Good Hope,2022-09-26T00:00:00.000Z,48.57142857142857,3499128.714285714
Cape of Good Hope,2022-11-28T00:00:00.000Z,41.0,2239964.8571428573
Cape of Good Hope,2023-03-20T00:00:00.000Z,44.57142857142857,2532309.714285714
Cape of Good Hope,2024-09-02T00:00:00.000Z,89.71428571428571,5639817.714285715
Cape of Good Hope,2024-12-30T00:00:00.000Z,81.0,4956453.571428572
Cape of Good Hope,2025-01-20T00:00:00.000Z,92.57142857142857,5318093.142857143
Cape of Good Hope,2025-03-03T00:00:00.000Z,86.85714285714286,5278518.142857143
Cape of Good Hope,2025-07-21T00:00:00.000Z,94.0,6222817.571428572
Cape of Good Hope,2025-08-18T00:00:00.000Z,90.28571428571429,5974912.285714285
Cape of Good Hope,2025-09-08T00:00:00.000Z,96.14285714285714,6561510.142857143
Cape of Good Hope,2025-09-15T00:00:00.000Z,96.14285714285714,6370126.428571428
Cape of Good Hope,2025-10-06T00:00:00.000Z,100.71428571428571,6260088.142857143
Cape of Good Hope,2026-03-02T00:00:00.000Z,92.71428571428571,5228539.571428572
Cape of Good Hope,2026-04-13T00:00:00.000Z,95.42857142857143,5764734.142857143
Suez Canal,2019-03-18T00:00:00.000Z,48.285714285714285,2281318.5714285714
Suez Canal,2020-11-16T00:00:00.000Z,57.142857142857146,2662726.0
Suez Canal,2021-02-22T00:00:00.000Z,57.57142857142857,2669307.714285714
Suez Canal,2021-05-24T00:00:00.000Z,58.714285714285715,2777966.5714285714
Suez Canal,2021-07-05T00:00:00.000Z,54.42857142857143,2641991.4285714286
Suez Canal,2021-11-22T00:00:00.000Z,66.28571428571429,3055851.714285714
Suez Canal,2022-02-28T00:00:00.000Z,62.857142857142854,2650454.714285714
Suez Canal,2022-08-22T00:00:00.000Z,72.57142857142857,3345606.714285714
Suez Canal,2022-12-19T00:00:00.000Z,73.0,3315014.4285714286
Suez Canal,2023-07-03T00:00:00.000Z,70.14285714285714,3068091.285714286
Suez Canal,2024-04-29T00:00:00.000Z,36.42857142857143,1283968.5714285714
Suez Canal,2025-06-16T00:00:00.000Z,36.857142857142854,1211081.0
Suez Canal,2025-09-29T00:00:00.000Z,41.142857142857146,1458101.0
Suez Canal,2026-04-27T00:00:00.000Z,37.285714285714285,1409742.7142857143
Korea Strait,2019-01-07T00:00:00.000Z,233.42857142857142,2679577.0
Korea Strait,2019-04-29T00:00:00.000Z,199.85714285714286,2531409.8571428573
Korea Strait,2019-05-06T00:00:00.000Z,224.42857142857142,2509374.285714286
Korea Strait,2019-08-19T00:00:00.000Z,243.14285714285714,2780504.4285714286
Korea Strait,2019-10-14T00:00:00.000Z,246.57142857142858,2618111.714285714
Korea Strait,2020-01-06T00:00:00.000Z,224.42857142857142,2709300.8571428573
Korea Strait,2020-08-17T00:00:00.000Z,245.28571428571428,2854755.0
Korea Strait,2021-03-15T00:00:00.000Z,229.71428571428572,2759901.0
Korea Strait,2021-08-02T00:00:00.000Z,227.85714285714286,2963673.8571428573
Korea Strait,2021-11-15T00:00:00.000Z,244.71428571428572,3188502.8571428573
Korea Strait,2021-12-06T00:00:00.000Z,232.71428571428572,3056511.285714286
Korea Strait,2022-05-09T00:00:00.000Z,227.0,2979611.5714285714
Korea Strait,2022-05-30T00:00:00.000Z,229.14285714285714,3071531.5714285714
Korea Strait,2022-10-17T00:00:00.000Z,238.0,2922536.5714285714
Korea Strait,2022-12-26T00:00:00.000Z,235.85714285714286,2910517.5714285714
Korea Strait,2023-05-29T00:00:00.000Z,258.2857142857143,3125636.714285714
Korea Strait,2023-06-05T00:00:00.000Z,250.85714285714286,2965536.4285714286
Korea Strait,2023-11-27T00:00:00.000Z,239.14285714285714,3034386.5714285714
Korea Strait,2023-12-18T00:00:00.000Z,226.71428571428572,2720100.5714285714
Korea Strait,2024-03-11T00:00:00.000Z,243.28571428571428,3209453.5714285714
Korea Strait,2024-05-13T00:00:00.000Z,247.71428571428572,3300659.5714285714
Korea Strait,2024-05-27T00:00:00.000Z,248.28571428571428,3403498.1428571427
Korea Strait,2024-10-14T00:00:00.000Z,216.28571428571428,3002835.1428571427
Korea Strait,2025-04-28T00:00:00.000Z,223.42857142857142,3566449.4285714286
Korea Strait,2025-09-01T00:00:00.000Z,236.42857142857142,3413333.1428571427
Korea Strait,2025-12-01T00:00:00.000Z,210.71428571428572,3022560.285714286
Lombok Strait,2018-12-31T00:00:00.000Z,30.333333333333332,1953267.3333333333
Lombok Strait,2019-01-07T00:00:00.000Z,30.714285714285715,1690587.0
Lombok Strait,2019-02-04T00:00:00.000Z,35.0,2110139.8571428573
Lombok Strait,2019-03-25T00:00:00.000Z,21.714285714285715,634781.5714285715
Lombok Strait,2019-07-29T00:00:00.000Z,35.57142857142857,2533450.5714285714
Lombok Strait,2019-10-14T00:00:00.000Z,33.0,1909751.0
Lombok Strait,2020-02-03T00:00:00.000Z,32.0,1892421.0
Lombok Strait,2020-02-24T00:00:00.000Z,28.857142857142858,1689566.0
Lombok Strait,2020-05-18T00:00:00.000Z,37.142857142857146,2550561.0
Lombok Strait,2020-11-30T00:00:00.000Z,36.42857142857143,2240675.4285714286
Lombok Strait,2021-08-02T00:00:00.000Z,33.857142857142854,2600255.8571428573
Lombok Strait,2021-11-01T00:00:00.000Z,35.857142857142854,2855837.4285714286
Lombok Strait,2021-11-22T00:00:00.000Z,35.857142857142854,2760489.0
Lombok Strait,2021-12-20T00:00:00.000Z,33.285714285714285,2776642.1428571427
Lombok Strait,2022-12-12T00:00:00.000Z,39.42857142857143,3120835.285714286
Lombok Strait,2024-02-19T00:00:00.000Z,38.285714285714285,2420931.1428571427
Lombok Strait,2024-04-01T00:00:00.000Z,37.714285714285715,2665726.285714286
Lombok Strait,2024-05-27T00:00:00.000Z,35.57142857142857,2647421.1428571427
Lombok Strait,2024-09-30T00:00:00.000Z,37.42857142857143,2750795.4285714286
Lombok Strait,2024-11-04T00:00:00.000Z,32.57142857142857,2520563.1428571427
Lombok Strait,2025-02-17T00:00:00.000Z,31.714285714285715,2286625.1428571427
Lombok Strait,2025-03-24T00:00:00.000Z,39.285714285714285,3089220.0
Lombok Strait,2025-05-12T00:00:00.000Z,34.857142857142854,2697985.714285714
Lombok Strait,2025-06-16T00:00:00.000Z,35.857142857142854,3256474.4285714286
Lombok Strait,2025-07-07T00:00:00.000Z,31.285714285714285,2382600.1428571427
Lombok Strait,2025-08-25T00:00:00.000Z,35.42857142857143,3332611.714285714
Lombok Strait,2025-11-24T00:00:00.000Z,36.57142857142857,2962537.714285714
Mindoro Strait,2019-09-02T00:00:00.000Z,49.42857142857143,2305750.5714285714
Mindoro Strait,2020-06-08T00:00:00.000Z,54.0,2633520.0
Mindoro Strait,2020-06-29T00:00:00.000Z,56.57142857142857,2806689.714285714
Mindoro Strait,2020-10-26T00:00:00.000Z,54.714285714285715,2342863.1428571427
Mindoro Strait,2021-05-10T00:00:00.000Z,52.57142857142857,2755821.0
Mindoro Strait,2021-05-17T00:00:00.000Z,53.42857142857143,2469060.0
Mindoro Strait,2021-08-23T00:00:00.000Z,38.285714285714285,1616059.5714285714
Mindoro Strait,2021-09-06T00:00:00.000Z,36.857142857142854,1928101.4285714286
Mindoro Strait,2021-09-13T00:00:00.000Z,34.285714285714285,1695505.857142857
Mindoro Strait,2022-03-14T00:00:00.000Z,41.57142857142857,2066805.4285714286
Mindoro Strait,2023-01-16T00:00:00.000Z,49.857142857142854,2857668.0
Mindoro Strait,2023-01-30T00:00:00.000Z,48.42857142857143,2662974.714285714
Mindoro Strait,2023-06-12T00:00:00.000Z,46.42857142857143,2431412.714285714
Mindoro Strait,2023-08-21T00:00:00.000Z,51.142857142857146,2311926.5714285714
Mindoro Strait,2023-11-06T00:00:00.000Z,54.0,2812138.1428571427
Mindoro Strait,2024-01-08T00:00:00.000Z,52.57142857142857,2495837.1428571427
Mindoro Strait,2024-01-22T00:00:00.000Z,51.285714285714285,2590717.1428571427
Mindoro Strait,2024-01-29T00:00:00.000Z,50.142857142857146,2579975.285714286
Mindoro Strait,2024-03-04T00:00:00.000Z,49.42857142857143,2777171.1428571427
Mindoro Strait,2024-06-10T00:00:00.000Z,40.285714285714285,2145225.0
Mindoro Strait,2024-07-01T00:00:00.000Z,41.42857142857143,2768278.0
Mindoro Strait,2025-06-30T00:00:00.000Z,32.0,1945076.857142857
Mindoro Strait,2025-07-14T00:00:00.000Z,32.42857142857143,1410325.4285714286
Mindoro Strait,2025-08-18T00:00:00.000Z,36.0,1913417.4285714286
Mindoro Strait,2025-11-17T00:00:00.000Z,34.42857142857143,2072061.7142857143
Mindoro Strait,2026-05-25T00:00:00.000Z,63.714285714285715,3749725.5714285714
Bosporus Strait,2019-05-20T00:00:00.000Z,105.71428571428571,1232534.857142857
Bosporus Strait,2019-09-23T00:00:00.000Z,114.0,1338501.4285714286
Bosporus Strait,2020-06-08T00:00:00.000Z,87.71428571428571,1051874.0
Bosporus Strait,2020-09-07T00:00:00.000Z,97.0,1225471.5714285714
Bosporus Strait,2021-03-22T00:00:00.000Z,100.57142857142857,1208762.4285714286
Bosporus Strait,2021-08-09T00:00:00.000Z,99.14285714285714,1222966.0
Bosporus Strait,2021-10-25T00:00:00.000Z,110.14285714285714,1491428.142857143
Bosporus Strait,2022-12-05T00:00:00.000Z,85.28571428571429,968385.0
Bosporus Strait,2024-02-12T00:00:00.000Z,99.14285714285714,1443133.4285714286
Bosporus Strait,2024-11-11T00:00:00.000Z,91.71428571428571,1017543.1428571428
Bosporus Strait,2025-04-07T00:00:00.000Z,104.71428571428571,1337757.0
Bosporus Strait,2025-06-02T00:00:00.000Z,102.0,1197107.4285714286
Bosporus Strait,2025-10-27T00:00:00.000Z,98.42857142857143,1133911.0
Bosporus Strait,2026-05-04T00:00:00.000Z,94.42857142857143,1058344.7142857143
Bosporus Strait,2026-08-17T00:00:00.000Z,69.0,659648.8571428572
Bab el-Mandeb Strait,2019-03-25T00:00:00.000Z,50.285714285714285,2354227.8571428573
Bab el-Mandeb Strait,2019-11-18T00:00:00.000Z,57.285714285714285,2566573.5714285714
Bab el-Mandeb Strait,2020-06-01T00:00:00.000Z,47.285714285714285,2182731.5714285714
Bab el-Mandeb Strait,2020-12-07T00:00:00.000Z,55.857142857142854,2536566.4285714286
Bab el-Mandeb Strait,2021-04-26T00:00:00.000Z,55.142857142857146,2582485.8571428573
Bab el-Mandeb Strait,2021-08-30T00:00:00.000Z,60.0,2830070.8571428573
Bab el-Mandeb Strait,2023-04-17T00:00:00.000Z,76.71428571428571,3746746.1428571427
Bab el-Mandeb Strait,2023-06-05T00:00:00.000Z,73.42857142857143,3305174.1428571427
Bab el-Mandeb Strait,2024-01-08T00:00:00.000Z,43.857142857142854,1709755.5714285714
Bab el-Mandeb Strait,2024-04-08T00:00:00.000Z,33.42857142857143,1170471.2857142857
Bab el-Mandeb Strait,2025-03-31T00:00:00.000Z,34.42857142857143,1280428.0
Bab el-Mandeb Strait,2025-04-07T00:00:00.000Z,33.857142857142854,1166635.4285714286
Bab el-Mandeb Strait,2026-01-19T00:00:00.000Z,34.142857142857146,996339.4285714285
Bab el-Mandeb Strait,2026-03-16T00:00:00.000Z,40.0,1559904.7142857143
Bab el-Mandeb Strait,2026-05-18T00:00:00.000Z,41.142857142857146,1323609.857142857
Malacca Strait,2019-03-18T00:00:00.000Z,165.0,6821496.142857143
Malacca Strait,2019-10-14T00:00:00.000Z,168.28571428571428,6545863.142857143
Malacca Strait,2019-10-28T00:00:00.000Z,167.28571428571428,6253666.285714285
Malacca Strait,2019-11-04T00:00:00.000Z,182.28571428571428,7174838.285714285
Malacca Strait,2020-02-17T00:00:00.000Z,158.28571428571428,6123369.0
Malacca Strait,2020-10-26T00:00:00.000Z,158.14285714285714,6518877.857142857
Malacca Strait,2021-02-01T00:00:00.000Z,164.14285714285714,6145991.142857143
Malacca Strait,2021-04-26T00:00:00.000Z,168.71428571428572,6969013.571428572
Malacca Strait,2021-06-21T00:00:00.000Z,142.71428571428572,5623126.0
Malacca Strait,2021-09-27T00:00:00.000Z,153.42857142857142,6327976.285714285
Malacca Strait,2021-11-01T00:00:00.000Z,153.0,6300621.285714285
Malacca Strait,2021-12-06T00:00:00.000Z,197.42857142857142,6973638.428571428
Malacca Strait,2022-02-14T00:00:00.000Z,209.14285714285714,7221610.714285715
Malacca Strait,2022-08-15T00:00:00.000Z,208.28571428571428,6959756.714285715
Malacca Strait,2023-01-23T00:00:00.000Z,209.28571428571428,7960372.285714285
Malacca Strait,2023-02-13T00:00:00.000Z,210.42857142857142,7733299.857142857
Malacca Strait,2023-03-06T00:00:00.000Z,216.14285714285714,8111431.714285715
Malacca Strait,2023-04-10T00:00:00.000Z,224.42857142857142,8751422.42857143
Malacca Strait,2023-05-08T00:00:00.000Z,223.0,8622992.857142856
Malacca Strait,2024-07-01T00:00:00.000Z,233.71428571428572,9024154.42857143
Malacca Strait,2024-07-29T00:00:00.000Z,223.28571428571428,8881016.714285715
Malacca Strait,2024-10-07T00:00:00.000Z,227.57142857142858,8314478.285714285
Malacca Strait,2024-10-21T00:00:00.000Z,230.42857142857142,8851594.714285715
Malacca Strait,2024-11-11T00:00:00.000Z,221.28571428571428,8375332.0
Malacca Strait,2025-03-10T00:00:00.000Z,225.57142857142858,8710573.285714285
Malacca Strait,2025-06-23T00:00:00.000Z,232.0,9029161.57142857
Malacca Strait,2025-10-13T00:00:00.000Z,245.0,9796054.857142856
Malacca Strait,2025-12-15T00:00:00.000Z,239.28571428571428,8978347.57142857
Malacca Strait,2026-02-02T00:00:00.000Z,242.57142857142858,9297587.42857143
Malacca Strait,2026-04-06T00:00:00.000Z,222.85714285714286,7834993.714285715
Oresund Strait,2019-04-15T00:00:00.000Z,64.0,110419.28571428571
Oresund Strait,2019-05-13T00:00:00.000Z,56.142857142857146,115839.57142857143
Oresund Strait,2019-12-02T00:00:00.000Z,48.57142857142857,95785.42857142857
Oresund Strait,2020-01-06T00:00:00.000Z,49.0,83326.71428571429
Oresund Strait,2020-04-13T00:00:00.000Z,57.285714285714285,126690.71428571429
Oresund Strait,2021-12-20T00:00:00.000Z,53.42857142857143,101047.71428571429
Oresund Strait,2022-01-24T00:00:00.000Z,43.0,81899.57142857143
Oresund Strait,2022-02-07T00:00:00.000Z,43.57142857142857,82952.71428571429
Oresund Strait,2022-04-25T00:00:00.000Z,49.42857142857143,119128.28571428571
Oresund Strait,2023-01-30T00:00:00.000Z,45.0,110513.71428571429
Oresund Strait,2023-04-10T00:00:00.000Z,44.857142857142854,112925.85714285714
Oresund Strait,2024-02-05T00:00:00.000Z,43.42857142857143,72009.85714285714
Oresund Strait,2024-02-19T00:00:00.000Z,43.714285714285715,86364.71428571429
Oresund Strait,2024-09-30T00:00:00.000Z,46.0,97105.71428571429
Oresund Strait,2025-05-05T00:00:00.000Z,48.285714285714285,99964.71428571429
Oresund Strait,2025-07-07T00:00:00.000Z,45.285714285714285,90624.28571428571
Oresund Strait,2026-01-26T00:00:00.000Z,35.57142857142857,65761.57142857143
Oresund Strait,2026-02-09T00:00:00.000Z,41.142857142857146,99648.85714285714
Luzon Strait,2019-01-28T00:00:00.000Z,66.71428571428571,3526633.0
Luzon Strait,2019-06-03T00:00:00.000Z,64.28571428571429,3574597.714285714
Luzon Strait,2019-09-30T00:00:00.000Z,70.57142857142857,4194697.714285715
Luzon Strait,2020-07-06T00:00:00.000Z,70.57142857142857,4392370.0
Luzon Strait,2020-08-10T00:00:00.000Z,73.71428571428571,4503187.142857143
Luzon Strait,2020-09-07T00:00:00.000Z,55.285714285714285,3113677.5714285714
Luzon Strait,2021-06-21T00:00:00.000Z,63.285714285714285,3572694.714285714
Luzon Strait,2021-07-05T00:00:00.000Z,71.85714285714286,4466831.571428572
Luzon Strait,2023-01-23T00:00:00.000Z,74.42857142857143,4204768.571428572
Luzon Strait,2023-04-03T00:00:00.000Z,71.14285714285714,4321919.142857143
Luzon Strait,2023-06-05T00:00:00.000Z,76.0,4893034.571428572
Luzon Strait,2023-10-02T00:00:00.000Z,89.14285714285714,4676147.714285715
Luzon Strait,2023-12-11T00:00:00.000Z,68.42857142857143,4269539.0
Luzon Strait,2023-12-25T00:00:00.000Z,90.71428571428571,5006439.0
Luzon Strait,2024-03-04T00:00:00.000Z,83.71428571428571,5617522.285714285
Luzon Strait,2024-04-01T00:00:00.000Z,105.85714285714286,6628059.428571428
Luzon Strait,2024-05-06T00:00:00.000Z,95.14285714285714,6805714.285714285
Luzon Strait,2024-09-23T00:00:00.000Z,58.857142857142854,4187649.0
Luzon Strait,2024-09-30T00:00:00.000Z,73.14285714285714,4310755.428571428
Luzon Strait,2025-06-30T00:00:00.000Z,75.0,4352797.285714285
Luzon Strait,2025-07-21T00:00:00.000Z,57.285714285714285,3553932.285714286
Luzon Strait,2026-01-05T00:00:00.000Z,65.28571428571429,3792031.0
Luzon Strait,2026-02-16T00:00:00.000Z,67.0,3557017.4285714286
Luzon Strait,2026-03-02T00:00:00.000Z,68.42857142857143,4155376.8571428573
Luzon Strait,2026-05-11T00:00:00.000Z,83.71428571428571,5374712.285714285
Luzon Strait,2026-06-15T00:00:00.000Z,104.85714285714286,5959423.571428572
Ombai Strait,2019-03-04T00:00:00.000Z,13.571428571428571,797410.5714285715
Ombai Strait,2019-07-08T00:00:00.000Z,13.142857142857142,651343.2857142857
Ombai Strait,2019-08-19T00:00:00.000Z,12.0,582659.5714285715
Ombai Strait,2019-08-26T00:00:00.000Z,12.285714285714286,665504.1428571428
Ombai Strait,2020-07-20T00:00:00.000Z,11.714285714285714,534598.5714285715
Ombai Strait,2020-09-14T00:00:00.000Z,9.714285714285714,399667.85714285716
Ombai Strait,2021-05-10T00:00:00.000Z,10.857142857142858,411808.5714285714
Ombai Strait,2021-05-24T00:00:00.000Z,11.571428571428571,368980.4285714286
Ombai Strait,2021-09-20T00:00:00.000Z,12.857142857142858,524805.1428571428
Ombai Strait,2021-11-01T00:00:00.000Z,10.571428571428571,435790.71428571426
Ombai Strait,2021-12-06T00:00:00.000Z,10.142857142857142,598270.8571428572
Ombai Strait,2022-03-14T00:00:00.000Z,12.285714285714286,414145.28571428574
Ombai Strait,2022-04-18T00:00:00.000Z,9.571428571428571,279288.4285714286
Ombai Strait,2022-09-26T00:00:00.000Z,11.0,485473.14285714284
Ombai Strait,2022-10-03T00:00:00.000Z,12.142857142857142,340996.14285714284
Ombai Strait,2023-03-13T00:00:00.000Z,13.285714285714286,410319.4285714286
Ombai Strait,2023-03-20T00:00:00.000Z,9.714285714285714,371674.0
Ombai Strait,2023-04-17T00:00:00.000Z,10.0,349914.14285714284
Ombai Strait,2023-05-22T00:00:00.000Z,10.0,525139.0
Ombai Strait,2023-10-02T00:00:00.000Z,11.0,483620.14285714284
Ombai Strait,2023-12-25T00:00:00.000Z,11.571428571428571,390920.85714285716
Ombai Strait,2024-10-21T00:00:00.000Z,10.714285714285714,464768.0
Ombai Strait,2025-06-09T00:00:00.000Z,11.0,1142303.7142857143
Ombai Strait,2025-08-25T00:00:00.000Z,10.857142857142858,723711.7142857143
Ombai Strait,2026-02-09T00:00:00.000Z,8.428571428571429,403234.0
Ombai Strait,2026-03-09T00:00:00.000Z,9.428571428571429,857924.8571428572
Ombai Strait,2026-05-18T00:00:00.000Z,9.0,665457.1428571428
Torres Strait,2019-01-28T00:00:00.000Z,8.571428571428571,181022.0
Torres Strait,2019-03-04T00:00:00.000Z,8.857142857142858,132290.2857142857
Torres Strait,2019-03-11T00:00:00.000Z,11.428571428571429,226770.7142857143
Torres Strait,2019-04-01T00:00:00.000Z,9.0,157431.0
Torres Strait,2019-06-10T00:00:00.000Z,8.857142857142858,152553.14285714287
Torres Strait,2019-06-17T00:00:00.000Z,8.428571428571429,192976.42857142858
Torres Strait,2019-07-15T00:00:00.000Z,8.285714285714286,130354.0
Torres Strait,2019-08-26T00:00:00.000Z,9.857142857142858,181881.57142857142
Torres Strait,2019-10-07T00:00:00.000Z,9.142857142857142,173655.57142857142
Torres Strait,2019-12-23T00:00:00.000Z,7.571428571428571,172400.85714285713
Torres Strait,2020-08-10T00:00:00.000Z,8.0,145546.85714285713
Torres Strait,2020-12-14T00:00:00.000Z,8.285714285714286,187435.57142857142
Torres Strait,2021-03-08T00:00:00.000Z,9.0,203201.85714285713
Torres Strait,2021-08-30T00:00:00.000Z,9.285714285714286,200987.85714285713
Torres Strait,2021-10-04T00:00:00.000Z,10.0,145784.2857142857
Torres Strait,2022-04-18T00:00:00.000Z,9.571428571428571,210134.85714285713
Torres Strait,2022-05-02T00:00:00.000Z,10.0,230243.42857142858
Torres Strait,2022-08-22T00:00:00.000Z,9.714285714285714,240785.14285714287
Torres Strait,2022-09-05T00:00:00.000Z,9.714285714285714,221212.0
Torres Strait,2023-01-23T00:00:00.000Z,8.857142857142858,149332.57142857142
Torres Strait,2023-04-24T00:00:00.000Z,9.285714285714286,161923.57142857142
Torres Strait,2023-05-08T00:00:00.000Z,8.714285714285714,156772.2857142857
Torres Strait,2023-11-13T00:00:00.000Z,9.714285714285714,129192.42857142857
Torres Strait,2023-11-20T00:00:00.000Z,9.571428571428571,195593.57142857142
Torres Strait,2026-02-16T00:00:00.000Z,9.142857142857142,171467.7142857143
Magellan Strait,2019-01-28T00:00:00.000Z,4.142857142857143,100463.0
Magellan Strait,2019-02-18T00:00:00.000Z,3.0,63634.142857142855
Magellan Strait,2019-05-06T00:00:00.000Z,2.857142857142857,86380.14285714286
Magellan Strait,2019-11-18T00:00:00.000Z,3.4285714285714284,88210.42857142857
Magellan Strait,2019-11-25T00:00:00.000Z,3.7142857142857144,99799.28571428571
Magellan Strait,2019-12-16T00:00:00.000Z,3.142857142857143,92465.42857142857
Magellan Strait,2019-12-23T00:00:00.000Z,3.2857142857142856,102537.71428571429
Magellan Strait,2020-01-13T00:00:00.000Z,2.857142857142857,94342.85714285714
Magellan Strait,2020-05-04T00:00:00.000Z,4.285714285714286,98327.14285714286
Magellan Strait,2020-07-13T00:00:00.000Z,3.142857142857143,43950.142857142855
Magellan Strait,2021-03-01T00:00:00.000Z,2.7142857142857144,60021.28571428572
Magellan Strait,2021-04-12T00:00:00.000Z,4.0,84781.14285714286
Magellan Strait,2021-11-08T00:00:00.000Z,4.0,109321.14285714286
Magellan Strait,2022-03-28T00:00:00.000Z,3.857142857142857,139183.2857142857
Magellan Strait,2022-10-17T00:00:00.000Z,2.857142857142857,129990.28571428571
Magellan Strait,2022-12-19T00:00:00.000Z,1.8571428571428572,48232.71428571428
Magellan Strait,2023-05-15T00:00:00.000Z,3.7142857142857144,118950.57142857143
Magellan Strait,2023-08-28T00:00:00.000Z,5.0,176787.85714285713
Magellan Strait,2023-09-25T00:00:00.000Z,3.857142857142857,152416.2857142857
Magellan Strait,2023-10-30T00:00:00.000Z,3.7142857142857144,107789.28571428571
Magellan Strait,2023-11-27T00:00:00.000Z,5.857142857142857,136249.57142857142
Magellan Strait,2025-02-10T00:00:00.000Z,3.7142857142857144,105161.71428571429
Magellan Strait,2025-03-17T00:00:00.000Z,4.142857142857143,127328.0
Magellan Strait,2025-03-24T00:00:00.000Z,3.2857142857142856,114479.71428571429
Magellan Strait,2025-04-28T00:00:00.000Z,4.285714285714286,147924.14285714287
Magellan Strait,2025-10-13T00:00:00.000Z,4.571428571428571,152350.14285714287
Magellan Strait,2025-11-03T00:00:00.000Z,4.285714285714286,146547.57142857142
Magellan Strait,2025-12-22T00:00:00.000Z,4.0,120889.0
Magellan Strait,2026-07-20T00:00:00.000Z,4.142857142857143,106219.42857142857
Balabac Strait,2019-01-07T00:00:00.000Z,11.285714285714286,285154.71428571426
Balabac Strait,2019-03-04T00:00:00.000Z,13.285714285714286,236498.0
Balabac Strait,2019-10-28T00:00:00.000Z,11.714285714285714,324930.0
Balabac Strait,2020-07-27T00:00:00.000Z,10.0,207570.2857142857
Balabac Strait,2020-08-03T00:00:00.000Z,9.571428571428571,208652.2857142857
Balabac Strait,2021-01-18T00:00:00.000Z,8.857142857142858,183483.2857142857
Balabac Strait,2021-03-01T00:00:00.000Z,10.571428571428571,274640.71428571426
Balabac Strait,2021-04-19T00:00:00.000Z,11.714285714285714,333051.4285714286
Balabac Strait,2021-08-30T00:00:00.000Z,9.285714285714286,206048.14285714287
Balabac Strait,2022-07-04T00:00:00.000Z,12.142857142857142,370933.4285714286
Balabac Strait,2022-08-15T00:00:00.000Z,11.714285714285714,385281.0
Balabac Strait,2022-10-24T00:00:00.000Z,13.857142857142858,393276.85714285716
Balabac Strait,2023-02-27T00:00:00.000Z,10.714285714285714,202876.85714285713
Balabac Strait,2023-04-17T00:00:00.000Z,11.0,268611.5714285714
Balabac Strait,2023-05-15T00:00:00.000Z,9.857142857142858,222859.57142857142
Balabac Strait,2023-06-05T00:00:00.000Z,11.142857142857142,385141.71428571426
Balabac Strait,2023-09-11T00:00:00.000Z,7.714285714285714,206173.0
Balabac Strait,2023-10-16T00:00:00.000Z,9.285714285714286,286457.0
Balabac Strait,2024-01-01T00:00:00.000Z,10.571428571428571,264439.5714285714
Balabac Strait,2024-02-05T00:00:00.000Z,10.857142857142858,241473.7142857143
Balabac Strait,2024-02-19T00:00:00.000Z,12.142857142857142,275541.28571428574
Balabac Strait,2025-03-03T00:00:00.000Z,11.0,243408.7142857143
Balabac Strait,2025-04-21T00:00:00.000Z,7.857142857142857,173734.85714285713
Balabac Strait,2025-07-07T00:00:00.000Z,7.857142857142857,167209.57142857142
Balabac Strait,2026-02-23T00:00:00.000Z,8.857142857142858,176006.7142857143
Balabac Strait,2026-05-04T00:00:00.000Z,6.857142857142857,182862.7142857143
Balabac Strait,2026-06-15T00:00:00.000Z,11.0,244809.57142857142
Balabac Strait,2026-08-10T00:00:00.000Z,11.142857142857142,226037.0
Dover Strait,2019-08-19T00:00:00.000Z,163.85714285714286,3012113.285714286
Dover Strait,2019-12-16T00:00:00.000Z,172.0,2865600.4285714286
Dover Strait,2020-01-13T00:00:00.000Z,165.14285714285714,3010294.4285714286
Dover Strait,2020-04-20T00:00:00.000Z,153.57142857142858,2776670.1428571427
Dover Strait,2020-06-08T00:00:00.000Z,144.57142857142858,2650397.285714286
Dover Strait,2020-09-21T00:00:00.000Z,142.71428571428572,2450497.285714286
Dover Strait,2021-05-31T00:00:00.000Z,161.57142857142858,2618330.714285714
Dover Strait,2021-12-13T00:00:00.000Z,178.0,3078615.285714286
Dover Strait,2022-02-07T00:00:00.000Z,174.0,3000183.285714286
Dover Strait,2022-07-18T00:00:00.000Z,168.85714285714286,3141505.285714286
Dover Strait,2023-01-09T00:00:00.000Z,161.14285714285714,3380098.8571428573
Dover Strait,2023-03-27T00:00:00.000Z,176.57142857142858,3666738.5714285714
Dover Strait,2023-04-24T00:00:00.000Z,189.0,3908973.1428571427
Dover Strait,2023-05-08T00:00:00.000Z,176.0,3559766.8571428573
Dover Strait,2023-06-26T00:00:00.000Z,166.28571428571428,3057438.1428571427
Dover Strait,2024-09-16T00:00:00.000Z,174.57142857142858,3535789.4285714286
Dover Strait,2024-10-28T00:00:00.000Z,170.0,3760674.5714285714
Dover Strait,2024-12-09T00:00:00.000Z,186.85714285714286,3753343.1428571427
Dover Strait,2025-01-13T00:00:00.000Z,177.42857142857142,3700959.4285714286
Dover Strait,2025-07-14T00:00:00.000Z,170.14285714285714,3486009.5714285714
Dover Strait,2025-12-08T00:00:00.000Z,191.85714285714286,4071848.714285714
Dover Strait,2026-01-12T00:00:00.000Z,168.28571428571428,3237688.4285714286
Dover Strait,2026-03-02T00:00:00.000Z,178.57142857142858,3704601.714285714
Dover Strait,2026-05-18T00:00:00.000Z,175.57142857142858,3542756.4285714286
Tsugaru Strait,2019-01-07T00:00:00.000Z,49.42857142857143,999815.2857142857
Tsugaru Strait,2019-03-04T00:00:00.000Z,48.142857142857146,818641.2857142857
Tsugaru Strait,2020-01-06T00:00:00.000Z,40.142857142857146,880219.2857142857
Tsugaru Strait,2020-04-13T00:00:00.000Z,44.42857142857143,1028492.8571428572
Tsugaru Strait,2020-06-22T00:00:00.000Z,42.42857142857143,930815.7142857143
Tsugaru Strait,2020-06-29T00:00:00.000Z,48.0,1071262.2857142857
Tsugaru Strait,2020-08-24T00:00:00.000Z,46.42857142857143,953868.0
Tsugaru Strait,2020-09-14T00:00:00.000Z,57.142857142857146,1200881.142857143
Tsugaru Strait,2021-03-15T00:00:00.000Z,50.142857142857146,1008433.1428571428
Tsugaru Strait,2021-10-25T00:00:00.000Z,50.714285714285715,1018831.7142857143
Tsugaru Strait,2022-08-22T00:00:00.000Z,56.57142857142857,1116003.7142857143
Tsugaru Strait,2023-03-06T00:00:00.000Z,45.285714285714285,869116.1428571428
Tsugaru Strait,2023-07-03T00:00:00.000Z,48.57142857142857,1037656.2857142857
Tsugaru Strait,2024-06-10T00:00:00.000Z,53.857142857142854,1102806.0
Tsugaru Strait,2025-02-24T00:00:00.000Z,44.57142857142857,910952.8571428572
Tsugaru Strait,2025-05-19T00:00:00.000Z,48.285714285714285,1027247.7142857143
Tsugaru Strait,2025-05-26T00:00:00.000Z,52.57142857142857,1073324.7142857143
Tsugaru Strait,2026-01-12T00:00:00.000Z,39.0,813984.1428571428
Tsugaru Strait,2026-02-02T00:00:00.000Z,42.42857142857143,814280.7142857143
Panama Canal,2019-03-25T00:00:00.000Z,29.428571428571427,708087.2857142857
Panama Canal,2019-04-29T00:00:00.000Z,29.0,739821.1428571428
Panama Canal,2019-08-26T00:00:00.000Z,34.42857142857143,871702.5714285715
Panama Canal,2019-12-16T00:00:00.000Z,33.857142857142854,977050.1428571428
Panama Canal,2020-03-30T00:00:00.000Z,29.285714285714285,768168.8571428572
Panama Canal,2020-09-07T00:00:00.000Z,28.428571428571427,761312.2857142857
Panama Canal,2020-12-28T00:00:00.000Z,32.714285714285715,1023368.5714285715
Panama Canal,2021-03-22T00:00:00.000Z,33.142857142857146,860146.2857142857
Panama Canal,2021-07-05T00:00:00.000Z,26.142857142857142,712016.8571428572
Panama Canal,2021-08-16T00:00:00.000Z,30.571428571428573,845949.2857142857
Panama Canal,2022-05-02T00:00:00.000Z,34.57142857142857,1003965.8571428572
Panama Canal,2022-11-14T00:00:00.000Z,33.42857142857143,907959.0
Panama Canal,2022-11-21T00:00:00.000Z,33.42857142857143,955157.2857142857
Panama Canal,2023-10-16T00:00:00.000Z,28.285714285714285,775968.0
Panama Canal,2024-01-01T00:00:00.000Z,20.571428571428573,528561.4285714285
Panama Canal,2024-04-01T00:00:00.000Z,24.714285714285715,687536.5714285715
Panama Canal,2024-08-05T00:00:00.000Z,30.571428571428573,930931.2857142857
Panama Canal,2024-08-12T00:00:00.000Z,30.285714285714285,878439.4285714285
Panama Canal,2025-01-20T00:00:00.000Z,29.571428571428573,836854.0
Panama Canal,2025-03-17T00:00:00.000Z,32.857142857142854,914748.1428571428
Panama Canal,2025-07-14T00:00:00.000Z,32.714285714285715,908862.0
Panama Canal,2025-09-15T00:00:00.000Z,32.285714285714285,944214.4285714285
Panama Canal,2025-10-27T00:00:00.000Z,30.857142857142858,903831.0
Makassar Strait,2019-02-25T00:00:00.000Z,53.857142857142854,2917592.1428571427
Makassar Strait,2019-06-17T00:00:00.000Z,50.857142857142854,2470116.5714285714
Makassar Strait,2019-09-02T00:00:00.000Z,52.285714285714285,2495267.4285714286
Makassar Strait,2019-10-21T00:00:00.000Z,52.714285714285715,2405908.8571428573
Makassar Strait,2020-06-08T00:00:00.000Z,57.285714285714285,2812925.285714286
Makassar Strait,2020-07-13T00:00:00.000Z,51.857142857142854,2022888.5714285714
Makassar Strait,2020-08-03T00:00:00.000Z,46.285714285714285,2202004.0
Makassar Strait,2020-11-23T00:00:00.000Z,49.857142857142854,2377513.714285714
Makassar Strait,2021-06-21T00:00:00.000Z,54.285714285714285,2719812.4285714286
Makassar Strait,2021-07-12T00:00:00.000Z,54.0,2369885.1428571427
Makassar Strait,2021-07-19T00:00:00.000Z,52.142857142857146,2530645.1428571427
Makassar Strait,2021-12-27T00:00:00.000Z,51.857142857142854,3362790.5714285714
Makassar Strait,2022-02-07T00:00:00.000Z,47.714285714285715,2510638.1428571427
Makassar Strait,2022-03-28T00:00:00.000Z,51.857142857142854,3261035.5714285714
Makassar Strait,2022-04-11T00:00:00.000Z,58.0,2992766.8571428573
Makassar Strait,2022-04-25T00:00:00.000Z,57.0,3027030.714285714
Makassar Strait,2022-09-26T00:00:00.000Z,53.285714285714285,3284866.0
Makassar Strait,2023-02-20T00:00:00.000Z,60.857142857142854,3240057.8571428573
Makassar Strait,2023-02-27T00:00:00.000Z,63.285714285714285,3559729.714285714
Makassar Strait,2023-12-04T00:00:00.000Z,63.285714285714285,3708407.4285714286
Makassar Strait,2024-03-04T00:00:00.000Z,58.285714285714285,3110324.8571428573
Makassar Strait,2024-05-13T00:00:00.000Z,51.714285714285715,3069588.4285714286
Makassar Strait,2024-06-10T00:00:00.000Z,57.42857142857143,3435670.8571428573
Makassar Strait,2024-07-29T00:00:00.000Z,49.142857142857146,2916761.285714286
Makassar Strait,2024-08-12T00:00:00.000Z,34.857142857142854,1850287.7142857143
Makassar Strait,2024-12-16T00:00:00.000Z,55.57142857142857,3325737.1428571427
Makassar Strait,2025-06-09T00:00:00.000Z,45.285714285714285,2926289.1428571427
Makassar Strait,2025-09-29T00:00:00.000Z,47.0,3155372.5714285714
Makassar Strait,2025-10-13T00:00:00.000Z,50.42857142857143,2769790.8571428573
Yucatan Channel,2019-07-08T00:00:00.000Z,35.857142857142854,673219.0
Yucatan Channel,2020-02-24T00:00:00.000Z,43.57142857142857,1029671.1428571428
Yucatan Channel,2020-07-13T00:00:00.000Z,37.42857142857143,867660.8571428572
Yucatan Channel,2020-08-03T00:00:00.000Z,45.285714285714285,1136716.0
Yucatan Channel,2020-10-26T00:00:00.000Z,44.42857142857143,936643.1428571428
Yucatan Channel,2021-04-12T00:00:00.000Z,46.0,1024733.1428571428
Yucatan Channel,2021-04-26T00:00:00.000Z,44.285714285714285,1062078.857142857
Yucatan Channel,2022-02-14T00:00:00.000Z,43.142857142857146,923711.5714285715
Yucatan Channel,2022-04-18T00:00:00.000Z,42.285714285714285,994825.8571428572
Yucatan Channel,2022-05-02T00:00:00.000Z,47.857142857142854,1120961.0
Yucatan Channel,2022-08-01T00:00:00.000Z,46.42857142857143,1223535.857142857
Yucatan Channel,2022-11-07T00:00:00.000Z,44.285714285714285,1171167.2857142857
Yucatan Channel,2022-12-26T00:00:00.000Z,41.714285714285715,1091481.4285714286
Yucatan Channel,2023-02-27T00:00:00.000Z,45.142857142857146,1128216.142857143
Yucatan Channel,2024-01-15T00:00:00.000Z,39.142857142857146,797760.4285714285
Yucatan Channel,2024-08-05T00:00:00.000Z,49.285714285714285,1190786.4285714286
Yucatan Channel,2024-10-14T00:00:00.000Z,48.857142857142854,1180997.4285714286
Yucatan Channel,2024-10-21T00:00:00.000Z,54.714285714285715,1549006.7142857143
Yucatan Channel,2024-10-28T00:00:00.000Z,52.57142857142857,1364117.5714285714
Yucatan Channel,2024-11-18T00:00:00.000Z,51.714285714285715,1210605.4285714286
Yucatan Channel,2025-01-06T00:00:00.000Z,47.42857142857143,1176242.857142857
Yucatan Channel,2025-01-27T00:00:00.000Z,44.857142857142854,1164898.7142857143
Yucatan Channel,2025-02-24T00:00:00.000Z,51.714285714285715,1511658.857142857
Yucatan Channel,2025-03-10T00:00:00.000Z,46.57142857142857,1197051.0
Yucatan Channel,2025-04-07T00:00:00.000Z,51.57142857142857,1283742.7142857143
Yucatan Channel,2025-10-27T00:00:00.000Z,51.857142857142854,1300983.4285714286
Yucatan Channel,2025-11-24T00:00:00.000Z,53.42857142857143,1446509.7142857143
Yucatan Channel,2026-06-01T00:00:00.000Z,56.57142857142857,1449425.4285714286
Yucatan Channel,2026-06-29T00:00:00.000Z,58.285714285714285,1443264.142857143
Windward Passage,2019-05-20T00:00:00.000Z,15.857142857142858,254579.85714285713
Windward Passage,2019-09-23T00:00:00.000Z,17.285714285714285,297638.0
Windward Passage,2020-06-29T00:00:00.000Z,14.714285714285714,256991.85714285713
Windward Passage,2021-05-10T00:00:00.000Z,15.571428571428571,308210.71428571426
Windward Passage,2021-08-16T00:00:00.000Z,15.571428571428571,294575.5714285714
Windward Passage,2022-01-03T00:00:00.000Z,13.714285714285714,255609.7142857143
Windward Passage,2022-07-18T00:00:00.000Z,13.142857142857142,264037.4285714286
Windward Passage,2022-08-29T00:00:00.000Z,16.285714285714285,302569.0
Windward Passage,2022-10-17T00:00:00.000Z,16.285714285714285,315277.4285714286
Windward Passage,2022-12-26T00:00:00.000Z,13.857142857142858,217381.57142857142
Windward Passage,2023-05-29T00:00:00.000Z,17.0,242237.7142857143
Windward Passage,2023-12-11T00:00:00.000Z,14.428571428571429,225125.7142857143
Windward Passage,2024-06-10T00:00:00.000Z,17.0,286238.0
Windward Passage,2024-06-17T00:00:00.000Z,14.142857142857142,248498.2857142857
Windward Passage,2025-03-17T00:00:00.000Z,16.571428571428573,324056.71428571426
Windward Passage,2025-05-12T00:00:00.000Z,14.714285714285714,255983.0
Windward Passage,2025-06-30T00:00:00.000Z,16.285714285714285,269058.28571428574
Windward Passage,2025-10-20T00:00:00.000Z,12.571428571428571,174987.2857142857
Windward Passage,2026-01-05T00:00:00.000Z,15.428571428571429,252550.14285714287
Windward Passage,2026-01-19T00:00:00.000Z,15.428571428571429,293488.5714285714
Windward Passage,2026-04-20T00:00:00.000Z,14.857142857142858,208098.0
Kerch Strait,2019-01-07T00:00:00.000Z,46.42857142857143,94539.0
Kerch Strait,2019-03-04T00:00:00.000Z,42.857142857142854,86135.42857142857
Kerch Strait,2019-06-10T00:00:00.000Z,50.0,95925.85714285714
Kerch Strait,2019-09-16T00:00:00.000Z,62.142857142857146,134982.7142857143
Kerch Strait,2019-10-28T00:00:00.000Z,55.0,109888.71428571429
Kerch Strait,2019-11-25T00:00:00.000Z,36.0,72991.28571428571
Kerch Strait,2019-12-09T00:00:00.000Z,49.857142857142854,96442.0
Kerch Strait,2020-03-02T00:00:00.000Z,55.285714285714285,109801.14285714286
Kerch Strait,2021-02-08T00:00:00.000Z,33.285714285714285,72325.28571428571
Kerch Strait,2021-03-01T00:00:00.000Z,46.57142857142857,96911.42857142857
Kerch Strait,2021-03-08T00:00:00.000Z,51.142857142857146,103185.42857142857
Kerch Strait,2021-07-19T00:00:00.000Z,52.857142857142854,112721.0
Kerch Strait,2022-02-14T00:00:00.000Z,17.285714285714285,41719.71428571428
Kerch Strait,2022-03-28T00:00:00.000Z,17.857142857142858,23971.14285714286
Kerch Strait,2022-04-04T00:00:00.000Z,23.428571428571427,33547.142857142855
Kerch Strait,2022-08-01T00:00:00.000Z,28.142857142857142,48635.28571428572
Kerch Strait,2022-12-26T00:00:00.000Z,12.714285714285714,31654.85714285714
Kerch Strait,2023-05-08T00:00:00.000Z,14.428571428571429,23738.714285714286
Kerch Strait,2023-08-14T00:00:00.000Z,1.5714285714285714,2719.285714285714
Kerch Strait,2023-12-04T00:00:00.000Z,2.0,3723.714285714286
Kerch Strait,2023-12-18T00:00:00.000Z,4.571428571428571,7537.714285714285
Kerch Strait,2024-06-24T00:00:00.000Z,1.0,1263.5714285714287
Kerch Strait,2024-11-04T00:00:00.000Z,0.14285714285714285,710.5714285714286
Kerch Strait,2025-05-19T00:00:00.000Z,15.571428571428571,94657.71428571429
Kerch Strait,2025-07-21T00:00:00.000Z,17.714285714285715,107523.0
Kerch Strait,2025-09-08T00:00:00.000Z,15.142857142857142,53620.71428571428
Kerch Strait,2026-01-19T00:00:00.000Z,14.714285714285714,81042.14285714286
Kerch Strait,2026-02-16T00:00:00.000Z,12.428571428571429,33231.857142857145
Kerch Strait,2026-07-27T00:00:00.000Z,0.8571428571428571,22516.285714285714
Gibraltar Strait,2018-12-31T00:00:00.000Z,115.0,3232267.1666666665
Gibraltar Strait,2019-03-18T00:00:00.000Z,112.85714285714286,3299785.1428571427
Gibraltar Strait,2019-05-06T00:00:00.000Z,113.85714285714286,3011013.8571428573
Gibraltar Strait,2019-12-02T00:00:00.000Z,136.71428571428572,3478486.4285714286
Gibraltar Strait,2019-12-16T00:00:00.000Z,115.0,2869461.0
Gibraltar Strait,2021-03-29T00:00:00.000Z,127.14285714285714,3016006.4285714286
Gibraltar Strait,2021-06-21T00:00:00.000Z,132.0,3577083.0
Gibraltar Strait,2021-12-06T00:00:00.000Z,101.85714285714286,2928550.0
Gibraltar Strait,2022-04-04T00:00:00.000Z,141.0,3905596.1428571427
Gibraltar Strait,2022-08-15T00:00:00.000Z,140.71428571428572,3948833.1428571427
Gibraltar Strait,2022-08-22T00:00:00.000Z,145.85714285714286,4267826.142857143
Gibraltar Strait,2022-09-19T00:00:00.000Z,140.28571428571428,4191299.8571428573
Gibraltar Strait,2023-03-27T00:00:00.000Z,139.57142857142858,4279058.857142857
Gibraltar Strait,2023-08-14T00:00:00.000Z,152.42857142857142,4109504.285714286
Gibraltar Strait,2023-11-27T00:00:00.000Z,145.71428571428572,4327940.428571428
Gibraltar Strait,2024-06-24T00:00:00.000Z,129.0,3543592.285714286
Gibraltar Strait,2024-10-07T00:00:00.000Z,123.42857142857143,3292536.8571428573
Gibraltar Strait,2024-10-21T00:00:00.000Z,129.42857142857142,3504231.714285714
Gibraltar Strait,2025-01-20T00:00:00.000Z,123.14285714285714,3307640.714285714
Gibraltar Strait,2025-05-05T00:00:00.000Z,140.14285714285714,3495244.4285714286
Gibraltar Strait,2025-05-12T00:00:00.000Z,133.71428571428572,3464940.5714285714
Gibraltar Strait,2025-05-19T00:00:00.000Z,139.14285714285714,3475276.5714285714
Gibraltar Strait,2025-08-04T00:00:00.000Z,134.71428571428572,3423554.1428571427
Gibraltar Strait,2025-09-22T00:00:00.000Z,139.14285714285714,3332414.5714285714
Gibraltar Strait,2026-07-06T00:00:00.000Z,128.42857142857142,3628629.4285714286
Taiwan Strait,2019-01-07T00:00:00.000Z,253.85714285714286,5212518.714285715
Taiwan Strait,2019-07-15T00:00:00.000Z,263.42857142857144,5504348.428571428
Taiwan Strait,2019-09-23T00:00:00.000Z,268.57142857142856,5410110.428571428
Taiwan Strait,2019-11-11T00:00:00.000Z,274.14285714285717,5947322.571428572
Taiwan Strait,2020-02-10T00:00:00.000Z,203.71428571428572,3805697.285714286
Taiwan Strait,2021-02-08T00:00:00.000Z,258.0,5458399.857142857
Taiwan Strait,2021-07-12T00:00:00.000Z,251.14285714285714,5776694.285714285
Taiwan Strait,2022-09-12T00:00:00.000Z,247.57142857142858,5621638.571428572
Taiwan Strait,2022-12-12T00:00:00.000Z,232.42857142857142,5122773.285714285
Taiwan Strait,2023-07-03T00:00:00.000Z,239.57142857142858,5368082.285714285
Taiwan Strait,2023-07-17T00:00:00.000Z,253.57142857142858,5807909.857142857
Taiwan Strait,2023-08-28T00:00:00.000Z,199.0,4986217.285714285
Taiwan Strait,2023-10-16T00:00:00.000Z,229.0,5372879.0
Taiwan Strait,2024-01-01T00:00:00.000Z,248.0,5904912.714285715
Taiwan Strait,2024-07-08T00:00:00.000Z,248.14285714285714,6296598.285714285
Taiwan Strait,2024-08-19T00:00:00.000Z,225.0,5228962.857142857
Taiwan Strait,2025-01-13T00:00:00.000Z,237.57142857142858,5442612.428571428
Taiwan Strait,2025-02-17T00:00:00.000Z,228.42857142857142,5344669.142857143
Taiwan Strait,2025-08-11T00:00:00.000Z,252.42857142857142,6688010.571428572
Taiwan Strait,2025-11-17T00:00:00.000Z,211.71428571428572,5179864.714285715
Taiwan Strait,2026-01-26T00:00:00.000Z,233.71428571428572,5746677.714285715
Bohai Strait,2019-01-28T00:00:00.000Z,108.71428571428571,2967862.5714285714
Bohai Strait,2019-05-13T00:00:00.000Z,127.85714285714286,3720134.0
Bohai Strait,2019-08-12T00:00:00.000Z,125.28571428571429,3813677.1428571427
Bohai Strait,2020-03-09T00:00:00.000Z,177.42857142857142,4754776.571428572
Bohai Strait,2020-04-20T00:00:00.000Z,176.28571428571428,5072178.142857143
Bohai Strait,2020-10-12T00:00:00.000Z,199.28571428571428,5954478.428571428
Bohai Strait,2020-12-07T00:00:00.000Z,201.57142857142858,5803440.571428572
Bohai Strait,2021-02-22T00:00:00.000Z,189.57142857142858,5629836.571428572
Bohai Strait,2021-05-17T00:00:00.000Z,207.42857142857142,5807626.142857143
Bohai Strait,2021-09-06T00:00:00.000Z,186.14285714285714,5571594.285714285
Bohai Strait,2021-10-04T00:00:00.000Z,179.0,5900241.285714285
Bohai Strait,2021-10-18T00:00:00.000Z,204.42857142857142,5887592.285714285
Bohai Strait,2022-05-09T00:00:00.000Z,178.28571428571428,5150573.571428572
Bohai Strait,2022-08-15T00:00:00.000Z,179.14285714285714,5454037.142857143
Bohai Strait,2023-01-30T00:00:00.000Z,182.28571428571428,5683690.285714285
Bohai Strait,2024-03-04T00:00:00.000Z,182.71428571428572,6323770.571428572
Bohai Strait,2024-09-30T00:00:00.000Z,164.85714285714286,5963135.571428572
Bohai Strait,2024-12-16T00:00:00.000Z,177.0,6421846.857142857
Bohai Strait,2025-07-14T00:00:00.000Z,176.0,6736602.285714285
Bohai Strait,2025-12-15T00:00:00.000Z,168.85714285714286,5674546.714285715
Bohai Strait,2026-01-19T00:00:00.000Z,177.14285714285714,7431293.714285715
Bohai Strait,2026-02-23T00:00:00.000Z,156.42857142857142,5603579.714285715
Bohai Strait,2026-08-17T00:00:00.000Z,168.57142857142858,5969938.571428572
Sunda Strait,2019-09-16T00:00:00.000Z,25.142857142857142,707021.8571428572
Sunda Strait,2019-10-28T00:00:00.000Z,28.714285714285715,996160.7142857143
Sunda Strait,2020-02-17T00:00:00.000Z,25.571428571428573,603230.0
Sunda Strait,2020-03-09T00:00:00.000Z,25.428571428571427,747405.1428571428
Sunda Strait,2020-07-27T00:00:00.000Z,25.142857142857142,712164.0
Sunda Strait,2020-12-14T00:00:00.000Z,28.857142857142858,770657.0
Sunda Strait,2020-12-21T00:00:00.000Z,27.857142857142858,852057.2857142857
Sunda Strait,2021-02-08T00:00:00.000Z,28.571428571428573,875261.4285714285
Sunda Strait,2022-08-01T00:00:00.000Z,27.142857142857142,988881.4285714285
Sunda Strait,2022-10-31T00:00:00.000Z,25.857142857142858,705721.5714285715
Sunda Strait,2022-11-07T00:00:00.000Z,28.714285714285715,979221.2857142857
Sunda Strait,2023-01-16T00:00:00.000Z,30.428571428571427,932960.7142857143
Sunda Strait,2023-02-20T00:00:00.000Z,29.142857142857142,991672.8571428572
Sunda Strait,2023-04-24T00:00:00.000Z,32.142857142857146,1139588.5714285714
Sunda Strait,2023-05-08T00:00:00.000Z,32.0,1356212.2857142857
Sunda Strait,2023-07-17T00:00:00.000Z,28.142857142857142,850369.4285714285
Sunda Strait,2023-11-27T00:00:00.000Z,32.714285714285715,1310106.857142857
Sunda Strait,2024-04-15T00:00:00.000Z,31.0,1082675.0
Sunda Strait,2024-05-27T00:00:00.000Z,31.714285714285715,1179339.7142857143
Sunda Strait,2025-02-10T00:00:00.000Z,34.142857142857146,1209086.4285714286
Sunda Strait,2025-03-17T00:00:00.000Z,31.285714285714285,1056803.2857142857
Sunda Strait,2025-04-28T00:00:00.000Z,31.857142857142858,1205796.857142857
Sunda Strait,2025-08-25T00:00:00.000Z,28.428571428571427,1046908.1428571428
Sunda Strait,2025-11-03T00:00:00.000Z,27.571428571428573,1238795.0
Mona Passage,2019-01-14T00:00:00.000Z,10.428571428571429,239169.0
Mona Passage,2019-07-15T00:00:00.000Z,10.285714285714286,258883.85714285713
Mona Passage,2019-09-30T00:00:00.000Z,10.428571428571429,268708.71428571426
Mona Passage,2019-12-23T00:00:00.000Z,9.857142857142858,342538.5714285714
Mona Passage,2020-03-09T00:00:00.000Z,10.571428571428571,279834.71428571426
Mona Passage,2020-03-23T00:00:00.000Z,10.571428571428571,307225.4285714286
Mona Passage,2020-06-22T00:00:00.000Z,9.142857142857142,273367.85714285716
Mona Passage,2021-02-01T00:00:00.000Z,9.714285714285714,197085.2857142857
Mona Passage,2021-07-19T00:00:00.000Z,10.142857142857142,256447.7142857143
Mona Passage,2021-12-13T00:00:00.000Z,8.142857142857142,174731.7142857143
Mona Passage,2022-01-24T00:00:00.000Z,10.714285714285714,272741.5714285714
Mona Passage,2022-03-07T00:00:00.000Z,12.857142857142858,373476.28571428574
Mona Passage,2022-11-14T00:00:00.000Z,11.0,335722.4285714286
Mona Passage,2022-12-12T00:00:00.000Z,9.0,191667.7142857143
Mona Passage,2023-10-23T00:00:00.000Z,8.428571428571429,254456.42857142858
Mona Passage,2023-10-30T00:00:00.000Z,10.142857142857142,201663.57142857142
Mona Passage,2024-02-19T00:00:00.000Z,11.285714285714286,314364.85714285716
Mona Passage,2024-03-11T00:00:00.000Z,10.142857142857142,230677.2857142857
Mona Passage,2024-03-18T00:00:00.000Z,11.0,279535.28571428574
Mona Passage,2024-04-08T00:00:00.000Z,10.0,242277.0
Mona Passage,2024-10-14T00:00:00.000Z,9.857142857142858,204302.0
Mona Passage,2024-11-04T00:00:00.000Z,10.428571428571429,252472.2857142857
Mona Passage,2025-02-03T00:00:00.000Z,8.571428571428571,295259.85714285716
Mona Passage,2025-02-10T00:00:00.000Z,8.285714285714286,258886.7142857143
Mona Passage,2025-05-26T00:00:00.000Z,10.714285714285714,254442.7142857143
Mona Passage,2025-12-01T00:00:00.000Z,11.142857142857142,294211.71428571426
Mona Passage,2026-05-18T00:00:00.000Z,12.571428571428571,327789.14285714284
Bering Strait,2019-01-28T00:00:00.000Z,3.7142857142857144,125756.85714285714
Bering Strait,2020-01-27T00:00:00.000Z,19.428571428571427,0.0
Bering Strait,2020-03-23T00:00:00.000Z,0.14285714285714285,1141.7142857142858
Bering Strait,2020-04-13T00:00:00.000Z,0.0,0.0
Bering Strait,2020-05-04T00:00:00.000Z,0.0,0.0
Bering Strait,2020-05-18T00:00:00.000Z,0.0,0.0
Bering Strait,2020-08-03T00:00:00.000Z,2.2857142857142856,10334.42857142857
Bering Strait,2021-08-23T00:00:00.000Z,1.8571428571428572,44472.0
Bering Strait,2022-02-07T00:00:00.000Z,0.0,0.0
Bering Strait,2022-04-18T00:00:00.000Z,0.0,0.0
Bering Strait,2022-04-25T00:00:00.000Z,0.0,0.0
Bering Strait,2022-05-16T00:00:00.000Z,0.0,0.0
Bering Strait,2022-05-23T00:00:00.000Z,0.0,0.0
Bering Strait,2022-06-20T00:00:00.000Z,0.2857142857142857,4259.571428571428
Bering Strait,2022-08-01T00:00:00.000Z,1.8571428571428572,14659.42857142857
Bering Strait,2022-09-19T00:00:00.000Z,2.2857142857142856,45009.142857142855
Bering Strait,2022-10-17T00:00:00.000Z,1.8571428571428572,6080.714285714285
Bering Strait,2023-05-01T00:00:00.000Z,0.0,0.0
Bering Strait,2023-06-12T00:00:00.000Z,0.2857142857142857,1517.2857142857142
Bering Strait,2024-04-15T00:00:00.000Z,0.14285714285714285,7388.714285714285
Bering Strait,2024-10-07T00:00:00.000Z,2.5714285714285716,56185.28571428572
Bering Strait,2024-11-04T00:00:00.000Z,0.7142857142857143,0.0
Bering Strait,2024-11-11T00:00:00.000Z,1.8571428571428572,6111.428571428572
Bering Strait,2025-01-13T00:00:00.000Z,0.0,0.0
Bering Strait,2025-08-04T00:00:00.000Z,1.2857142857142858,9583.42857142857
Bering Strait,2026-02-09T00:00:00.000Z,0.14285714285714285,113.71428571428571
Strait of Hormuz,2019-05-20T00:00:00.000Z,71.14285714285714,3018100.0
Strait of Hormuz,2019-09-16T00:00:00.000Z,79.42857142857143,3056345.5714285714
Strait of Hormuz,2020-01-06T00:00:00.000Z,57.0,1398485.857142857
Strait of Hormuz,2020-07-06T00:00:00.000Z,83.14285714285714,3560693.4285714286
Strait of Hormuz,2020-08-24T00:00:00.000Z,74.42857142857143,2810978.285714286
Strait of Hormuz,2021-08-16T00:00:00.000Z,73.85714285714286,3356721.8571428573
Strait of Hormuz,2021-11-15T00:00:00.000Z,85.85714285714286,3371600.714285714
Strait of Hormuz,2021-11-22T00:00:00.000Z,95.0,4040085.5714285714
Strait of Hormuz,2022-04-04T00:00:00.000Z,102.42857142857143,4509273.571428572
Strait of Hormuz,2022-04-18T00:00:00.000Z,98.57142857142857,4022755.285714286
Strait of Hormuz,2022-05-16T00:00:00.000Z,99.57142857142857,3953523.285714286
Strait of Hormuz,2022-06-20T00:00:00.000Z,95.71428571428571,4177870.0
Strait of Hormuz,2022-07-04T00:00:00.000Z,93.14285714285714,3961587.4285714286
Strait of Hormuz,2022-08-01T00:00:00.000Z,102.14285714285714,4119173.1428571427
Strait of Hormuz,2022-12-19T00:00:00.000Z,81.0,3348238.4285714286
Strait of Hormuz,2023-01-16T00:00:00.000Z,75.14285714285714,3300955.285714286
Strait of Hormuz,2023-02-20T00:00:00.000Z,100.42857142857143,3916113.4285714286
Strait of Hormuz,2023-11-20T00:00:00.000Z,64.71428571428571,2504061.0
Strait of Hormuz,2024-01-08T00:00:00.000Z,68.57142857142857,2674010.1428571427
Strait of Hormuz,2024-01-15T00:00:00.000Z,76.42857142857143,2993142.4285714286
Strait of Hormuz,2024-07-01T00:00:00.000Z,105.85714285714286,3848108.4285714286
Strait of Hormuz,2024-09-16T00:00:00.000Z,102.42857142857143,3846582.1428571427
Strait of Hormuz,2025-04-21T00:00:00.000Z,109.42857142857143,3725917.8571428573
Strait of Hormuz,2026-03-30T00:00:00.000Z,5.285714285714286,123939.0
Strait of Hormuz,2026-04-27T00:00:00.000Z,12.285714285714286,258060.0
Cape of Good Hope,2019-02-25T00:00:00.000Z,48.0,2594039.4285714286
Cape of Good Hope,2019-04-22T00:00:00.000Z,45.42857142857143,2538623.5714285714
Cape of Good Hope,2019-09-02T00:00:00.000Z,49.42857142857143,2963579.0
Cape of Good Hope,2019-12-02T00:00:00.000Z,42.142857142857146,2505649.0
Cape of Good Hope,2020-02-24T00:00:00.000Z,38.285714285714285,2197739.1428571427
Cape of Good Hope,2020-03-09T00:00:00.000Z,44.0,2233041.8571428573
Cape of Good Hope,2021-10-04T00:00:00.000Z,43.42857142857143,2850076.4285714286
Cape of Good Hope,2022-04-04T00:00:00.000Z,40.857142857142854,2362341.285714286
Cape of Good Hope,2022-04-25T00:00:00.000Z,43.57142857142857,2414991.285714286
Cape of Good Hope,2022-10-24T00:00:00.000Z,43.42857142857143,2822514.1428571427
Cape of Good Hope,2023-08-14T00:00:00.000Z,53.857142857142854,3317487.5714285714
Cape of Good Hope,2023-09-18T00:00:00.000Z,75.42857142857143,4417668.714285715
Cape of Good Hope,2024-02-12T00:00:00.000Z,91.28571428571429,5039802.428571428
Cape of Good Hope,2024-03-18T00:00:00.000Z,79.28571428571429,4898629.571428572
Cape of Good Hope,2024-04-29T00:00:00.000Z,88.57142857142857,5078891.285714285
Cape of Good Hope,2024-08-05T00:00:00.000Z,79.71428571428571,4976149.571428572
Cape of Good Hope,2025-04-07T00:00:00.000Z,84.14285714285714,5626946.428571428
Cape of Good Hope,2025-04-21T00:00:00.000Z,88.28571428571429,5782200.857142857
Cape of Good Hope,2025-10-20T00:00:00.000Z,94.28571428571429,5869578.428571428
Cape of Good Hope,2026-03-30T00:00:00.000Z,90.71428571428571,4811221.714285715
Cape of Good Hope,2026-06-22T00:00:00.000Z,92.14285714285714,5830757.285714285
Suez Canal,2019-08-19T00:00:00.000Z,54.714285714285715,2573534.714285714
Suez Canal,2021-03-01T00:00:00.000Z,59.714285714285715,2630351.1428571427
Suez Canal,2021-05-31T00:00:00.000Z,52.142857142857146,2387442.1428571427
Suez Canal,2021-08-02T00:00:00.000Z,60.857142857142854,2513499.4285714286
Suez Canal,2021-09-13T00:00:00.000Z,62.714285714285715,2770107.714285714
Suez Canal,2021-10-18T00:00:00.000Z,61.42857142857143,3079020.8571428573
Suez Canal,2023-04-10T00:00:00.000Z,76.85714285714286,3521252.285714286
Suez Canal,2023-06-19T00:00:00.000Z,79.28571428571429,3659053.0
Suez Canal,2023-09-18T00:00:00.000Z,71.57142857142857,3314316.5714285714
Suez Canal,2024-01-29T00:00:00.000Z,39.0,1444265.142857143
Suez Canal,2024-04-08T00:00:00.000Z,39.0,1314675.2857142857
Suez Canal,2024-04-15T00:00:00.000Z,44.0,1563313.5714285714
Suez Canal,2025-04-21T00:00:00.000Z,36.42857142857143,1241195.0
Suez Canal,2025-04-28T00:00:00.000Z,36.42857142857143,1345681.5714285714
Suez Canal,2025-12-29T00:00:00.000Z,35.142857142857146,1328752.142857143
Suez Canal,2026-03-30T00:00:00.000Z,44.857142857142854,1587852.0
Korea Strait,2019-07-01T00:00:00.000Z,232.14285714285714,2987790.1428571427
Korea Strait,2019-08-05T00:00:00.000Z,242.0,2878046.285714286
Korea Strait,2019-11-11T00:00:00.000Z,231.71428571428572,2662826.8571428573
Korea Strait,2020-02-10T00:00:00.000Z,206.57142857142858,2269091.0
Korea Strait,2020-02-17T00:00:00.000Z,212.85714285714286,2285471.714285714
Korea Strait,2020-07-27T00:00:00.000Z,246.85714285714286,3069407.0
Korea Strait,2021-05-10T00:00:00.000Z,228.0,2950272.8571428573
Korea Strait,2022-01-17T00:00:00.000Z,221.57142857142858,2545036.1428571427
Korea Strait,2022-03-28T00:00:00.000Z,239.14285714285714,2931097.8571428573
Korea Strait,2022-08-29T00:00:00.000Z,212.0,2732435.1428571427
Korea Strait,2022-11-14T00:00:00.000Z,246.42857142857142,2991723.285714286
Korea Strait,2022-11-28T00:00:00.000Z,224.14285714285714,2760594.714285714
Korea Strait,2023-01-16T00:00:00.000Z,246.28571428571428,2821275.1428571427
Korea Strait,2024-06-24T00:00:00.000Z,237.42857142857142,3204738.8571428573
Korea Strait,2024-07-29T00:00:00.000Z,243.85714285714286,3574527.4285714286
Korea Strait,2024-09-23T00:00:00.000Z,261.0,3454050.285714286
Korea Strait,2024-10-07T00:00:00.000Z,244.0,3519721.0
Korea Strait,2024-11-04T00:00:00.000Z,236.42857142857142,3090233.1428571427
Korea Strait,2024-12-30T00:00:00.000Z,197.0,3145488.4285714286
Korea Strait,2025-02-10T00:00:00.000Z,204.14285714285714,2842701.285714286
Korea Strait,2025-03-03T00:00:00.000Z,221.14285714285714,2918721.4285714286
Korea Strait,2025-08-11T00:00:00.000Z,212.42857142857142,3189980.714285714
Korea Strait,2025-08-25T00:00:00.000Z,214.14285714285714,3176452.714285714
Korea Strait,2025-09-15T00:00:00.000Z,226.85714285714286,3579815.1428571427
Korea Strait,2025-12-08T00:00:00.000Z,194.14285714285714,2709464.4285714286
Korea Strait,2026-06-22T00:00:00.000Z,233.0,3688281.5714285714
Lombok Strait,2020-01-20T00:00:00.000Z,33.0,1815658.5714285714
Lombok Strait,2020-02-17T00:00:00.000Z,33.42857142857143,2292915.1428571427
Lombok Strait,2020-03-16T00:00:00.000Z,34.285714285714285,2105927.4285714286
Lombok Strait,2020-07-13T00:00:00.000Z,35.42857142857143,2330030.0
Lombok Strait,2020-09-28T00:00:00.000Z,35.0,2481559.285714286
Lombok Strait,2020-12-21T00:00:00.000Z,36.57142857142857,2898926.1428571427
Lombok Strait,2021-05-03T00:00:00.000Z,35.285714285714285,2702664.0
Lombok Strait,2021-06-21T00:00:00.000Z,33.42857142857143,2561743.5714285714
Lombok Strait,2021-07-26T00:00:00.000Z,32.857142857142854,2538042.285714286
Lombok Strait,2021-09-20T00:00:00.000Z,36.57142857142857,2851881.4285714286
Lombok Strait,2022-11-07T00:00:00.000Z,35.142857142857146,2644581.285714286
Lombok Strait,2023-02-13T00:00:00.000Z,33.714285714285715,2092872.4285714286
Lombok Strait,2023-06-12T00:00:00.000Z,41.285714285714285,3069315.285714286
Lombok Strait,2023-12-25T00:00:00.000Z,38.42857142857143,2761206.4285714286
Lombok Strait,2024-01-08T00:00:00.000Z,37.714285714285715,2161017.1428571427
Lombok Strait,2024-01-22T00:00:00.000Z,37.285714285714285,2689015.4285714286
Lombok Strait,2024-04-22T00:00:00.000Z,36.57142857142857,2499939.1428571427
Lombok Strait,2024-07-01T00:00:00.000Z,39.285714285714285,3111142.1428571427
Lombok Strait,2024-07-29T00:00:00.000Z,32.285714285714285,2569925.714285714
Lombok Strait,2024-12-30T00:00:00.000Z,39.285714285714285,2755435.285714286
Lombok Strait,2025-06-09T00:00:00.000Z,37.42857142857143,3395205.714285714
Lombok Strait,2025-09-22T00:00:00.000Z,34.57142857142857,3051507.4285714286
Lombok Strait,2025-10-06T00:00:00.000Z,36.285714285714285,2762903.5714285714
Lombok Strait,2026-01-05T00:00:00.000Z,39.714285714285715,3455468.4285714286
Lombok Strait,2026-02-16T00:00:00.000Z,38.285714285714285,3309297.5714285714
Mindoro Strait,2019-01-14T00:00:00.000Z,37.714285714285715,1559325.2857142857
Mindoro Strait,2019-04-22T00:00:00.000Z,39.857142857142854,1748465.7142857143
Mindoro Strait,2019-06-17T00:00:00.000Z,49.0,2150665.8571428573
Mindoro Strait,2019-11-18T00:00:00.000Z,45.285714285714285,2110398.8571428573
Mindoro Strait,2020-01-06T00:00:00.000Z,47.714285714285715,2228885.0
Mindoro Strait,2020-03-16T00:00:00.000Z,36.714285714285715,1542627.857142857
Mindoro Strait,2020-03-30T00:00:00.000Z,41.714285714285715,2074164.4285714286
Mindoro Strait,2020-04-06T00:00:00.000Z,41.0,2147632.714285714
Mindoro Strait,2020-10-19T00:00:00.000Z,43.42857142857143,2228589.0
Mindoro Strait,2020-12-21T00:00:00.000Z,55.857142857142854,2607066.285714286
Mindoro Strait,2021-04-05T00:00:00.000Z,53.57142857142857,2769340.1428571427
Mindoro Strait,2021-05-31T00:00:00.000Z,61.57142857142857,2914626.714285714
Mindoro Strait,2021-06-07T00:00:00.000Z,53.0,2391682.285714286
Mindoro Strait,2021-07-12T00:00:00.000Z,58.142857142857146,2410916.5714285714
Mindoro Strait,2021-11-08T00:00:00.000Z,49.0,2520094.8571428573
Mindoro Strait,2022-03-28T00:00:00.000Z,42.714285714285715,2533623.714285714
Mindoro Strait,2022-10-03T00:00:00.000Z,48.42857142857143,2756505.8571428573
Mindoro Strait,2022-10-17T00:00:00.000Z,46.0,2567314.8571428573
Mindoro Strait,2023-01-23T00:00:00.000Z,51.714285714285715,2983920.0
Mindoro Strait,2023-07-31T00:00:00.000Z,52.57142857142857,3155160.4285714286
Mindoro Strait,2023-09-18T00:00:00.000Z,48.42857142857143,2450186.714285714
Mindoro Strait,2023-11-20T00:00:00.000Z,49.42857142857143,2757620.4285714286
Mindoro Strait,2024-03-25T00:00:00.000Z,49.0,2996147.0
Mindoro Strait,2024-05-06T00:00:00.000Z,44.0,2388839.285714286
Mindoro Strait,2024-12-16T00:00:00.000Z,41.42857142857143,2481072.5714285714
Mindoro Strait,2025-01-13T00:00:00.000Z,41.142857142857146,2448066.285714286
Mindoro Strait,2026-01-26T00:00:00.000Z,38.42857142857143,2114799.8571428573
Mindoro Strait,2026-03-09T00:00:00.000Z,33.0,1507606.0
Mindoro Strait,2026-04-20T00:00:00.000Z,33.714285714285715,1748894.2857142857
Bosporus Strait,2019-05-13T00:00:00.000Z,112.42857142857143,1230503.142857143
Bosporus Strait,2019-08-05T00:00:00.000Z,107.85714285714286,1418589.4285714286
Bosporus Strait,2019-09-16T00:00:00.000Z,107.85714285714286,1525544.7142857143
Bosporus Strait,2019-10-07T00:00:00.000Z,112.71428571428571,1269179.7142857143
Bosporus Strait,2020-02-24T00:00:00.000Z,102.42857142857143,1142080.5714285714
Bosporus Strait,2020-03-16T00:00:00.000Z,101.0,1355261.5714285714
Bosporus Strait,2020-04-27T00:00:00.000Z,112.57142857142857,1446495.5714285714
Bosporus Strait,2020-05-18T00:00:00.000Z,106.71428571428571,1249480.0
Bosporus Strait,2020-07-13T00:00:00.000Z,91.14285714285714,1019016.1428571428
Bosporus Strait,2020-08-24T00:00:00.000Z,98.28571428571429,1256662.4285714286
Bosporus Strait,2021-04-12T00:00:00.000Z,105.57142857142857,1439517.2857142857
Bosporus Strait,2021-07-26T00:00:00.000Z,99.14285714285714,1376278.142857143
Bosporus Strait,2022-05-02T00:00:00.000Z,84.57142857142857,883164.2857142857
Bosporus Strait,2022-11-07T00:00:00.000Z,105.85714285714286,1169434.142857143
Bosporus Strait,2023-09-18T00:00:00.000Z,94.85714285714286,1095051.0
Bosporus Strait,2024-01-15T00:00:00.000Z,92.71428571428571,1123630.4285714286
Bosporus Strait,2024-04-15T00:00:00.000Z,102.14285714285714,1319212.857142857
Bosporus Strait,2024-06-03T00:00:00.000Z,107.71428571428571,1279895.5714285714
Bosporus Strait,2024-06-17T00:00:00.000Z,95.42857142857143,1122915.857142857
Bosporus Strait,2024-08-26T00:00:00.000Z,96.85714285714286,1174835.4285714286
Bosporus Strait,2026-01-05T00:00:00.000Z,89.71428571428571,1017619.7142857143
Bosporus Strait,2026-03-30T00:00:00.000Z,83.42857142857143,1127564.0
Bosporus Strait,2026-05-18T00:00:00.000Z,87.57142857142857,1151493.5714285714
Bosporus Strait,2026-06-22T00:00:00.000Z,79.0,1011734.2857142857
Bab el-Mandeb Strait,2019-05-06T00:00:00.000Z,50.714285714285715,2526703.4285714286
Bab el-Mandeb Strait,2020-03-23T00:00:00.000Z,52.285714285714285,2612475.8571428573
Bab el-Mandeb Strait,2020-04-13T00:00:00.000Z,58.0,2617953.0
Bab el-Mandeb Strait,2020-05-25T00:00:00.000Z,51.57142857142857,2283214.714285714
Bab el-Mandeb Strait,2020-09-07T00:00:00.000Z,56.285714285714285,2536195.0
Bab el-Mandeb Strait,2020-09-21T00:00:00.000Z,50.714285714285715,2254606.285714286
Bab el-Mandeb Strait,2020-11-16T00:00:00.000Z,57.142857142857146,2490828.8571428573
Bab el-Mandeb Strait,2021-06-07T00:00:00.000Z,55.142857142857146,2600633.714285714
Bab el-Mandeb Strait,2021-08-02T00:00:00.000Z,57.142857142857146,2440062.714285714
Bab el-Mandeb Strait,2021-11-22T00:00:00.000Z,64.28571428571429,2746638.8571428573
Bab el-Mandeb Strait,2021-11-29T00:00:00.000Z,60.857142857142854,2850952.8571428573
Bab el-Mandeb Strait,2022-04-04T00:00:00.000Z,66.42857142857143,2957371.8571428573
Bab el-Mandeb Strait,2022-05-30T00:00:00.000Z,64.71428571428571,3018607.285714286
Bab el-Mandeb Strait,2022-11-14T00:00:00.000Z,68.71428571428571,3089528.5714285714
Bab el-Mandeb Strait,2023-01-09T00:00:00.000Z,69.42857142857143,3297247.285714286
Bab el-Mandeb Strait,2023-05-29T00:00:00.000Z,80.71428571428571,3915099.714285714
Bab el-Mandeb Strait,2024-03-18T00:00:00.000Z,30.857142857142858,1266971.142857143
Bab el-Mandeb Strait,2024-05-20T00:00:00.000Z,32.285714285714285,1132162.2857142857
Bab el-Mandeb Strait,2024-06-17T00:00:00.000Z,31.857142857142858,1153813.0
Bab el-Mandeb Strait,2024-07-01T00:00:00.000Z,29.142857142857142,1060535.4285714286
Bab el-Mandeb Strait,2024-10-14T00:00:00.000Z,30.142857142857142,853670.4285714285
Bab el-Mandeb Strait,2025-05-26T00:00:00.000Z,33.857142857142854,1141959.5714285714
Bab el-Mandeb Strait,2025-10-20T00:00:00.000Z,37.42857142857143,1440819.5714285714
Malacca Strait,2019-02-04T00:00:00.000Z,179.42857142857142,6703360.142857143
Malacca Strait,2019-04-15T00:00:00.000Z,170.85714285714286,6524364.142857143
Malacca Strait,2019-06-10T00:00:00.000Z,163.71428571428572,5889401.714285715
Malacca Strait,2019-12-16T00:00:00.000Z,174.0,6802344.428571428
Malacca Strait,2020-01-13T00:00:00.000Z,179.71428571428572,6406562.571428572
Malacca Strait,2020-04-20T00:00:00.000Z,149.28571428571428,5674661.0
Malacca Strait,2020-06-01T00:00:00.000Z,165.57142857142858,6154245.142857143
Malacca Strait,2020-06-29T00:00:00.000Z,150.28571428571428,5990210.714285715
Malacca Strait,2021-08-02T00:00:00.000Z,142.28571428571428,6320730.142857143
Malacca Strait,2021-08-23T00:00:00.000Z,156.57142857142858,5878981.0
Malacca Strait,2021-10-11T00:00:00.000Z,136.85714285714286,5244791.714285715
Malacca Strait,2021-11-15T00:00:00.000Z,204.71428571428572,7559701.428571428
Malacca Strait,2023-10-09T00:00:00.000Z,220.28571428571428,8525405.57142857
Malacca Strait,2024-03-11T00:00:00.000Z,225.14285714285714,8929033.42857143
Malacca Strait,2025-08-18T00:00:00.000Z,239.28571428571428,9234256.285714285
Malacca Strait,2025-12-22T00:00:00.000Z,242.42857142857142,9508611.142857144
Malacca Strait,2026-03-16T00:00:00.000Z,211.85714285714286,6851309.0
Malacca Strait,2026-05-11T00:00:00.000Z,218.14285714285714,7710743.571428572
Malacca Strait,2026-05-18T00:00:00.000Z,212.71428571428572,7319609.285714285
Malacca Strait,2026-06-01T00:00:00.000Z,206.42857142857142,7570069.285714285
Oresund Strait,2019-01-14T00:00:00.000Z,51.42857142857143,112873.28571428571
Oresund Strait,2019-03-18T00:00:00.000Z,56.42857142857143,92631.28571428571
Oresund Strait,2019-07-15T00:00:00.000Z,56.285714285714285,126013.57142857143
Oresund Strait,2020-01-27T00:00:00.000Z,52.285714285714285,92897.14285714286
Oresund Strait,2020-05-25T00:00:00.000Z,61.285714285714285,109484.42857142857
Oresund Strait,2020-06-01T00:00:00.000Z,57.714285714285715,122657.85714285714
Oresund Strait,2020-06-29T00:00:00.000Z,57.714285714285715,129163.0
Oresund Strait,2020-07-06T00:00:00.000Z,56.57142857142857,112527.71428571429
Oresund Strait,2020-08-17T00:00:00.000Z,57.142857142857146,117663.28571428571
Oresund Strait,2021-06-07T00:00:00.000Z,54.42857142857143,112051.71428571429
Oresund Strait,2021-08-23T00:00:00.000Z,52.857142857142854,113204.28571428571
Oresund Strait,2021-09-06T00:00:00.000Z,51.285714285714285,103109.71428571429
Oresund Strait,2021-10-11T00:00:00.000Z,46.857142857142854,90359.42857142857
Oresund Strait,2021-12-13T00:00:00.000Z,50.285714285714285,94022.42857142857
Oresund Strait,2022-03-21T00:00:00.000Z,52.857142857142854,103300.0
Oresund Strait,2022-05-30T00:00:00.000Z,45.142857142857146,81505.85714285714
Oresund Strait,2022-07-11T00:00:00.000Z,42.714285714285715,80736.0
Oresund Strait,2022-08-22T00:00:00.000Z,46.285714285714285,86902.0
Oresund Strait,2023-02-13T00:00:00.000Z,43.285714285714285,97271.57142857143
Oresund Strait,2023-04-03T00:00:00.000Z,49.142857142857146,111108.71428571429
Oresund Strait,2023-05-01T00:00:00.000Z,44.57142857142857,121056.85714285714
Oresund Strait,2023-07-10T00:00:00.000Z,48.285714285714285,94742.28571428571
Oresund Strait,2023-11-27T00:00:00.000Z,47.142857142857146,122751.57142857143
Oresund Strait,2024-02-26T00:00:00.000Z,46.142857142857146,81834.57142857143
Oresund Strait,2024-05-27T00:00:00.000Z,46.285714285714285,98307.85714285714
Oresund Strait,2025-01-13T00:00:00.000Z,51.57142857142857,155356.0
Oresund Strait,2025-06-30T00:00:00.000Z,47.57142857142857,105193.71428571429
Oresund Strait,2025-08-25T00:00:00.000Z,49.285714285714285,103181.57142857143
Oresund Strait,2025-09-08T00:00:00.000Z,43.57142857142857,108649.42857142857
Oresund Strait,2025-12-29T00:00:00.000Z,36.285714285714285,68029.71428571429
Oresund Strait,2026-02-02T00:00:00.000Z,39.714285714285715,85321.14285714286
Oresund Strait,2026-05-18T00:00:00.000Z,45.142857142857146,108098.0
Luzon Strait,2020-03-30T00:00:00.000Z,59.285714285714285,3249961.4285714286
Luzon Strait,2020-07-27T00:00:00.000Z,67.14285714285714,4338372.142857143
Luzon Strait,2021-02-01T00:00:00.000Z,82.85714285714286,4607012.714285715
Luzon Strait,2021-06-14T00:00:00.000Z,70.71428571428571,4514043.0
Luzon Strait,2022-05-30T00:00:00.000Z,86.71428571428571,5001220.142857143
Luzon Strait,2022-08-01T00:00:00.000Z,81.71428571428571,4748278.285714285
Luzon Strait,2022-12-05T00:00:00.000Z,86.28571428571429,5185390.428571428
Luzon Strait,2023-03-06T00:00:00.000Z,78.42857142857143,4532378.142857143
Luzon Strait,2023-03-27T00:00:00.000Z,72.85714285714286,4317835.285714285
Luzon Strait,2024-01-01T00:00:00.000Z,79.0,4868699.285714285
Luzon Strait,2024-01-08T00:00:00.000Z,78.85714285714286,4859426.285714285
Luzon Strait,2024-01-22T00:00:00.000Z,78.42857142857143,4887436.0
Luzon Strait,2024-11-04T00:00:00.000Z,59.0,3586130.5714285714
Luzon Strait,2025-03-03T00:00:00.000Z,64.14285714285714,4254605.857142857
Luzon Strait,2025-05-05T00:00:00.000Z,63.857142857142854,3943095.714285714
Luzon Strait,2025-06-09T00:00:00.000Z,79.0,4730072.0
Luzon Strait,2025-09-15T00:00:00.000Z,61.285714285714285,3710422.1428571427
Luzon Strait,2026-02-09T00:00:00.000Z,73.42857142857143,4507425.571428572
Luzon Strait,2026-03-23T00:00:00.000Z,56.0,3055324.4285714286
Luzon Strait,2026-03-30T00:00:00.000Z,62.0,3465679.8571428573
Luzon Strait,2026-06-01T00:00:00.000Z,81.0,5927551.857142857
Luzon Strait,2026-07-13T00:00:00.000Z,97.14285714285714,6349312.857142857
Luzon Strait,2026-08-10T00:00:00.000Z,104.0,7441599.0
Ombai Strait,2019-06-10T00:00:00.000Z,12.571428571428571,616287.1428571428
Ombai Strait,2019-12-09T00:00:00.000Z,10.714285714285714,573784.8571428572
Ombai Strait,2019-12-16T00:00:00.000Z,15.0,647003.0
Ombai Strait,2020-03-02T00:00:00.000Z,12.285714285714286,719026.5714285715
Ombai Strait,2020-08-10T00:00:00.000Z,11.714285714285714,417556.85714285716
Ombai Strait,2020-09-07T00:00:00.000Z,9.428571428571429,594449.5714285715
Ombai Strait,2020-10-19T00:00:00.000Z,13.0,595776.8571428572
Ombai Strait,2021-02-08T00:00:00.000Z,11.428571428571429,418711.85714285716
Ombai Strait,2021-02-22T00:00:00.000Z,10.571428571428571,537978.8571428572
Ombai Strait,2021-06-21T00:00:00.000Z,11.428571428571429,424011.0
Ombai Strait,2022-01-31T00:00:00.000Z,11.0,259763.14285714287
Ombai Strait,2022-10-17T00:00:00.000Z,13.428571428571429,549671.8571428572
Ombai Strait,2023-03-06T00:00:00.000Z,9.142857142857142,397616.71428571426
Ombai Strait,2023-10-16T00:00:00.000Z,10.0,390540.28571428574
Ombai Strait,2024-02-19T00:00:00.000Z,12.0,500202.14285714284
Ombai Strait,2024-08-26T00:00:00.000Z,9.428571428571429,412414.71428571426
Ombai Strait,2024-09-30T00:00:00.000Z,9.285714285714286,269642.71428571426
Ombai Strait,2025-01-06T00:00:00.000Z,8.142857142857142,331015.14285714284
Ombai Strait,2025-03-24T00:00:00.000Z,13.142857142857142,1425429.142857143
Ombai Strait,2025-04-14T00:00:00.000Z,8.285714285714286,562026.4285714285
Torres Strait,2019-08-05T00:00:00.000Z,9.571428571428571,190599.2857142857
Torres Strait,2019-09-02T00:00:00.000Z,8.428571428571429,138269.7142857143
Torres Strait,2020-06-29T00:00:00.000Z,7.142857142857143,169844.42857142858
Torres Strait,2021-04-05T00:00:00.000Z,10.428571428571429,213922.0
Torres Strait,2022-03-07T00:00:00.000Z,9.857142857142858,223984.7142857143
Torres Strait,2022-03-21T00:00:00.000Z,6.428571428571429,158520.7142857143
Torres Strait,2022-10-24T00:00:00.000Z,9.142857142857142,158180.7142857143
Torres Strait,2023-03-06T00:00:00.000Z,10.0,186388.57142857142
Torres Strait,2023-04-03T00:00:00.000Z,10.142857142857142,206342.7142857143
Torres Strait,2023-05-01T00:00:00.000Z,9.142857142857142,187447.0
Torres Strait,2023-08-28T00:00:00.000Z,8.857142857142858,168955.7142857143
Torres Strait,2024-01-22T00:00:00.000Z,9.714285714285714,171187.57142857142
Torres Strait,2024-06-03T00:00:00.000Z,9.428571428571429,200217.42857142858
Torres Strait,2025-03-24T00:00:00.000Z,11.857142857142858,217469.57142857142
Torres Strait,2025-04-21T00:00:00.000Z,9.571428571428571,213150.2857142857
Torres Strait,2025-07-28T00:00:00.000Z,8.142857142857142,173578.57142857142
Torres Strait,2025-08-18T00:00:00.000Z,7.857142857142857,152514.57142857142
Torres Strait,2025-09-08T00:00:00.000Z,8.428571428571429,254086.14285714287
Torres Strait,2025-09-15T00:00:00.000Z,9.285714285714286,209792.57142857142
Torres Strait,2025-11-10T00:00:00.000Z,8.285714285714286,136885.0
Torres Strait,2026-01-12T00:00:00.000Z,8.285714285714286,214459.85714285713
Torres Strait,2026-03-23T00:00:00.000Z,9.428571428571429,203282.7142857143
Torres Strait,2026-07-20T00:00:00.000Z,8.571428571428571,196279.7142857143
Torres Strait,2026-08-10T00:00:00.000Z,9.142857142857142,164730.42857142858
Magellan Strait,2019-06-17T00:00:00.000Z,3.7142857142857144,82697.85714285714
Magellan Strait,2019-07-01T00:00:00.000Z,2.857142857142857,69972.85714285714
Magellan Strait,2020-01-27T00:00:00.000Z,44.42857142857143,45914.57142857143
Magellan Strait,2020-09-21T00:00:00.000Z,4.285714285714286,99524.85714285714
Magellan Strait,2020-10-26T00:00:00.000Z,3.142857142857143,92174.28571428571
Magellan Strait,2020-11-30T00:00:00.000Z,3.0,69505.71428571429
Magellan Strait,2021-05-17T00:00:00.000Z,4.857142857142857,129383.85714285714
Magellan Strait,2021-12-06T00:00:00.000Z,3.857142857142857,133578.57142857142
Magellan Strait,2021-12-27T00:00:00.000Z,2.857142857142857,49374.71428571428
Magellan Strait,2022-08-01T00:00:00.000Z,6.571428571428571,216623.57142857142
Magellan Strait,2023-03-13T00:00:00.000Z,4.428571428571429,195785.85714285713
Magellan Strait,2023-06-19T00:00:00.000Z,3.857142857142857,109701.28571428571
Magellan Strait,2023-12-25T00:00:00.000Z,7.0,187142.42857142858
Magellan Strait,2024-01-01T00:00:00.000Z,6.571428571428571,186767.85714285713
Magellan Strait,2024-03-11T00:00:00.000Z,4.428571428571429,138565.2857142857
Magellan Strait,2024-05-27T00:00:00.000Z,4.428571428571429,161481.7142857143
Magellan Strait,2024-06-10T00:00:00.000Z,3.857142857142857,137634.14285714287
Magellan Strait,2024-07-29T00:00:00.000Z,5.857142857142857,240964.2857142857
Magellan Strait,2025-02-17T00:00:00.000Z,3.857142857142857,105982.0
Magellan Strait,2025-06-16T00:00:00.000Z,4.571428571428571,160790.42857142858
Magellan Strait,2025-06-30T00:00:00.000Z,5.428571428571429,118843.85714285714
Magellan Strait,2025-10-20T00:00:00.000Z,3.2857142857142856,89650.14285714286
Magellan Strait,2025-12-01T00:00:00.000Z,4.0,164556.42857142858
Magellan Strait,2026-01-26T00:00:00.000Z,2.7142857142857144,80392.42857142857
Magellan Strait,2026-02-09T00:00:00.000Z,3.2857142857142856,117535.0
Magellan Strait,2026-03-30T00:00:00.000Z,3.7142857142857144,118598.14285714286
Magellan Strait,2026-05-25T00:00:00.000Z,4.0,144702.42857142858
Balabac Strait,2019-01-21T00:00:00.000Z,12.571428571428571,303914.14285714284
Balabac Strait,2020-03-23T00:00:00.000Z,10.0,195218.57142857142
Balabac Strait,2020-04-13T00:00:00.000Z,8.714285714285714,216817.0
Balabac Strait,2020-08-31T00:00:00.000Z,9.857142857142858,194601.0
Balabac Strait,2021-09-27T00:00:00.000Z,7.571428571428571,175618.85714285713
Balabac Strait,2022-09-19T00:00:00.000Z,12.142857142857142,297672.5714285714
Balabac Strait,2023-07-17T00:00:00.000Z,12.428571428571429,349401.0
Balabac Strait,2023-09-04T00:00:00.000Z,9.857142857142858,203782.0
Balabac Strait,2023-11-06T00:00:00.000Z,10.857142857142858,287876.85714285716
Balabac Strait,2023-11-20T00:00:00.000Z,11.857142857142858,269822.28571428574
Balabac Strait,2024-04-29T00:00:00.000Z,11.142857142857142,107597.71428571429
Balabac Strait,2025-04-14T00:00:00.000Z,8.428571428571429,168322.0
Balabac Strait,2025-07-14T00:00:00.000Z,11.571428571428571,254613.57142857142
Balabac Strait,2025-09-08T00:00:00.000Z,6.714285714285714,111820.42857142857
Balabac Strait,2025-11-03T00:00:00.000Z,8.571428571428571,174010.0
Balabac Strait,2025-12-01T00:00:00.000Z,9.428571428571429,200984.7142857143
Balabac Strait,2026-03-02T00:00:00.000Z,10.0,203736.57142857142
Balabac Strait,2026-05-11T00:00:00.000Z,10.142857142857142,309548.5714285714
Balabac Strait,2026-08-17T00:00:00.000Z,11.571428571428571,343102.71428571426
Dover Strait,2019-03-11T00:00:00.000Z,155.14285714285714,2824361.8571428573
Dover Strait,2019-07-08T00:00:00.000Z,157.85714285714286,2819660.0
Dover Strait,2019-09-09T00:00:00.000Z,155.57142857142858,3018468.8571428573
Dover Strait,2019-11-11T00:00:00.000Z,156.0,2919121.1428571427
Dover Strait,2020-04-06T00:00:00.000Z,166.71428571428572,3028012.1428571427
Dover Strait,2020-05-11T00:00:00.000Z,149.42857142857142,2614364.714285714
Dover Strait,2020-05-18T00:00:00.000Z,148.0,2690619.714285714
Dover Strait,2020-10-12T00:00:00.000Z,162.71428571428572,2692791.714285714
Dover Strait,2020-12-21T00:00:00.000Z,147.85714285714286,2658526.285714286
Dover Strait,2021-03-29T00:00:00.000Z,178.57142857142858,3306987.1428571427
Dover Strait,2021-08-30T00:00:00.000Z,160.42857142857142,2859314.8571428573
Dover Strait,2022-01-17T00:00:00.000Z,176.71428571428572,3222287.4285714286
Dover Strait,2022-02-28T00:00:00.000Z,176.42857142857142,3095035.285714286
Dover Strait,2022-04-25T00:00:00.000Z,175.85714285714286,3566404.5714285714
Dover Strait,2022-12-12T00:00:00.000Z,166.85714285714286,3300556.1428571427
Dover Strait,2022-12-26T00:00:00.000Z,150.14285714285714,3487718.285714286
Dover Strait,2023-07-03T00:00:00.000Z,168.71428571428572,3148410.1428571427
Dover Strait,2023-10-30T00:00:00.000Z,135.85714285714286,2980290.0
Dover Strait,2024-04-01T00:00:00.000Z,163.85714285714286,3805610.714285714
Dover Strait,2024-04-08T00:00:00.000Z,178.85714285714286,3673193.4285714286
Dover Strait,2024-06-24T00:00:00.000Z,168.14285714285714,3472546.1428571427
Dover Strait,2024-07-29T00:00:00.000Z,176.57142857142858,3465358.4285714286
Dover Strait,2024-08-19T00:00:00.000Z,170.14285714285714,3413561.0
Dover Strait,2025-11-10T00:00:00.000Z,176.42857142857142,3489395.8571428573
Dover Strait,2026-05-04T00:00:00.000Z,169.57142857142858,3607570.714285714
Tsugaru Strait,2019-04-15T00:00:00.000Z,46.42857142857143,914665.2857142857
Tsugaru Strait,2019-05-20T00:00:00.000Z,43.857142857142854,860292.4285714285
Tsugaru Strait,2019-05-27T00:00:00.000Z,45.714285714285715,897652.4285714285
Tsugaru Strait,2019-09-09T00:00:00.000Z,47.42857142857143,1070203.7142857143
Tsugaru Strait,2020-03-09T00:00:00.000Z,42.42857142857143,725235.0
Tsugaru Strait,2020-03-30T00:00:00.000Z,46.142857142857146,918384.4285714285
Tsugaru Strait,2020-04-06T00:00:00.000Z,49.857142857142854,916524.4285714285
Tsugaru Strait,2020-08-10T00:00:00.000Z,46.42857142857143,1050522.857142857
Tsugaru Strait,2021-07-19T00:00:00.000Z,59.714285714285715,1467477.5714285714
Tsugaru Strait,2022-02-28T00:00:00.000Z,43.57142857142857,869649.8571428572
Tsugaru Strait,2022-12-19T00:00:00.000Z,30.285714285714285,557600.2857142857
Tsugaru Strait,2023-01-09T00:00:00.000Z,35.57142857142857,609215.2857142857
Tsugaru Strait,2023-05-15T00:00:00.000Z,47.42857142857143,995557.8571428572
Tsugaru Strait,2024-02-19T00:00:00.000Z,38.142857142857146,699250.1428571428
Tsugaru Strait,2024-04-22T00:00:00.000Z,47.857142857142854,1115085.5714285714
Tsugaru Strait,2024-09-09T00:00:00.000Z,60.0,1455171.2857142857
Tsugaru Strait,2024-10-14T00:00:00.000Z,46.42857142857143,1049441.857142857
Tsugaru Strait,2025-01-06T00:00:00.000Z,38.142857142857146,933564.4285714285
Tsugaru Strait,2025-02-17T00:00:00.000Z,49.142857142857146,1070328.142857143
Tsugaru Strait,2025-03-31T00:00:00.000Z,49.857142857142854,1074648.4285714286
Tsugaru Strait,2025-04-21T00:00:00.000Z,44.142857142857146,832695.4285714285
Tsugaru Strait,2025-07-07T00:00:00.000Z,55.857142857142854,1315546.857142857
Tsugaru Strait,2026-03-30T00:00:00.000Z,51.285714285714285,1050609.7142857143
Tsugaru Strait,2026-05-18T00:00:00.000Z,51.42857142857143,1167620.2857142857
Panama Canal,2019-02-04T00:00:00.000Z,33.285714285714285,856747.0
Panama Canal,2019-07-22T00:00:00.000Z,31.857142857142858,813383.7142857143
Panama Canal,2020-05-18T00:00:00.000Z,24.571428571428573,693201.2857142857
Panama Canal,2020-06-15T00:00:00.000Z,27.571428571428573,719412.1428571428
Panama Canal,2020-12-07T00:00:00.000Z,34.57142857142857,1041122.1428571428
Panama Canal,2021-01-04T00:00:00.000Z,31.714285714285715,890197.1428571428
Panama Canal,2021-01-25T00:00:00.000Z,33.42857142857143,990951.4285714285
Panama Canal,2021-04-12T00:00:00.000Z,34.0,974803.4285714285
Panama Canal,2021-10-18T00:00:00.000Z,34.57142857142857,989548.8571428572
Panama Canal,2022-06-06T00:00:00.000Z,35.142857142857146,1017146.1428571428
Panama Canal,2022-06-13T00:00:00.000Z,35.142857142857146,1078025.2857142857
Panama Canal,2023-02-13T00:00:00.000Z,31.571428571428573,916984.0
Panama Canal,2023-02-27T00:00:00.000Z,33.142857142857146,903519.0
Panama Canal,2023-07-24T00:00:00.000Z,32.57142857142857,841980.8571428572
Panama Canal,2023-08-28T00:00:00.000Z,31.142857142857142,828698.2857142857
Panama Canal,2024-06-03T00:00:00.000Z,28.571428571428573,746625.7142857143
Panama Canal,2024-06-24T00:00:00.000Z,27.0,763701.7142857143
Panama Canal,2025-02-24T00:00:00.000Z,32.42857142857143,965168.0
Panama Canal,2025-03-31T00:00:00.000Z,31.714285714285715,896519.2857142857
Panama Canal,2025-10-13T00:00:00.000Z,32.57142857142857,920649.4285714285
Panama Canal,2025-11-24T00:00:00.000Z,34.0,978074.7142857143
Makassar Strait,2019-06-03T00:00:00.000Z,46.714285714285715,2661617.0
Makassar Strait,2020-02-03T00:00:00.000Z,51.57142857142857,2410394.714285714
Makassar Strait,2020-02-17T00:00:00.000Z,47.42857142857143,2411375.8571428573
Makassar Strait,2020-03-16T00:00:00.000Z,48.714285714285715,2012594.5714285714
Makassar Strait,2020-06-15T00:00:00.000Z,52.714285714285715,2424638.4285714286
Makassar Strait,2020-11-02T00:00:00.000Z,51.857142857142854,2746203.4285714286
Makassar Strait,2021-02-01T00:00:00.000Z,48.57142857142857,1915041.142857143
Makassar Strait,2021-05-10T00:00:00.000Z,52.42857142857143,2665408.285714286
Makassar Strait,2021-09-20T00:00:00.000Z,52.42857142857143,2734809.714285714
Makassar Strait,2021-11-22T00:00:00.000Z,55.285714285714285,3039249.714285714
Makassar Strait,2021-12-20T00:00:00.000Z,52.57142857142857,3149823.0
Makassar Strait,2022-01-24T00:00:00.000Z,46.57142857142857,2916444.0
Makassar Strait,2022-05-16T00:00:00.000Z,52.857142857142854,2721073.714285714
Makassar Strait,2022-07-04T00:00:00.000Z,53.42857142857143,3019487.714285714
Makassar Strait,2022-08-15T00:00:00.000Z,54.857142857142854,3314619.1428571427
Makassar Strait,2023-02-13T00:00:00.000Z,58.0,2696560.285714286
Makassar Strait,2023-07-10T00:00:00.000Z,56.285714285714285,3409744.5714285714
Makassar Strait,2023-07-24T00:00:00.000Z,60.0,3505226.0
Makassar Strait,2023-10-09T00:00:00.000Z,58.57142857142857,3246489.4285714286
Makassar Strait,2023-12-11T00:00:00.000Z,61.57142857142857,3252269.5714285714
Makassar Strait,2024-02-12T00:00:00.000Z,57.285714285714285,2990849.714285714
Makassar Strait,2024-02-19T00:00:00.000Z,63.285714285714285,3265075.714285714
Makassar Strait,2025-07-21T00:00:00.000Z,47.57142857142857,2963502.5714285714
Makassar Strait,2025-09-15T00:00:00.000Z,50.285714285714285,3313922.285714286
Makassar Strait,2025-11-24T00:00:00.000Z,45.285714285714285,2473447.285714286
Makassar Strait,2025-12-08T00:00:00.000Z,27.571428571428573,1853706.7142857143
Makassar Strait,2026-03-23T00:00:00.000Z,44.857142857142854,2863287.285714286
Makassar Strait,2026-04-27T00:00:00.000Z,52.285714285714285,3594098.0
Makassar Strait,2026-08-17T00:00:00.000Z,50.285714285714285,3019819.714285714
Yucatan Channel,2019-04-29T00:00:00.000Z,43.0,1012240.5714285715
Yucatan Channel,2019-06-24T00:00:00.000Z,42.714285714285715,909929.5714285715
Yucatan Channel,2019-09-16T00:00:00.000Z,43.42857142857143,978270.1428571428
Yucatan Channel,2020-03-02T00:00:00.000Z,44.285714285714285,913363.1428571428
Yucatan Channel,2020-03-09T00:00:00.000Z,47.57142857142857,976887.7142857143
Yucatan Channel,2020-06-08T00:00:00.000Z,35.714285714285715,616461.2857142857
Yucatan Channel,2021-03-22T00:00:00.000Z,43.42857142857143,1047348.2857142857
Yucatan Channel,2021-05-03T00:00:00.000Z,42.857142857142854,1037786.8571428572
Yucatan Channel,2021-10-18T00:00:00.000Z,41.57142857142857,982656.1428571428
Yucatan Channel,2021-11-01T00:00:00.000Z,48.42857142857143,1238852.5714285714
Yucatan Channel,2022-09-26T00:00:00.000Z,44.42857142857143,1109128.142857143
Yucatan Channel,2022-11-21T00:00:00.000Z,42.142857142857146,1049002.5714285714
Yucatan Channel,2023-01-02T00:00:00.000Z,43.857142857142854,1052642.7142857143
Yucatan Channel,2023-04-10T00:00:00.000Z,43.57142857142857,959429.4285714285
Yucatan Channel,2023-06-12T00:00:00.000Z,42.57142857142857,956403.7142857143
Yucatan Channel,2023-07-17T00:00:00.000Z,47.57142857142857,996382.8571428572
Yucatan Channel,2023-09-18T00:00:00.000Z,44.0,1060687.0
Yucatan Channel,2024-05-20T00:00:00.000Z,46.142857142857146,1116952.857142857
Yucatan Channel,2024-09-02T00:00:00.000Z,49.142857142857146,1140544.2857142857
Yucatan Channel,2025-08-18T00:00:00.000Z,50.857142857142854,1298242.2857142857
Yucatan Channel,2026-03-09T00:00:00.000Z,50.857142857142854,1185170.0
Yucatan Channel,2026-03-16T00:00:00.000Z,49.285714285714285,1322380.857142857
Yucatan Channel,2026-04-27T00:00:00.000Z,56.857142857142854,1483739.7142857143
Yucatan Channel,2026-08-10T00:00:00.000Z,51.285714285714285,1350625.142857143
Windward Passage,2019-03-18T00:00:00.000Z,17.0,295979.14285714284
Windward Passage,2019-04-15T00:00:00.000Z,16.142857142857142,255925.85714285713
Windward Passage,2019-05-27T00:00:00.000Z,15.428571428571429,196523.85714285713
Windward Passage,2019-10-21T00:00:00.000Z,14.857142857142858,252756.14285714287
Windward Passage,2019-11-18T00:00:00.000Z,15.714285714285714,218661.0
Windward Passage,2020-01-20T00:00:00.000Z,19.714285714285715,245678.85714285713
Windward Passage,2020-02-17T00:00:00.000Z,17.142857142857142,268303.28571428574
Windward Passage,2020-05-11T00:00:00.000Z,16.428571428571427,286455.5714285714
Windward Passage,2020-11-30T00:00:00.000Z,18.0,277763.85714285716
Windward Passage,2021-05-31T00:00:00.000Z,15.714285714285714,302172.71428571426
Windward Passage,2022-12-19T00:00:00.000Z,15.571428571428571,277145.4285714286
Windward Passage,2023-02-06T00:00:00.000Z,16.857142857142858,308092.14285714284
Windward Passage,2023-05-08T00:00:00.000Z,16.0,260598.42857142858
Windward Passage,2023-07-31T00:00:00.000Z,17.142857142857142,295354.85714285716
Windward Passage,2023-09-04T00:00:00.000Z,14.142857142857142,178667.7142857143
Windward Passage,2023-12-25T00:00:00.000Z,14.142857142857142,184085.7142857143
Windward Passage,2024-02-05T00:00:00.000Z,16.285714285714285,207451.42857142858
Windward Passage,2024-08-05T00:00:00.000Z,15.285714285714286,322409.4285714286
Windward Passage,2024-10-21T00:00:00.000Z,13.714285714285714,272250.85714285716
Windward Passage,2024-12-16T00:00:00.000Z,15.0,259601.57142857142
Windward Passage,2025-05-26T00:00:00.000Z,16.285714285714285,305382.28571428574
Windward Passage,2025-08-11T00:00:00.000Z,17.428571428571427,285622.85714285716
Windward Passage,2025-08-18T00:00:00.000Z,17.285714285714285,302006.14285714284
Windward Passage,2025-10-06T00:00:00.000Z,16.285714285714285,237460.57142857142
Kerch Strait,2019-04-22T00:00:00.000Z,55.57142857142857,124571.0
Kerch Strait,2019-07-22T00:00:00.000Z,74.0,194105.42857142858
Kerch Strait,2020-02-10T00:00:00.000Z,45.42857142857143,113288.28571428571
Kerch Strait,2020-04-20T00:00:00.000Z,63.285714285714285,118612.71428571429
Kerch Strait,2020-10-19T00:00:00.000Z,67.14285714285714,138254.14285714287
Kerch Strait,2020-12-07T00:00:00.000Z,26.714285714285715,40108.71428571428
Kerch Strait,2021-08-02T00:00:00.000Z,62.142857142857146,117026.14285714286
Kerch Strait,2021-08-30T00:00:00.000Z,61.714285714285715,127640.42857142857
Kerch Strait,2021-12-20T00:00:00.000Z,17.571428571428573,45841.28571428572
Kerch Strait,2022-01-10T00:00:00.000Z,11.857142857142858,23919.428571428572
Kerch Strait,2022-02-07T00:00:00.000Z,22.571428571428573,45720.142857142855
Kerch Strait,2022-09-26T00:00:00.000Z,38.285714285714285,61229.28571428572
Kerch Strait,2023-01-16T00:00:00.000Z,21.142857142857142,37340.42857142857
Kerch Strait,2023-12-25T00:00:00.000Z,1.8571428571428572,13682.142857142857
Kerch Strait,2024-07-15T00:00:00.000Z,1.7142857142857142,7208.0
Kerch Strait,2024-12-09T00:00:00.000Z,14.285714285714286,61910.857142857145
Kerch Strait,2025-03-03T00:00:00.000Z,9.428571428571429,30212.85714285714
Kerch Strait,2025-07-14T00:00:00.000Z,11.857142857142858,63599.28571428572
Kerch Strait,2025-10-13T00:00:00.000Z,25.142857142857142,90772.85714285714
Kerch Strait,2026-04-13T00:00:00.000Z,8.857142857142858,20731.285714285714
Gibraltar Strait,2020-03-30T00:00:00.000Z,126.85714285714286,3509181.4285714286
Gibraltar Strait,2020-06-15T00:00:00.000Z,121.71428571428571,3039362.8571428573
Gibraltar Strait,2021-04-12T00:00:00.000Z,135.28571428571428,3567040.5714285714
Gibraltar Strait,2021-08-23T00:00:00.000Z,131.85714285714286,3556848.714285714
Gibraltar Strait,2021-10-04T00:00:00.000Z,127.85714285714286,3384313.714285714
Gibraltar Strait,2021-11-15T00:00:00.000Z,113.14285714285714,3379624.714285714
Gibraltar Strait,2021-11-22T00:00:00.000Z,118.71428571428571,3372631.0
Gibraltar Strait,2022-05-30T00:00:00.000Z,140.71428571428572,3993355.8571428573
Gibraltar Strait,2022-11-28T00:00:00.000Z,147.85714285714286,3877996.8571428573
Gibraltar Strait,2023-05-22T00:00:00.000Z,151.14285714285714,4159141.4285714286
Gibraltar Strait,2023-05-29T00:00:00.000Z,148.0,4099209.5714285714
Gibraltar Strait,2023-07-24T00:00:00.000Z,144.71428571428572,3893119.8571428573
Gibraltar Strait,2023-09-25T00:00:00.000Z,141.85714285714286,4221758.428571428
Gibraltar Strait,2024-01-22T00:00:00.000Z,134.0,3460341.5714285714
Gibraltar Strait,2024-03-04T00:00:00.000Z,132.57142857142858,3927866.1428571427
Gibraltar Strait,2024-03-11T00:00:00.000Z,149.0,3927391.714285714
Gibraltar Strait,2024-04-08T00:00:00.000Z,140.0,4111601.8571428573
Gibraltar Strait,2024-04-22T00:00:00.000Z,138.71428571428572,3570169.1428571427
Gibraltar Strait,2024-06-10T00:00:00.000Z,133.85714285714286,3644492.0
Gibraltar Strait,2025-02-10T00:00:00.000Z,131.57142857142858,3439406.8571428573
Gibraltar Strait,2025-08-18T00:00:00.000Z,129.0,3598370.1428571427
Gibraltar Strait,2026-01-19T00:00:00.000Z,114.85714285714286,3078550.1428571427
Gibraltar Strait,2026-03-02T00:00:00.000Z,139.42857142857142,3617613.285714286
Gibraltar Strait,2026-07-13T00:00:00.000Z,124.57142857142857,3057953.5714285714
Taiwan Strait,2018-12-31T00:00:00.000Z,250.16666666666666,4934058.0
Taiwan Strait,2019-07-01T00:00:00.000Z,252.28571428571428,5703691.714285715
Taiwan Strait,2019-12-23T00:00:00.000Z,270.2857142857143,5429678.285714285
Taiwan Strait,2020-01-27T00:00:00.000Z,353.42857142857144,4002801.1428571427
Taiwan Strait,2020-03-02T00:00:00.000Z,234.57142857142858,4721537.571428572
Taiwan Strait,2020-08-17T00:00:00.000Z,261.2857142857143,5585715.571428572
Taiwan Strait,2020-09-14T00:00:00.000Z,266.0,5868763.714285715
Taiwan Strait,2020-12-07T00:00:00.000Z,281.7142857142857,5916411.142857143
Taiwan Strait,2021-03-08T00:00:00.000Z,260.0,5331035.142857143
Taiwan Strait,2022-02-21T00:00:00.000Z,226.14285714285714,4561018.428571428
Taiwan Strait,2022-03-07T00:00:00.000Z,250.85714285714286,4999746.285714285
Taiwan Strait,2022-08-22T00:00:00.000Z,228.85714285714286,5243264.571428572
Taiwan Strait,2022-12-26T00:00:00.000Z,229.14285714285714,5394722.571428572
Taiwan Strait,2023-02-20T00:00:00.000Z,224.71428571428572,5085704.285714285
Taiwan Strait,2023-10-02T00:00:00.000Z,183.28571428571428,5099266.571428572
Taiwan Strait,2023-12-18T00:00:00.000Z,208.57142857142858,4861904.142857143
Taiwan Strait,2024-01-29T00:00:00.000Z,228.0,5173426.428571428
Taiwan Strait,2024-02-12T00:00:00.000Z,210.0,5055480.0
Taiwan Strait,2024-02-26T00:00:00.000Z,229.42857142857142,5386677.714285715
Taiwan Strait,2024-03-04T00:00:00.000Z,233.28571428571428,5461297.142857143
Taiwan Strait,2024-07-22T00:00:00.000Z,213.0,5776754.428571428
Taiwan Strait,2024-08-12T00:00:00.000Z,202.28571428571428,4454489.571428572
Taiwan Strait,2024-11-18T00:00:00.000Z,215.71428571428572,5317323.857142857
Taiwan Strait,2025-07-07T00:00:00.000Z,273.14285714285717,6782625.428571428
Taiwan Strait,2025-07-14T00:00:00.000Z,261.2857142857143,7023772.714285715
Taiwan Strait,2026-05-04T00:00:00.000Z,240.0,6438188.857142857
Taiwan Strait,2026-07-06T00:00:00.000Z,208.0,5669861.857142857
Bohai Strait,2019-05-27T00:00:00.000Z,173.57142857142858,5469065.714285715
Bohai Strait,2019-07-29T00:00:00.000Z,158.42857142857142,4844505.285714285
Bohai Strait,2020-06-15T00:00:00.000Z,202.71428571428572,5961000.428571428
Bohai Strait,2020-12-28T00:00:00.000Z,181.71428571428572,5317942.142857143
Bohai Strait,2021-12-13T00:00:00.000Z,185.42857142857142,5893068.285714285
Bohai Strait,2022-02-21T00:00:00.000Z,187.42857142857142,4971481.285714285
Bohai Strait,2022-08-08T00:00:00.000Z,182.14285714285714,5922261.428571428
Bohai Strait,2022-11-07T00:00:00.000Z,177.57142857142858,5996342.571428572
Bohai Strait,2023-05-22T00:00:00.000Z,192.85714285714286,6159137.857142857
Bohai Strait,2023-06-05T00:00:00.000Z,195.42857142857142,6225842.285714285
Bohai Strait,2023-06-19T00:00:00.000Z,195.28571428571428,6159045.571428572
Bohai Strait,2023-09-11T00:00:00.000Z,179.14285714285714,5385114.857142857
Bohai Strait,2024-07-15T00:00:00.000Z,167.57142857142858,6060612.571428572
Bohai Strait,2024-07-29T00:00:00.000Z,153.42857142857142,5589527.285714285
Bohai Strait,2024-10-14T00:00:00.000Z,158.71428571428572,5616973.571428572
Bohai Strait,2024-10-21T00:00:00.000Z,177.85714285714286,6428973.714285715
Bohai Strait,2025-01-06T00:00:00.000Z,167.14285714285714,6365191.571428572
Bohai Strait,2025-01-27T00:00:00.000Z,131.85714285714286,4548726.714285715
Bohai Strait,2025-03-03T00:00:00.000Z,171.57142857142858,5492015.285714285
Bohai Strait,2025-06-16T00:00:00.000Z,177.85714285714286,5719520.571428572
Bohai Strait,2025-08-18T00:00:00.000Z,174.85714285714286,5768848.571428572
Bohai Strait,2025-09-29T00:00:00.000Z,164.71428571428572,5919128.285714285
Bohai Strait,2026-01-12T00:00:00.000Z,168.71428571428572,6258773.857142857
Bohai Strait,2026-02-02T00:00:00.000Z,161.71428571428572,6340204.714285715
Bohai Strait,2026-02-09T00:00:00.000Z,178.42857142857142,7095131.428571428
Sunda Strait,2019-01-28T00:00:00.000Z,26.714285714285715,1096727.0
Sunda Strait,2019-10-14T00:00:00.000Z,26.714285714285715,894320.1428571428
Sunda Strait,2020-02-10T00:00:00.000Z,25.428571428571427,630861.5714285715
Sunda Strait,2020-10-05T00:00:00.000Z,24.428571428571427,814115.0
Sunda Strait,2021-01-11T00:00:00.000Z,26.142857142857142,1045951.1428571428
Sunda Strait,2021-03-15T00:00:00.000Z,28.428571428571427,961068.2857142857
Sunda Strait,2021-03-29T00:00:00.000Z,24.142857142857142,949271.2857142857
Sunda Strait,2021-08-16T00:00:00.000Z,27.142857142857142,918466.1428571428
Sunda Strait,2021-09-13T00:00:00.000Z,24.428571428571427,918552.0
Sunda Strait,2021-10-04T00:00:00.000Z,23.142857142857142,666076.7142857143
Sunda Strait,2022-02-14T00:00:00.000Z,25.857142857142858,869518.2857142857
Sunda Strait,2022-04-18T00:00:00.000Z,23.857142857142858,779649.2857142857
Sunda Strait,2022-05-02T00:00:00.000Z,22.142857142857142,799395.4285714285
Sunda Strait,2022-06-13T00:00:00.000Z,23.142857142857142,577200.5714285715
Sunda Strait,2022-09-05T00:00:00.000Z,28.571428571428573,1081249.5714285714
Sunda Strait,2022-11-21T00:00:00.000Z,26.857142857142858,1071353.0
Sunda Strait,2023-04-17T00:00:00.000Z,27.285714285714285,1003474.2857142857
Sunda Strait,2023-08-07T00:00:00.000Z,33.285714285714285,1197594.2857142857
Sunda Strait,2023-08-21T00:00:00.000Z,33.42857142857143,1236985.4285714286
Sunda Strait,2023-10-02T00:00:00.000Z,28.142857142857142,1168739.4285714286
Sunda Strait,2023-10-09T00:00:00.000Z,30.571428571428573,1074556.0
Sunda Strait,2024-03-18T00:00:00.000Z,32.857142857142854,1424769.4285714286
Sunda Strait,2024-03-25T00:00:00.000Z,33.285714285714285,1346791.5714285714
Sunda Strait,2024-06-10T00:00:00.000Z,30.0,1039052.5714285715
Sunda Strait,2024-07-15T00:00:00.000Z,32.0,1265519.142857143
Sunda Strait,2024-10-28T00:00:00.000Z,38.57142857142857,1684327.5714285714
Sunda Strait,2025-05-12T00:00:00.000Z,32.285714285714285,1418479.4285714286
Sunda Strait,2025-06-23T00:00:00.000Z,29.285714285714285,1058082.5714285714
Sunda Strait,2026-04-13T00:00:00.000Z,35.142857142857146,1456693.4285714286
Sunda Strait,2026-05-11T00:00:00.000Z,36.285714285714285,1635177.4285714286
Sunda Strait,2026-06-22T00:00:00.000Z,34.714285714285715,1259205.857142857
Mona Passage,2019-02-04T00:00:00.000Z,10.571428571428571,239910.0
Mona Passage,2019-06-03T00:00:00.000Z,11.857142857142858,249949.42857142858
Mona Passage,2019-06-10T00:00:00.000Z,9.714285714285714,272728.0
Mona Passage,2020-07-27T00:00:00.000Z,9.142857142857142,214243.85714285713
Mona Passage,2020-09-28T00:00:00.000Z,9.714285714285714,254906.57142857142
Mona Passage,2021-01-18T00:00:00.000Z,10.285714285714286,265070.71428571426
Mona Passage,2021-06-21T00:00:00.000Z,10.857142857142858,264128.28571428574
Mona Passage,2021-07-26T00:00:00.000Z,9.428571428571429,249734.42857142858
Mona Passage,2021-08-16T00:00:00.000Z,10.571428571428571,283500.28571428574
Mona Passage,2021-10-18T00:00:00.000Z,11.714285714285714,324915.4285714286
Mona Passage,2022-02-28T00:00:00.000Z,9.571428571428571,255213.42857142858
Mona Passage,2022-10-03T00:00:00.000Z,12.428571428571429,333510.85714285716
Mona Passage,2022-12-26T00:00:00.000Z,10.285714285714286,340381.0
Mona Passage,2023-04-24T00:00:00.000Z,11.714285714285714,328241.71428571426
Mona Passage,2023-12-04T00:00:00.000Z,9.285714285714286,184636.2857142857
Mona Passage,2024-01-01T00:00:00.000Z,9.857142857142858,258088.2857142857
Mona Passage,2024-01-22T00:00:00.000Z,8.285714285714286,195577.14285714287
Mona Passage,2024-02-05T00:00:00.000Z,10.571428571428571,217690.7142857143
Mona Passage,2024-05-27T00:00:00.000Z,9.571428571428571,234317.14285714287
Mona Passage,2024-06-17T00:00:00.000Z,10.714285714285714,260586.57142857142
Mona Passage,2024-09-02T00:00:00.000Z,10.142857142857142,270904.85714285716
Mona Passage,2024-12-09T00:00:00.000Z,10.571428571428571,371089.28571428574
Mona Passage,2025-03-10T00:00:00.000Z,11.0,357031.0
Mona Passage,2025-07-21T00:00:00.000Z,13.0,340517.28571428574
Mona Passage,2025-12-22T00:00:00.000Z,10.714285714285714,375774.14285714284
Mona Passage,2026-02-02T00:00:00.000Z,9.714285714285714,209259.7142857143
Mona Passage,2026-02-16T00:00:00.000Z,10.714285714285714,267219.0
Mona Passage,2026-05-04T00:00:00.000Z,12.142857142857142,266886.5714285714
Mona Passage,2026-07-06T00:00:00.000Z,11.142857142857142,293092.14285714284
Mona Passage,2026-07-27T00:00:00.000Z,12.142857142857142,300679.28571428574
Bering Strait,2019-02-18T00:00:00.000Z,1.8571428571428572,36424.857142857145
Bering Strait,2020-01-06T00:00:00.000Z,0.0,0.0
Bering Strait,2020-05-25T00:00:00.000Z,0.14285714285714285,0.0
Bering Strait,2020-09-07T00:00:00.000Z,1.5714285714285714,15523.42857142857
Bering Strait,2021-10-04T00:00:00.000Z,2.857142857142857,42094.142857142855
Bering Strait,2022-06-13T00:00:00.000Z,0.0,0.0
Bering Strait,2022-07-04T00:00:00.000Z,0.5714285714285714,1304.7142857142858
Bering Strait,2023-01-02T00:00:00.000Z,0.0,0.0
Bering Strait,2023-01-09T00:00:00.000Z,0.14285714285714285,0.0
Bering Strait,2023-01-23T00:00:00.000Z,0.0,0.0
Bering Strait,2023-08-28T00:00:00.000Z,3.7142857142857144,98524.85714285714
Bering Strait,2023-10-23T00:00:00.000Z,1.8571428571428572,41150.28571428572
Bering Strait,2023-11-27T00:00:00.000Z,0.5714285714285714,986.8571428571429
Bering Strait,2024-03-04T00:00:00.000Z,0.0,0.0
Bering Strait,2024-05-20T00:00:00.000Z,0.0,0.0
Bering Strait,2024-06-17T00:00:00.000Z,0.14285714285714285,0.0
Bering Strait,2024-07-22T00:00:00.000Z,0.42857142857142855,6540.0
Bering Strait,2024-08-12T00:00:00.000Z,2.4285714285714284,79054.85714285714
Bering Strait,2024-09-30T00:00:00.000Z,2.5714285714285716,33759.142857142855
Bering Strait,2024-10-14T00:00:00.000Z,3.4285714285714284,59593.142857142855
Bering Strait,2024-12-16T00:00:00.000Z,0.0,0.0
Bering Strait,2025-01-20T00:00:00.000Z,0.0,0.0
Bering Strait,2025-01-27T00:00:00.000Z,0.14285714285714285,0.0
Bering Strait,2025-09-08T00:00:00.000Z,4.142857142857143,125707.0
Bering Strait,2025-09-22T00:00:00.000Z,3.5714285714285716,82342.42857142857
Bering Strait,2025-10-27T00:00:00.000Z,1.5714285714285714,17398.0
Bering Strait,2026-04-13T00:00:00.000Z,0.0,0.0
Bering Strait,2026-06-08T00:00:00.000Z,0.0,0.0
Bering Strait,2026-06-29T00:00:00.000Z,0.42857142857142855,30803.285714285714
Strait of Hormuz,2018-12-31T00:00:00.000Z,60.0,2644623.5
Strait of Hormuz,2019-09-23T00:00:00.000Z,78.28571428571429,3034951.1428571427
Strait of Hormuz,2019-10-14T00:00:00.000Z,86.0,3528772.8571428573
Strait of Hormuz,2021-05-17T00:00:00.000Z,86.0,3588700.5714285714
Strait of Hormuz,2021-05-31T00:00:00.000Z,95.28571428571429,4023303.1428571427
Strait of Hormuz,2022-02-21T00:00:00.000Z,95.57142857142857,4019309.1428571427
Strait of Hormuz,2022-12-26T00:00:00.000Z,74.42857142857143,2953492.5714285714
Strait of Hormuz,2023-04-17T00:00:00.000Z,102.14285714285714,4090115.5714285714
Strait of Hormuz,2023-09-11T00:00:00.000Z,96.85714285714286,3750357.285714286
Strait of Hormuz,2024-02-05T00:00:00.000Z,73.85714285714286,2758768.4285714286
Strait of Hormuz,2024-02-26T00:00:00.000Z,72.71428571428571,2676555.1428571427
Strait of Hormuz,2024-03-11T00:00:00.000Z,107.28571428571429,4310138.714285715
Strait of Hormuz,2024-12-16T00:00:00.000Z,70.57142857142857,2571481.714285714
Strait of Hormuz,2025-01-20T00:00:00.000Z,71.42857142857143,2659246.714285714
Strait of Hormuz,2025-04-07T00:00:00.000Z,102.57142857142857,3916287.0
Strait of Hormuz,2025-05-19T00:00:00.000Z,111.0,3852925.4285714286
Strait of Hormuz,2025-06-02T00:00:00.000Z,95.28571428571429,3732549.8571428573
Strait of Hormuz,2025-08-04T00:00:00.000Z,80.42857142857143,3115354.5714285714
Strait of Hormuz,2025-12-22T00:00:00.000Z,60.0,2420320.1428571427
Cape of Good Hope,2019-03-25T00:00:00.000Z,39.57142857142857,2536548.8571428573
Cape of Good Hope,2019-05-13T00:00:00.000Z,47.857142857142854,3234976.8571428573
Cape of Good Hope,2019-07-08T00:00:00.000Z,56.57142857142857,3355436.285714286
Cape of Good Hope,2019-11-04T00:00:00.000Z,47.0,2562481.4285714286
Cape of Good Hope,2020-02-10T00:00:00.000Z,47.285714285714285,2423132.285714286
Cape of Good Hope,2020-03-23T00:00:00.000Z,45.57142857142857,2319139.714285714
Cape of Good Hope,2020-06-01T00:00:00.000Z,54.57142857142857,3291559.8571428573
Cape of Good Hope,2020-06-15T00:00:00.000Z,60.0,3826255.714285714
Cape of Good Hope,2021-04-19T00:00:00.000Z,55.142857142857146,3108545.8571428573
Cape of Good Hope,2021-10-18T00:00:00.000Z,42.285714285714285,2831328.714285714
Cape of Good Hope,2021-10-25T00:00:00.000Z,43.714285714285715,2716756.4285714286
Cape of Good Hope,2021-12-06T00:00:00.000Z,43.285714285714285,2425187.8571428573
Cape of Good Hope,2022-09-19T00:00:00.000Z,45.42857142857143,3248423.8571428573
Cape of Good Hope,2022-12-26T00:00:00.000Z,38.42857142857143,2262781.5714285714
Cape of Good Hope,2023-05-29T00:00:00.000Z,54.42857142857143,3496473.285714286
Cape of Good Hope,2023-06-12T00:00:00.000Z,49.42857142857143,3413652.4285714286
Cape of Good Hope,2024-05-13T00:00:00.000Z,93.71428571428571,5297548.0
Cape of Good Hope,2024-05-20T00:00:00.000Z,91.0,5236800.714285715
Cape of Good Hope,2024-06-10T00:00:00.000Z,97.42857142857143,6036313.714285715
Cape of Good Hope,2024-08-26T00:00:00.000Z,82.57142857142857,4872297.428571428
Cape of Good Hope,2024-12-16T00:00:00.000Z,83.14285714285714,5322282.857142857
Cape of Good Hope,2025-03-17T00:00:00.000Z,77.14285714285714,5171868.428571428
Cape of Good Hope,2026-06-08T00:00:00.000Z,91.14285714285714,6125788.285714285
Suez Canal,2019-04-22T00:00:00.000Z,53.285714285714285,2426345.1428571427
Suez Canal,2019-09-16T00:00:00.000Z,51.142857142857146,2194113.714285714
Suez Canal,2020-01-13T00:00:00.000Z,51.142857142857146,2485010.1428571427
Suez Canal,2020-02-17T00:00:00.000Z,52.142857142857146,2529364.4285714286
Suez Canal,2020-09-28T00:00:00.000Z,51.57142857142857,2246381.0
Suez Canal,2021-01-25T00:00:00.000Z,50.57142857142857,2007945.2857142857
Suez Canal,2021-02-01T00:00:00.000Z,52.857142857142854,2386334.1428571427
Suez Canal,2021-08-09T00:00:00.000Z,61.42857142857143,2788422.285714286
Suez Canal,2022-01-17T00:00:00.000Z,58.57142857142857,2539768.285714286
Suez Canal,2022-01-31T00:00:00.000Z,61.285714285714285,2566275.8571428573
Suez Canal,2022-05-09T00:00:00.000Z,64.14285714285714,3091519.1428571427
Suez Canal,2022-06-20T00:00:00.000Z,66.14285714285714,2988661.8571428573
Suez Canal,2022-07-04T00:00:00.000Z,67.14285714285714,2680362.1428571427
Suez Canal,2022-07-25T00:00:00.000Z,74.71428571428571,3177710.4285714286
Suez Canal,2022-12-05T00:00:00.000Z,73.85714285714286,3177876.285714286
Suez Canal,2023-04-17T00:00:00.000Z,79.0,3747129.8571428573
Suez Canal,2023-07-24T00:00:00.000Z,68.28571428571429,3110434.5714285714
Suez Canal,2023-09-11T00:00:00.000Z,75.28571428571429,3525886.4285714286
Suez Canal,2023-10-23T00:00:00.000Z,77.57142857142857,3425430.8571428573
Suez Canal,2023-12-04T00:00:00.000Z,73.71428571428571,3150246.8571428573
Suez Canal,2024-02-05T00:00:00.000Z,42.57142857142857,1532462.857142857
Suez Canal,2024-07-15T00:00:00.000Z,37.57142857142857,1241692.5714285714
Suez Canal,2024-11-18T00:00:00.000Z,37.857142857142854,1243352.2857142857
Suez Canal,2024-11-25T00:00:00.000Z,33.142857142857146,930703.8571428572
Suez Canal,2025-01-27T00:00:00.000Z,36.57142857142857,1201864.0
Suez Canal,2025-10-06T00:00:00.000Z,39.0,1377585.857142857
Suez Canal,2025-12-08T00:00:00.000Z,41.57142857142857,1648333.857142857
Suez Canal,2026-03-09T00:00:00.000Z,40.142857142857146,1283605.0
Suez Canal,2026-04-06T00:00:00.000Z,40.857142857142854,1311605.4285714286
Korea Strait,2018-12-31T00:00:00.000Z,204.5,2542135.1666666665
Korea Strait,2019-06-03T00:00:00.000Z,224.42857142857142,2505824.0
Korea Strait,2019-07-08T00:00:00.000Z,229.71428571428572,3000514.5714285714
Korea Strait,2020-04-13T00:00:00.000Z,231.28571428571428,2577720.8571428573
Korea Strait,2020-06-08T00:00:00.000Z,217.14285714285714,2775060.8571428573
Korea Strait,2020-07-06T00:00:00.000Z,231.0,2588336.8571428573
Korea Strait,2021-10-25T00:00:00.000Z,242.57142857142858,2895908.1428571427
Korea Strait,2022-02-07T00:00:00.000Z,233.85714285714286,2977195.8571428573
Korea Strait,2022-04-25T00:00:00.000Z,230.0,2970441.5714285714
Korea Strait,2022-05-02T00:00:00.000Z,220.57142857142858,2886245.4285714286
Korea Strait,2022-07-25T00:00:00.000Z,244.14285714285714,3193988.714285714
Korea Strait,2022-09-19T00:00:00.000Z,268.42857142857144,3600967.1428571427
Korea Strait,2022-09-26T00:00:00.000Z,252.28571428571428,2847264.5714285714
Korea Strait,2023-02-06T00:00:00.000Z,213.42857142857142,2409706.285714286
Korea Strait,2023-02-27T00:00:00.000Z,220.71428571428572,2579969.4285714286
Korea Strait,2023-09-18T00:00:00.000Z,244.57142857142858,3372090.0
Korea Strait,2024-06-10T00:00:00.000Z,239.71428571428572,3382335.714285714
Korea Strait,2024-10-21T00:00:00.000Z,251.14285714285714,3476360.0
Korea Strait,2025-12-15T00:00:00.000Z,215.28571428571428,2981012.1428571427
Korea Strait,2026-04-06T00:00:00.000Z,200.42857142857142,2887447.5714285714
Korea Strait,2026-06-08T00:00:00.000Z,219.28571428571428,3592731.1428571427
Korea Strait,2026-07-06T00:00:00.000Z,216.0,3179821.5714285714
Korea Strait,2026-08-17T00:00:00.000Z,208.0,3112592.8571428573
Lombok Strait,2019-04-08T00:00:00.000Z,28.428571428571427,1473021.0
Lombok Strait,2019-04-29T00:00:00.000Z,31.571428571428573,2130499.714285714
Lombok Strait,2019-08-26T00:00:00.000Z,35.285714285714285,2278479.0
Lombok Strait,2020-04-27T00:00:00.000Z,36.714285714285715,2399421.1428571427
Lombok Strait,2020-06-08T00:00:00.000Z,36.42857142857143,2685998.1428571427
Lombok Strait,2021-01-25T00:00:00.000Z,33.714285714285715,2265352.1428571427
Lombok Strait,2021-08-23T00:00:00.000Z,35.142857142857146,2793247.0
Lombok Strait,2021-12-06T00:00:00.000Z,40.42857142857143,2560310.285714286
Lombok Strait,2021-12-27T00:00:00.000Z,36.857142857142854,2915371.0
Lombok Strait,2022-05-09T00:00:00.000Z,34.714285714285715,2233699.0
Lombok Strait,2022-06-27T00:00:00.000Z,37.57142857142857,2659625.4285714286
Lombok Strait,2023-08-28T00:00:00.000Z,39.57142857142857,2605704.285714286
Lombok Strait,2023-12-18T00:00:00.000Z,38.714285714285715,2647286.0
Lombok Strait,2024-11-25T00:00:00.000Z,37.714285714285715,3087153.4285714286
Lombok Strait,2025-01-06T00:00:00.000Z,37.42857142857143,2881954.8571428573
Lombok Strait,2025-04-21T00:00:00.000Z,35.714285714285715,2965081.0
Lombok Strait,2025-08-18T00:00:00.000Z,36.57142857142857,3270804.5714285714
Lombok Strait,2025-10-13T00:00:00.000Z,38.42857142857143,3111967.4285714286
Lombok Strait,2025-12-22T00:00:00.000Z,37.714285714285715,3483350.1428571427
Lombok Strait,2026-02-23T00:00:00.000Z,37.142857142857146,2870450.0
Mindoro Strait,2018-12-31T00:00:00.000Z,43.833333333333336,2259439.1666666665
Mindoro Strait,2020-06-15T00:00:00.000Z,59.857142857142854,2655654.1428571427
Mindoro Strait,2020-11-09T00:00:00.000Z,55.0,2487398.4285714286
Mindoro Strait,2021-01-18T00:00:00.000Z,52.42857142857143,2548063.8571428573
Mindoro Strait,2021-01-25T00:00:00.000Z,56.0,2349723.5714285714
Mindoro Strait,2021-05-03T00:00:00.000Z,54.285714285714285,2577856.0
Mindoro Strait,2021-11-01T00:00:00.000Z,57.714285714285715,2878516.5714285714
Mindoro Strait,2022-02-21T00:00:00.000Z,45.857142857142854,2480167.4285714286
Mindoro Strait,2022-04-11T00:00:00.000Z,50.285714285714285,2656202.0
Mindoro Strait,2022-05-02T00:00:00.000Z,44.57142857142857,2338458.1428571427
Mindoro Strait,2022-05-09T00:00:00.000Z,44.857142857142854,2728965.285714286
Mindoro Strait,2022-07-04T00:00:00.000Z,49.42857142857143,2654692.4285714286
Mindoro Strait,2023-05-22T00:00:00.000Z,53.714285714285715,2711323.714285714
Mindoro Strait,2023-12-25T00:00:00.000Z,49.42857142857143,2557695.4285714286
Mindoro Strait,2024-08-19T00:00:00.000Z,34.285714285714285,1649397.7142857143
Mindoro Strait,2024-08-26T00:00:00.000Z,39.42857142857143,2210314.5714285714
Mindoro Strait,2024-09-09T00:00:00.000Z,41.42857142857143,2265393.714285714
Mindoro Strait,2025-02-03T00:00:00.000Z,37.285714285714285,2007703.7142857143
Mindoro Strait,2025-03-10T00:00:00.000Z,39.142857142857146,2326478.4285714286
Mindoro Strait,2025-03-17T00:00:00.000Z,36.42857142857143,2142929.1428571427
Mindoro Strait,2025-06-16T00:00:00.000Z,31.285714285714285,1863387.2857142857
Mindoro Strait,2025-12-01T00:00:00.000Z,40.0,2363351.714285714
Mindoro Strait,2026-03-02T00:00:00.000Z,37.57142857142857,1841314.0
Mindoro Strait,2026-05-18T00:00:00.000Z,53.42857142857143,3844668.0
Bosporus Strait,2019-02-11T00:00:00.000Z,97.28571428571429,1231217.2857142857
Bosporus Strait,2019-03-18T00:00:00.000Z,114.42857142857143,1334568.5714285714
Bosporus Strait,2019-03-25T00:00:00.000Z,103.0,1309404.0
Bosporus Strait,2019-04-22T00:00:00.000Z,103.42857142857143,1126079.5714285714
Bosporus Strait,2019-06-17T00:00:00.000Z,94.42857142857143,1032815.0
Bosporus Strait,2019-10-21T00:00:00.000Z,119.71428571428571,1243371.2857142857
Bosporus Strait,2019-10-28T00:00:00.000Z,104.42857142857143,1368191.4285714286
Bosporus Strait,2020-01-13T00:00:00.000Z,110.71428571428571,1334189.2857142857
Bosporus Strait,2020-02-03T00:00:00.000Z,86.85714285714286,950280.4285714285
Bosporus Strait,2020-02-10T00:00:00.000Z,106.71428571428571,1386159.142857143
Bosporus Strait,2020-05-04T00:00:00.000Z,99.42857142857143,1207253.4285714286
Bosporus Strait,2021-01-04T00:00:00.000Z,95.85714285714286,1058323.857142857
Bosporus Strait,2021-08-30T00:00:00.000Z,97.57142857142857,1276940.142857143
Bosporus Strait,2021-11-01T00:00:00.000Z,98.71428571428571,1242332.2857142857
Bosporus Strait,2022-01-24T00:00:00.000Z,103.85714285714286,1349538.4285714286
Bosporus Strait,2022-03-21T00:00:00.000Z,89.28571428571429,827310.8571428572
Bosporus Strait,2022-06-06T00:00:00.000Z,88.0,818833.8571428572
Bosporus Strait,2022-07-18T00:00:00.000Z,81.85714285714286,871151.2857142857
Bosporus Strait,2022-11-14T00:00:00.000Z,88.42857142857143,926105.0
Bosporus Strait,2023-03-27T00:00:00.000Z,108.71428571428571,1171219.7142857143
Bosporus Strait,2023-07-17T00:00:00.000Z,99.28571428571429,1048939.5714285714
Bosporus Strait,2024-02-19T00:00:00.000Z,101.28571428571429,1341915.4285714286
Bosporus Strait,2024-03-18T00:00:00.000Z,112.42857142857143,1395923.5714285714
Bosporus Strait,2024-08-05T00:00:00.000Z,100.0,1155426.142857143
Bosporus Strait,2024-09-02T00:00:00.000Z,90.42857142857143,1172769.142857143
Bosporus Strait,2025-01-06T00:00:00.000Z,90.57142857142857,1034211.1428571428
Bosporus Strait,2025-05-12T00:00:00.000Z,93.42857142857143,1053000.7142857143
Bosporus Strait,2025-10-20T00:00:00.000Z,101.0,1209009.4285714286
Bosporus Strait,2025-11-24T00:00:00.000Z,103.71428571428571,1356499.5714285714
Bosporus Strait,2026-02-23T00:00:00.000Z,84.14285714285714,1138894.0
Bosporus Strait,2026-04-13T00:00:00.000Z,90.28571428571429,1142756.142857143
Bosporus Strait,2026-07-20T00:00:00.000Z,65.28571428571429,640204.0
Bab el-Mandeb Strait,2019-03-11T00:00:00.000Z,57.57142857142857,2652510.714285714
Bab el-Mandeb Strait,2019-07-29T00:00:00.000Z,55.857142857142854,2375702.0
Bab el-Mandeb Strait,2019-09-02T00:00:00.000Z,54.57142857142857,2636433.714285714
Bab el-Mandeb Strait,2020-02-24T00:00:00.000Z,51.857142857142854,2397316.285714286
Bab el-Mandeb Strait,2020-06-22T00:00:00.000Z,53.57142857142857,2196376.285714286
Bab el-Mandeb Strait,2020-08-10T00:00:00.000Z,51.142857142857146,2497574.1428571427
Bab el-Mandeb Strait,2021-02-15T00:00:00.000Z,59.857142857142854,2623033.0
Bab el-Mandeb Strait,2021-03-01T00:00:00.000Z,60.42857142857143,2726714.285714286
Bab el-Mandeb Strait,2021-06-14T00:00:00.000Z,58.0,2829768.714285714
Bab el-Mandeb Strait,2021-09-13T00:00:00.000Z,55.857142857142854,2444538.4285714286
Bab el-Mandeb Strait,2021-11-15T00:00:00.000Z,64.42857142857143,2793457.8571428573
Bab el-Mandeb Strait,2021-12-06T00:00:00.000Z,59.714285714285715,2770846.285714286
Bab el-Mandeb Strait,2022-03-07T00:00:00.000Z,62.42857142857143,2911975.1428571427
Bab el-Mandeb Strait,2022-09-26T00:00:00.000Z,71.42857142857143,3224586.4285714286
Bab el-Mandeb Strait,2023-05-15T00:00:00.000Z,78.0,3802759.4285714286
Bab el-Mandeb Strait,2024-10-21T00:00:00.000Z,29.857142857142858,969995.5714285715
Bab el-Mandeb Strait,2024-11-04T00:00:00.000Z,34.57142857142857,1118612.5714285714
Bab el-Mandeb Strait,2025-01-06T00:00:00.000Z,33.142857142857146,965785.0
Bab el-Mandeb Strait,2026-01-12T00:00:00.000Z,33.142857142857146,1180598.142857143
Bab el-Mandeb Strait,2026-02-16T00:00:00.000Z,40.42857142857143,1497781.7142857143
Bab el-Mandeb Strait,2026-07-20T00:00:00.000Z,28.571428571428573,1112953.0
Malacca Strait,2019-04-08T00:00:00.000Z,177.71428571428572,7568173.571428572
Malacca Strait,2019-07-15T00:00:00.000Z,171.14285714285714,6743231.714285715
Malacca Strait,2019-07-29T00:00:00.000Z,166.0,6538864.857142857
Malacca Strait,2020-01-06T00:00:00.000Z,171.28571428571428,6420279.857142857
Malacca Strait,2020-03-09T00:00:00.000Z,164.42857142857142,6151458.428571428
Malacca Strait,2020-04-06T00:00:00.000Z,158.0,6569494.428571428
Malacca Strait,2020-11-09T00:00:00.000Z,165.71428571428572,6564820.285714285
Malacca Strait,2020-12-28T00:00:00.000Z,159.57142857142858,6123782.285714285
Malacca Strait,2022-06-13T00:00:00.000Z,210.71428571428572,8026930.857142857
Malacca Strait,2023-12-18T00:00:00.000Z,220.42857142857142,8461204.285714285
Malacca Strait,2024-02-05T00:00:00.000Z,231.0,8607666.285714285
Malacca Strait,2024-07-22T00:00:00.000Z,222.71428571428572,8542800.42857143
Malacca Strait,2024-11-04T00:00:00.000Z,210.85714285714286,8030179.0
Malacca Strait,2024-12-09T00:00:00.000Z,229.42857142857142,8813495.57142857
Malacca Strait,2025-01-27T00:00:00.000Z,220.14285714285714,8114808.285714285
Malacca Strait,2025-04-28T00:00:00.000Z,236.85714285714286,9149290.42857143
Malacca Strait,2025-05-19T00:00:00.000Z,240.85714285714286,9380504.857142856
Malacca Strait,2025-10-06T00:00:00.000Z,245.42857142857142,8981404.142857144
Malacca Strait,2026-02-09T00:00:00.000Z,235.57142857142858,9059979.0
Malacca Strait,2026-03-09T00:00:00.000Z,223.71428571428572,7687390.142857143
Malacca Strait,2026-03-23T00:00:00.000Z,205.57142857142858,7149207.285714285
Malacca Strait,2026-06-22T00:00:00.000Z,234.85714285714286,8972603.57142857
Malacca Strait,2026-07-06T00:00:00.000Z,227.85714285714286,9257723.0
Oresund Strait,2019-02-18T00:00:00.000Z,57.857142857142854,103709.42857142857
Oresund Strait,2019-02-25T00:00:00.000Z,55.857142857142854,104850.57142857143
Oresund Strait,2019-04-29T00:00:00.000Z,45.57142857142857,105503.71428571429
Oresund Strait,2019-08-05T00:00:00.000Z,55.42857142857143,90539.14285714286
Oresund Strait,2020-01-13T00:00:00.000Z,53.285714285714285,137654.42857142858
Oresund Strait,2020-03-02T00:00:00.000Z,51.714285714285715,108617.71428571429
Oresund Strait,2020-03-09T00:00:00.000Z,49.857142857142854,85399.57142857143
Oresund Strait,2020-10-19T00:00:00.000Z,54.857142857142854,124478.28571428571
Oresund Strait,2020-11-30T00:00:00.000Z,56.714285714285715,113552.71428571429
Oresund Strait,2020-12-07T00:00:00.000Z,59.42857142857143,126362.42857142857
Oresund Strait,2020-12-14T00:00:00.000Z,56.57142857142857,104629.71428571429
Oresund Strait,2021-01-04T00:00:00.000Z,54.857142857142854,101497.14285714286
Oresund Strait,2021-03-29T00:00:00.000Z,54.57142857142857,104909.42857142857
Oresund Strait,2021-08-09T00:00:00.000Z,52.142857142857146,109670.0
Oresund Strait,2021-09-27T00:00:00.000Z,49.285714285714285,86030.28571428571
Oresund Strait,2022-03-07T00:00:00.000Z,53.0,104880.57142857143
Oresund Strait,2022-06-06T00:00:00.000Z,43.857142857142854,103899.57142857143
Oresund Strait,2022-12-19T00:00:00.000Z,59.857142857142854,113855.14285714286
Oresund Strait,2023-01-16T00:00:00.000Z,44.285714285714285,87026.14285714286
Oresund Strait,2023-02-06T00:00:00.000Z,42.285714285714285,99807.14285714286
Oresund Strait,2023-07-24T00:00:00.000Z,46.714285714285715,98375.71428571429
Oresund Strait,2023-11-20T00:00:00.000Z,41.857142857142854,103515.0
Oresund Strait,2023-12-11T00:00:00.000Z,42.714285714285715,79059.42857142857
Oresund Strait,2024-03-18T00:00:00.000Z,51.57142857142857,90128.57142857143
Oresund Strait,2024-03-25T00:00:00.000Z,47.857142857142854,113417.42857142857
Oresund Strait,2024-05-06T00:00:00.000Z,48.285714285714285,80453.57142857143
Oresund Strait,2024-06-10T00:00:00.000Z,46.42857142857143,78489.85714285714
Oresund Strait,2024-09-02T00:00:00.000Z,49.142857142857146,95838.14285714286
Oresund Strait,2024-09-09T00:00:00.000Z,41.142857142857146,74002.42857142857
Oresund Strait,2024-12-23T00:00:00.000Z,39.285714285714285,76314.14285714286
Oresund Strait,2025-01-06T00:00:00.000Z,43.714285714285715,118319.57142857143
Oresund Strait,2025-05-12T00:00:00.000Z,49.0,112930.0
Oresund Strait,2025-09-29T00:00:00.000Z,40.285714285714285,94230.85714285714
Oresund Strait,2025-10-20T00:00:00.000Z,43.857142857142854,85331.0
Oresund Strait,2026-06-22T00:00:00.000Z,39.285714285714285,84425.0
Luzon Strait,2018-12-31T00:00:00.000Z,81.16666666666667,4410094.833333333
Luzon Strait,2019-04-08T00:00:00.000Z,56.285714285714285,3260203.1428571427
Luzon Strait,2019-06-24T00:00:00.000Z,60.857142857142854,3537096.1428571427
Luzon Strait,2019-08-19T00:00:00.000Z,61.57142857142857,3822875.1428571427
Luzon Strait,2019-10-28T00:00:00.000Z,68.0,3828497.8571428573
Luzon Strait,2019-11-11T00:00:00.000Z,61.57142857142857,3598459.4285714286
Luzon Strait,2019-11-18T00:00:00.000Z,51.0,2897995.8571428573
Luzon Strait,2020-06-15T00:00:00.000Z,67.14285714285714,4264972.857142857
Luzon Strait,2020-06-29T00:00:00.000Z,60.42857142857143,3696871.5714285714
Luzon Strait,2020-12-07T00:00:00.000Z,70.14285714285714,3977597.8571428573
Luzon Strait,2020-12-28T00:00:00.000Z,63.285714285714285,4301089.285714285
Luzon Strait,2021-02-08T00:00:00.000Z,77.28571428571429,4230442.714285715
Luzon Strait,2021-04-12T00:00:00.000Z,66.85714285714286,3275047.1428571427
Luzon Strait,2021-11-22T00:00:00.000Z,67.85714285714286,4324692.142857143
Luzon Strait,2021-12-13T00:00:00.000Z,65.71428571428571,3968902.1428571427
Luzon Strait,2022-01-10T00:00:00.000Z,61.285714285714285,3496325.1428571427
Luzon Strait,2022-03-14T00:00:00.000Z,72.71428571428571,4297592.142857143
Luzon Strait,2022-06-20T00:00:00.000Z,91.0,5641389.714285715
Luzon Strait,2023-01-30T00:00:00.000Z,87.57142857142857,5587446.571428572
Luzon Strait,2023-02-06T00:00:00.000Z,73.0,4403534.0
Luzon Strait,2023-10-30T00:00:00.000Z,75.14285714285714,3867134.714285714
Luzon Strait,2023-11-27T00:00:00.000Z,89.71428571428571,5744476.285714285
Luzon Strait,2024-02-19T00:00:00.000Z,73.71428571428571,4637432.285714285
Luzon Strait,2024-07-01T00:00:00.000Z,101.14285714285714,7563195.857142857
Luzon Strait,2024-07-22T00:00:00.000Z,55.857142857142854,3905330.8571428573
Luzon Strait,2024-08-19T00:00:00.000Z,61.57142857142857,2780793.714285714
Luzon Strait,2025-01-27T00:00:00.000Z,68.0,4001023.8571428573
Luzon Strait,2025-02-24T00:00:00.000Z,53.714285714285715,3269667.714285714
Luzon Strait,2025-03-24T00:00:00.000Z,72.28571428571429,4442100.857142857
Luzon Strait,2025-06-02T00:00:00.000Z,62.857142857142854,3973886.285714286
Luzon Strait,2026-02-02T00:00:00.000Z,60.57142857142857,3841363.4285714286
Luzon Strait,2026-04-06T00:00:00.000Z,64.71428571428571,3640232.285714286
Luzon Strait,2026-08-03T00:00:00.000Z,75.14285714285714,5281785.571428572
Luzon Strait,2026-08-17T00:00:00.000Z,81.14285714285714,4801389.285714285
Ombai Strait,2019-02-18T00:00:00.000Z,12.142857142857142,728776.8571428572
Ombai Strait,2019-05-27T00:00:00.000Z,12.714285714285714,755398.4285714285
Ombai Strait,2019-09-30T00:00:00.000Z,12.142857142857142,699825.5714285715
Ombai Strait,2020-01-20T00:00:00.000Z,12.0,738089.0
Ombai Strait,2020-06-15T00:00:00.000Z,12.571428571428571,675435.7142857143
Ombai Strait,2020-09-21T00:00:00.000Z,12.428571428571429,482422.5714285714
Ombai Strait,2020-11-09T00:00:00.000Z,13.285714285714286,473944.28571428574
Ombai Strait,2021-06-07T00:00:00.000Z,10.428571428571429,475102.71428571426
Ombai Strait,2021-08-16T00:00:00.000Z,11.0,370839.5714285714
Ombai Strait,2021-12-13T00:00:00.000Z,9.285714285714286,338879.0
Ombai Strait,2022-06-06T00:00:00.000Z,10.428571428571429,260676.14285714287
Ombai Strait,2023-07-31T00:00:00.000Z,12.857142857142858,619715.1428571428
Ombai Strait,2023-08-07T00:00:00.000Z,10.142857142857142,331823.85714285716
Ombai Strait,2023-09-11T00:00:00.000Z,11.0,361770.28571428574
Ombai Strait,2023-11-27T00:00:00.000Z,9.714285714285714,396689.28571428574
Ombai Strait,2024-02-12T00:00:00.000Z,10.285714285714286,328992.71428571426
Ombai Strait,2024-07-29T00:00:00.000Z,10.285714285714286,531810.5714285715
Ombai Strait,2024-10-28T00:00:00.000Z,11.428571428571429,492871.85714285716
Ombai Strait,2024-11-11T00:00:00.000Z,13.0,548667.0
Ombai Strait,2025-04-21T00:00:00.000Z,9.142857142857142,735733.5714285715
Ombai Strait,2025-05-12T00:00:00.000Z,10.571428571428571,1407448.857142857
Ombai Strait,2025-08-18T00:00:00.000Z,11.142857142857142,1172723.142857143
Ombai Strait,2025-12-08T00:00:00.000Z,8.142857142857142,924462.7142857143
Ombai Strait,2026-01-19T00:00:00.000Z,9.0,807713.7142857143
Ombai Strait,2026-08-17T00:00:00.000Z,11.142857142857142,1178502.0
Torres Strait,2019-01-07T00:00:00.000Z,8.714285714285714,197638.2857142857
Torres Strait,2019-02-11T00:00:00.000Z,7.428571428571429,146450.2857142857
Torres Strait,2019-04-08T00:00:00.000Z,8.428571428571429,176147.85714285713
Torres Strait,2020-01-06T00:00:00.000Z,8.142857142857142,173095.2857142857
Torres Strait,2020-12-07T00:00:00.000Z,9.857142857142858,151691.85714285713
Torres Strait,2021-05-03T00:00:00.000Z,7.142857142857143,186565.57142857142
Torres Strait,2021-06-14T00:00:00.000Z,10.285714285714286,187055.42857142858
Torres Strait,2021-08-09T00:00:00.000Z,8.428571428571429,198528.85714285713
Torres Strait,2021-11-01T00:00:00.000Z,9.285714285714286,173115.42857142858
Torres Strait,2022-12-19T00:00:00.000Z,8.857142857142858,206245.2857142857
Torres Strait,2023-09-11T00:00:00.000Z,8.857142857142858,193377.0
Torres Strait,2023-12-11T00:00:00.000Z,9.857142857142858,156980.0
Torres Strait,2024-02-26T00:00:00.000Z,8.714285714285714,151905.14285714287
Torres Strait,2024-06-24T00:00:00.000Z,10.0,195319.2857142857
Torres Strait,2024-10-28T00:00:00.000Z,8.571428571428571,205381.2857142857
Torres Strait,2025-03-17T00:00:00.000Z,10.571428571428571,193667.85714285713
Torres Strait,2025-04-28T00:00:00.000Z,9.142857142857142,215148.42857142858
Torres Strait,2025-05-26T00:00:00.000Z,10.714285714285714,236137.7142857143
Torres Strait,2025-07-07T00:00:00.000Z,10.428571428571429,194787.14285714287
Torres Strait,2025-08-25T00:00:00.000Z,8.714285714285714,270066.14285714284
Torres Strait,2025-12-22T00:00:00.000Z,8.857142857142858,208652.14285714287
Torres Strait,2026-01-19T00:00:00.000Z,8.142857142857142,187467.85714285713
Torres Strait,2026-08-17T00:00:00.000Z,7.428571428571429,158152.2857142857
Magellan Strait,2019-07-08T00:00:00.000Z,3.7142857142857144,113318.14285714286
Magellan Strait,2019-08-19T00:00:00.000Z,4.428571428571429,147770.14285714287
Magellan Strait,2019-08-26T00:00:00.000Z,4.142857142857143,99214.42857142857
Magellan Strait,2019-09-02T00:00:00.000Z,3.142857142857143,82049.85714285714
Magellan Strait,2019-10-28T00:00:00.000Z,3.857142857142857,105802.14285714286
Magellan Strait,2020-04-27T00:00:00.000Z,2.4285714285714284,45561.28571428572
Magellan Strait,2020-05-18T00:00:00.000Z,3.5714285714285716,63446.57142857143
Magellan Strait,2020-06-15T00:00:00.000Z,2.142857142857143,52377.71428571428
Magellan Strait,2020-11-09T00:00:00.000Z,3.142857142857143,65236.28571428572
Magellan Strait,2021-05-24T00:00:00.000Z,1.8571428571428572,35734.42857142857
Magellan Strait,2021-05-31T00:00:00.000Z,3.7142857142857144,109098.57142857143
Magellan Strait,2021-06-21T00:00:00.000Z,2.7142857142857144,91917.14285714286
Magellan Strait,2022-04-04T00:00:00.000Z,5.285714285714286,164958.57142857142
Magellan Strait,2022-05-23T00:00:00.000Z,3.2857142857142856,138121.7142857143
Magellan Strait,2022-07-18T00:00:00.000Z,3.5714285714285716,115534.42857142857
Magellan Strait,2022-10-31T00:00:00.000Z,4.285714285714286,184445.85714285713
Magellan Strait,2022-11-07T00:00:00.000Z,3.5714285714285716,106776.71428571429
Magellan Strait,2022-11-28T00:00:00.000Z,4.0,112197.57142857143
Magellan Strait,2023-02-13T00:00:00.000Z,3.857142857142857,105032.28571428571
Magellan Strait,2023-08-14T00:00:00.000Z,5.0,192484.85714285713
Magellan Strait,2023-09-04T00:00:00.000Z,4.142857142857143,114878.28571428571
Magellan Strait,2024-03-18T00:00:00.000Z,5.0,106240.14285714286
Magellan Strait,2024-04-01T00:00:00.000Z,4.285714285714286,149802.14285714287
Magellan Strait,2024-07-22T00:00:00.000Z,4.428571428571429,208685.7142857143
Magellan Strait,2024-09-16T00:00:00.000Z,5.714285714285714,215228.2857142857
Magellan Strait,2024-12-09T00:00:00.000Z,3.5714285714285716,100570.28571428571
Magellan Strait,2025-01-06T00:00:00.000Z,2.7142857142857144,102891.14285714286
Magellan Strait,2025-09-01T00:00:00.000Z,4.857142857142857,171512.85714285713
Magellan Strait,2026-02-02T00:00:00.000Z,2.857142857142857,78062.0
Magellan Strait,2026-03-02T00:00:00.000Z,2.857142857142857,97706.14285714286
Magellan Strait,2026-05-04T00:00:00.000Z,5.857142857142857,181262.85714285713
Magellan Strait,2026-05-11T00:00:00.000Z,3.857142857142857,148852.42857142858
Magellan Strait,2026-07-27T00:00:00.000Z,5.0,195970.14285714287
Magellan Strait,2026-08-17T00:00:00.000Z,6.714285714285714,300581.14285714284
Balabac Strait,2019-05-20T00:00:00.000Z,13.428571428571429,297491.28571428574
Balabac Strait,2019-07-15T00:00:00.000Z,13.714285714285714,279829.71428571426
Balabac Strait,2020-04-27T00:00:00.000Z,10.857142857142858,261306.14285714287
Balabac Strait,2020-05-04T00:00:00.000Z,9.857142857142858,197451.2857142857
Balabac Strait,2020-08-10T00:00:00.000Z,11.142857142857142,154418.0
Balabac Strait,2021-09-06T00:00:00.000Z,9.571428571428571,311738.5714285714
Balabac Strait,2021-09-20T00:00:00.000Z,9.285714285714286,268508.0
Balabac Strait,2021-10-11T00:00:00.000Z,11.142857142857142,421834.4285714286
Balabac Strait,2021-12-27T00:00:00.000Z,10.0,210089.7142857143
Balabac Strait,2022-01-03T00:00:00.000Z,10.142857142857142,237605.14285714287
Balabac Strait,2022-05-16T00:00:00.000Z,12.0,344268.28571428574
Balabac Strait,2022-07-18T00:00:00.000Z,12.142857142857142,248765.85714285713
Balabac Strait,2022-10-17T00:00:00.000Z,17.0,479423.5714285714
Balabac Strait,2023-05-08T00:00:00.000Z,10.142857142857142,379990.4285714286
Balabac Strait,2023-09-25T00:00:00.000Z,12.714285714285714,353852.14285714284
Balabac Strait,2024-04-01T00:00:00.000Z,10.714285714285714,287833.4285714286
Balabac Strait,2024-07-22T00:00:00.000Z,9.857142857142858,266858.85714285716
Balabac Strait,2024-08-26T00:00:00.000Z,9.571428571428571,355179.14285714284
Balabac Strait,2024-11-18T00:00:00.000Z,10.142857142857142,286331.71428571426
Balabac Strait,2024-12-02T00:00:00.000Z,10.857142857142858,182534.57142857142
Balabac Strait,2025-11-17T00:00:00.000Z,10.428571428571429,335965.14285714284
Balabac Strait,2025-12-29T00:00:00.000Z,9.142857142857142,234889.14285714287
Balabac Strait,2026-03-30T00:00:00.000Z,9.0,204238.85714285713
Balabac Strait,2026-07-20T00:00:00.000Z,11.285714285714286,249659.0
Dover Strait,2018-12-31T00:00:00.000Z,153.0,2899042.5
Dover Strait,2020-01-20T00:00:00.000Z,163.28571428571428,3167578.714285714
Dover Strait,2020-08-17T00:00:00.000Z,140.0,2331769.8571428573
Dover Strait,2021-01-11T00:00:00.000Z,152.71428571428572,2856847.1428571427
Dover Strait,2021-02-01T00:00:00.000Z,159.85714285714286,2831598.714285714
Dover Strait,2021-02-08T00:00:00.000Z,157.0,2590862.4285714286
Dover Strait,2021-03-01T00:00:00.000Z,180.57142857142858,3411540.714285714
Dover Strait,2021-07-12T00:00:00.000Z,159.71428571428572,2694932.8571428573
Dover Strait,2021-09-06T00:00:00.000Z,158.57142857142858,2655828.285714286
Dover Strait,2021-10-18T00:00:00.000Z,154.85714285714286,2855813.4285714286
Dover Strait,2021-11-29T00:00:00.000Z,165.28571428571428,3128295.8571428573
Dover Strait,2022-05-30T00:00:00.000Z,172.85714285714286,3459661.4285714286
Dover Strait,2022-11-28T00:00:00.000Z,178.85714285714286,3691356.8571428573
Dover Strait,2023-01-23T00:00:00.000Z,189.42857142857142,4239125.571428572
Dover Strait,2023-01-30T00:00:00.000Z,187.71428571428572,3906310.5714285714
Dover Strait,2023-02-13T00:00:00.000Z,185.57142857142858,3590223.714285714
Dover Strait,2023-05-01T00:00:00.000Z,185.71428571428572,3803063.285714286
Dover Strait,2023-05-22T00:00:00.000Z,174.0,3653550.5714285714
Dover Strait,2023-11-13T00:00:00.000Z,172.28571428571428,3724542.8571428573
Dover Strait,2023-12-25T00:00:00.000Z,155.85714285714286,3396247.285714286
Dover Strait,2024-05-06T00:00:00.000Z,178.14285714285714,3814840.5714285714
Dover Strait,2024-08-26T00:00:00.000Z,165.0,3367110.1428571427
Dover Strait,2024-09-02T00:00:00.000Z,169.42857142857142,3297554.8571428573
Dover Strait,2024-12-16T00:00:00.000Z,168.57142857142858,3265721.1428571427
Dover Strait,2025-02-03T00:00:00.000Z,194.14285714285714,4342615.714285715
Dover Strait,2025-07-07T00:00:00.000Z,170.28571428571428,3521141.1428571427
Dover Strait,2025-10-27T00:00:00.000Z,184.42857142857142,4114313.285714286
Dover Strait,2026-04-27T00:00:00.000Z,167.28571428571428,3223564.285714286
Dover Strait,2026-07-06T00:00:00.000Z,164.57142857142858,3133517.0
Tsugaru Strait,2019-04-29T00:00:00.000Z,39.714285714285715,819649.7142857143
Tsugaru Strait,2019-10-14T00:00:00.000Z,44.57142857142857,695013.8571428572
Tsugaru Strait,2020-01-20T00:00:00.000Z,49.42857142857143,934426.8571428572
Tsugaru Strait,2020-03-16T00:00:00.000Z,43.857142857142854,879529.4285714285
Tsugaru Strait,2020-10-05T00:00:00.000Z,56.714285714285715,1291087.857142857
Tsugaru Strait,2021-02-01T00:00:00.000Z,41.714285714285715,743072.7142857143
Tsugaru Strait,2021-02-08T00:00:00.000Z,57.42857142857143,1152269.0
Tsugaru Strait,2021-06-21T00:00:00.000Z,58.285714285714285,1189085.0
Tsugaru Strait,2021-09-06T00:00:00.000Z,57.42857142857143,1184985.2857142857
Tsugaru Strait,2021-09-27T00:00:00.000Z,63.285714285714285,1387493.0
Tsugaru Strait,2022-07-04T00:00:00.000Z,52.0,1096827.857142857
Tsugaru Strait,2022-08-01T00:00:00.000Z,55.0,1196183.4285714286
Tsugaru Strait,2022-10-10T00:00:00.000Z,47.57142857142857,901872.2857142857
Tsugaru Strait,2023-01-16T00:00:00.000Z,37.285714285714285,678851.5714285715
Tsugaru Strait,2023-03-20T00:00:00.000Z,43.142857142857146,858563.8571428572
Tsugaru Strait,2023-06-26T00:00:00.000Z,49.857142857142854,1098897.5714285714
Tsugaru Strait,2023-08-07T00:00:00.000Z,45.42857142857143,985245.5714285715
Tsugaru Strait,2023-10-30T00:00:00.000Z,49.857142857142854,1159467.4285714286
Tsugaru Strait,2024-01-08T00:00:00.000Z,33.142857142857146,765544.0
Tsugaru Strait,2024-05-27T00:00:00.000Z,52.285714285714285,1145989.7142857143
Tsugaru Strait,2024-06-24T00:00:00.000Z,47.0,1210312.857142857
Tsugaru Strait,2025-02-03T00:00:00.000Z,29.571428571428573,844534.2857142857
Tsugaru Strait,2025-04-07T00:00:00.000Z,49.285714285714285,1217334.4285714286
Tsugaru Strait,2025-07-21T00:00:00.000Z,58.57142857142857,1452344.2857142857
Tsugaru Strait,2025-12-22T00:00:00.000Z,37.142857142857146,815354.4285714285
Tsugaru Strait,2026-04-13T00:00:00.000Z,56.142857142857146,1314990.857142857
Panama Canal,2019-11-11T00:00:00.000Z,34.57142857142857,888300.0
Panama Canal,2020-10-12T00:00:00.000Z,34.857142857142854,932281.5714285715
Panama Canal,2021-06-28T00:00:00.000Z,30.714285714285715,861686.5714285715
Panama Canal,2021-11-29T00:00:00.000Z,36.57142857142857,1024372.7142857143
Panama Canal,2021-12-20T00:00:00.000Z,34.0,979448.2857142857
Panama Canal,2022-02-28T00:00:00.000Z,35.0,914087.1428571428
Panama Canal,2022-04-18T00:00:00.000Z,32.285714285714285,915805.2857142857
Panama Canal,2022-07-11T00:00:00.000Z,30.857142857142858,816727.8571428572
Panama Canal,2022-08-29T00:00:00.000Z,29.857142857142858,811793.1428571428
Panama Canal,2022-09-05T00:00:00.000Z,32.42857142857143,958633.2857142857
Panama Canal,2023-02-06T00:00:00.000Z,32.285714285714285,874303.2857142857
Panama Canal,2023-02-20T00:00:00.000Z,32.42857142857143,829210.0
Panama Canal,2023-04-24T00:00:00.000Z,33.0,847918.1428571428
Panama Canal,2023-06-19T00:00:00.000Z,30.0,816939.1428571428
Panama Canal,2023-06-26T00:00:00.000Z,33.0,853652.5714285715
Panama Canal,2023-07-10T00:00:00.000Z,32.285714285714285,851216.0
Panama Canal,2023-08-14T00:00:00.000Z,30.142857142857142,908445.0
Panama Canal,2023-11-06T00:00:00.000Z,24.714285714285715,605149.1428571428
Panama Canal,2024-07-01T00:00:00.000Z,26.0,742656.5714285715
Panama Canal,2025-04-07T00:00:00.000Z,31.285714285714285,890530.5714285715
Panama Canal,2025-06-09T00:00:00.000Z,29.714285714285715,861691.2857142857
Panama Canal,2025-12-15T00:00:00.000Z,32.285714285714285,899663.1428571428
Panama Canal,2026-01-12T00:00:00.000Z,33.57142857142857,978149.0
Panama Canal,2026-03-16T00:00:00.000Z,34.42857142857143,1042727.8571428572
Panama Canal,2026-07-27T00:00:00.000Z,30.428571428571427,868794.7142857143
Makassar Strait,2019-01-07T00:00:00.000Z,48.285714285714285,2014549.2857142857
Makassar Strait,2019-02-11T00:00:00.000Z,45.42857142857143,2343529.5714285714
Makassar Strait,2020-02-24T00:00:00.000Z,48.714285714285715,2103443.1428571427
Makassar Strait,2020-03-09T00:00:00.000Z,53.57142857142857,2145232.285714286
Makassar Strait,2020-11-16T00:00:00.000Z,50.857142857142854,2547591.1428571427
Makassar Strait,2021-04-12T00:00:00.000Z,48.0,1886472.0
Makassar Strait,2021-11-01T00:00:00.000Z,56.142857142857146,2954536.714285714
Makassar Strait,2022-06-27T00:00:00.000Z,56.57142857142857,3348434.285714286
Makassar Strait,2024-03-11T00:00:00.000Z,59.0,3091080.1428571427
Makassar Strait,2024-08-26T00:00:00.000Z,53.0,2942586.1428571427
Makassar Strait,2024-11-11T00:00:00.000Z,52.142857142857146,3228130.8571428573
Makassar Strait,2025-01-20T00:00:00.000Z,46.42857142857143,2206801.1428571427
Makassar Strait,2025-01-27T00:00:00.000Z,56.857142857142854,3330802.8571428573
Makassar Strait,2025-02-03T00:00:00.000Z,49.0,2756962.1428571427
Makassar Strait,2025-05-05T00:00:00.000Z,46.285714285714285,3084551.0
Makassar Strait,2026-01-26T00:00:00.000Z,45.714285714285715,2879361.1428571427
Makassar Strait,2026-03-16T00:00:00.000Z,45.714285714285715,2732540.4285714286
Makassar Strait,2026-06-22T00:00:00.000Z,60.0,3543593.5714285714
Makassar Strait,2026-07-06T00:00:00.000Z,54.57142857142857,3151001.0
Yucatan Channel,2019-09-02T00:00:00.000Z,49.42857142857143,1168761.142857143
Yucatan Channel,2019-10-21T00:00:00.000Z,42.714285714285715,884107.1428571428
Yucatan Channel,2020-02-17T00:00:00.000Z,44.57142857142857,850165.4285714285
Yucatan Channel,2020-06-22T00:00:00.000Z,41.57142857142857,1177148.857142857
Yucatan Channel,2022-01-03T00:00:00.000Z,47.714285714285715,1142883.0
Yucatan Channel,2022-02-21T00:00:00.000Z,45.0,1087255.7142857143
Yucatan Channel,2022-05-30T00:00:00.000Z,45.857142857142854,1415493.142857143
Yucatan Channel,2022-08-22T00:00:00.000Z,49.57142857142857,1450085.2857142857
Yucatan Channel,2022-10-03T00:00:00.000Z,43.714285714285715,1055035.0
Yucatan Channel,2022-12-19T00:00:00.000Z,39.0,844303.0
Yucatan Channel,2023-03-06T00:00:00.000Z,44.714285714285715,990397.8571428572
Yucatan Channel,2024-06-10T00:00:00.000Z,50.142857142857146,1237377.142857143
Yucatan Channel,2024-08-19T00:00:00.000Z,50.0,1167103.142857143
Yucatan Channel,2024-09-09T00:00:00.000Z,45.857142857142854,900449.7142857143
Yucatan Channel,2024-09-16T00:00:00.000Z,51.42857142857143,1334281.5714285714
Yucatan Channel,2024-11-04T00:00:00.000Z,51.0,1283225.2857142857
Yucatan Channel,2024-12-02T00:00:00.000Z,49.0,1041541.1428571428
Yucatan Channel,2026-04-20T00:00:00.000Z,55.142857142857146,1581006.2857142857
Yucatan Channel,2026-06-15T00:00:00.000Z,51.57142857142857,1221312.857142857
Windward Passage,2019-07-15T00:00:00.000Z,18.285714285714285,316399.14285714284
Windward Passage,2019-09-02T00:00:00.000Z,16.857142857142858,297219.14285714284
Windward Passage,2019-11-11T00:00:00.000Z,17.571428571428573,285276.4285714286
Windward Passage,2020-03-09T00:00:00.000Z,14.428571428571429,233998.7142857143
Windward Passage,2020-08-10T00:00:00.000Z,16.857142857142858,251940.14285714287
Windward Passage,2021-08-30T00:00:00.000Z,17.857142857142858,375675.4285714286
Windward Passage,2021-11-01T00:00:00.000Z,14.714285714285714,323332.4285714286
Windward Passage,2022-07-04T00:00:00.000Z,14.0,278418.0
Windward Passage,2022-11-21T00:00:00.000Z,14.142857142857142,326095.4285714286
Windward Passage,2022-12-05T00:00:00.000Z,16.571428571428573,296696.85714285716
Windward Passage,2023-01-09T00:00:00.000Z,14.714285714285714,254578.0
Windward Passage,2023-07-03T00:00:00.000Z,15.142857142857142,246036.14285714287
Windward Passage,2023-10-02T00:00:00.000Z,16.428571428571427,265580.28571428574
Windward Passage,2023-10-09T00:00:00.000Z,16.0,275785.5714285714
Windward Passage,2024-04-15T00:00:00.000Z,17.714285714285715,264070.4285714286
Windward Passage,2024-05-20T00:00:00.000Z,15.0,308056.14285714284
Windward Passage,2024-06-24T00:00:00.000Z,14.857142857142858,270250.71428571426
Windward Passage,2025-02-10T00:00:00.000Z,15.857142857142858,288620.14285714284
Windward Passage,2025-12-08T00:00:00.000Z,11.142857142857142,220554.0
Windward Passage,2026-03-09T00:00:00.000Z,19.0,381883.71428571426
Kerch Strait,2020-02-17T00:00:00.000Z,48.57142857142857,101434.85714285714
Kerch Strait,2020-02-24T00:00:00.000Z,43.42857142857143,92339.14285714286
Kerch Strait,2020-03-23T00:00:00.000Z,35.857142857142854,66537.14285714286
Kerch Strait,2020-08-03T00:00:00.000Z,61.0,129359.0
Kerch Strait,2020-08-24T00:00:00.000Z,72.42857142857143,129278.0
Kerch Strait,2021-01-25T00:00:00.000Z,33.57142857142857,77146.42857142857
Kerch Strait,2021-02-22T00:00:00.000Z,42.0,78921.71428571429
Kerch Strait,2021-04-26T00:00:00.000Z,51.0,108515.14285714286
Kerch Strait,2022-07-04T00:00:00.000Z,33.857142857142854,57342.42857142857
Kerch Strait,2022-07-25T00:00:00.000Z,36.285714285714285,59367.142857142855
Kerch Strait,2022-09-19T00:00:00.000Z,20.0,50981.0
Kerch Strait,2023-03-06T00:00:00.000Z,13.857142857142858,27123.85714285714
Kerch Strait,2023-04-17T00:00:00.000Z,14.285714285714286,32845.57142857143
Kerch Strait,2023-09-11T00:00:00.000Z,0.8571428571428571,1912.142857142857
Kerch Strait,2023-11-20T00:00:00.000Z,3.0,4684.571428571428
Kerch Strait,2024-01-08T00:00:00.000Z,0.8571428571428571,987.5714285714286
Kerch Strait,2024-01-22T00:00:00.000Z,0.7142857142857143,1843.7142857142858
Kerch Strait,2024-08-05T00:00:00.000Z,0.5714285714285714,686.7142857142857
Kerch Strait,2024-10-14T00:00:00.000Z,0.2857142857142857,805.4285714285714
Kerch Strait,2025-01-20T00:00:00.000Z,0.7142857142857143,5767.285714285715
Kerch Strait,2025-03-24T00:00:00.000Z,11.857142857142858,81558.28571428571
Kerch Strait,2025-04-21T00:00:00.000Z,7.571428571428571,54774.857142857145
Kerch Strait,2025-05-26T00:00:00.000Z,13.714285714285714,44002.71428571428
Kerch Strait,2025-06-16T00:00:00.000Z,10.714285714285714,68197.42857142857
Kerch Strait,2025-07-07T00:00:00.000Z,12.571428571428571,100585.14285714286
Kerch Strait,2025-09-01T00:00:00.000Z,17.857142857142858,27118.0
Kerch Strait,2025-09-29T00:00:00.000Z,23.0,75851.42857142857
Kerch Strait,2026-05-18T00:00:00.000Z,19.142857142857142,96671.85714285714
Gibraltar Strait,2019-05-20T00:00:00.000Z,114.57142857142857,3129913.5714285714
Gibraltar Strait,2019-07-08T00:00:00.000Z,107.85714285714286,3029210.1428571427
Gibraltar Strait,2019-07-22T00:00:00.000Z,113.42857142857143,2927139.285714286
Gibraltar Strait,2019-12-23T00:00:00.000Z,137.14285714285714,3437447.0
Gibraltar Strait,2020-06-08T00:00:00.000Z,122.85714285714286,2916670.5714285714
Gibraltar Strait,2021-01-04T00:00:00.000Z,124.85714285714286,3188905.8571428573
Gibraltar Strait,2021-06-14T00:00:00.000Z,132.28571428571428,3423327.714285714
Gibraltar Strait,2022-02-14T00:00:00.000Z,130.85714285714286,3507053.5714285714
Gibraltar Strait,2022-03-07T00:00:00.000Z,137.71428571428572,3616474.714285714
Gibraltar Strait,2022-07-11T00:00:00.000Z,137.14285714285714,3539126.8571428573
Gibraltar Strait,2022-09-12T00:00:00.000Z,148.0,4100998.4285714286
Gibraltar Strait,2022-09-26T00:00:00.000Z,134.57142857142858,3716766.285714286
Gibraltar Strait,2022-10-31T00:00:00.000Z,143.28571428571428,4034607.4285714286
Gibraltar Strait,2023-02-06T00:00:00.000Z,133.42857142857142,3589680.4285714286
Gibraltar Strait,2023-03-13T00:00:00.000Z,146.85714285714286,4084629.1428571427
Gibraltar Strait,2023-05-08T00:00:00.000Z,148.28571428571428,4075150.8571428573
Gibraltar Strait,2023-05-15T00:00:00.000Z,143.85714285714286,4015687.5714285714
Gibraltar Strait,2024-05-27T00:00:00.000Z,138.71428571428572,3622684.1428571427
Gibraltar Strait,2025-03-24T00:00:00.000Z,147.14285714285714,3683267.1428571427
Gibraltar Strait,2025-04-14T00:00:00.000Z,128.28571428571428,3185091.285714286
Gibraltar Strait,2025-12-29T00:00:00.000Z,135.85714285714286,3449929.4285714286
Gibraltar Strait,2026-06-15T00:00:00.000Z,137.28571428571428,3796058.4285714286
Taiwan Strait,2019-03-04T00:00:00.000Z,237.57142857142858,5006603.714285715
Taiwan Strait,2019-05-20T00:00:00.000Z,252.57142857142858,5387350.142857143
Taiwan Strait,2019-06-03T00:00:00.000Z,248.42857142857142,5332479.0
Taiwan Strait,2019-11-18T00:00:00.000Z,270.42857142857144,6137533.142857143
Taiwan Strait,2020-07-20T00:00:00.000Z,277.85714285714283,5906011.857142857
Taiwan Strait,2020-09-28T00:00:00.000Z,268.14285714285717,5995221.142857143
Taiwan Strait,2021-05-17T00:00:00.000Z,274.14285714285717,6298057.571428572
Taiwan Strait,2021-08-30T00:00:00.000Z,258.57142857142856,5722090.857142857
Taiwan Strait,2022-03-14T00:00:00.000Z,228.14285714285714,5109147.571428572
Taiwan Strait,2022-05-16T00:00:00.000Z,253.71428571428572,5570167.0
Taiwan Strait,2022-09-26T00:00:00.000Z,226.42857142857142,4881837.285714285
Taiwan Strait,2023-01-30T00:00:00.000Z,214.42857142857142,4578248.857142857
Taiwan Strait,2024-01-22T00:00:00.000Z,221.28571428571428,5148313.285714285
Taiwan Strait,2024-03-18T00:00:00.000Z,248.57142857142858,6267934.857142857
Taiwan Strait,2024-08-26T00:00:00.000Z,234.85714285714286,5338243.714285715
Taiwan Strait,2024-09-23T00:00:00.000Z,246.85714285714286,5797774.285714285
Taiwan Strait,2024-10-28T00:00:00.000Z,226.85714285714286,5646843.428571428
Taiwan Strait,2025-02-03T00:00:00.000Z,211.14285714285714,5167632.0
Taiwan Strait,2025-03-03T00:00:00.000Z,230.85714285714286,5542858.285714285
Taiwan Strait,2025-08-25T00:00:00.000Z,247.42857142857142,6152896.857142857
Taiwan Strait,2026-05-18T00:00:00.000Z,240.85714285714286,6269516.285714285
Bohai Strait,2019-04-01T00:00:00.000Z,134.71428571428572,3782971.1428571427
Bohai Strait,2019-04-15T00:00:00.000Z,143.14285714285714,4021919.0
Bohai Strait,2019-08-05T00:00:00.000Z,139.42857142857142,3932487.1428571427
Bohai Strait,2019-08-19T00:00:00.000Z,194.42857142857142,5682405.285714285
Bohai Strait,2019-11-11T00:00:00.000Z,102.14285714285714,2566997.285714286
Bohai Strait,2019-12-30T00:00:00.000Z,201.0,5632865.285714285
Bohai Strait,2020-01-06T00:00:00.000Z,199.57142857142858,5865956.0
Bohai Strait,2020-02-10T00:00:00.000Z,119.14285714285714,3486912.714285714
Bohai Strait,2020-06-22T00:00:00.000Z,202.71428571428572,6674318.285714285
Bohai Strait,2020-09-21T00:00:00.000Z,200.57142857142858,5686351.857142857
Bohai Strait,2021-05-31T00:00:00.000Z,202.85714285714286,5510686.714285715
Bohai Strait,2021-07-12T00:00:00.000Z,195.14285714285714,5930214.571428572
Bohai Strait,2021-08-02T00:00:00.000Z,183.14285714285714,5360009.857142857
Bohai Strait,2021-09-27T00:00:00.000Z,191.71428571428572,5890942.857142857
Bohai Strait,2022-02-28T00:00:00.000Z,182.57142857142858,5794914.428571428
Bohai Strait,2022-03-28T00:00:00.000Z,181.85714285714286,5613766.571428572
Bohai Strait,2023-07-03T00:00:00.000Z,190.28571428571428,6284149.428571428
Bohai Strait,2023-11-06T00:00:00.000Z,178.71428571428572,5868225.857142857
Bohai Strait,2023-11-13T00:00:00.000Z,180.14285714285714,5963061.142857143
Bohai Strait,2024-04-29T00:00:00.000Z,179.0,6481766.571428572
Bohai Strait,2024-06-17T00:00:00.000Z,170.57142857142858,6362865.571428572
Bohai Strait,2024-08-05T00:00:00.000Z,165.85714285714286,5690158.0
Bohai Strait,2025-08-04T00:00:00.000Z,173.57142857142858,6819615.714285715
Bohai Strait,2025-08-11T00:00:00.000Z,170.14285714285714,6145300.714285715
Bohai Strait,2025-09-08T00:00:00.000Z,177.42857142857142,6412336.0
Sunda Strait,2019-09-09T00:00:00.000Z,28.857142857142858,781036.7142857143
Sunda Strait,2020-03-16T00:00:00.000Z,25.428571428571427,929075.4285714285
Sunda Strait,2020-08-24T00:00:00.000Z,26.142857142857142,692429.1428571428
Sunda Strait,2020-09-21T00:00:00.000Z,26.0,837858.5714285715
Sunda Strait,2021-02-01T00:00:00.000Z,30.285714285714285,1117440.142857143
Sunda Strait,2021-07-05T00:00:00.000Z,26.0,826677.7142857143
Sunda Strait,2021-08-02T00:00:00.000Z,24.142857142857142,947910.4285714285
Sunda Strait,2021-11-29T00:00:00.000Z,26.714285714285715,717212.5714285715
Sunda Strait,2022-04-04T00:00:00.000Z,24.428571428571427,1151867.857142857
Sunda Strait,2023-03-20T00:00:00.000Z,29.571428571428573,787907.5714285715
Sunda Strait,2023-11-06T00:00:00.000Z,29.0,983076.1428571428
Sunda Strait,2023-12-11T00:00:00.000Z,33.285714285714285,870869.4285714285
Sunda Strait,2024-06-24T00:00:00.000Z,31.142857142857142,1299263.4285714286
Sunda Strait,2025-01-20T00:00:00.000Z,33.0,1433056.857142857
Sunda Strait,2025-02-03T00:00:00.000Z,29.142857142857142,1163322.5714285714
Sunda Strait,2025-05-05T00:00:00.000Z,35.0,1267014.857142857
Sunda Strait,2025-05-26T00:00:00.000Z,33.285714285714285,1389830.2857142857
Sunda Strait,2026-06-01T00:00:00.000Z,29.714285714285715,1089667.5714285714
Mona Passage,2019-01-28T00:00:00.000Z,11.571428571428571,290587.4285714286
Mona Passage,2019-03-18T00:00:00.000Z,11.285714285714286,394377.5714285714
Mona Passage,2019-09-02T00:00:00.000Z,13.857142857142858,322291.85714285716
Mona Passage,2019-09-16T00:00:00.000Z,11.285714285714286,259021.85714285713
Mona Passage,2020-04-06T00:00:00.000Z,11.0,239483.14285714287
Mona Passage,2020-07-06T00:00:00.000Z,9.428571428571429,234168.57142857142
Mona Passage,2020-11-16T00:00:00.000Z,9.428571428571429,203345.2857142857
Mona Passage,2020-12-14T00:00:00.000Z,9.857142857142858,245395.7142857143
Mona Passage,2020-12-21T00:00:00.000Z,13.714285714285714,439187.5714285714
Mona Passage,2021-01-25T00:00:00.000Z,9.714285714285714,217127.57142857142
Mona Passage,2021-04-12T00:00:00.000Z,9.714285714285714,262915.5714285714
Mona Passage,2021-05-17T00:00:00.000Z,10.714285714285714,287148.71428571426
Mona Passage,2021-08-02T00:00:00.000Z,11.428571428571429,288154.4285714286
Mona Passage,2022-03-28T00:00:00.000Z,9.571428571428571,282066.4285714286
Mona Passage,2022-04-04T00:00:00.000Z,11.428571428571429,323564.71428571426
Mona Passage,2023-04-17T00:00:00.000Z,10.285714285714286,225483.2857142857
Mona Passage,2023-05-08T00:00:00.000Z,11.857142857142858,243865.42857142858
Mona Passage,2023-06-05T00:00:00.000Z,11.428571428571429,282961.5714285714
Mona Passage,2023-07-24T00:00:00.000Z,10.428571428571429,215855.2857142857
Mona Passage,2023-08-07T00:00:00.000Z,10.714285714285714,258466.14285714287
Mona Passage,2023-09-25T00:00:00.000Z,11.857142857142858,427020.71428571426
Mona Passage,2024-04-29T00:00:00.000Z,10.285714285714286,307444.14285714284
Mona Passage,2024-05-13T00:00:00.000Z,10.428571428571429,261244.57142857142
Mona Passage,2024-08-26T00:00:00.000Z,11.142857142857142,284646.4285714286
Mona Passage,2025-04-07T00:00:00.000Z,12.857142857142858,367423.5714285714
Mona Passage,2025-04-14T00:00:00.000Z,12.571428571428571,315024.85714285716
Mona Passage,2025-11-24T00:00:00.000Z,12.857142857142858,281748.28571428574
Mona Passage,2025-12-29T00:00:00.000Z,9.428571428571429,223892.42857142858
Mona Passage,2026-06-01T00:00:00.000Z,11.857142857142858,253193.7142857143
Bering Strait,2019-04-29T00:00:00.000Z,0.0,0.0
Bering Strait,2019-11-25T00:00:00.000Z,0.14285714285714285,0.0
Bering Strait,2020-03-02T00:00:00.000Z,0.0,0.0
Bering Strait,2020-10-05T00:00:00.000Z,1.5714285714285714,7780.142857142857
Bering Strait,2020-10-26T00:00:00.000Z,2.2857142857142856,37875.71428571428
Bering Strait,2020-11-23T00:00:00.000Z,0.0,0.0
Bering Strait,2020-11-30T00:00:00.000Z,0.14285714285714285,944.7142857142857
Bering Strait,2021-01-25T00:00:00.000Z,0.0,0.0
Bering Strait,2021-02-15T00:00:00.000Z,0.0,0.0
Bering Strait,2021-03-22T00:00:00.000Z,0.0,0.0
Bering Strait,2021-04-05T00:00:00.000Z,0.0,0.0
Bering Strait,2021-11-01T00:00:00.000Z,1.1428571428571428,1539.857142857143
Bering Strait,2023-07-24T00:00:00.000Z,1.4285714285714286,7827.571428571428
Bering Strait,2023-08-21T00:00:00.000Z,1.8571428571428572,18951.571428571428
Bering Strait,2024-01-15T00:00:00.000Z,0.2857142857142857,2372.1428571428573
Bering Strait,2025-03-03T00:00:00.000Z,0.0,0.0
Bering Strait,2025-03-10T00:00:00.000Z,0.0,0.0
Bering Strait,2025-09-01T00:00:00.000Z,3.7142857142857144,32263.285714285714
Bering Strait,2026-05-11T00:00:00.000Z,0.0,0.0
Strait of Hormuz,2019-02-18T00:00:00.000Z,69.57142857142857,2024353.857142857
Strait of Hormuz,2020-05-25T00:00:00.000Z,80.14285714285714,3174276.0
Strait of Hormuz,2020-06-08T00:00:00.000Z,85.71428571428571,3446947.0
Strait of Hormuz,2020-10-19T00:00:00.000Z,87.0,3378687.0
Strait of Hormuz,2020-11-23T00:00:00.000Z,57.857142857142854,1487204.857142857
Strait of Hormuz,2020-12-14T00:00:00.000Z,56.857142857142854,1611454.2857142857
Strait of Hormuz,2021-09-27T00:00:00.000Z,83.71428571428571,3299455.285714286
Strait of Hormuz,2022-09-26T00:00:00.000Z,92.14285714285714,3618761.714285714
Strait of Hormuz,2022-11-28T00:00:00.000Z,89.71428571428571,3735940.4285714286
Strait of Hormuz,2022-12-12T00:00:00.000Z,81.0,3507538.285714286
Strait of Hormuz,2023-07-31T00:00:00.000Z,107.28571428571429,4227428.714285715
Strait of Hormuz,2023-08-28T00:00:00.000Z,96.0,3752419.285714286
Strait of Hormuz,2023-10-23T00:00:00.000Z,80.14285714285714,2997735.0
Strait of Hormuz,2023-10-30T00:00:00.000Z,89.14285714285714,3597271.8571428573
Strait of Hormuz,2024-11-11T00:00:00.000Z,79.85714285714286,2969338.714285714
Strait of Hormuz,2025-04-28T00:00:00.000Z,97.85714285714286,3910442.8571428573
Strait of Hormuz,2025-05-26T00:00:00.000Z,101.14285714285714,3873039.5714285714
Strait of Hormuz,2025-06-16T00:00:00.000Z,103.42857142857143,3884969.1428571427
Strait of Hormuz,2025-09-01T00:00:00.000Z,95.42857142857143,3607466.1428571427
Strait of Hormuz,2025-11-17T00:00:00.000Z,60.57142857142857,2131820.714285714
Strait of Hormuz,2026-01-12T00:00:00.000Z,53.285714285714285,1908438.0
Strait of Hormuz,2026-03-23T00:00:00.000Z,3.5714285714285716,73977.71428571429
Strait of Hormuz,2026-05-18T00:00:00.000Z,4.857142857142857,217072.2857142857
Strait of Hormuz,2026-08-17T00:00:00.000Z,5.0,120346.14285714286
Cape of Good Hope,2019-06-03T00:00:00.000Z,49.714285714285715,2762269.8571428573
Cape of Good Hope,2019-10-21T00:00:00.000Z,47.42857142857143,2611453.1428571427
Cape of Good Hope,2019-12-09T00:00:00.000Z,42.857142857142854,2631778.0
Cape of Good Hope,2020-03-30T00:00:00.000Z,44.0,2084713.2857142857
Cape of Good Hope,2020-05-04T00:00:00.000Z,57.0,3439671.285714286
Cape of Good Hope,2020-07-13T00:00:00.000Z,67.28571428571429,4182029.8571428573
Cape of Good Hope,2020-12-28T00:00:00.000Z,40.0,2552327.5714285714
Cape of Good Hope,2021-03-08T00:00:00.000Z,48.285714285714285,2368256.285714286
Cape of Good Hope,2021-08-02T00:00:00.000Z,50.0,3248777.4285714286
Cape of Good Hope,2021-11-01T00:00:00.000Z,38.42857142857143,1991691.4285714286
Cape of Good Hope,2023-02-27T00:00:00.000Z,38.285714285714285,2191073.5714285714
Cape of Good Hope,2023-05-08T00:00:00.000Z,52.0,3504083.0
Cape of Good Hope,2023-08-21T00:00:00.000Z,48.857142857142854,3125914.0
Cape of Good Hope,2023-11-27T00:00:00.000Z,45.42857142857143,2657997.4285714286
Cape of Good Hope,2023-12-04T00:00:00.000Z,45.42857142857143,2725829.4285714286
Cape of Good Hope,2024-03-04T00:00:00.000Z,91.57142857142857,5585736.0
Cape of Good Hope,2024-04-08T00:00:00.000Z,84.0,5286456.142857143
Cape of Good Hope,2024-09-23T00:00:00.000Z,84.71428571428571,5631823.571428572
Cape of Good Hope,2024-10-21T00:00:00.000Z,85.42857142857143,5463984.571428572
Cape of Good Hope,2024-10-28T00:00:00.000Z,90.71428571428571,5237759.142857143
Cape of Good Hope,2025-09-29T00:00:00.000Z,101.14285714285714,6794627.714285715
Cape of Good Hope,2025-11-24T00:00:00.000Z,92.14285714285714,6104947.142857143
Cape of Good Hope,2026-07-20T00:00:00.000Z,91.57142857142857,5629907.714285715
Suez Canal,2019-01-07T00:00:00.000Z,48.857142857142854,2364969.285714286
Suez Canal,2019-05-06T00:00:00.000Z,51.142857142857146,2463933.285714286
Suez Canal,2020-02-03T00:00:00.000Z,52.0,2600533.0
Suez Canal,2020-04-06T00:00:00.000Z,60.857142857142854,2809412.0
Suez Canal,2020-10-26T00:00:00.000Z,55.285714285714285,2445120.0
Suez Canal,2021-05-03T00:00:00.000Z,58.142857142857146,2559747.714285714
Suez Canal,2021-06-07T00:00:00.000Z,55.285714285714285,2450245.0
Suez Canal,2021-11-15T00:00:00.000Z,62.857142857142854,2893213.1428571427
Suez Canal,2021-11-29T00:00:00.000Z,57.57142857142857,2651855.4285714286
Suez Canal,2021-12-27T00:00:00.000Z,57.142857142857146,2604128.285714286
Suez Canal,2022-03-07T00:00:00.000Z,57.714285714285715,2564773.285714286
Suez Canal,2022-05-23T00:00:00.000Z,61.0,2761186.4285714286
Suez Canal,2022-08-08T00:00:00.000Z,68.28571428571429,3223822.0
Suez Canal,2022-10-10T00:00:00.000Z,69.85714285714286,3304290.285714286
Suez Canal,2022-11-28T00:00:00.000Z,73.28571428571429,3335529.5714285714
Suez Canal,2023-01-30T00:00:00.000Z,69.42857142857143,3220849.714285714
Suez Canal,2023-04-24T00:00:00.000Z,78.28571428571429,3671867.285714286
Suez Canal,2023-06-05T00:00:00.000Z,78.0,3558984.1428571427
Suez Canal,2023-10-16T00:00:00.000Z,74.42857142857143,3525777.714285714
Suez Canal,2023-12-11T00:00:00.000Z,78.28571428571429,3338167.8571428573
Suez Canal,2024-01-15T00:00:00.000Z,50.714285714285715,2054373.857142857
Suez Canal,2024-02-26T00:00:00.000Z,41.0,1480745.857142857
Suez Canal,2024-05-27T00:00:00.000Z,39.714285714285715,1408145.0
Suez Canal,2024-10-07T00:00:00.000Z,37.714285714285715,1080387.857142857
Suez Canal,2025-01-06T00:00:00.000Z,38.142857142857146,1229466.7142857143
Suez Canal,2025-03-24T00:00:00.000Z,38.142857142857146,1414874.7142857143
Suez Canal,2025-04-07T00:00:00.000Z,39.285714285714285,1559499.0
Suez Canal,2025-05-05T00:00:00.000Z,34.42857142857143,1096387.7142857143
Suez Canal,2025-06-23T00:00:00.000Z,35.285714285714285,1217930.0
Suez Canal,2025-06-30T00:00:00.000Z,37.42857142857143,1356974.142857143
Suez Canal,2025-08-04T00:00:00.000Z,38.0,1466796.0
Suez Canal,2026-03-23T00:00:00.000Z,42.42857142857143,1536350.857142857
Korea Strait,2019-02-04T00:00:00.000Z,216.42857142857142,2545958.5714285714
Korea Strait,2019-04-15T00:00:00.000Z,220.14285714285714,2790296.4285714286
Korea Strait,2019-06-17T00:00:00.000Z,233.28571428571428,2626121.1428571427
Korea Strait,2019-07-15T00:00:00.000Z,229.85714285714286,2922330.5714285714
Korea Strait,2019-07-22T00:00:00.000Z,252.14285714285714,2977367.714285714
Korea Strait,2020-04-20T00:00:00.000Z,231.71428571428572,2723588.4285714286
Korea Strait,2020-04-27T00:00:00.000Z,226.28571428571428,2973941.5714285714
Korea Strait,2020-05-04T00:00:00.000Z,215.28571428571428,2510720.285714286
Korea Strait,2020-07-13T00:00:00.000Z,231.85714285714286,2726644.4285714286
Korea Strait,2021-12-20T00:00:00.000Z,209.85714285714286,2629395.4285714286
Korea Strait,2022-01-24T00:00:00.000Z,243.28571428571428,2909693.8571428573
Korea Strait,2022-08-01T00:00:00.000Z,248.28571428571428,3026614.8571428573
Korea Strait,2022-10-31T00:00:00.000Z,241.28571428571428,3041444.5714285714
Korea Strait,2023-01-09T00:00:00.000Z,228.14285714285714,2524447.5714285714
Korea Strait,2023-04-10T00:00:00.000Z,249.71428571428572,2937418.714285714
Korea Strait,2023-11-06T00:00:00.000Z,193.85714285714286,2606336.5714285714
Korea Strait,2023-12-11T00:00:00.000Z,210.85714285714286,2487044.4285714286
Korea Strait,2024-01-08T00:00:00.000Z,228.57142857142858,2741972.1428571427
Korea Strait,2024-04-29T00:00:00.000Z,228.71428571428572,3348569.285714286
Korea Strait,2024-07-08T00:00:00.000Z,234.71428571428572,3362693.285714286
Korea Strait,2025-01-20T00:00:00.000Z,235.28571428571428,3101859.5714285714
Korea Strait,2025-05-12T00:00:00.000Z,221.28571428571428,2944019.714285714
Korea Strait,2025-05-26T00:00:00.000Z,245.14285714285714,3539711.8571428573
Korea Strait,2025-07-14T00:00:00.000Z,222.85714285714286,3539083.1428571427
Korea Strait,2025-07-21T00:00:00.000Z,224.85714285714286,3407566.285714286
Lombok Strait,2019-01-14T00:00:00.000Z,34.857142857142854,2106891.8571428573
Lombok Strait,2019-02-18T00:00:00.000Z,32.285714285714285,2189121.4285714286
Lombok Strait,2020-03-09T00:00:00.000Z,33.714285714285715,1931534.7142857143
Lombok Strait,2020-03-30T00:00:00.000Z,37.0,2472796.5714285714
Lombok Strait,2020-05-04T00:00:00.000Z,31.714285714285715,2141978.8571428573
Lombok Strait,2020-08-24T00:00:00.000Z,31.285714285714285,1947259.857142857
Lombok Strait,2020-10-05T00:00:00.000Z,35.0,2401307.0
Lombok Strait,2020-10-12T00:00:00.000Z,32.285714285714285,2144382.714285714
Lombok Strait,2021-04-05T00:00:00.000Z,30.285714285714285,1864728.142857143
Lombok Strait,2021-04-19T00:00:00.000Z,39.857142857142854,2514720.5714285714
Lombok Strait,2021-04-26T00:00:00.000Z,37.857142857142854,2647743.0
Lombok Strait,2021-06-07T00:00:00.000Z,38.714285714285715,2475385.5714285714
Lombok Strait,2021-06-14T00:00:00.000Z,33.42857142857143,2549849.0
Lombok Strait,2021-07-05T00:00:00.000Z,33.42857142857143,2270484.285714286
Lombok Strait,2021-09-06T00:00:00.000Z,34.142857142857146,2442164.8571428573
Lombok Strait,2022-01-03T00:00:00.000Z,32.285714285714285,2637266.5714285714
Lombok Strait,2022-05-23T00:00:00.000Z,33.42857142857143,2272792.5714285714
Lombok Strait,2022-08-22T00:00:00.000Z,33.142857142857146,2348529.285714286
Lombok Strait,2022-09-05T00:00:00.000Z,35.142857142857146,2426232.285714286
Lombok Strait,2022-10-31T00:00:00.000Z,34.857142857142854,2827791.0
Lombok Strait,2023-02-06T00:00:00.000Z,34.0,2278672.8571428573
Lombok Strait,2023-03-06T00:00:00.000Z,35.714285714285715,2345967.8571428573
Lombok Strait,2023-03-13T00:00:00.000Z,37.0,2738176.8571428573
Lombok Strait,2023-04-03T00:00:00.000Z,36.42857142857143,2745666.0
Lombok Strait,2023-07-10T00:00:00.000Z,33.714285714285715,2762569.4285714286
Lombok Strait,2023-07-24T00:00:00.000Z,37.285714285714285,2909518.1428571427
Lombok Strait,2023-09-04T00:00:00.000Z,38.285714285714285,2684304.5714285714
Lombok Strait,2023-10-02T00:00:00.000Z,35.285714285714285,2477596.4285714286
Lombok Strait,2023-10-09T00:00:00.000Z,37.714285714285715,2649424.4285714286
Lombok Strait,2024-03-18T00:00:00.000Z,39.285714285714285,2809886.4285714286
Lombok Strait,2024-08-19T00:00:00.000Z,37.857142857142854,3033188.285714286
Lombok Strait,2024-10-21T00:00:00.000Z,34.714285714285715,2546981.4285714286
Lombok Strait,2025-01-27T00:00:00.000Z,35.42857142857143,2697651.285714286
Lombok Strait,2025-07-21T00:00:00.000Z,30.428571428571427,2446509.5714285714
Lombok Strait,2025-10-20T00:00:00.000Z,34.57142857142857,3164099.8571428573
Lombok Strait,2025-12-15T00:00:00.000Z,38.285714285714285,3875215.0
Lombok Strait,2026-03-02T00:00:00.000Z,37.142857142857146,2638699.0
Lombok Strait,2026-04-27T00:00:00.000Z,41.42857142857143,3234326.1428571427
Mindoro Strait,2019-04-01T00:00:00.000Z,36.42857142857143,1180838.857142857
Mindoro Strait,2019-05-13T00:00:00.000Z,53.285714285714285,2186454.1428571427
Mindoro Strait,2019-06-24T00:00:00.000Z,45.142857142857146,2289905.714285714
Mindoro Strait,2020-03-02T00:00:00.000Z,39.0,1349099.4285714286
Mindoro Strait,2020-03-09T00:00:00.000Z,40.42857142857143,1895388.7142857143
Mindoro Strait,2020-09-07T00:00:00.000Z,50.857142857142854,2215657.714285714
Mindoro Strait,2020-10-12T00:00:00.000Z,52.857142857142854,2538778.285714286
Mindoro Strait,2020-11-30T00:00:00.000Z,39.285714285714285,1504616.5714285714
Mindoro Strait,2021-03-01T00:00:00.000Z,37.142857142857146,1641937.857142857
Mindoro Strait,2021-04-12T00:00:00.000Z,53.285714285714285,1909811.7142857143
Mindoro Strait,2021-06-21T00:00:00.000Z,56.285714285714285,2639377.8571428573
Mindoro Strait,2021-09-27T00:00:00.000Z,41.42857142857143,1976233.142857143
Mindoro Strait,2021-11-15T00:00:00.000Z,49.57142857142857,2447000.0
Mindoro Strait,2022-02-28T00:00:00.000Z,43.857142857142854,2142197.714285714
Mindoro Strait,2022-06-20T00:00:00.000Z,52.42857142857143,3137929.0
Mindoro Strait,2022-08-15T00:00:00.000Z,49.0,2750014.0
Mindoro Strait,2023-04-10T00:00:00.000Z,51.857142857142854,2897407.8571428573
Mindoro Strait,2023-08-28T00:00:00.000Z,54.714285714285715,3035018.8571428573
Mindoro Strait,2023-10-30T00:00:00.000Z,44.285714285714285,2172031.4285714286
Mindoro Strait,2024-02-26T00:00:00.000Z,44.0,2005271.857142857
Mindoro Strait,2024-04-01T00:00:00.000Z,55.142857142857146,3194223.714285714
Mindoro Strait,2024-09-23T00:00:00.000Z,43.0,2412048.8571428573
Mindoro Strait,2025-03-31T00:00:00.000Z,35.285714285714285,1724897.142857143
Mindoro Strait,2025-09-22T00:00:00.000Z,31.571428571428573,1823928.857142857
Mindoro Strait,2026-07-06T00:00:00.000Z,64.42857142857143,3812706.5714285714
Bosporus Strait,2019-03-04T00:00:00.000Z,108.42857142857143,1319470.4285714286
Bosporus Strait,2019-04-08T00:00:00.000Z,103.0,1124881.7142857143
Bosporus Strait,2019-06-24T00:00:00.000Z,98.71428571428571,1294217.2857142857
Bosporus Strait,2019-07-01T00:00:00.000Z,100.14285714285714,1387758.4285714286
Bosporus Strait,2020-01-06T00:00:00.000Z,83.71428571428571,1041230.7142857143
Bosporus Strait,2020-03-30T00:00:00.000Z,99.71428571428571,1587587.7142857143
Bosporus Strait,2020-08-03T00:00:00.000Z,93.0,1217530.4285714286
Bosporus Strait,2020-08-17T00:00:00.000Z,95.85714285714286,1250463.142857143
Bosporus Strait,2020-08-31T00:00:00.000Z,96.85714285714286,1281888.5714285714
Bosporus Strait,2020-11-16T00:00:00.000Z,100.71428571428571,1212637.0
Bosporus Strait,2021-02-22T00:00:00.000Z,110.57142857142857,1604699.2857142857
Bosporus Strait,2021-05-31T00:00:00.000Z,97.42857142857143,1144962.0
Bosporus Strait,2021-12-06T00:00:00.000Z,107.57142857142857,1169396.7142857143
Bosporus Strait,2022-01-03T00:00:00.000Z,94.28571428571429,1295725.7142857143
Bosporus Strait,2022-04-18T00:00:00.000Z,89.0,926918.8571428572
Bosporus Strait,2022-12-19T00:00:00.000Z,97.28571428571429,1095120.0
Bosporus Strait,2023-02-27T00:00:00.000Z,101.42857142857143,1280890.5714285714
Bosporus Strait,2023-04-17T00:00:00.000Z,104.42857142857143,1002383.2857142857
Bosporus Strait,2023-06-05T00:00:00.000Z,99.42857142857143,1255566.4285714286
Bosporus Strait,2023-07-31T00:00:00.000Z,93.28571428571429,1295617.7142857143
Bosporus Strait,2023-08-14T00:00:00.000Z,92.14285714285714,925143.8571428572
Bosporus Strait,2023-08-21T00:00:00.000Z,86.42857142857143,1113646.4285714286
Bosporus Strait,2023-10-09T00:00:00.000Z,93.42857142857143,1127935.142857143
Bosporus Strait,2024-03-04T00:00:00.000Z,98.42857142857143,1202270.857142857
Bosporus Strait,2024-07-22T00:00:00.000Z,96.42857142857143,1228604.857142857
Bosporus Strait,2026-01-26T00:00:00.000Z,81.28571428571429,1018546.4285714285
Bosporus Strait,2026-06-29T00:00:00.000Z,82.0,1258083.142857143
Bab el-Mandeb Strait,2019-04-08T00:00:00.000Z,57.42857142857143,2770706.285714286
Bab el-Mandeb Strait,2019-12-23T00:00:00.000Z,55.714285714285715,2606723.0
Bab el-Mandeb Strait,2020-04-06T00:00:00.000Z,57.285714285714285,2918196.0
Bab el-Mandeb Strait,2020-07-06T00:00:00.000Z,51.142857142857146,2365282.0
Bab el-Mandeb Strait,2021-01-04T00:00:00.000Z,59.42857142857143,2664731.1428571427
Bab el-Mandeb Strait,2021-10-18T00:00:00.000Z,56.714285714285715,2510529.4285714286
Bab el-Mandeb Strait,2022-04-11T00:00:00.000Z,63.57142857142857,2761076.285714286
Bab el-Mandeb Strait,2022-08-15T00:00:00.000Z,69.28571428571429,3169892.5714285714
Bab el-Mandeb Strait,2022-10-24T00:00:00.000Z,73.28571428571429,3294078.5714285714
Bab el-Mandeb Strait,2022-11-28T00:00:00.000Z,67.57142857142857,3041062.285714286
Bab el-Mandeb Strait,2022-12-12T00:00:00.000Z,71.0,3249780.714285714
Bab el-Mandeb Strait,2022-12-26T00:00:00.000Z,74.71428571428571,3250113.5714285714
Bab el-Mandeb Strait,2023-02-06T00:00:00.000Z,65.71428571428571,2982606.5714285714
Bab el-Mandeb Strait,2023-02-27T00:00:00.000Z,74.0,3199221.8571428573
Bab el-Mandeb Strait,2023-11-06T00:00:00.000Z,74.28571428571429,3508494.4285714286
Bab el-Mandeb Strait,2024-01-01T00:00:00.000Z,45.142857142857146,2049913.0
Bab el-Mandeb Strait,2024-04-29T00:00:00.000Z,32.42857142857143,1007989.1428571428
Bab el-Mandeb Strait,2024-07-22T00:00:00.000Z,26.285714285714285,1029613.0
Bab el-Mandeb Strait,2024-09-23T00:00:00.000Z,30.571428571428573,1176594.142857143
Bab el-Mandeb Strait,2024-10-28T00:00:00.000Z,34.0,1026680.4285714285
Bab el-Mandeb Strait,2024-12-30T00:00:00.000Z,32.57142857142857,1103336.142857143
Bab el-Mandeb Strait,2025-03-24T00:00:00.000Z,31.142857142857142,1281830.0
Bab el-Mandeb Strait,2025-08-04T00:00:00.000Z,35.42857142857143,1163305.4285714286
Bab el-Mandeb Strait,2025-11-10T00:00:00.000Z,33.857142857142854,1429979.4285714286
Bab el-Mandeb Strait,2025-12-15T00:00:00.000Z,32.42857142857143,1301492.0
Malacca Strait,2019-05-20T00:00:00.000Z,170.0,6357764.714285715
Malacca Strait,2019-05-27T00:00:00.000Z,162.42857142857142,6228192.285714285
Malacca Strait,2019-10-07T00:00:00.000Z,176.57142857142858,6813130.142857143
Malacca Strait,2020-02-24T00:00:00.000Z,147.0,5408816.571428572
Malacca Strait,2020-05-18T00:00:00.000Z,155.85714285714286,6424195.571428572
Malacca Strait,2020-08-03T00:00:00.000Z,156.28571428571428,6887734.285714285
Malacca Strait,2021-09-06T00:00:00.000Z,144.28571428571428,5822502.571428572
Malacca Strait,2021-10-25T00:00:00.000Z,150.71428571428572,6007882.714285715
Malacca Strait,2021-12-27T00:00:00.000Z,207.0,7665617.857142857
Malacca Strait,2022-01-31T00:00:00.000Z,202.57142857142858,6803687.714285715
Malacca Strait,2022-03-28T00:00:00.000Z,199.0,7223378.571428572
Malacca Strait,2022-06-27T00:00:00.000Z,199.28571428571428,7313464.285714285
Malacca Strait,2022-08-08T00:00:00.000Z,214.57142857142858,7231619.428571428
Malacca Strait,2023-05-01T00:00:00.000Z,222.57142857142858,8794882.285714285
Malacca Strait,2023-05-15T00:00:00.000Z,212.71428571428572,8030239.857142857
Malacca Strait,2023-07-17T00:00:00.000Z,213.85714285714286,8342183.142857143
Malacca Strait,2024-05-27T00:00:00.000Z,218.28571428571428,8120013.714285715
Malacca Strait,2024-06-03T00:00:00.000Z,225.0,8938862.285714285
Malacca Strait,2024-08-19T00:00:00.000Z,224.42857142857142,8735249.142857144
Malacca Strait,2026-01-05T00:00:00.000Z,242.14285714285714,9237022.857142856
Oresund Strait,2019-10-28T00:00:00.000Z,53.0,95680.42857142857
Oresund Strait,2019-11-11T00:00:00.000Z,51.0,86289.42857142857
Oresund Strait,2019-12-30T00:00:00.000Z,42.857142857142854,88231.14285714286
Oresund Strait,2020-08-24T00:00:00.000Z,51.0,115041.85714285714
Oresund Strait,2020-11-16T00:00:00.000Z,49.57142857142857,105810.42857142857
Oresund Strait,2021-04-05T00:00:00.000Z,46.42857142857143,74935.28571428571
Oresund Strait,2021-04-19T00:00:00.000Z,61.285714285714285,139711.0
Oresund Strait,2021-11-01T00:00:00.000Z,55.0,99769.42857142857
Oresund Strait,2021-12-06T00:00:00.000Z,47.57142857142857,93589.0
Oresund Strait,2022-02-14T00:00:00.000Z,43.285714285714285,90047.14285714286
Oresund Strait,2022-04-11T00:00:00.000Z,58.42857142857143,107215.85714285714
Oresund Strait,2022-05-02T00:00:00.000Z,48.857142857142854,73688.14285714286
Oresund Strait,2022-10-03T00:00:00.000Z,44.857142857142854,77626.0
Oresund Strait,2023-04-17T00:00:00.000Z,47.857142857142854,96896.57142857143
Oresund Strait,2023-06-05T00:00:00.000Z,45.857142857142854,104773.42857142857
Oresund Strait,2023-08-28T00:00:00.000Z,45.285714285714285,100234.0
Oresund Strait,2023-10-23T00:00:00.000Z,46.57142857142857,128825.85714285714
Oresund Strait,2024-01-29T00:00:00.000Z,42.714285714285715,96827.0
Oresund Strait,2024-03-11T00:00:00.000Z,43.714285714285715,117407.42857142857
Oresund Strait,2024-08-12T00:00:00.000Z,46.57142857142857,95794.85714285714
Oresund Strait,2024-08-26T00:00:00.000Z,45.714285714285715,78113.42857142857
Oresund Strait,2024-09-16T00:00:00.000Z,49.142857142857146,97680.28571428571
Oresund Strait,2024-09-23T00:00:00.000Z,43.142857142857146,82666.71428571429
Oresund Strait,2024-10-07T00:00:00.000Z,50.42857142857143,108502.28571428571
Oresund Strait,2024-10-28T00:00:00.000Z,43.0,74064.85714285714
Oresund Strait,2024-11-25T00:00:00.000Z,42.285714285714285,108937.42857142857
Oresund Strait,2024-12-02T00:00:00.000Z,50.714285714285715,111763.71428571429
Oresund Strait,2025-02-24T00:00:00.000Z,44.857142857142854,109870.28571428571
Oresund Strait,2025-03-10T00:00:00.000Z,56.142857142857146,167999.85714285713
Oresund Strait,2025-10-06T00:00:00.000Z,46.142857142857146,73093.0
Oresund Strait,2025-12-22T00:00:00.000Z,47.285714285714285,144244.2857142857
Oresund Strait,2026-05-11T00:00:00.000Z,42.0,88646.71428571429
Luzon Strait,2020-01-27T00:00:00.000Z,98.85714285714286,3509841.0
Luzon Strait,2020-03-16T00:00:00.000Z,61.142857142857146,3635632.285714286
Luzon Strait,2020-05-11T00:00:00.000Z,47.142857142857146,3120489.5714285714
Luzon Strait,2020-08-17T00:00:00.000Z,61.57142857142857,3195451.714285714
Luzon Strait,2020-08-24T00:00:00.000Z,56.285714285714285,3383407.4285714286
Luzon Strait,2020-09-21T00:00:00.000Z,62.142857142857146,3730902.4285714286
Luzon Strait,2020-11-02T00:00:00.000Z,56.142857142857146,3304053.4285714286
Luzon Strait,2021-03-01T00:00:00.000Z,69.57142857142857,4328032.857142857
Luzon Strait,2021-08-30T00:00:00.000Z,65.42857142857143,3747375.714285714
Luzon Strait,2021-12-27T00:00:00.000Z,74.28571428571429,4449670.0
Luzon Strait,2022-07-04T00:00:00.000Z,87.0,5018087.857142857
Luzon Strait,2022-08-15T00:00:00.000Z,90.42857142857143,5141783.0
Luzon Strait,2022-10-24T00:00:00.000Z,68.28571428571429,4190179.8571428573
Luzon Strait,2024-06-24T00:00:00.000Z,102.28571428571429,7343378.428571428
Luzon Strait,2024-12-02T00:00:00.000Z,70.14285714285714,4613843.857142857
Luzon Strait,2025-03-31T00:00:00.000Z,67.57142857142857,4139929.285714286
Luzon Strait,2025-05-26T00:00:00.000Z,67.85714285714286,4802870.714285715
Luzon Strait,2025-12-01T00:00:00.000Z,78.42857142857143,5181608.571428572
Luzon Strait,2026-01-19T00:00:00.000Z,64.0,3771544.0
Luzon Strait,2026-06-08T00:00:00.000Z,90.42857142857143,5945029.571428572
Ombai Strait,2020-01-27T00:00:00.000Z,18.857142857142858,485535.14285714284
Ombai Strait,2020-12-21T00:00:00.000Z,10.142857142857142,430093.71428571426
Ombai Strait,2021-04-26T00:00:00.000Z,7.142857142857143,225809.14285714287
Ombai Strait,2022-01-10T00:00:00.000Z,12.571428571428571,393954.28571428574
Ombai Strait,2022-05-02T00:00:00.000Z,10.571428571428571,480331.28571428574
Ombai Strait,2022-05-30T00:00:00.000Z,10.857142857142858,327100.71428571426
Ombai Strait,2022-09-19T00:00:00.000Z,12.428571428571429,371074.14285714284
Ombai Strait,2022-11-14T00:00:00.000Z,10.857142857142858,376841.85714285716
Ombai Strait,2023-02-06T00:00:00.000Z,10.857142857142858,352686.14285714284
Ombai Strait,2023-10-23T00:00:00.000Z,12.0,500153.71428571426
Ombai Strait,2024-08-05T00:00:00.000Z,12.428571428571429,605766.4285714285
Ombai Strait,2024-12-02T00:00:00.000Z,11.571428571428571,392732.5714285714
Ombai Strait,2025-02-03T00:00:00.000Z,10.857142857142858,835146.1428571428
Ombai Strait,2025-06-02T00:00:00.000Z,10.428571428571429,910256.7142857143
Ombai Strait,2025-07-28T00:00:00.000Z,7.857142857142857,359432.5714285714
Ombai Strait,2026-06-15T00:00:00.000Z,11.285714285714286,606033.8571428572
Ombai Strait,2026-08-10T00:00:00.000Z,10.142857142857142,650861.5714285715
Torres Strait,2019-01-14T00:00:00.000Z,8.857142857142858,193312.57142857142
Torres Strait,2019-02-04T00:00:00.000Z,8.571428571428571,148627.0
Torres Strait,2019-02-18T00:00:00.000Z,9.0,208422.0
Torres Strait,2019-07-22T00:00:00.000Z,8.714285714285714,178926.2857142857
Torres Strait,2019-09-30T00:00:00.000Z,9.0,176435.85714285713
Torres Strait,2020-01-27T00:00:00.000Z,25.571428571428573,193833.42857142858
Torres Strait,2020-03-02T00:00:00.000Z,8.285714285714286,208677.42857142858
Torres Strait,2020-03-16T00:00:00.000Z,6.571428571428571,165278.14285714287
Torres Strait,2020-03-23T00:00:00.000Z,7.571428571428571,177438.85714285713
Torres Strait,2020-11-09T00:00:00.000Z,9.428571428571429,189494.57142857142
Torres Strait,2020-11-23T00:00:00.000Z,9.0,167566.14285714287
Torres Strait,2021-01-11T00:00:00.000Z,11.0,206652.7142857143
Torres Strait,2021-08-16T00:00:00.000Z,11.142857142857142,232129.85714285713
Torres Strait,2022-01-31T00:00:00.000Z,8.142857142857142,156694.42857142858
Torres Strait,2022-07-18T00:00:00.000Z,9.285714285714286,206354.42857142858
Torres Strait,2022-08-15T00:00:00.000Z,9.857142857142858,217071.0
Torres Strait,2023-07-10T00:00:00.000Z,9.857142857142858,205547.42857142858
Torres Strait,2023-09-04T00:00:00.000Z,9.714285714285714,172229.7142857143
Torres Strait,2023-10-30T00:00:00.000Z,10.714285714285714,229538.7142857143
Torres Strait,2024-02-19T00:00:00.000Z,10.285714285714286,203599.42857142858
Torres Strait,2024-03-11T00:00:00.000Z,8.857142857142858,152096.7142857143
Torres Strait,2024-04-01T00:00:00.000Z,9.142857142857142,241642.7142857143
Torres Strait,2024-06-17T00:00:00.000Z,9.142857142857142,181848.42857142858
Torres Strait,2024-10-07T00:00:00.000Z,10.428571428571429,167707.7142857143
Torres Strait,2024-11-11T00:00:00.000Z,10.428571428571429,197355.85714285713
Torres Strait,2024-12-02T00:00:00.000Z,11.714285714285714,257268.14285714287
Magellan Strait,2019-01-21T00:00:00.000Z,4.142857142857143,125796.85714285714
Magellan Strait,2019-06-24T00:00:00.000Z,3.7142857142857144,104366.85714285714
Magellan Strait,2019-09-23T00:00:00.000Z,4.571428571428571,123971.14285714286
Magellan Strait,2019-10-14T00:00:00.000Z,3.5714285714285716,97226.85714285714
Magellan Strait,2020-03-09T00:00:00.000Z,3.2857142857142856,113408.14285714286
Magellan Strait,2020-04-13T00:00:00.000Z,3.4285714285714284,78880.28571428571
Magellan Strait,2020-04-20T00:00:00.000Z,3.5714285714285716,103355.0
Magellan Strait,2020-08-10T00:00:00.000Z,2.7142857142857144,72250.42857142857
Magellan Strait,2020-11-23T00:00:00.000Z,2.142857142857143,46665.0
Magellan Strait,2021-01-04T00:00:00.000Z,1.7142857142857142,38318.57142857143
Magellan Strait,2021-07-05T00:00:00.000Z,4.142857142857143,167156.14285714287
Magellan Strait,2021-08-02T00:00:00.000Z,5.857142857142857,212196.7142857143
Magellan Strait,2021-12-13T00:00:00.000Z,4.285714285714286,120664.28571428571
Magellan Strait,2022-04-25T00:00:00.000Z,3.5714285714285716,124387.14285714286
Magellan Strait,2022-09-05T00:00:00.000Z,5.0,165604.2857142857
Magellan Strait,2023-02-20T00:00:00.000Z,3.4285714285714284,67784.0
Magellan Strait,2023-04-03T00:00:00.000Z,4.428571428571429,122422.85714285714
Magellan Strait,2023-04-24T00:00:00.000Z,4.142857142857143,139674.85714285713
Magellan Strait,2024-01-22T00:00:00.000Z,6.714285714285714,195684.57142857142
Magellan Strait,2024-03-04T00:00:00.000Z,4.0,112944.28571428571
Magellan Strait,2024-03-25T00:00:00.000Z,5.714285714285714,160834.85714285713
Magellan Strait,2024-04-08T00:00:00.000Z,7.428571428571429,213469.2857142857
Magellan Strait,2024-04-15T00:00:00.000Z,7.0,235362.57142857142
Magellan Strait,2024-04-22T00:00:00.000Z,5.285714285714286,174563.14285714287
Magellan Strait,2024-04-29T00:00:00.000Z,6.142857142857143,192377.42857142858
Magellan Strait,2024-06-03T00:00:00.000Z,4.285714285714286,149452.57142857142
Magellan Strait,2024-06-17T00:00:00.000Z,4.0,102618.14285714286
Magellan Strait,2024-08-05T00:00:00.000Z,3.142857142857143,67535.85714285714
Magellan Strait,2024-11-11T00:00:00.000Z,2.4285714285714284,111020.85714285714
Magellan Strait,2025-02-24T00:00:00.000Z,4.0,109432.42857142857
Magellan Strait,2025-04-21T00:00:00.000Z,5.428571428571429,210964.57142857142
Magellan Strait,2025-05-19T00:00:00.000Z,4.857142857142857,145298.2857142857
Magellan Strait,2025-07-14T00:00:00.000Z,6.714285714285714,193737.2857142857
Magellan Strait,2026-01-05T00:00:00.000Z,3.857142857142857,103880.85714285714
Magellan Strait,2026-02-23T00:00:00.000Z,2.4285714285714284,101038.71428571429
Magellan Strait,2026-05-18T00:00:00.000Z,4.857142857142857,183255.7142857143
Magellan Strait,2026-08-10T00:00:00.000Z,6.285714285714286,211852.57142857142
Balabac Strait,2019-04-08T00:00:00.000Z,12.142857142857142,310717.28571428574
Balabac Strait,2019-10-07T00:00:00.000Z,10.285714285714286,203292.7142857143
Balabac Strait,2019-12-02T00:00:00.000Z,13.428571428571429,280099.85714285716
Balabac Strait,2020-02-03T00:00:00.000Z,11.285714285714286,272219.28571428574
Balabac Strait,2020-02-17T00:00:00.000Z,9.571428571428571,176468.42857142858
Balabac Strait,2020-09-07T00:00:00.000Z,7.571428571428571,252185.7142857143
Balabac Strait,2020-09-21T00:00:00.000Z,11.142857142857142,279738.71428571426
Balabac Strait,2021-01-04T00:00:00.000Z,10.285714285714286,257710.7142857143
Balabac Strait,2021-05-17T00:00:00.000Z,10.714285714285714,361513.85714285716
Balabac Strait,2021-05-31T00:00:00.000Z,12.857142857142858,370473.71428571426
Balabac Strait,2021-06-07T00:00:00.000Z,10.571428571428571,293763.71428571426
Balabac Strait,2021-07-12T00:00:00.000Z,8.428571428571429,257505.7142857143
Balabac Strait,2021-07-19T00:00:00.000Z,11.428571428571429,220295.57142857142
Balabac Strait,2021-08-02T00:00:00.000Z,8.714285714285714,252381.0
Balabac Strait,2021-08-23T00:00:00.000Z,11.0,331204.71428571426
Balabac Strait,2022-01-31T00:00:00.000Z,12.142857142857142,486048.28571428574
Balabac Strait,2022-08-01T00:00:00.000Z,12.142857142857142,290336.0
Balabac Strait,2022-09-26T00:00:00.000Z,12.285714285714286,407867.28571428574
Balabac Strait,2022-10-10T00:00:00.000Z,12.142857142857142,243669.7142857143
Balabac Strait,2023-07-03T00:00:00.000Z,9.285714285714286,204923.0
Balabac Strait,2023-11-27T00:00:00.000Z,11.285714285714286,402575.71428571426
Balabac Strait,2023-12-18T00:00:00.000Z,12.571428571428571,157626.0
Balabac Strait,2024-02-12T00:00:00.000Z,11.0,288286.0
Balabac Strait,2024-04-15T00:00:00.000Z,14.142857142857142,336031.5714285714
Balabac Strait,2024-12-30T00:00:00.000Z,13.0,273857.4285714286
Balabac Strait,2025-10-20T00:00:00.000Z,9.857142857142858,265083.14285714284
Balabac Strait,2026-04-06T00:00:00.000Z,9.857142857142858,164667.57142857142
Balabac Strait,2026-04-13T00:00:00.000Z,9.571428571428571,189209.0
Balabac Strait,2026-06-08T00:00:00.000Z,13.285714285714286,309921.5714285714
Balabac Strait,2026-07-27T00:00:00.000Z,9.857142857142858,250800.2857142857
Dover Strait,2019-08-26T00:00:00.000Z,161.0,2751368.5714285714
Dover Strait,2019-10-28T00:00:00.000Z,153.85714285714286,2843925.8571428573
Dover Strait,2020-01-27T00:00:00.000Z,161.57142857142858,2866093.0
Dover Strait,2020-03-30T00:00:00.000Z,169.57142857142858,3222686.714285714
Dover Strait,2020-11-02T00:00:00.000Z,160.85714285714286,2944372.5714285714
Dover Strait,2021-08-09T00:00:00.000Z,163.14285714285714,2862868.8571428573
Dover Strait,2021-11-22T00:00:00.000Z,152.57142857142858,3172380.1428571427
Dover Strait,2021-12-27T00:00:00.000Z,151.57142857142858,2857277.285714286
Dover Strait,2022-08-22T00:00:00.000Z,168.71428571428572,3093135.714285714
Dover Strait,2022-10-31T00:00:00.000Z,162.14285714285714,3188120.285714286
Dover Strait,2024-01-01T00:00:00.000Z,169.85714285714286,3744699.4285714286
Dover Strait,2024-01-08T00:00:00.000Z,168.28571428571428,3013520.5714285714
Dover Strait,2024-02-26T00:00:00.000Z,172.85714285714286,3905380.0
Dover Strait,2024-07-01T00:00:00.000Z,177.14285714285714,3349720.4285714286
Dover Strait,2024-08-12T00:00:00.000Z,170.57142857142858,3307433.5714285714
Dover Strait,2024-09-09T00:00:00.000Z,171.85714285714286,3197129.714285714
Dover Strait,2024-12-30T00:00:00.000Z,153.42857142857142,3268627.8571428573
Dover Strait,2025-01-20T00:00:00.000Z,152.0,2889883.1428571427
Dover Strait,2025-02-10T00:00:00.000Z,181.71428571428572,3650543.5714285714
Dover Strait,2026-02-09T00:00:00.000Z,153.57142857142858,3269279.0
Dover Strait,2026-06-08T00:00:00.000Z,167.14285714285714,3258514.285714286
Tsugaru Strait,2018-12-31T00:00:00.000Z,38.166666666666664,733406.6666666666
Tsugaru Strait,2019-02-04T00:00:00.000Z,49.142857142857146,965180.2857142857
Tsugaru Strait,2019-05-06T00:00:00.000Z,47.714285714285715,930792.1428571428
Tsugaru Strait,2019-07-22T00:00:00.000Z,53.285714285714285,1237812.142857143
Tsugaru Strait,2019-08-05T00:00:00.000Z,51.0,1066867.2857142857
Tsugaru Strait,2019-08-26T00:00:00.000Z,50.142857142857146,1097681.5714285714
Tsugaru Strait,2019-09-30T00:00:00.000Z,42.57142857142857,793633.1428571428
Tsugaru Strait,2019-10-21T00:00:00.000Z,45.142857142857146,728927.1428571428
Tsugaru Strait,2020-06-15T00:00:00.000Z,42.57142857142857,949542.4285714285
Tsugaru Strait,2020-09-21T00:00:00.000Z,38.0,847543.5714285715
Tsugaru Strait,2021-01-04T00:00:00.000Z,36.0,743114.2857142857
Tsugaru Strait,2021-03-01T00:00:00.000Z,47.42857142857143,649435.5714285715
Tsugaru Strait,2021-04-19T00:00:00.000Z,57.57142857142857,1321863.5714285714
Tsugaru Strait,2021-11-29T00:00:00.000Z,36.285714285714285,796752.4285714285
Tsugaru Strait,2022-01-17T00:00:00.000Z,40.285714285714285,673827.8571428572
Tsugaru Strait,2022-08-08T00:00:00.000Z,48.285714285714285,1019649.1428571428
Tsugaru Strait,2023-04-24T00:00:00.000Z,40.714285714285715,823253.2857142857
Tsugaru Strait,2023-12-04T00:00:00.000Z,34.42857142857143,828352.4285714285
Tsugaru Strait,2023-12-18T00:00:00.000Z,36.714285714285715,801121.2857142857
Tsugaru Strait,2024-10-07T00:00:00.000Z,47.714285714285715,1065586.4285714286
Tsugaru Strait,2025-02-10T00:00:00.000Z,41.42857142857143,839545.1428571428
Tsugaru Strait,2025-06-09T00:00:00.000Z,55.285714285714285,1229737.142857143
Tsugaru Strait,2026-02-09T00:00:00.000Z,51.285714285714285,880163.5714285715
Tsugaru Strait,2026-05-11T00:00:00.000Z,53.714285714285715,1346419.4285714286
Panama Canal,2019-09-30T00:00:00.000Z,34.285714285714285,907739.7142857143
Panama Canal,2020-11-23T00:00:00.000Z,34.42857142857143,890448.4285714285
Panama Canal,2021-02-15T00:00:00.000Z,34.57142857142857,923745.4285714285
Panama Canal,2021-03-15T00:00:00.000Z,33.0,982989.0
Panama Canal,2021-04-05T00:00:00.000Z,31.857142857142858,988139.2857142857
Panama Canal,2021-05-31T00:00:00.000Z,31.428571428571427,912141.2857142857
Panama Canal,2021-08-23T00:00:00.000Z,34.42857142857143,915195.2857142857
Panama Canal,2021-10-25T00:00:00.000Z,33.0,898687.2857142857
Panama Canal,2021-11-01T00:00:00.000Z,33.857142857142854,946928.8571428572
Panama Canal,2023-05-15T00:00:00.000Z,30.571428571428573,799663.8571428572
Panama Canal,2023-07-31T00:00:00.000Z,31.428571428571427,764255.5714285715
Panama Canal,2023-10-02T00:00:00.000Z,31.142857142857142,848884.1428571428
Panama Canal,2023-12-11T00:00:00.000Z,21.142857142857142,530093.1428571428
Panama Canal,2024-01-08T00:00:00.000Z,19.142857142857142,532750.0
Panama Canal,2024-02-12T00:00:00.000Z,21.285714285714285,606636.8571428572
Panama Canal,2024-04-29T00:00:00.000Z,24.0,728686.8571428572
Panama Canal,2024-07-22T00:00:00.000Z,29.285714285714285,812411.8571428572
Panama Canal,2025-06-16T00:00:00.000Z,28.428571428571427,817121.1428571428
Panama Canal,2026-03-02T00:00:00.000Z,35.285714285714285,996334.1428571428
Panama Canal,2026-06-01T00:00:00.000Z,30.714285714285715,853671.2857142857
Makassar Strait,2019-01-14T00:00:00.000Z,51.42857142857143,2317295.0
Makassar Strait,2019-08-05T00:00:00.000Z,54.57142857142857,2488546.714285714
Makassar Strait,2019-09-16T00:00:00.000Z,50.57142857142857,2111943.4285714286
Makassar Strait,2019-12-23T00:00:00.000Z,54.857142857142854,3041281.4285714286
Makassar Strait,2020-03-02T00:00:00.000Z,54.142857142857146,2250546.0
Makassar Strait,2020-03-23T00:00:00.000Z,52.285714285714285,2505541.4285714286
Makassar Strait,2020-10-12T00:00:00.000Z,48.142857142857146,2213348.285714286
Makassar Strait,2021-01-04T00:00:00.000Z,54.857142857142854,2677904.0
Makassar Strait,2021-05-31T00:00:00.000Z,56.142857142857146,2529786.4285714286
Makassar Strait,2021-10-25T00:00:00.000Z,56.57142857142857,2578284.0
Makassar Strait,2021-11-15T00:00:00.000Z,53.285714285714285,2935760.714285714
Makassar Strait,2022-03-14T00:00:00.000Z,51.285714285714285,3057001.0
Makassar Strait,2023-07-03T00:00:00.000Z,56.57142857142857,3249082.0
Makassar Strait,2023-07-31T00:00:00.000Z,56.714285714285715,3070214.0
Makassar Strait,2023-08-07T00:00:00.000Z,52.714285714285715,3188662.0
Makassar Strait,2023-11-20T00:00:00.000Z,60.42857142857143,3350053.4285714286
Makassar Strait,2024-04-01T00:00:00.000Z,58.0,3157678.4285714286
Makassar Strait,2024-07-08T00:00:00.000Z,49.714285714285715,2983402.285714286
Makassar Strait,2024-11-25T00:00:00.000Z,53.0,3071017.8571428573
Makassar Strait,2024-12-23T00:00:00.000Z,60.57142857142857,3779682.8571428573
Makassar Strait,2025-04-07T00:00:00.000Z,44.0,2757108.714285714
Makassar Strait,2025-08-18T00:00:00.000Z,49.57142857142857,3051896.285714286
Makassar Strait,2025-10-27T00:00:00.000Z,52.0,3485251.4285714286
Makassar Strait,2026-04-13T00:00:00.000Z,40.57142857142857,2246745.4285714286
Makassar Strait,2026-05-18T00:00:00.000Z,52.142857142857146,3688471.285714286
Makassar Strait,2026-05-25T00:00:00.000Z,52.714285714285715,3388171.4285714286
Yucatan Channel,2019-01-28T00:00:00.000Z,40.714285714285715,899507.8571428572
Yucatan Channel,2019-06-17T00:00:00.000Z,41.0,994784.5714285715
Yucatan Channel,2019-09-23T00:00:00.000Z,45.0,1121862.0
Yucatan Channel,2019-11-11T00:00:00.000Z,42.857142857142854,848211.5714285715
Yucatan Channel,2019-11-25T00:00:00.000Z,45.714285714285715,1061511.4285714286
Yucatan Channel,2020-05-25T00:00:00.000Z,40.857142857142854,1106719.857142857
Yucatan Channel,2020-07-06T00:00:00.000Z,40.285714285714285,813780.2857142857
Yucatan Channel,2020-07-20T00:00:00.000Z,39.57142857142857,898324.4285714285
Yucatan Channel,2020-09-21T00:00:00.000Z,38.714285714285715,747089.8571428572
Yucatan Channel,2020-11-23T00:00:00.000Z,46.285714285714285,1048058.0
Yucatan Channel,2021-01-18T00:00:00.000Z,44.857142857142854,1027424.4285714285
Yucatan Channel,2021-02-01T00:00:00.000Z,44.142857142857146,1110782.5714285714
Yucatan Channel,2021-03-01T00:00:00.000Z,42.57142857142857,854004.0
Yucatan Channel,2021-12-20T00:00:00.000Z,46.285714285714285,1195346.2857142857
Yucatan Channel,2022-10-31T00:00:00.000Z,45.714285714285715,1085920.4285714286
Yucatan Channel,2022-12-12T00:00:00.000Z,47.714285714285715,1233054.0
Yucatan Channel,2023-03-20T00:00:00.000Z,47.714285714285715,1073508.7142857143
Yucatan Channel,2023-04-24T00:00:00.000Z,44.714285714285715,1150002.5714285714
Yucatan Channel,2023-07-10T00:00:00.000Z,49.42857142857143,998775.8571428572
Yucatan Channel,2024-01-22T00:00:00.000Z,44.42857142857143,976440.7142857143
Yucatan Channel,2024-02-12T00:00:00.000Z,43.857142857142854,1067277.5714285714
Yucatan Channel,2024-03-18T00:00:00.000Z,48.57142857142857,1263652.4285714286
Yucatan Channel,2024-04-15T00:00:00.000Z,47.285714285714285,1121739.0
Yucatan Channel,2024-08-12T00:00:00.000Z,35.57142857142857,829333.2857142857
Yucatan Channel,2024-11-11T00:00:00.000Z,53.857142857142854,1216262.7142857143
Yucatan Channel,2025-02-17T00:00:00.000Z,50.714285714285715,1288052.142857143
Yucatan Channel,2025-09-01T00:00:00.000Z,49.142857142857146,1061271.142857143
Yucatan Channel,2025-12-01T00:00:00.000Z,44.714285714285715,1023005.1428571428
Yucatan Channel,2026-01-26T00:00:00.000Z,43.142857142857146,1030981.7142857143
Windward Passage,2019-03-04T00:00:00.000Z,15.714285714285714,243105.85714285713
Windward Passage,2019-09-30T00:00:00.000Z,17.0,271812.85714285716
Windward Passage,2020-01-06T00:00:00.000Z,15.142857142857142,274456.28571428574
Windward Passage,2020-07-20T00:00:00.000Z,18.285714285714285,403331.4285714286
Windward Passage,2020-12-21T00:00:00.000Z,16.571428571428573,263564.5714285714
Windward Passage,2021-03-08T00:00:00.000Z,18.714285714285715,331664.28571428574
Windward Passage,2021-12-13T00:00:00.000Z,15.142857142857142,267597.14285714284
Windward Passage,2022-05-02T00:00:00.000Z,14.714285714285714,259056.14285714287
Windward Passage,2022-05-23T00:00:00.000Z,15.857142857142858,336651.71428571426
Windward Passage,2023-05-22T00:00:00.000Z,15.0,249655.0
Windward Passage,2023-06-19T00:00:00.000Z,15.428571428571429,305296.5714285714
Windward Passage,2023-08-21T00:00:00.000Z,16.285714285714285,241118.2857142857
Windward Passage,2023-08-28T00:00:00.000Z,15.0,275056.4285714286
Windward Passage,2024-01-01T00:00:00.000Z,14.0,249580.14285714287
Windward Passage,2024-02-19T00:00:00.000Z,15.0,244516.85714285713
Windward Passage,2024-09-23T00:00:00.000Z,17.0,279435.4285714286
Windward Passage,2025-03-10T00:00:00.000Z,16.428571428571427,284254.4285714286
Windward Passage,2025-07-28T00:00:00.000Z,17.714285714285715,302222.28571428574
Windward Passage,2025-11-03T00:00:00.000Z,16.571428571428573,267582.14285714284
Windward Passage,2026-06-15T00:00:00.000Z,14.285714285714286,234977.85714285713
Kerch Strait,2019-04-08T00:00:00.000Z,46.57142857142857,96245.28571428571
Kerch Strait,2019-05-27T00:00:00.000Z,52.714285714285715,122755.14285714286
Kerch Strait,2020-03-30T00:00:00.000Z,54.285714285714285,121146.28571428571
Kerch Strait,2020-06-08T00:00:00.000Z,42.142857142857146,75197.28571428571
Kerch Strait,2020-08-10T00:00:00.000Z,76.28571428571429,144492.7142857143
Kerch Strait,2020-11-02T00:00:00.000Z,68.71428571428571,134031.14285714287
Kerch Strait,2020-11-23T00:00:00.000Z,71.57142857142857,135954.42857142858
Kerch Strait,2020-11-30T00:00:00.000Z,40.142857142857146,61586.28571428572
Kerch Strait,2021-06-21T00:00:00.000Z,54.285714285714285,105631.28571428571
Kerch Strait,2021-08-09T00:00:00.000Z,50.0,100874.0
Kerch Strait,2022-02-28T00:00:00.000Z,3.857142857142857,2918.4285714285716
Kerch Strait,2022-11-21T00:00:00.000Z,22.285714285714285,48367.57142857143
Kerch Strait,2023-05-22T00:00:00.000Z,7.428571428571429,20676.14285714286
Kerch Strait,2023-09-04T00:00:00.000Z,0.5714285714285714,746.2857142857143
Kerch Strait,2023-10-09T00:00:00.000Z,3.7142857142857144,7131.285714285715
Kerch Strait,2024-04-29T00:00:00.000Z,0.8571428571428571,2189.1428571428573
Kerch Strait,2024-07-29T00:00:00.000Z,0.2857142857142857,324.57142857142856
Kerch Strait,2025-01-06T00:00:00.000Z,15.0,57394.42857142857
Kerch Strait,2025-07-28T00:00:00.000Z,16.142857142857142,126187.42857142857
Kerch Strait,2025-09-22T00:00:00.000Z,18.428571428571427,78171.42857142857
Kerch Strait,2026-01-12T00:00:00.000Z,11.0,32485.0
Kerch Strait,2026-05-04T00:00:00.000Z,8.428571428571429,27557.85714285714
Gibraltar Strait,2019-02-18T00:00:00.000Z,111.14285714285714,2992080.285714286
Gibraltar Strait,2019-05-27T00:00:00.000Z,113.42857142857143,3085728.714285714
Gibraltar Strait,2019-06-03T00:00:00.000Z,122.85714285714286,3224622.4285714286
Gibraltar Strait,2019-07-01T00:00:00.000Z,121.85714285714286,3220512.1428571427
Gibraltar Strait,2019-07-29T00:00:00.000Z,116.28571428571429,3336462.5714285714
Gibraltar Strait,2019-09-09T00:00:00.000Z,111.85714285714286,2823958.8571428573
Gibraltar Strait,2019-10-28T00:00:00.000Z,130.85714285714286,3405277.4285714286
Gibraltar Strait,2020-03-02T00:00:00.000Z,123.42857142857143,3291503.4285714286
Gibraltar Strait,2020-08-17T00:00:00.000Z,115.57142857142857,2903173.4285714286
Gibraltar Strait,2020-09-28T00:00:00.000Z,121.57142857142857,3061969.4285714286
Gibraltar Strait,2020-11-16T00:00:00.000Z,117.0,2786283.1428571427
Gibraltar Strait,2021-01-11T00:00:00.000Z,127.42857142857143,3294607.8571428573
Gibraltar Strait,2021-04-26T00:00:00.000Z,132.14285714285714,3454379.4285714286
Gibraltar Strait,2021-09-20T00:00:00.000Z,129.14285714285714,3217541.5714285714
Gibraltar Strait,2022-11-14T00:00:00.000Z,139.0,3757435.4285714286
Gibraltar Strait,2022-11-21T00:00:00.000Z,129.71428571428572,3626489.8571428573
Gibraltar Strait,2023-05-01T00:00:00.000Z,153.0,4274371.142857143
Gibraltar Strait,2024-02-26T00:00:00.000Z,141.85714285714286,4019867.5714285714
Gibraltar Strait,2024-08-05T00:00:00.000Z,136.28571428571428,3639472.0
Gibraltar Strait,2024-12-23T00:00:00.000Z,121.85714285714286,3159413.0
Gibraltar Strait,2025-03-31T00:00:00.000Z,136.0,3816935.285714286
Gibraltar Strait,2025-10-20T00:00:00.000Z,127.0,3099077.714285714
Gibraltar Strait,2025-12-08T00:00:00.000Z,131.85714285714286,3592062.4285714286
Gibraltar Strait,2026-06-08T00:00:00.000Z,134.0,3599868.1428571427
Gibraltar Strait,2026-06-29T00:00:00.000Z,132.42857142857142,3374149.714285714
Gibraltar Strait,2026-08-03T00:00:00.000Z,132.28571428571428,3535151.285714286
Taiwan Strait,2019-02-04T00:00:00.000Z,208.57142857142858,4458761.0
Taiwan Strait,2019-10-14T00:00:00.000Z,249.14285714285714,5323682.714285715
Taiwan Strait,2020-01-20T00:00:00.000Z,220.0,4381033.0
Taiwan Strait,2020-02-24T00:00:00.000Z,231.71428571428572,4479601.285714285
Taiwan Strait,2020-09-07T00:00:00.000Z,265.57142857142856,5859479.428571428
Taiwan Strait,2020-12-14T00:00:00.000Z,240.28571428571428,5107265.0
Taiwan Strait,2021-04-26T00:00:00.000Z,291.0,6617082.714285715
Taiwan Strait,2021-10-25T00:00:00.000Z,252.14285714285714,5978150.714285715
Taiwan Strait,2023-01-09T00:00:00.000Z,223.42857142857142,5031139.571428572
Taiwan Strait,2023-01-16T00:00:00.000Z,222.71428571428572,4587472.571428572
Taiwan Strait,2023-05-22T00:00:00.000Z,273.85714285714283,6468630.571428572
Taiwan Strait,2023-09-18T00:00:00.000Z,238.14285714285714,5770699.428571428
Taiwan Strait,2024-07-01T00:00:00.000Z,252.57142857142858,5951223.571428572
Taiwan Strait,2024-10-07T00:00:00.000Z,231.42857142857142,5408316.571428572
Taiwan Strait,2024-11-04T00:00:00.000Z,239.85714285714286,6749995.142857143
Taiwan Strait,2024-12-23T00:00:00.000Z,243.0,5643389.857142857
Taiwan Strait,2025-01-20T00:00:00.000Z,233.0,5406199.428571428
Taiwan Strait,2025-01-27T00:00:00.000Z,216.71428571428572,5620617.714285715
Taiwan Strait,2025-03-17T00:00:00.000Z,256.0,6112154.0
Taiwan Strait,2025-05-12T00:00:00.000Z,250.85714285714286,6291751.428571428
Taiwan Strait,2025-05-19T00:00:00.000Z,253.28571428571428,6769744.571428572
Taiwan Strait,2025-09-22T00:00:00.000Z,221.28571428571428,5744331.857142857
Taiwan Strait,2025-12-01T00:00:00.000Z,227.28571428571428,6138941.857142857
Taiwan Strait,2026-03-30T00:00:00.000Z,221.71428571428572,5765182.0
Taiwan Strait,2026-06-22T00:00:00.000Z,274.85714285714283,7930220.142857143
Bohai Strait,2019-01-14T00:00:00.000Z,109.57142857142857,3266049.285714286
Bohai Strait,2019-01-21T00:00:00.000Z,115.14285714285714,2987942.0
Bohai Strait,2019-03-25T00:00:00.000Z,125.14285714285714,3631206.5714285714
Bohai Strait,2019-08-26T00:00:00.000Z,175.71428571428572,4895646.285714285
Bohai Strait,2020-07-20T00:00:00.000Z,197.42857142857142,5774165.0
Bohai Strait,2020-10-19T00:00:00.000Z,198.0,5705866.285714285
Bohai Strait,2021-07-05T00:00:00.000Z,203.28571428571428,6070137.857142857
Bohai Strait,2023-03-20T00:00:00.000Z,182.57142857142858,5770620.285714285
Bohai Strait,2023-04-17T00:00:00.000Z,191.0,6116265.714285715
Bohai Strait,2023-05-08T00:00:00.000Z,194.42857142857142,6250479.428571428
Bohai Strait,2023-07-24T00:00:00.000Z,168.42857142857142,5293119.0
Bohai Strait,2024-01-29T00:00:00.000Z,175.57142857142858,6278034.428571428
Bohai Strait,2024-03-11T00:00:00.000Z,179.57142857142858,6843518.285714285
Bohai Strait,2024-07-01T00:00:00.000Z,159.71428571428572,5593471.0
Bohai Strait,2024-11-04T00:00:00.000Z,179.28571428571428,7121900.571428572
Bohai Strait,2024-12-09T00:00:00.000Z,173.28571428571428,6709784.428571428
Bohai Strait,2025-05-26T00:00:00.000Z,184.0,7038063.714285715
Bohai Strait,2026-03-02T00:00:00.000Z,161.14285714285714,6102071.714285715
Bohai Strait,2026-03-16T00:00:00.000Z,175.0,6569707.285714285
Bohai Strait,2026-05-25T00:00:00.000Z,166.71428571428572,5971087.142857143
Sunda Strait,2019-01-07T00:00:00.000Z,24.714285714285715,637734.4285714285
Sunda Strait,2019-07-15T00:00:00.000Z,26.0,928564.4285714285
Sunda Strait,2020-10-26T00:00:00.000Z,25.142857142857142,728104.4285714285
Sunda Strait,2020-11-16T00:00:00.000Z,31.142857142857142,1476552.0
Sunda Strait,2020-11-30T00:00:00.000Z,26.428571428571427,684133.5714285715
Sunda Strait,2021-05-24T00:00:00.000Z,29.0,1137000.0
Sunda Strait,2021-06-21T00:00:00.000Z,32.857142857142854,1221533.5714285714
Sunda Strait,2022-03-21T00:00:00.000Z,24.714285714285715,909916.0
Sunda Strait,2022-05-30T00:00:00.000Z,24.428571428571427,959457.5714285715
Sunda Strait,2022-09-12T00:00:00.000Z,27.714285714285715,970317.7142857143
Sunda Strait,2023-02-13T00:00:00.000Z,25.714285714285715,998634.2857142857
Sunda Strait,2023-05-22T00:00:00.000Z,33.142857142857146,1172411.857142857
Sunda Strait,2023-07-10T00:00:00.000Z,33.857142857142854,1171177.7142857143
Sunda Strait,2023-10-30T00:00:00.000Z,30.285714285714285,1304468.7142857143
Sunda Strait,2023-12-18T00:00:00.000Z,32.57142857142857,1112223.5714285714
Sunda Strait,2024-04-08T00:00:00.000Z,29.0,1409322.7142857143
Sunda Strait,2024-08-19T00:00:00.000Z,32.285714285714285,1061215.2857142857
Sunda Strait,2024-08-26T00:00:00.000Z,33.57142857142857,1061546.5714285714
Sunda Strait,2024-09-16T00:00:00.000Z,32.42857142857143,1104403.857142857
Sunda Strait,2025-05-19T00:00:00.000Z,31.142857142857142,1331650.0
Sunda Strait,2025-12-22T00:00:00.000Z,36.0,1145226.5714285714
Mona Passage,2019-03-11T00:00:00.000Z,12.0,332523.4285714286
Mona Passage,2019-06-17T00:00:00.000Z,11.0,245205.57142857142
Mona Passage,2019-07-22T00:00:00.000Z,11.142857142857142,277670.28571428574
Mona Passage,2019-09-23T00:00:00.000Z,10.142857142857142,311184.71428571426
Mona Passage,2019-11-04T00:00:00.000Z,10.571428571428571,388657.28571428574
Mona Passage,2020-04-13T00:00:00.000Z,10.714285714285714,283905.28571428574
Mona Passage,2020-06-15T00:00:00.000Z,10.285714285714286,257357.7142857143
Mona Passage,2020-07-20T00:00:00.000Z,10.714285714285714,302762.0
Mona Passage,2020-08-03T00:00:00.000Z,10.428571428571429,270645.71428571426
Mona Passage,2020-11-23T00:00:00.000Z,10.142857142857142,275108.28571428574
Mona Passage,2021-11-08T00:00:00.000Z,9.571428571428571,268681.0
Mona Passage,2022-04-18T00:00:00.000Z,11.0,254251.2857142857
Mona Passage,2023-02-06T00:00:00.000Z,10.857142857142858,310000.5714285714
Mona Passage,2023-07-03T00:00:00.000Z,11.0,274814.71428571426
Mona Passage,2024-07-29T00:00:00.000Z,11.571428571428571,215070.85714285713
Mona Passage,2024-08-12T00:00:00.000Z,8.571428571428571,209899.14285714287
Mona Passage,2025-01-13T00:00:00.000Z,10.285714285714286,283937.4285714286
Mona Passage,2025-01-27T00:00:00.000Z,11.285714285714286,285956.85714285716
Mona Passage,2025-06-09T00:00:00.000Z,11.285714285714286,286218.0
Mona Passage,2025-09-22T00:00:00.000Z,10.0,224442.42857142858
Mona Passage,2025-11-03T00:00:00.000Z,11.428571428571429,317872.28571428574
Bering Strait,2018-12-31T00:00:00.000Z,3.1666666666666665,119105.0
Bering Strait,2019-03-04T00:00:00.000Z,1.7142857142857142,50824.71428571428
Bering Strait,2019-03-25T00:00:00.000Z,2.0,47259.857142857145
Bering Strait,2019-11-04T00:00:00.000Z,0.7142857142857143,10204.142857142857
Bering Strait,2020-09-14T00:00:00.000Z,1.8571428571428572,20652.428571428572
Bering Strait,2020-10-19T00:00:00.000Z,2.2857142857142856,50918.42857142857
Bering Strait,2020-12-07T00:00:00.000Z,0.14285714285714285,0.0
Bering Strait,2021-01-18T00:00:00.000Z,0.14285714285714285,0.0
Bering Strait,2021-03-01T00:00:00.000Z,0.0,0.0
Bering Strait,2021-06-14T00:00:00.000Z,0.2857142857142857,2376.714285714286
Bering Strait,2021-07-19T00:00:00.000Z,1.7142857142857142,13668.857142857143
Bering Strait,2021-08-16T00:00:00.000Z,1.1428571428571428,13744.142857142857
Bering Strait,2022-03-14T00:00:00.000Z,0.0,0.0
Bering Strait,2022-05-09T00:00:00.000Z,0.0,0.0
Bering Strait,2022-07-18T00:00:00.000Z,1.1428571428571428,7325.571428571428
Bering Strait,2022-08-29T00:00:00.000Z,1.0,10735.0
Bering Strait,2022-11-07T00:00:00.000Z,0.5714285714285714,964.1428571428571
Bering Strait,2023-06-26T00:00:00.000Z,0.5714285714285714,9959.857142857143
Bering Strait,2023-09-18T00:00:00.000Z,2.5714285714285716,47352.71428571428
Bering Strait,2023-12-04T00:00:00.000Z,0.2857142857142857,493.42857142857144
Bering Strait,2024-07-01T00:00:00.000Z,0.42857142857142855,11864.0
Bering Strait,2025-05-19T00:00:00.000Z,0.0,0.0
Bering Strait,2026-01-05T00:00:00.000Z,0.0,0.0
Bering Strait,2026-05-04T00:00:00.000Z,0.14285714285714285,351.0
Bering Strait,2026-08-03T00:00:00.000Z,3.4285714285714284,70522.57142857143
Bering Strait,2026-08-17T00:00:00.000Z,4.0,140778.42857142858
Strait of Hormuz,2019-06-10T00:00:00.000Z,81.71428571428571,3596495.8571428573
Strait of Hormuz,2019-07-08T00:00:00.000Z,85.0,3268858.1428571427
Strait of Hormuz,2019-10-21T00:00:00.000Z,75.85714285714286,3121315.5714285714
Strait of Hormuz,2019-11-11T00:00:00.000Z,54.285714285714285,1628272.4285714286
Strait of Hormuz,2020-03-23T00:00:00.000Z,55.0,2062186.4285714286
Strait of Hormuz,2020-04-27T00:00:00.000Z,70.71428571428571,3415062.0
Strait of Hormuz,2020-05-04T00:00:00.000Z,84.28571428571429,3458629.285714286
Strait of Hormuz,2020-11-09T00:00:00.000Z,69.28571428571429,2358492.8571428573
Strait of Hormuz,2021-04-26T00:00:00.000Z,75.0,2863184.8571428573
Strait of Hormuz,2021-08-30T00:00:00.000Z,83.42857142857143,3648137.285714286
Strait of Hormuz,2021-10-11T00:00:00.000Z,79.42857142857143,3340112.285714286
Strait of Hormuz,2022-03-21T00:00:00.000Z,105.14285714285714,4535600.857142857
Strait of Hormuz,2022-08-08T00:00:00.000Z,98.14285714285714,4127216.714285714
Strait of Hormuz,2023-01-02T00:00:00.000Z,78.14285714285714,3447156.1428571427
Strait of Hormuz,2023-07-10T00:00:00.000Z,100.85714285714286,4157162.0
Strait of Hormuz,2023-09-25T00:00:00.000Z,109.42857142857143,4153450.4285714286
Strait of Hormuz,2023-10-02T00:00:00.000Z,103.85714285714286,4081231.4285714286
Strait of Hormuz,2024-07-22T00:00:00.000Z,98.28571428571429,3857432.4285714286
Strait of Hormuz,2024-11-25T00:00:00.000Z,67.28571428571429,2685254.1428571427
Strait of Hormuz,2025-04-14T00:00:00.000Z,84.85714285714286,3262464.8571428573
Strait of Hormuz,2025-11-24T00:00:00.000Z,53.857142857142854,2059170.5714285714
Strait of Hormuz,2026-02-09T00:00:00.000Z,76.42857142857143,2819129.714285714
Strait of Hormuz,2026-06-29T00:00:00.000Z,23.142857142857142,976944.2857142857
Strait of Hormuz,2026-08-03T00:00:00.000Z,5.571428571428571,122971.57142857143
Strait of Hormuz,2026-08-10T00:00:00.000Z,4.428571428571429,75128.71428571429
Cape of Good Hope,2019-09-23T00:00:00.000Z,55.0,3287582.8571428573
Cape of Good Hope,2020-01-06T00:00:00.000Z,41.0,2445273.285714286
Cape of Good Hope,2020-03-02T00:00:00.000Z,42.0,2225346.285714286
Cape of Good Hope,2020-09-14T00:00:00.000Z,54.0,3400877.5714285714
Cape of Good Hope,2020-10-12T00:00:00.000Z,51.142857142857146,3260407.4285714286
Cape of Good Hope,2021-02-22T00:00:00.000Z,50.57142857142857,2574526.0
Cape of Good Hope,2021-07-26T00:00:00.000Z,53.285714285714285,3280137.4285714286
Cape of Good Hope,2021-10-11T00:00:00.000Z,38.285714285714285,2914460.5714285714
Cape of Good Hope,2022-01-31T00:00:00.000Z,44.142857142857146,2034741.857142857
Cape of Good Hope,2022-02-28T00:00:00.000Z,39.42857142857143,2483846.5714285714
Cape of Good Hope,2022-04-11T00:00:00.000Z,38.857142857142854,2620044.285714286
Cape of Good Hope,2022-05-23T00:00:00.000Z,47.57142857142857,3031789.8571428573
Cape of Good Hope,2022-08-22T00:00:00.000Z,52.857142857142854,3301510.0
Cape of Good Hope,2023-07-10T00:00:00.000Z,54.42857142857143,3755950.714285714
Cape of Good Hope,2023-11-06T00:00:00.000Z,46.42857142857143,3024820.4285714286
Cape of Good Hope,2024-01-29T00:00:00.000Z,80.14285714285714,4128954.5714285714
Cape of Good Hope,2024-02-26T00:00:00.000Z,93.28571428571429,5014733.714285715
Cape of Good Hope,2024-09-09T00:00:00.000Z,88.85714285714286,5776005.714285715
Cape of Good Hope,2024-10-07T00:00:00.000Z,84.42857142857143,5822632.857142857
Cape of Good Hope,2025-06-30T00:00:00.000Z,104.57142857142857,6948184.571428572
Cape of Good Hope,2025-07-07T00:00:00.000Z,99.0,6544352.142857143
Cape of Good Hope,2025-10-13T00:00:00.000Z,87.14285714285714,5889391.285714285
Cape of Good Hope,2025-10-27T00:00:00.000Z,87.57142857142857,5684120.857142857
Cape of Good Hope,2026-01-12T00:00:00.000Z,89.57142857142857,5374483.428571428
Cape of Good Hope,2026-05-04T00:00:00.000Z,88.57142857142857,5934193.285714285
Cape of Good Hope,2026-05-18T00:00:00.000Z,97.71428571428571,6198248.142857143
Cape of Good Hope,2026-07-13T00:00:00.000Z,93.0,6240108.142857143
Cape of Good Hope,2026-08-10T00:00:00.000Z,91.85714285714286,5590884.714285715
Suez Canal,2019-01-14T00:00:00.000Z,47.285714285714285,2015796.7142857143
Suez Canal,2019-03-25T00:00:00.000Z,48.142857142857146,2392651.5714285714
Suez Canal,2019-07-08T00:00:00.000Z,53.714285714285715,2798292.0
Suez Canal,2019-07-15T00:00:00.000Z,52.42857142857143,2304510.0
Suez Canal,2020-01-20T00:00:00.000Z,49.714285714285715,2394464.4285714286
Suez Canal,2020-06-15T00:00:00.000Z,44.285714285714285,1946733.7142857143
Suez Canal,2020-11-09T00:00:00.000Z,56.57142857142857,2420889.0
Suez Canal,2020-12-07T00:00:00.000Z,52.42857142857143,2516705.714285714
Suez Canal,2021-09-20T00:00:00.000Z,63.57142857142857,2973290.285714286
Suez Canal,2022-03-14T00:00:00.000Z,63.0,2493828.4285714286
Suez Canal,2022-08-15T00:00:00.000Z,69.85714285714286,3007875.5714285714
Suez Canal,2022-10-17T00:00:00.000Z,73.0,3123294.5714285714
Suez Canal,2023-05-08T00:00:00.000Z,74.0,3318501.0
Suez Canal,2023-05-15T00:00:00.000Z,79.71428571428571,3661540.714285714
Suez Canal,2023-05-22T00:00:00.000Z,75.71428571428571,3498612.8571428573
Suez Canal,2023-08-14T00:00:00.000Z,76.28571428571429,3475595.1428571427
Suez Canal,2023-11-13T00:00:00.000Z,79.28571428571429,3700281.285714286
Suez Canal,2024-09-30T00:00:00.000Z,36.714285714285715,1348721.142857143
Suez Canal,2024-11-04T00:00:00.000Z,36.714285714285715,1125651.857142857
Suez Canal,2024-11-11T00:00:00.000Z,35.57142857142857,1062857.857142857
Suez Canal,2025-08-25T00:00:00.000Z,36.714285714285715,1291068.2857142857
Suez Canal,2025-09-22T00:00:00.000Z,42.714285714285715,1513868.0
Suez Canal,2025-10-27T00:00:00.000Z,39.0,1475703.0
Korea Strait,2019-01-21T00:00:00.000Z,232.14285714285714,2785377.4285714286
Korea Strait,2019-09-23T00:00:00.000Z,286.0,3380835.285714286
Korea Strait,2020-06-01T00:00:00.000Z,229.71428571428572,2608566.5714285714
Korea Strait,2020-06-22T00:00:00.000Z,237.0,2841087.8571428573
Korea Strait,2020-07-20T00:00:00.000Z,221.71428571428572,2516731.714285714
Korea Strait,2020-08-10T00:00:00.000Z,236.0,3024056.0
Korea Strait,2020-11-09T00:00:00.000Z,236.42857142857142,2953933.4285714286
Korea Strait,2020-12-21T00:00:00.000Z,219.85714285714286,2781463.4285714286
Korea Strait,2021-03-08T00:00:00.000Z,235.71428571428572,2825400.0
Korea Strait,2021-10-18T00:00:00.000Z,242.14285714285714,2827083.0
Korea Strait,2022-04-18T00:00:00.000Z,230.71428571428572,3046808.8571428573
Korea Strait,2022-08-15T00:00:00.000Z,232.0,3033790.0
Korea Strait,2022-12-05T00:00:00.000Z,242.14285714285714,2674669.0
Korea Strait,2022-12-19T00:00:00.000Z,214.42857142857142,2644586.5714285714
Korea Strait,2023-10-23T00:00:00.000Z,211.28571428571428,2748955.0
Korea Strait,2023-12-25T00:00:00.000Z,224.71428571428572,3045992.714285714
Korea Strait,2024-02-05T00:00:00.000Z,230.0,2833101.1428571427
Korea Strait,2024-03-18T00:00:00.000Z,231.85714285714286,3191700.285714286
Korea Strait,2024-03-25T00:00:00.000Z,246.71428571428572,3225138.5714285714
Korea Strait,2024-04-22T00:00:00.000Z,244.14285714285714,3464593.5714285714
Korea Strait,2024-10-28T00:00:00.000Z,243.71428571428572,3348488.0
Korea Strait,2024-11-25T00:00:00.000Z,216.28571428571428,2997892.5714285714
Korea Strait,2024-12-16T00:00:00.000Z,220.14285714285714,2904491.714285714
Korea Strait,2025-01-27T00:00:00.000Z,206.71428571428572,3124008.1428571427
Korea Strait,2025-02-17T00:00:00.000Z,227.85714285714286,3124691.4285714286
Korea Strait,2026-05-04T00:00:00.000Z,199.14285714285714,2779979.8571428573
Lombok Strait,2019-01-21T00:00:00.000Z,30.571428571428573,1616368.0
Lombok Strait,2019-06-03T00:00:00.000Z,32.42857142857143,2164368.1428571427
Lombok Strait,2019-06-24T00:00:00.000Z,35.0,2212880.8571428573
Lombok Strait,2019-09-16T00:00:00.000Z,32.285714285714285,1964335.4285714286
Lombok Strait,2019-12-16T00:00:00.000Z,35.42857142857143,2270557.4285714286
Lombok Strait,2020-02-10T00:00:00.000Z,27.857142857142858,1347159.5714285714
Lombok Strait,2020-10-19T00:00:00.000Z,35.57142857142857,2259607.8571428573
Lombok Strait,2021-01-04T00:00:00.000Z,34.0,2477502.8571428573
Lombok Strait,2021-03-01T00:00:00.000Z,34.57142857142857,2170083.5714285714
Lombok Strait,2021-03-08T00:00:00.000Z,34.714285714285715,2453244.4285714286
Lombok Strait,2021-10-25T00:00:00.000Z,38.0,2523632.5714285714
Lombok Strait,2022-05-30T00:00:00.000Z,38.857142857142854,2574510.0
Lombok Strait,2022-10-10T00:00:00.000Z,33.42857142857143,2337492.285714286
Lombok Strait,2022-10-17T00:00:00.000Z,37.0,2542783.285714286
Lombok Strait,2022-11-28T00:00:00.000Z,41.285714285714285,2970322.285714286
Lombok Strait,2023-03-27T00:00:00.000Z,39.714285714285715,2865444.285714286
Lombok Strait,2023-09-11T00:00:00.000Z,37.42857142857143,2616035.4285714286
Lombok Strait,2023-09-18T00:00:00.000Z,39.714285714285715,2334861.714285714
Lombok Strait,2023-09-25T00:00:00.000Z,37.285714285714285,2638046.0
Lombok Strait,2023-10-16T00:00:00.000Z,39.285714285714285,2912808.4285714286
Lombok Strait,2024-03-04T00:00:00.000Z,40.714285714285715,2600722.714285714
Lombok Strait,2024-04-15T00:00:00.000Z,35.42857142857143,2582664.1428571427
Lombok Strait,2024-08-05T00:00:00.000Z,33.0,2417468.1428571427
Lombok Strait,2024-09-09T00:00:00.000Z,39.857142857142854,2793248.8571428573
Lombok Strait,2024-11-11T00:00:00.000Z,37.42857142857143,3233950.0
Lombok Strait,2025-10-27T00:00:00.000Z,35.857142857142854,2936241.8571428573
Mindoro Strait,2019-03-18T00:00:00.000Z,39.714285714285715,1813259.142857143
Mindoro Strait,2019-05-06T00:00:00.000Z,44.857142857142854,2069333.7142857143
Mindoro Strait,2019-09-09T00:00:00.000Z,53.57142857142857,2531280.5714285714
Mindoro Strait,2020-05-04T00:00:00.000Z,37.0,1876825.7142857143
Mindoro Strait,2021-01-11T00:00:00.000Z,58.0,2845931.4285714286
Mindoro Strait,2021-02-01T00:00:00.000Z,56.142857142857146,2383734.1428571427
Mindoro Strait,2021-04-26T00:00:00.000Z,50.142857142857146,2418517.714285714
Mindoro Strait,2021-10-04T00:00:00.000Z,44.285714285714285,2068704.5714285714
Mindoro Strait,2021-12-06T00:00:00.000Z,50.285714285714285,2531827.714285714
Mindoro Strait,2022-01-17T00:00:00.000Z,36.714285714285715,2212676.4285714286
Mindoro Strait,2022-09-26T00:00:00.000Z,47.142857142857146,2778969.285714286
Mindoro Strait,2023-02-27T00:00:00.000Z,51.57142857142857,2846976.8571428573
Mindoro Strait,2023-05-08T00:00:00.000Z,48.42857142857143,2703348.5714285714
Mindoro Strait,2023-06-05T00:00:00.000Z,54.857142857142854,2903023.8571428573
Mindoro Strait,2023-07-03T00:00:00.000Z,51.857142857142854,2750590.285714286
Mindoro Strait,2023-10-02T00:00:00.000Z,44.714285714285715,2331554.5714285714
Mindoro Strait,2023-12-18T00:00:00.000Z,46.57142857142857,2638557.1428571427
Mindoro Strait,2024-02-05T00:00:00.000Z,52.857142857142854,2489335.5714285714
Mindoro Strait,2024-05-13T00:00:00.000Z,43.57142857142857,2289655.285714286
Mindoro Strait,2024-07-15T00:00:00.000Z,40.42857142857143,2159445.285714286
Mindoro Strait,2024-11-25T00:00:00.000Z,36.714285714285715,1942836.2857142857
Mindoro Strait,2025-04-21T00:00:00.000Z,35.0,2057898.7142857143
Mindoro Strait,2025-05-05T00:00:00.000Z,32.42857142857143,1710566.7142857143
Mindoro Strait,2025-10-13T00:00:00.000Z,31.714285714285715,1509676.2857142857
Mindoro Strait,2025-11-03T00:00:00.000Z,27.857142857142858,1286601.4285714286
Mindoro Strait,2025-12-15T00:00:00.000Z,39.285714285714285,2112021.285714286
Bosporus Strait,2019-01-21T00:00:00.000Z,110.14285714285714,1273589.142857143
Bosporus Strait,2020-10-26T00:00:00.000Z,105.85714285714286,1368634.2857142857
Bosporus Strait,2020-12-28T00:00:00.000Z,106.57142857142857,1369498.857142857
Bosporus Strait,2021-05-17T00:00:00.000Z,96.14285714285714,1023724.4285714285
Bosporus Strait,2021-10-11T00:00:00.000Z,98.71428571428571,1386317.857142857
Bosporus Strait,2021-11-15T00:00:00.000Z,112.28571428571429,1436412.142857143
Bosporus Strait,2022-05-09T00:00:00.000Z,82.71428571428571,884004.0
Bosporus Strait,2022-09-26T00:00:00.000Z,99.85714285714286,1109880.4285714286
Bosporus Strait,2022-10-10T00:00:00.000Z,93.0,1185306.5714285714
Bosporus Strait,2022-11-21T00:00:00.000Z,97.71428571428571,889832.4285714285
Bosporus Strait,2023-03-06T00:00:00.000Z,106.0,1449437.7142857143
Bosporus Strait,2023-09-11T00:00:00.000Z,96.14285714285714,1082613.142857143
Bosporus Strait,2024-10-07T00:00:00.000Z,100.14285714285714,1362824.4285714286
Bosporus Strait,2024-12-16T00:00:00.000Z,88.14285714285714,1066249.7142857143
Bosporus Strait,2025-09-01T00:00:00.000Z,101.0,1464867.4285714286
Bosporus Strait,2026-08-03T00:00:00.000Z,63.0,661234.8571428572
Bab el-Mandeb Strait,2019-04-22T00:00:00.000Z,57.57142857142857,2557114.5714285714
Bab el-Mandeb Strait,2019-10-07T00:00:00.000Z,52.42857142857143,2586977.714285714
Bab el-Mandeb Strait,2020-02-03T00:00:00.000Z,57.285714285714285,2741847.4285714286
Bab el-Mandeb Strait,2020-08-03T00:00:00.000Z,50.42857142857143,2180582.285714286
Bab el-Mandeb Strait,2021-03-08T00:00:00.000Z,59.57142857142857,2723471.0
Bab el-Mandeb Strait,2021-03-29T00:00:00.000Z,46.57142857142857,1921259.4285714286
Bab el-Mandeb Strait,2021-04-12T00:00:00.000Z,62.42857142857143,2870470.0
Bab el-Mandeb Strait,2021-08-09T00:00:00.000Z,65.85714285714286,2829451.714285714
Bab el-Mandeb Strait,2021-12-27T00:00:00.000Z,60.285714285714285,2741507.4285714286
Bab el-Mandeb Strait,2022-01-10T00:00:00.000Z,61.0,2922745.8571428573
Bab el-Mandeb Strait,2022-10-03T00:00:00.000Z,69.0,3321233.1428571427
Bab el-Mandeb Strait,2023-07-24T00:00:00.000Z,72.57142857142857,3132879.285714286
Bab el-Mandeb Strait,2023-11-20T00:00:00.000Z,80.85714285714286,3654051.285714286
Bab el-Mandeb Strait,2024-01-22T00:00:00.000Z,33.857142857142854,1470818.7142857143
Bab el-Mandeb Strait,2024-07-15T00:00:00.000Z,29.142857142857142,878907.0
Bab el-Mandeb Strait,2024-09-09T00:00:00.000Z,29.857142857142858,964108.5714285715
Bab el-Mandeb Strait,2025-05-05T00:00:00.000Z,32.142857142857146,1221186.4285714286
Bab el-Mandeb Strait,2026-03-02T00:00:00.000Z,35.285714285714285,1157070.0
Bab el-Mandeb Strait,2026-04-06T00:00:00.000Z,36.142857142857146,1415029.4285714286
Bab el-Mandeb Strait,2026-04-27T00:00:00.000Z,34.714285714285715,1475584.4285714286
Bab el-Mandeb Strait,2026-05-25T00:00:00.000Z,34.285714285714285,1369463.2857142857
Malacca Strait,2019-01-21T00:00:00.000Z,170.0,6376393.0
Malacca Strait,2019-06-24T00:00:00.000Z,167.71428571428572,6646819.0
Malacca Strait,2020-06-15T00:00:00.000Z,156.42857142857142,6165232.571428572
Malacca Strait,2020-11-16T00:00:00.000Z,162.71428571428572,6373654.0
Malacca Strait,2020-12-14T00:00:00.000Z,156.42857142857142,6146350.0
Malacca Strait,2021-02-15T00:00:00.000Z,164.42857142857142,5892777.857142857
Malacca Strait,2021-05-31T00:00:00.000Z,149.14285714285714,5896057.428571428
Malacca Strait,2022-04-04T00:00:00.000Z,200.0,7014622.285714285
Malacca Strait,2022-05-23T00:00:00.000Z,204.85714285714286,7618508.0
Malacca Strait,2022-06-06T00:00:00.000Z,205.0,7443571.0
Malacca Strait,2022-08-01T00:00:00.000Z,216.71428571428572,8054452.428571428
Malacca Strait,2022-10-10T00:00:00.000Z,223.14285714285714,7706747.571428572
Malacca Strait,2022-10-31T00:00:00.000Z,209.71428571428572,7998533.571428572
Malacca Strait,2023-01-09T00:00:00.000Z,217.71428571428572,7720758.714285715
Malacca Strait,2023-06-19T00:00:00.000Z,227.0,8830936.857142856
Malacca Strait,2023-09-18T00:00:00.000Z,221.0,8646496.57142857
Malacca Strait,2023-10-30T00:00:00.000Z,227.0,8699096.42857143
Malacca Strait,2024-01-29T00:00:00.000Z,221.0,8412987.42857143
Malacca Strait,2024-05-20T00:00:00.000Z,211.71428571428572,8210707.857142857
Malacca Strait,2024-10-14T00:00:00.000Z,238.85714285714286,9288159.142857144
Malacca Strait,2024-12-16T00:00:00.000Z,227.42857142857142,8290140.714285715
Malacca Strait,2025-01-06T00:00:00.000Z,237.71428571428572,8975892.714285715
Malacca Strait,2025-11-10T00:00:00.000Z,246.71428571428572,1.0111827285714285E7
Malacca Strait,2026-05-04T00:00:00.000Z,227.42857142857142,8805791.857142856
Oresund Strait,2019-05-20T00:00:00.000Z,56.42857142857143,101759.28571428571
Oresund Strait,2019-09-16T00:00:00.000Z,54.57142857142857,114758.14285714286
Oresund Strait,2020-03-23T00:00:00.000Z,59.0,151016.57142857142
Oresund Strait,2020-09-14T00:00:00.000Z,59.0,175561.57142857142
Oresund Strait,2020-11-02T00:00:00.000Z,56.57142857142857,111476.85714285714
Oresund Strait,2021-05-24T00:00:00.000Z,53.142857142857146,103515.42857142857
Oresund Strait,2021-09-13T00:00:00.000Z,59.0,133988.0
Oresund Strait,2022-01-17T00:00:00.000Z,45.857142857142854,106895.42857142857
Oresund Strait,2022-07-25T00:00:00.000Z,44.714285714285715,79108.14285714286
Oresund Strait,2023-02-20T00:00:00.000Z,46.57142857142857,88829.71428571429
Oresund Strait,2023-03-20T00:00:00.000Z,47.142857142857146,125906.14285714286
Oresund Strait,2023-09-25T00:00:00.000Z,45.714285714285715,89047.57142857143
Oresund Strait,2024-01-01T00:00:00.000Z,42.142857142857146,86432.71428571429
Oresund Strait,2024-07-15T00:00:00.000Z,40.142857142857146,64537.857142857145
Oresund Strait,2024-10-14T00:00:00.000Z,42.57142857142857,108573.85714285714
Oresund Strait,2024-11-18T00:00:00.000Z,45.714285714285715,86552.14285714286
Oresund Strait,2025-04-21T00:00:00.000Z,44.42857142857143,96885.42857142857
Oresund Strait,2025-09-15T00:00:00.000Z,51.857142857142854,104731.42857142857
Oresund Strait,2025-11-17T00:00:00.000Z,47.0,103327.42857142857
Oresund Strait,2026-01-19T00:00:00.000Z,46.142857142857146,146882.14285714287
Oresund Strait,2026-03-23T00:00:00.000Z,40.57142857142857,80358.71428571429
Oresund Strait,2026-08-03T00:00:00.000Z,38.857142857142854,84834.85714285714
Luzon Strait,2019-06-10T00:00:00.000Z,65.71428571428571,3763079.0
Luzon Strait,2019-08-05T00:00:00.000Z,55.57142857142857,4106183.0
Luzon Strait,2019-08-12T00:00:00.000Z,62.0,3749831.0
Luzon Strait,2019-12-23T00:00:00.000Z,62.857142857142854,3650220.285714286
Luzon Strait,2019-12-30T00:00:00.000Z,69.71428571428571,4142060.0
Luzon Strait,2020-09-14T00:00:00.000Z,72.28571428571429,4189635.285714286
Luzon Strait,2021-03-15T00:00:00.000Z,66.57142857142857,3882463.714285714
Luzon Strait,2021-03-22T00:00:00.000Z,66.85714285714286,4524991.142857143
Luzon Strait,2021-04-05T00:00:00.000Z,63.0,3965435.5714285714
Luzon Strait,2021-04-19T00:00:00.000Z,44.57142857142857,3705382.8571428573
Luzon Strait,2021-05-03T00:00:00.000Z,76.71428571428571,4652314.285714285
Luzon Strait,2021-10-11T00:00:00.000Z,68.57142857142857,4260549.714285715
Luzon Strait,2022-05-09T00:00:00.000Z,77.28571428571429,4640910.0
Luzon Strait,2022-08-22T00:00:00.000Z,87.57142857142857,4963810.0
Luzon Strait,2022-09-05T00:00:00.000Z,66.42857142857143,4208124.714285715
Luzon Strait,2023-04-17T00:00:00.000Z,71.14285714285714,4095246.0
Luzon Strait,2023-05-29T00:00:00.000Z,37.285714285714285,3001098.285714286
Luzon Strait,2023-08-14T00:00:00.000Z,75.0,4501630.857142857
Luzon Strait,2023-09-04T00:00:00.000Z,99.71428571428571,5144752.857142857
Luzon Strait,2023-10-09T00:00:00.000Z,76.14285714285714,4642821.0
Luzon Strait,2023-10-16T00:00:00.000Z,79.0,4217096.142857143
Luzon Strait,2024-03-18T00:00:00.000Z,77.42857142857143,5493234.0
Luzon Strait,2024-08-26T00:00:00.000Z,69.0,4411496.571428572
Luzon Strait,2024-09-09T00:00:00.000Z,75.71428571428571,4152159.714285714
Luzon Strait,2024-12-23T00:00:00.000Z,81.85714285714286,5308380.571428572
Luzon Strait,2025-07-07T00:00:00.000Z,73.71428571428571,4595826.857142857
Luzon Strait,2025-11-24T00:00:00.000Z,78.57142857142857,5585278.142857143
Ombai Strait,2019-09-02T00:00:00.000Z,12.142857142857142,601379.7142857143
Ombai Strait,2020-05-25T00:00:00.000Z,10.0,530855.7142857143
Ombai Strait,2020-07-06T00:00:00.000Z,12.0,695562.7142857143
Ombai Strait,2020-10-26T00:00:00.000Z,12.285714285714286,369870.5714285714
Ombai Strait,2021-01-04T00:00:00.000Z,11.857142857142858,573484.0
Ombai Strait,2021-02-15T00:00:00.000Z,9.571428571428571,428578.85714285716
Ombai Strait,2021-05-31T00:00:00.000Z,8.857142857142858,297009.14285714284
Ombai Strait,2021-11-15T00:00:00.000Z,11.285714285714286,403220.28571428574
Ombai Strait,2022-08-22T00:00:00.000Z,13.714285714285714,647397.1428571428
Ombai Strait,2022-12-12T00:00:00.000Z,11.714285714285714,391880.0
Ombai Strait,2022-12-26T00:00:00.000Z,9.571428571428571,371048.85714285716
Ombai Strait,2023-03-27T00:00:00.000Z,10.0,386284.85714285716
Ombai Strait,2023-07-03T00:00:00.000Z,10.142857142857142,455111.28571428574
Ombai Strait,2023-07-10T00:00:00.000Z,9.714285714285714,248239.57142857142
Ombai Strait,2024-05-20T00:00:00.000Z,11.0,460710.5714285714
Ombai Strait,2024-09-02T00:00:00.000Z,11.714285714285714,498671.14285714284
Ombai Strait,2025-12-01T00:00:00.000Z,11.857142857142858,779455.5714285715
Ombai Strait,2026-01-05T00:00:00.000Z,8.857142857142858,827805.1428571428
Ombai Strait,2026-01-12T00:00:00.000Z,9.571428571428571,512001.4285714286
Torres Strait,2018-12-31T00:00:00.000Z,8.833333333333334,188643.66666666666
Torres Strait,2019-10-21T00:00:00.000Z,9.571428571428571,155718.57142857142
Torres Strait,2020-02-10T00:00:00.000Z,8.714285714285714,198137.14285714287
Torres Strait,2020-05-11T00:00:00.000Z,8.142857142857142,132977.57142857142
Torres Strait,2020-05-25T00:00:00.000Z,7.428571428571429,130176.42857142857
Torres Strait,2020-08-24T00:00:00.000Z,8.142857142857142,167351.7142857143
Torres Strait,2020-10-12T00:00:00.000Z,8.857142857142858,173085.2857142857
Torres Strait,2021-11-08T00:00:00.000Z,8.428571428571429,169728.42857142858
Torres Strait,2022-03-28T00:00:00.000Z,8.857142857142858,206170.0
Torres Strait,2023-01-09T00:00:00.000Z,11.428571428571429,235605.57142857142
Torres Strait,2023-07-24T00:00:00.000Z,10.0,204265.42857142858
Torres Strait,2024-05-20T00:00:00.000Z,9.142857142857142,212133.42857142858
Torres Strait,2024-09-23T00:00:00.000Z,8.857142857142858,172533.2857142857
Torres Strait,2025-02-10T00:00:00.000Z,10.571428571428571,262201.28571428574
Torres Strait,2025-02-24T00:00:00.000Z,11.142857142857142,226790.57142857142
Torres Strait,2025-06-23T00:00:00.000Z,9.714285714285714,207949.7142857143
Torres Strait,2025-08-11T00:00:00.000Z,9.571428571428571,259198.7142857143
Torres Strait,2025-09-01T00:00:00.000Z,9.0,173919.14285714287
Torres Strait,2026-05-04T00:00:00.000Z,9.857142857142858,206161.57142857142
Magellan Strait,2019-04-29T00:00:00.000Z,3.5714285714285716,77786.57142857143
Magellan Strait,2019-08-05T00:00:00.000Z,4.428571428571429,109159.28571428571
Magellan Strait,2019-09-09T00:00:00.000Z,4.714285714285714,118476.57142857143
Magellan Strait,2020-05-25T00:00:00.000Z,2.4285714285714284,44586.42857142857
Magellan Strait,2020-07-20T00:00:00.000Z,2.857142857142857,83864.28571428571
Magellan Strait,2020-08-03T00:00:00.000Z,3.5714285714285716,65953.71428571429
Magellan Strait,2020-09-07T00:00:00.000Z,2.5714285714285716,55379.0
Magellan Strait,2022-04-11T00:00:00.000Z,3.7142857142857144,103190.57142857143
Magellan Strait,2022-07-04T00:00:00.000Z,3.142857142857143,136948.7142857143
Magellan Strait,2022-08-08T00:00:00.000Z,4.285714285714286,179114.2857142857
Magellan Strait,2023-05-01T00:00:00.000Z,4.0,129361.42857142857
Magellan Strait,2023-07-17T00:00:00.000Z,4.285714285714286,124226.57142857143
Magellan Strait,2023-09-11T00:00:00.000Z,3.5714285714285716,87639.85714285714
Magellan Strait,2023-09-18T00:00:00.000Z,3.7142857142857144,114178.42857142857
Magellan Strait,2023-10-09T00:00:00.000Z,5.285714285714286,139126.0
Magellan Strait,2025-04-14T00:00:00.000Z,3.142857142857143,116268.71428571429
Magellan Strait,2025-09-15T00:00:00.000Z,4.571428571428571,166256.42857142858
Magellan Strait,2025-09-22T00:00:00.000Z,4.142857142857143,131260.85714285713
Balabac Strait,2019-06-03T00:00:00.000Z,11.142857142857142,280866.14285714284
Balabac Strait,2019-07-29T00:00:00.000Z,11.0,296191.28571428574
Balabac Strait,2019-10-14T00:00:00.000Z,11.857142857142858,280047.28571428574
Balabac Strait,2019-11-04T00:00:00.000Z,16.0,516467.5714285714
Balabac Strait,2020-03-16T00:00:00.000Z,11.285714285714286,237311.2857142857
Balabac Strait,2020-05-25T00:00:00.000Z,11.0,221041.14285714287
Balabac Strait,2021-01-25T00:00:00.000Z,9.857142857142858,333833.5714285714
Balabac Strait,2021-02-15T00:00:00.000Z,9.857142857142858,171715.42857142858
Balabac Strait,2021-04-05T00:00:00.000Z,9.0,262660.0
Balabac Strait,2021-06-14T00:00:00.000Z,8.428571428571429,240580.2857142857
Balabac Strait,2021-06-21T00:00:00.000Z,9.285714285714286,288698.0
Balabac Strait,2022-02-28T00:00:00.000Z,10.142857142857142,261734.0
Balabac Strait,2022-05-09T00:00:00.000Z,12.714285714285714,272123.5714285714
Balabac Strait,2022-10-03T00:00:00.000Z,13.857142857142858,490976.85714285716
Balabac Strait,2022-11-07T00:00:00.000Z,10.142857142857142,312393.28571428574
Balabac Strait,2022-12-05T00:00:00.000Z,13.571428571428571,262346.85714285716
Balabac Strait,2023-01-23T00:00:00.000Z,14.571428571428571,260722.85714285713
Balabac Strait,2023-01-30T00:00:00.000Z,11.142857142857142,291593.14285714284
Balabac Strait,2023-05-01T00:00:00.000Z,9.285714285714286,300569.5714285714
Balabac Strait,2023-10-23T00:00:00.000Z,8.714285714285714,275899.71428571426
Balabac Strait,2024-04-08T00:00:00.000Z,13.571428571428571,283940.14285714284
Balabac Strait,2024-07-15T00:00:00.000Z,11.571428571428571,217870.0
Balabac Strait,2024-09-09T00:00:00.000Z,12.285714285714286,213326.85714285713
Balabac Strait,2025-01-06T00:00:00.000Z,10.714285714285714,330460.14285714284
Balabac Strait,2025-09-15T00:00:00.000Z,9.142857142857142,239669.42857142858
Balabac Strait,2025-12-22T00:00:00.000Z,8.428571428571429,212525.7142857143
Dover Strait,2019-02-04T00:00:00.000Z,159.0,3006523.4285714286
Dover Strait,2019-04-15T00:00:00.000Z,161.42857142857142,3096246.1428571427
Dover Strait,2019-05-13T00:00:00.000Z,165.42857142857142,2845216.714285714
Dover Strait,2019-07-29T00:00:00.000Z,150.85714285714286,2958293.4285714286
Dover Strait,2019-09-30T00:00:00.000Z,164.42857142857142,2962268.1428571427
Dover Strait,2019-10-21T00:00:00.000Z,170.0,3151156.1428571427
Dover Strait,2019-11-25T00:00:00.000Z,162.28571428571428,2838096.285714286
Dover Strait,2019-12-23T00:00:00.000Z,150.28571428571428,2637194.285714286
Dover Strait,2020-02-03T00:00:00.000Z,157.14285714285714,3297934.8571428573
Dover Strait,2020-07-06T00:00:00.000Z,144.85714285714286,2562505.1428571427
Dover Strait,2020-07-20T00:00:00.000Z,149.42857142857142,2451988.714285714
Dover Strait,2020-08-31T00:00:00.000Z,162.0,2924150.714285714
Dover Strait,2020-10-05T00:00:00.000Z,156.0,3053189.4285714286
Dover Strait,2020-11-16T00:00:00.000Z,171.14285714285714,2926993.4285714286
Dover Strait,2021-02-22T00:00:00.000Z,169.85714285714286,3057496.4285714286
Dover Strait,2021-04-12T00:00:00.000Z,173.85714285714286,3123674.0
Dover Strait,2021-06-07T00:00:00.000Z,159.42857142857142,3047746.5714285714
Dover Strait,2021-11-15T00:00:00.000Z,161.28571428571428,2838812.0
Dover Strait,2021-12-20T00:00:00.000Z,162.71428571428572,3024425.0
Dover Strait,2022-03-07T00:00:00.000Z,170.57142857142858,3180537.1428571427
Dover Strait,2022-10-03T00:00:00.000Z,178.42857142857142,3735479.8571428573
Dover Strait,2022-11-21T00:00:00.000Z,163.85714285714286,3249757.285714286
Dover Strait,2023-01-02T00:00:00.000Z,172.42857142857142,3378347.0
Dover Strait,2023-02-06T00:00:00.000Z,185.85714285714286,3953289.5714285714
Dover Strait,2023-11-06T00:00:00.000Z,177.57142857142858,3939790.4285714286
Dover Strait,2023-12-11T00:00:00.000Z,189.85714285714286,3547533.0
Dover Strait,2024-03-25T00:00:00.000Z,169.85714285714286,3637584.285714286
Dover Strait,2024-04-22T00:00:00.000Z,182.42857142857142,3611360.1428571427
Dover Strait,2024-09-30T00:00:00.000Z,177.0,3514019.4285714286
Dover Strait,2025-02-17T00:00:00.000Z,169.85714285714286,3451512.285714286
Dover Strait,2025-02-24T00:00:00.000Z,190.42857142857142,4158658.285714286
Dover Strait,2025-04-14T00:00:00.000Z,175.42857142857142,3568621.0
Dover Strait,2025-06-09T00:00:00.000Z,174.0,3229042.4285714286
Dover Strait,2025-07-21T00:00:00.000Z,170.71428571428572,3362813.5714285714
Dover Strait,2025-09-22T00:00:00.000Z,182.57142857142858,3450698.1428571427
Dover Strait,2025-10-06T00:00:00.000Z,176.28571428571428,3521003.8571428573
Tsugaru Strait,2019-01-21T00:00:00.000Z,53.0,1022476.7142857143
Tsugaru Strait,2019-03-18T00:00:00.000Z,43.42857142857143,787945.0
Tsugaru Strait,2020-01-27T00:00:00.000Z,41.857142857142854,769686.8571428572
Tsugaru Strait,2020-02-10T00:00:00.000Z,41.857142857142854,691857.5714285715
Tsugaru Strait,2020-11-16T00:00:00.000Z,45.42857142857143,953506.1428571428
Tsugaru Strait,2020-12-21T00:00:00.000Z,44.42857142857143,885750.7142857143
Tsugaru Strait,2021-05-03T00:00:00.000Z,51.0,1165856.0
Tsugaru Strait,2021-05-10T00:00:00.000Z,59.0,1278744.142857143
Tsugaru Strait,2022-05-23T00:00:00.000Z,52.142857142857146,1146788.0
Tsugaru Strait,2022-05-30T00:00:00.000Z,49.42857142857143,1223768.142857143
Tsugaru Strait,2022-07-18T00:00:00.000Z,54.285714285714285,1171685.4285714286
Tsugaru Strait,2022-09-05T00:00:00.000Z,47.0,970416.8571428572
Tsugaru Strait,2023-03-13T00:00:00.000Z,51.714285714285715,1099729.5714285714
Tsugaru Strait,2023-07-31T00:00:00.000Z,58.285714285714285,1158711.5714285714
Tsugaru Strait,2023-09-18T00:00:00.000Z,47.857142857142854,1058468.4285714286
Tsugaru Strait,2023-11-20T00:00:00.000Z,30.428571428571427,532454.0
Tsugaru Strait,2024-04-29T00:00:00.000Z,39.57142857142857,900682.4285714285
Tsugaru Strait,2024-12-30T00:00:00.000Z,33.0,705736.5714285715
Tsugaru Strait,2026-07-13T00:00:00.000Z,45.42857142857143,1091799.5714285714
Panama Canal,2019-01-14T00:00:00.000Z,32.0,831023.4285714285
Panama Canal,2019-12-02T00:00:00.000Z,34.0,860628.1428571428
Panama Canal,2020-06-01T00:00:00.000Z,28.142857142857142,778461.4285714285
Panama Canal,2021-05-10T00:00:00.000Z,30.142857142857142,911910.2857142857
Panama Canal,2021-06-21T00:00:00.000Z,29.571428571428573,926334.0
Panama Canal,2021-07-12T00:00:00.000Z,29.285714285714285,881282.8571428572
Panama Canal,2021-09-27T00:00:00.000Z,30.285714285714285,852449.1428571428
Panama Canal,2021-12-27T00:00:00.000Z,34.42857142857143,961103.4285714285
Panama Canal,2022-04-25T00:00:00.000Z,33.42857142857143,984763.7142857143
Panama Canal,2022-06-20T00:00:00.000Z,35.285714285714285,1030281.4285714285
Panama Canal,2022-06-27T00:00:00.000Z,32.857142857142854,883080.7142857143
Panama Canal,2022-12-26T00:00:00.000Z,33.714285714285715,980369.2857142857
Panama Canal,2023-01-09T00:00:00.000Z,33.0,921688.0
Panama Canal,2024-05-20T00:00:00.000Z,24.571428571428573,692874.0
Panama Canal,2024-12-16T00:00:00.000Z,31.714285714285715,955422.0
Panama Canal,2026-03-09T00:00:00.000Z,33.142857142857146,984565.7142857143
Makassar Strait,2019-01-21T00:00:00.000Z,47.142857142857146,2302952.285714286
Makassar Strait,2019-03-18T00:00:00.000Z,53.142857142857146,2357661.5714285714
Makassar Strait,2019-04-15T00:00:00.000Z,44.57142857142857,2189747.285714286
Makassar Strait,2019-05-20T00:00:00.000Z,52.42857142857143,2233611.5714285714
Makassar Strait,2019-11-25T00:00:00.000Z,48.142857142857146,2190525.0
Makassar Strait,2020-07-27T00:00:00.000Z,48.142857142857146,2506429.5714285714
Makassar Strait,2020-08-24T00:00:00.000Z,46.57142857142857,2177852.8571428573
Makassar Strait,2020-10-26T00:00:00.000Z,53.57142857142857,2684312.714285714
Makassar Strait,2020-11-30T00:00:00.000Z,54.57142857142857,2378505.1428571427
Makassar Strait,2021-05-17T00:00:00.000Z,56.857142857142854,2278368.0
Makassar Strait,2021-06-14T00:00:00.000Z,51.714285714285715,2467749.0
Makassar Strait,2021-12-13T00:00:00.000Z,56.42857142857143,2978447.285714286
Makassar Strait,2022-03-21T00:00:00.000Z,58.857142857142854,3228866.0
Makassar Strait,2022-06-06T00:00:00.000Z,51.285714285714285,2789639.4285714286
Makassar Strait,2022-10-17T00:00:00.000Z,56.142857142857146,3183672.0
Makassar Strait,2023-03-27T00:00:00.000Z,60.57142857142857,3359589.5714285714
Makassar Strait,2023-05-08T00:00:00.000Z,57.42857142857143,3037588.4285714286
Makassar Strait,2023-05-15T00:00:00.000Z,58.714285714285715,3023908.714285714
Makassar Strait,2023-06-12T00:00:00.000Z,58.714285714285715,3350570.5714285714
Makassar Strait,2023-11-06T00:00:00.000Z,58.285714285714285,3340374.285714286
Makassar Strait,2023-12-18T00:00:00.000Z,68.57142857142857,3452805.8571428573
Makassar Strait,2023-12-25T00:00:00.000Z,61.285714285714285,3334657.5714285714
Makassar Strait,2024-02-26T00:00:00.000Z,54.57142857142857,2393254.8571428573
Makassar Strait,2024-04-15T00:00:00.000Z,51.57142857142857,2456527.8571428573
Makassar Strait,2024-04-22T00:00:00.000Z,55.0,2701352.5714285714
Makassar Strait,2025-02-24T00:00:00.000Z,47.0,3212547.8571428573
Makassar Strait,2026-01-19T00:00:00.000Z,50.285714285714285,2878625.5714285714
Makassar Strait,2026-02-16T00:00:00.000Z,47.42857142857143,2942734.1428571427
Makassar Strait,2026-07-20T00:00:00.000Z,48.285714285714285,2919333.8571428573
Makassar Strait,2026-08-03T00:00:00.000Z,53.714285714285715,3125592.714285714
Yucatan Channel,2019-01-07T00:00:00.000Z,45.142857142857146,1037513.5714285715
Yucatan Channel,2019-05-20T00:00:00.000Z,40.285714285714285,1028306.2857142857
Yucatan Channel,2019-08-26T00:00:00.000Z,44.714285714285715,1003980.2857142857
Yucatan Channel,2019-11-04T00:00:00.000Z,44.285714285714285,875778.0
Yucatan Channel,2019-11-18T00:00:00.000Z,44.142857142857146,984845.8571428572
Yucatan Channel,2019-12-23T00:00:00.000Z,46.285714285714285,1151318.7142857143
Yucatan Channel,2020-05-18T00:00:00.000Z,36.42857142857143,1051173.4285714286
Yucatan Channel,2020-08-10T00:00:00.000Z,43.857142857142854,949404.4285714285
Yucatan Channel,2020-11-02T00:00:00.000Z,45.57142857142857,1100412.2857142857
Yucatan Channel,2021-01-25T00:00:00.000Z,46.57142857142857,1146813.7142857143
Yucatan Channel,2021-02-15T00:00:00.000Z,37.714285714285715,748241.0
Yucatan Channel,2021-11-22T00:00:00.000Z,45.142857142857146,1076778.2857142857
Yucatan Channel,2022-02-28T00:00:00.000Z,43.0,1065250.142857143
Yucatan Channel,2022-04-04T00:00:00.000Z,43.42857142857143,1063259.4285714286
Yucatan Channel,2023-01-23T00:00:00.000Z,42.857142857142854,1180158.0
Yucatan Channel,2023-01-30T00:00:00.000Z,39.142857142857146,787307.8571428572
Yucatan Channel,2023-05-15T00:00:00.000Z,47.142857142857146,1038596.4285714285
Yucatan Channel,2023-05-22T00:00:00.000Z,44.42857142857143,1134117.2857142857
Yucatan Channel,2023-07-31T00:00:00.000Z,45.42857142857143,801108.8571428572
Yucatan Channel,2023-08-28T00:00:00.000Z,44.285714285714285,1010624.2857142857
Yucatan Channel,2023-11-20T00:00:00.000Z,43.142857142857146,937365.5714285715
Yucatan Channel,2024-02-19T00:00:00.000Z,46.42857142857143,1033319.2857142857
Yucatan Channel,2024-03-11T00:00:00.000Z,51.857142857142854,1307257.2857142857
Yucatan Channel,2024-04-22T00:00:00.000Z,51.285714285714285,1558634.0
Yucatan Channel,2024-04-29T00:00:00.000Z,50.0,1339080.142857143
Yucatan Channel,2024-07-22T00:00:00.000Z,47.57142857142857,1175887.857142857
Yucatan Channel,2025-08-11T00:00:00.000Z,51.714285714285715,1206726.7142857143
Yucatan Channel,2025-12-08T00:00:00.000Z,37.857142857142854,761515.1428571428
Yucatan Channel,2025-12-15T00:00:00.000Z,47.142857142857146,1155031.5714285714
Yucatan Channel,2026-02-16T00:00:00.000Z,48.142857142857146,1353256.7142857143
Yucatan Channel,2026-05-11T00:00:00.000Z,53.857142857142854,1334025.5714285714
Windward Passage,2019-02-18T00:00:00.000Z,15.571428571428571,324979.0
Windward Passage,2019-04-22T00:00:00.000Z,14.142857142857142,216159.7142857143
Windward Passage,2020-02-10T00:00:00.000Z,15.0,333701.85714285716
Windward Passage,2020-04-27T00:00:00.000Z,15.571428571428571,277847.85714285716
Windward Passage,2020-05-04T00:00:00.000Z,14.428571428571429,284435.28571428574
Windward Passage,2020-09-14T00:00:00.000Z,19.142857142857142,291545.14285714284
Windward Passage,2021-01-04T00:00:00.000Z,14.0,215049.85714285713
Windward Passage,2021-09-20T00:00:00.000Z,15.571428571428571,276142.14285714284
Windward Passage,2022-05-16T00:00:00.000Z,17.142857142857142,335556.0
Windward Passage,2022-09-19T00:00:00.000Z,16.571428571428573,312576.85714285716
Windward Passage,2023-04-10T00:00:00.000Z,16.285714285714285,258706.7142857143
Windward Passage,2023-09-25T00:00:00.000Z,15.428571428571429,244008.2857142857
Windward Passage,2023-11-06T00:00:00.000Z,16.0,213944.57142857142
Windward Passage,2024-07-01T00:00:00.000Z,17.714285714285715,340553.0
Windward Passage,2025-03-03T00:00:00.000Z,16.714285714285715,315918.5714285714
Windward Passage,2025-04-28T00:00:00.000Z,16.571428571428573,341927.5714285714
Windward Passage,2025-09-01T00:00:00.000Z,14.571428571428571,230716.57142857142
Windward Passage,2026-03-16T00:00:00.000Z,16.285714285714285,280646.14285714284
Windward Passage,2026-05-04T00:00:00.000Z,14.0,225662.7142857143
Windward Passage,2026-07-06T00:00:00.000Z,15.285714285714286,284288.5714285714
Kerch Strait,2019-04-01T00:00:00.000Z,44.42857142857143,85124.42857142857
Kerch Strait,2019-05-13T00:00:00.000Z,52.57142857142857,109500.71428571429
Kerch Strait,2019-06-03T00:00:00.000Z,48.714285714285715,106324.85714285714
Kerch Strait,2019-12-23T00:00:00.000Z,55.42857142857143,117392.28571428571
Kerch Strait,2020-06-22T00:00:00.000Z,43.42857142857143,83961.42857142857
Kerch Strait,2020-09-28T00:00:00.000Z,62.714285714285715,122715.0
Kerch Strait,2020-11-09T00:00:00.000Z,74.0,156437.85714285713
Kerch Strait,2021-01-11T00:00:00.000Z,43.857142857142854,92044.71428571429
Kerch Strait,2022-06-27T00:00:00.000Z,26.857142857142858,41767.42857142857
Kerch Strait,2023-01-23T00:00:00.000Z,19.714285714285715,32343.14285714286
Kerch Strait,2023-01-30T00:00:00.000Z,18.0,29845.714285714286
Kerch Strait,2023-08-21T00:00:00.000Z,3.857142857142857,7610.571428571428
Kerch Strait,2023-10-02T00:00:00.000Z,2.7142857142857144,4021.4285714285716
Kerch Strait,2024-01-01T00:00:00.000Z,0.2857142857142857,1199.857142857143
Kerch Strait,2024-11-25T00:00:00.000Z,16.571428571428573,105119.14285714286
Kerch Strait,2025-03-31T00:00:00.000Z,11.142857142857142,46530.28571428572
Kerch Strait,2025-04-14T00:00:00.000Z,3.7142857142857144,33573.71428571428
Kerch Strait,2025-08-11T00:00:00.000Z,20.142857142857142,73130.14285714286
Kerch Strait,2025-11-10T00:00:00.000Z,12.714285714285714,32339.714285714286
Kerch Strait,2026-03-16T00:00:00.000Z,15.857142857142858,154245.0
Kerch Strait,2026-07-13T00:00:00.000Z,1.5714285714285714,44510.142857142855
Gibraltar Strait,2019-01-14T00:00:00.000Z,102.28571428571429,2577098.8571428573
Gibraltar Strait,2019-01-28T00:00:00.000Z,97.42857142857143,2853040.285714286
Gibraltar Strait,2019-02-25T00:00:00.000Z,110.85714285714286,3128092.8571428573
Gibraltar Strait,2019-07-15T00:00:00.000Z,110.28571428571429,2968611.5714285714
Gibraltar Strait,2019-11-18T00:00:00.000Z,135.14285714285714,3507219.8571428573
Gibraltar Strait,2020-02-03T00:00:00.000Z,127.71428571428571,3461002.4285714286
Gibraltar Strait,2020-02-17T00:00:00.000Z,124.42857142857143,3168567.5714285714
Gibraltar Strait,2020-04-06T00:00:00.000Z,130.85714285714286,3539592.714285714
Gibraltar Strait,2020-07-13T00:00:00.000Z,122.85714285714286,3128469.5714285714
Gibraltar Strait,2020-11-09T00:00:00.000Z,129.85714285714286,3367797.4285714286
Gibraltar Strait,2021-02-01T00:00:00.000Z,127.28571428571429,3162267.714285714
Gibraltar Strait,2021-05-03T00:00:00.000Z,134.28571428571428,3497328.1428571427
Gibraltar Strait,2021-08-09T00:00:00.000Z,129.14285714285714,3228053.285714286
Gibraltar Strait,2022-02-28T00:00:00.000Z,142.71428571428572,3876361.5714285714
Gibraltar Strait,2022-08-01T00:00:00.000Z,144.14285714285714,4100047.285714286
Gibraltar Strait,2022-12-26T00:00:00.000Z,141.71428571428572,3990894.5714285714
Gibraltar Strait,2023-10-02T00:00:00.000Z,153.28571428571428,4085934.285714286
Gibraltar Strait,2023-12-04T00:00:00.000Z,146.0,4483103.142857143
Gibraltar Strait,2023-12-18T00:00:00.000Z,148.0,4285278.857142857
Gibraltar Strait,2024-01-01T00:00:00.000Z,132.14285714285714,3807728.285714286
Gibraltar Strait,2024-07-08T00:00:00.000Z,134.42857142857142,3697506.285714286
Gibraltar Strait,2024-08-26T00:00:00.000Z,135.14285714285714,3597635.0
Gibraltar Strait,2024-09-30T00:00:00.000Z,131.71428571428572,3309764.5714285714
Gibraltar Strait,2024-11-25T00:00:00.000Z,133.57142857142858,3433382.4285714286
Gibraltar Strait,2024-12-02T00:00:00.000Z,135.28571428571428,3563810.4285714286
Gibraltar Strait,2025-02-17T00:00:00.000Z,133.57142857142858,3519908.4285714286
Gibraltar Strait,2025-06-30T00:00:00.000Z,134.85714285714286,3489443.285714286
Gibraltar Strait,2025-11-10T00:00:00.000Z,139.42857142857142,3982044.1428571427
Gibraltar Strait,2026-02-02T00:00:00.000Z,131.14285714285714,3788556.714285714
Taiwan Strait,2019-02-25T00:00:00.000Z,251.42857142857142,5246605.0
Taiwan Strait,2019-04-29T00:00:00.000Z,222.0,4607891.428571428
Taiwan Strait,2019-11-04T00:00:00.000Z,246.71428571428572,5040933.857142857
Taiwan Strait,2020-01-06T00:00:00.000Z,231.0,4774039.428571428
Taiwan Strait,2020-03-30T00:00:00.000Z,242.28571428571428,5049596.142857143
Taiwan Strait,2020-11-23T00:00:00.000Z,243.28571428571428,4913156.0
Taiwan Strait,2020-12-21T00:00:00.000Z,270.2857142857143,5497761.571428572
Taiwan Strait,2021-01-25T00:00:00.000Z,258.2857142857143,5225917.571428572
Taiwan Strait,2021-03-29T00:00:00.000Z,252.85714285714286,5825468.142857143
Taiwan Strait,2021-04-19T00:00:00.000Z,312.14285714285717,7329776.428571428
Taiwan Strait,2021-11-01T00:00:00.000Z,256.42857142857144,6120516.714285715
Taiwan Strait,2022-01-10T00:00:00.000Z,213.0,4366152.571428572
Taiwan Strait,2022-01-24T00:00:00.000Z,214.71428571428572,4850439.0
Taiwan Strait,2022-04-25T00:00:00.000Z,229.42857142857142,4984754.142857143
Taiwan Strait,2022-06-27T00:00:00.000Z,231.71428571428572,5272365.714285715
Taiwan Strait,2022-07-18T00:00:00.000Z,240.28571428571428,5664526.142857143
Taiwan Strait,2022-11-28T00:00:00.000Z,221.85714285714286,4873162.428571428
Taiwan Strait,2023-01-02T00:00:00.000Z,234.0,4732689.428571428
Taiwan Strait,2023-06-19T00:00:00.000Z,250.57142857142858,6015857.571428572
Taiwan Strait,2023-07-31T00:00:00.000Z,288.42857142857144,9396474.285714285
Taiwan Strait,2023-11-27T00:00:00.000Z,233.85714285714286,5292956.142857143
Taiwan Strait,2024-03-25T00:00:00.000Z,247.71428571428572,6035633.142857143
Taiwan Strait,2024-04-01T00:00:00.000Z,245.14285714285714,6216632.0
Taiwan Strait,2024-06-03T00:00:00.000Z,252.57142857142858,5840901.428571428
Taiwan Strait,2025-03-31T00:00:00.000Z,264.57142857142856,6388414.428571428
Taiwan Strait,2025-07-28T00:00:00.000Z,240.0,6818551.714285715
Taiwan Strait,2025-08-04T00:00:00.000Z,268.14285714285717,6818674.142857143
Taiwan Strait,2026-04-27T00:00:00.000Z,248.14285714285714,6355974.142857143
Taiwan Strait,2026-05-25T00:00:00.000Z,252.14285714285714,6416065.285714285
Taiwan Strait,2026-06-01T00:00:00.000Z,270.2857142857143,6888995.857142857
Taiwan Strait,2026-06-15T00:00:00.000Z,245.28571428571428,6160700.0
Taiwan Strait,2026-07-27T00:00:00.000Z,245.28571428571428,5987640.428571428
Taiwan Strait,2026-08-10T00:00:00.000Z,270.57142857142856,6655879.714285715
Bohai Strait,2019-01-07T00:00:00.000Z,104.28571428571429,2738743.0
Bohai Strait,2019-06-10T00:00:00.000Z,171.57142857142858,4688463.285714285
Bohai Strait,2019-10-28T00:00:00.000Z,151.28571428571428,3872010.8571428573
Bohai Strait,2020-02-17T00:00:00.000Z,153.28571428571428,4253562.285714285
Bohai Strait,2020-03-02T00:00:00.000Z,155.28571428571428,4240148.571428572
Bohai Strait,2020-04-06T00:00:00.000Z,188.71428571428572,5097019.285714285
Bohai Strait,2020-05-18T00:00:00.000Z,202.0,5751166.0
Bohai Strait,2020-07-27T00:00:00.000Z,205.28571428571428,5879714.285714285
Bohai Strait,2020-08-03T00:00:00.000Z,189.42857142857142,5434919.285714285
Bohai Strait,2020-11-02T00:00:00.000Z,198.14285714285714,6092548.857142857
Bohai Strait,2020-11-09T00:00:00.000Z,214.85714285714286,5948509.571428572
Bohai Strait,2021-03-08T00:00:00.000Z,215.0,6338414.714285715
Bohai Strait,2021-04-26T00:00:00.000Z,220.28571428571428,6493373.571428572
Bohai Strait,2021-07-26T00:00:00.000Z,146.71428571428572,4427845.0
Bohai Strait,2022-04-11T00:00:00.000Z,178.57142857142858,5672856.142857143
Bohai Strait,2022-06-27T00:00:00.000Z,176.71428571428572,5593375.428571428
Bohai Strait,2022-10-31T00:00:00.000Z,183.28571428571428,5274461.714285715
Bohai Strait,2023-12-18T00:00:00.000Z,186.71428571428572,5686077.428571428
Bohai Strait,2024-06-10T00:00:00.000Z,175.42857142857142,6058662.571428572
Bohai Strait,2024-09-23T00:00:00.000Z,184.57142857142858,6403455.714285715
Bohai Strait,2024-11-18T00:00:00.000Z,182.57142857142858,7249445.571428572
Bohai Strait,2025-04-14T00:00:00.000Z,193.57142857142858,6600183.0
Bohai Strait,2026-06-29T00:00:00.000Z,157.28571428571428,5754623.142857143
Sunda Strait,2019-05-20T00:00:00.000Z,23.0,516961.71428571426
Sunda Strait,2019-06-17T00:00:00.000Z,26.285714285714285,1067675.857142857
Sunda Strait,2019-11-04T00:00:00.000Z,31.714285714285715,953647.7142857143
Sunda Strait,2019-11-11T00:00:00.000Z,31.285714285714285,894668.1428571428
Sunda Strait,2019-11-25T00:00:00.000Z,31.142857142857142,906680.0
Sunda Strait,2020-05-04T00:00:00.000Z,28.428571428571427,825270.5714285715
Sunda Strait,2020-06-22T00:00:00.000Z,31.857142857142858,1217264.2857142857
Sunda Strait,2020-08-03T00:00:00.000Z,26.0,1118495.7142857143
Sunda Strait,2020-09-14T00:00:00.000Z,29.0,1006361.0
Sunda Strait,2020-11-02T00:00:00.000Z,26.714285714285715,843261.5714285715
Sunda Strait,2021-01-18T00:00:00.000Z,29.714285714285715,1091691.857142857
Sunda Strait,2021-04-26T00:00:00.000Z,29.714285714285715,1106553.7142857143
Sunda Strait,2022-01-17T00:00:00.000Z,24.857142857142858,837317.8571428572
Sunda Strait,2022-06-06T00:00:00.000Z,24.571428571428573,952977.2857142857
Sunda Strait,2022-07-04T00:00:00.000Z,23.857142857142858,778814.8571428572
Sunda Strait,2022-11-14T00:00:00.000Z,26.142857142857142,814181.5714285715
Sunda Strait,2023-01-02T00:00:00.000Z,26.857142857142858,920130.1428571428
Sunda Strait,2023-04-10T00:00:00.000Z,27.0,924606.2857142857
Sunda Strait,2023-05-29T00:00:00.000Z,31.857142857142858,1484933.2857142857
Sunda Strait,2023-06-19T00:00:00.000Z,31.142857142857142,1084182.4285714286
Sunda Strait,2023-06-26T00:00:00.000Z,29.285714285714285,1137042.7142857143
Sunda Strait,2023-10-23T00:00:00.000Z,30.285714285714285,852555.0
Sunda Strait,2023-12-04T00:00:00.000Z,33.714285714285715,1449221.142857143
Sunda Strait,2024-01-22T00:00:00.000Z,32.857142857142854,1078069.857142857
Sunda Strait,2024-05-06T00:00:00.000Z,29.285714285714285,1055943.0
Sunda Strait,2024-05-13T00:00:00.000Z,28.285714285714285,1038460.2857142857
Sunda Strait,2024-05-20T00:00:00.000Z,34.0,1243888.142857143
Sunda Strait,2024-06-17T00:00:00.000Z,32.857142857142854,1509213.7142857143
Sunda Strait,2024-10-21T00:00:00.000Z,36.42857142857143,1197022.0
Sunda Strait,2024-11-18T00:00:00.000Z,32.285714285714285,1008515.4285714285
Sunda Strait,2025-07-14T00:00:00.000Z,30.142857142857142,1203414.857142857
Sunda Strait,2026-08-03T00:00:00.000Z,37.142857142857146,1581516.2857142857
Sunda Strait,2026-08-17T00:00:00.000Z,32.57142857142857,1225191.2857142857
Mona Passage,2019-03-04T00:00:00.000Z,11.571428571428571,247466.0
Mona Passage,2019-05-06T00:00:00.000Z,11.428571428571429,294783.14285714284
Mona Passage,2019-07-29T00:00:00.000Z,12.428571428571429,295329.14285714284
Mona Passage,2020-02-24T00:00:00.000Z,10.857142857142858,238729.7142857143
Mona Passage,2020-03-02T00:00:00.000Z,9.714285714285714,248364.7142857143
Mona Passage,2020-09-14T00:00:00.000Z,10.857142857142858,199436.42857142858
Mona Passage,2020-10-26T00:00:00.000Z,10.428571428571429,306567.5714285714
Mona Passage,2021-02-22T00:00:00.000Z,10.0,220647.85714285713
Mona Passage,2021-03-15T00:00:00.000Z,10.714285714285714,261680.57142857142
Mona Passage,2021-04-19T00:00:00.000Z,9.857142857142858,301034.4285714286
Mona Passage,2021-05-24T00:00:00.000Z,11.428571428571429,263677.0
Mona Passage,2021-06-14T00:00:00.000Z,11.142857142857142,315242.5714285714
Mona Passage,2022-01-03T00:00:00.000Z,9.571428571428571,260242.85714285713
Mona Passage,2022-05-09T00:00:00.000Z,10.857142857142858,245190.85714285713
Mona Passage,2022-05-30T00:00:00.000Z,10.0,251600.7142857143
Mona Passage,2022-06-27T00:00:00.000Z,11.285714285714286,336193.5714285714
Mona Passage,2023-02-13T00:00:00.000Z,10.285714285714286,239577.0
Mona Passage,2023-04-10T00:00:00.000Z,11.0,266989.14285714284
Mona Passage,2023-05-15T00:00:00.000Z,11.857142857142858,297248.5714285714
Mona Passage,2023-10-09T00:00:00.000Z,8.571428571428571,189018.57142857142
Mona Passage,2023-11-06T00:00:00.000Z,10.571428571428571,328116.71428571426
Mona Passage,2023-11-13T00:00:00.000Z,8.285714285714286,187614.2857142857
Mona Passage,2023-12-11T00:00:00.000Z,9.142857142857142,218575.7142857143
Mona Passage,2024-02-26T00:00:00.000Z,12.571428571428571,317071.0
Mona Passage,2024-04-01T00:00:00.000Z,11.714285714285714,296541.85714285716
Mona Passage,2024-09-30T00:00:00.000Z,12.0,376352.0
Mona Passage,2024-12-16T00:00:00.000Z,10.285714285714286,317433.0
Mona Passage,2025-02-17T00:00:00.000Z,10.428571428571429,274475.0
Mona Passage,2025-03-31T00:00:00.000Z,13.0,349637.4285714286
Mona Passage,2025-06-16T00:00:00.000Z,12.142857142857142,308647.5714285714
Mona Passage,2025-08-18T00:00:00.000Z,7.857142857142857,211529.42857142858
Mona Passage,2026-04-13T00:00:00.000Z,11.714285714285714,272418.0
Mona Passage,2026-06-15T00:00:00.000Z,10.428571428571429,305415.85714285716
Bering Strait,2019-06-10T00:00:00.000Z,0.0,0.0
Bering Strait,2019-08-05T00:00:00.000Z,1.8571428571428572,11251.42857142857
Bering Strait,2019-09-02T00:00:00.000Z,1.7142857142857142,11636.57142857143
Bering Strait,2020-03-09T00:00:00.000Z,0.0,0.0
Bering Strait,2020-08-24T00:00:00.000Z,1.7142857142857142,33681.71428571428
Bering Strait,2020-09-21T00:00:00.000Z,1.8571428571428572,8717.57142857143
Bering Strait,2021-04-19T00:00:00.000Z,0.0,0.0
Bering Strait,2021-05-10T00:00:00.000Z,0.0,0.0
Bering Strait,2021-05-31T00:00:00.000Z,0.0,0.0
Bering Strait,2021-07-26T00:00:00.000Z,1.4285714285714286,8597.285714285714
Bering Strait,2021-08-30T00:00:00.000Z,2.7142857142857144,18459.571428571428
Bering Strait,2021-11-22T00:00:00.000Z,0.5714285714285714,1941.857142857143
Bering Strait,2021-12-20T00:00:00.000Z,0.14285714285714285,0.0
Bering Strait,2022-06-27T00:00:00.000Z,0.42857142857142855,7993.0
Bering Strait,2022-10-03T00:00:00.000Z,1.7142857142857142,7015.0
Bering Strait,2022-12-05T00:00:00.000Z,0.2857142857142857,601.7142857142857
Bering Strait,2022-12-26T00:00:00.000Z,0.14285714285714285,0.0
Bering Strait,2023-02-27T00:00:00.000Z,0.0,0.0
Bering Strait,2023-05-15T00:00:00.000Z,0.0,0.0
Bering Strait,2024-02-26T00:00:00.000Z,0.0,0.0
Bering Strait,2024-07-08T00:00:00.000Z,0.7142857142857143,6722.0
Bering Strait,2024-07-29T00:00:00.000Z,2.2857142857142856,36013.71428571428
Bering Strait,2024-09-09T00:00:00.000Z,3.4285714285714284,28580.85714285714
Bering Strait,2024-11-25T00:00:00.000Z,0.5714285714285714,1586.5714285714287
Bering Strait,2025-06-09T00:00:00.000Z,0.0,0.0
Bering Strait,2025-07-14T00:00:00.000Z,1.7142857142857142,22063.285714285714
Bering Strait,2026-04-20T00:00:00.000Z,0.2857142857142857,19795.0
Bering Strait,2026-06-01T00:00:00.000Z,0.14285714285714285,13334.857142857143
Strait of Hormuz,2019-11-04T00:00:00.000Z,64.0,3002935.1428571427
Strait of Hormuz,2020-03-30T00:00:00.000Z,67.85714285714286,3030615.285714286
Strait of Hormuz,2021-01-18T00:00:00.000Z,71.14285714285714,2574706.714285714
Strait of Hormuz,2021-02-08T00:00:00.000Z,73.42857142857143,2988866.8571428573
Strait of Hormuz,2021-04-12T00:00:00.000Z,77.0,3437088.285714286
Strait of Hormuz,2021-05-24T00:00:00.000Z,86.14285714285714,3255846.714285714
Strait of Hormuz,2021-06-14T00:00:00.000Z,91.85714285714286,3954180.1428571427
Strait of Hormuz,2021-12-27T00:00:00.000Z,72.14285714285714,3249147.285714286
Strait of Hormuz,2022-05-09T00:00:00.000Z,85.14285714285714,3504370.0
Strait of Hormuz,2022-06-06T00:00:00.000Z,100.71428571428571,4029266.0
Strait of Hormuz,2022-08-29T00:00:00.000Z,105.57142857142857,4777249.428571428
Strait of Hormuz,2022-09-12T00:00:00.000Z,101.85714285714286,3975503.285714286
Strait of Hormuz,2023-06-12T00:00:00.000Z,91.85714285714286,4279640.571428572
Strait of Hormuz,2023-08-07T00:00:00.000Z,106.85714285714286,4140604.1428571427
Strait of Hormuz,2024-02-12T00:00:00.000Z,74.71428571428571,3004555.5714285714
Strait of Hormuz,2024-07-29T00:00:00.000Z,97.0,3477637.5714285714
Strait of Hormuz,2025-06-09T00:00:00.000Z,109.14285714285714,4101825.8571428573
Strait of Hormuz,2026-03-16T00:00:00.000Z,1.4285714285714286,38975.57142857143
Strait of Hormuz,2026-05-25T00:00:00.000Z,3.0,52218.57142857143
Strait of Hormuz,2026-07-27T00:00:00.000Z,5.285714285714286,142811.57142857142
Cape of Good Hope,2019-03-18T00:00:00.000Z,46.0,2651998.4285714286
Cape of Good Hope,2019-06-17T00:00:00.000Z,50.57142857142857,3340443.8571428573
Cape of Good Hope,2019-08-05T00:00:00.000Z,53.57142857142857,3229767.1428571427
Cape of Good Hope,2019-11-25T00:00:00.000Z,45.0,2527935.285714286
Cape of Good Hope,2019-12-23T00:00:00.000Z,37.714285714285715,2174472.285714286
Cape of Good Hope,2020-07-06T00:00:00.000Z,57.57142857142857,3517746.714285714
Cape of Good Hope,2020-10-05T00:00:00.000Z,52.142857142857146,3196726.1428571427
Cape of Good Hope,2021-07-05T00:00:00.000Z,55.57142857142857,3407109.714285714
Cape of Good Hope,2022-01-10T00:00:00.000Z,39.285714285714285,2234497.1428571427
Cape of Good Hope,2022-03-28T00:00:00.000Z,37.142857142857146,2507043.4285714286
Cape of Good Hope,2022-05-30T00:00:00.000Z,41.57142857142857,2570783.285714286
Cape of Good Hope,2022-06-13T00:00:00.000Z,42.0,2524660.1428571427
Cape of Good Hope,2023-01-09T00:00:00.000Z,46.57142857142857,2816913.285714286
Cape of Good Hope,2023-02-06T00:00:00.000Z,42.0,2267842.5714285714
Cape of Good Hope,2023-06-26T00:00:00.000Z,47.714285714285715,2896266.5714285714
Cape of Good Hope,2023-07-31T00:00:00.000Z,59.42857142857143,3681519.1428571427
Cape of Good Hope,2023-08-07T00:00:00.000Z,55.0,3420135.8571428573
Cape of Good Hope,2023-08-28T00:00:00.000Z,61.42857142857143,3616556.8571428573
Cape of Good Hope,2024-03-11T00:00:00.000Z,82.71428571428571,4949585.142857143
Cape of Good Hope,2024-04-15T00:00:00.000Z,103.14285714285714,6690754.428571428
Cape of Good Hope,2024-07-22T00:00:00.000Z,79.85714285714286,5087473.142857143
Cape of Good Hope,2024-11-25T00:00:00.000Z,74.0,4549174.571428572
Cape of Good Hope,2025-05-05T00:00:00.000Z,90.42857142857143,5804733.428571428
Cape of Good Hope,2026-02-23T00:00:00.000Z,88.28571428571429,5179526.0
Cape of Good Hope,2026-04-27T00:00:00.000Z,90.85714285714286,5312304.857142857
Suez Canal,2019-11-18T00:00:00.000Z,54.42857142857143,2542542.0
Suez Canal,2020-01-27T00:00:00.000Z,73.42857142857143,2409990.285714286
Suez Canal,2020-06-01T00:00:00.000Z,50.714285714285715,2379395.714285714
Suez Canal,2020-06-22T00:00:00.000Z,46.142857142857146,2043690.857142857
Suez Canal,2021-03-22T00:00:00.000Z,20.142857142857142,797631.1428571428
Suez Canal,2021-06-21T00:00:00.000Z,56.0,2728933.5714285714
Suez Canal,2021-06-28T00:00:00.000Z,55.285714285714285,2664649.5714285714
Suez Canal,2021-07-19T00:00:00.000Z,56.0,2678327.1428571427
Suez Canal,2022-07-18T00:00:00.000Z,67.42857142857143,3051372.8571428573
Suez Canal,2022-09-05T00:00:00.000Z,71.57142857142857,3123511.285714286
Suez Canal,2022-10-03T00:00:00.000Z,69.14285714285714,2809933.4285714286
Suez Canal,2023-01-23T00:00:00.000Z,71.0,3143357.4285714286
Suez Canal,2023-03-06T00:00:00.000Z,77.28571428571429,3408684.8571428573
Suez Canal,2023-03-20T00:00:00.000Z,70.14285714285714,3444370.4285714286
Suez Canal,2024-02-12T00:00:00.000Z,39.857142857142854,1426513.857142857
Suez Canal,2024-06-24T00:00:00.000Z,37.142857142857146,1184539.857142857
Suez Canal,2024-07-01T00:00:00.000Z,37.857142857142854,1385695.5714285714
Suez Canal,2024-07-22T00:00:00.000Z,39.285714285714285,1084468.7142857143
Suez Canal,2025-07-21T00:00:00.000Z,40.142857142857146,1513692.4285714286
Suez Canal,2025-11-10T00:00:00.000Z,45.0,1679180.4285714286
Suez Canal,2026-03-02T00:00:00.000Z,42.714285714285715,1663637.142857143
Suez Canal,2026-05-04T00:00:00.000Z,39.714285714285715,1550625.5714285714
Suez Canal,2026-06-29T00:00:00.000Z,42.142857142857146,1626644.142857143
Suez Canal,2026-07-06T00:00:00.000Z,41.285714285714285,1628883.5714285714
Suez Canal,2026-08-17T00:00:00.000Z,42.0,1407361.4285714286
Korea Strait,2019-09-09T00:00:00.000Z,240.57142857142858,2995477.8571428573
Korea Strait,2019-09-30T00:00:00.000Z,223.57142857142858,2575200.8571428573
Korea Strait,2020-04-06T00:00:00.000Z,228.42857142857142,2589072.0
Korea Strait,2020-08-03T00:00:00.000Z,219.0,2619846.0
Korea Strait,2020-11-16T00:00:00.000Z,218.14285714285714,2590764.4285714286
Korea Strait,2021-03-22T00:00:00.000Z,234.71428571428572,3124163.5714285714
Korea Strait,2021-04-12T00:00:00.000Z,235.85714285714286,2947030.285714286
Korea Strait,2022-01-31T00:00:00.000Z,218.14285714285714,2810081.4285714286
Korea Strait,2022-05-23T00:00:00.000Z,237.85714285714286,3060961.5714285714
Korea Strait,2022-07-04T00:00:00.000Z,235.71428571428572,3199262.714285714
Korea Strait,2022-08-08T00:00:00.000Z,228.71428571428572,3079747.1428571427
Korea Strait,2022-11-21T00:00:00.000Z,244.85714285714286,2904311.1428571427
Korea Strait,2023-01-23T00:00:00.000Z,222.71428571428572,2776666.714285714
Korea Strait,2023-05-22T00:00:00.000Z,248.85714285714286,3443283.4285714286
Korea Strait,2023-06-26T00:00:00.000Z,237.57142857142858,2983111.8571428573
Korea Strait,2023-08-28T00:00:00.000Z,251.42857142857142,3126292.4285714286
Korea Strait,2023-09-11T00:00:00.000Z,250.42857142857142,3241629.5714285714
Korea Strait,2024-01-22T00:00:00.000Z,222.42857142857142,2973691.4285714286
Korea Strait,2024-02-26T00:00:00.000Z,244.14285714285714,3000555.714285714
Korea Strait,2024-04-01T00:00:00.000Z,248.71428571428572,3225810.1428571427
Korea Strait,2024-06-03T00:00:00.000Z,248.0,3474823.0
Korea Strait,2024-08-05T00:00:00.000Z,232.0,3224133.4285714286
Korea Strait,2024-08-12T00:00:00.000Z,226.85714285714286,3377044.1428571427
Korea Strait,2024-08-19T00:00:00.000Z,235.85714285714286,3360372.0
Korea Strait,2024-09-09T00:00:00.000Z,242.71428571428572,3477189.285714286
Korea Strait,2024-11-18T00:00:00.000Z,224.42857142857142,2780278.1428571427
Korea Strait,2025-04-07T00:00:00.000Z,222.71428571428572,3360597.8571428573
Korea Strait,2025-04-21T00:00:00.000Z,228.85714285714286,3062616.714285714
Korea Strait,2026-01-26T00:00:00.000Z,194.42857142857142,3017091.714285714
Korea Strait,2026-02-09T00:00:00.000Z,206.28571428571428,3141161.285714286
Korea Strait,2026-06-15T00:00:00.000Z,220.0,3205052.8571428573
Lombok Strait,2019-07-15T00:00:00.000Z,36.285714285714285,2311351.714285714
Lombok Strait,2019-07-22T00:00:00.000Z,31.285714285714285,1786159.0
Lombok Strait,2019-10-07T00:00:00.000Z,29.571428571428573,1787582.7142857143
Lombok Strait,2020-01-13T00:00:00.000Z,32.285714285714285,1971495.5714285714
Lombok Strait,2020-04-20T00:00:00.000Z,32.857142857142854,2181745.8571428573
Lombok Strait,2021-03-15T00:00:00.000Z,41.714285714285715,2659270.5714285714
Lombok Strait,2022-01-17T00:00:00.000Z,33.714285714285715,2562329.1428571427
Lombok Strait,2022-01-24T00:00:00.000Z,38.142857142857146,2700467.0
Lombok Strait,2022-03-14T00:00:00.000Z,33.714285714285715,2466343.8571428573
Lombok Strait,2023-03-20T00:00:00.000Z,36.285714285714285,2465238.285714286
Lombok Strait,2023-04-17T00:00:00.000Z,33.857142857142854,2063391.7142857143
Lombok Strait,2023-05-15T00:00:00.000Z,38.0,2585219.5714285714
Lombok Strait,2024-07-08T00:00:00.000Z,37.285714285714285,2616277.1428571427
Lombok Strait,2024-10-14T00:00:00.000Z,35.0,2467804.8571428573
Lombok Strait,2024-12-16T00:00:00.000Z,38.0,3176288.714285714
Lombok Strait,2025-08-11T00:00:00.000Z,33.285714285714285,2638693.714285714
Lombok Strait,2025-09-15T00:00:00.000Z,38.857142857142854,2976443.5714285714
Lombok Strait,2025-09-29T00:00:00.000Z,37.0,3372617.714285714
Lombok Strait,2026-01-19T00:00:00.000Z,39.285714285714285,3336983.8571428573
Mindoro Strait,2019-01-07T00:00:00.000Z,41.42857142857143,1703456.5714285714
Mindoro Strait,2019-02-04T00:00:00.000Z,42.142857142857146,2132229.1428571427
Mindoro Strait,2019-07-08T00:00:00.000Z,48.142857142857146,2224386.714285714
Mindoro Strait,2019-10-14T00:00:00.000Z,44.714285714285715,1830067.857142857
Mindoro Strait,2020-02-10T00:00:00.000Z,41.0,1778926.857142857
Mindoro Strait,2020-05-11T00:00:00.000Z,41.0,1799239.7142857143
Mindoro Strait,2020-07-27T00:00:00.000Z,47.857142857142854,2365355.8571428573
Mindoro Strait,2020-11-16T00:00:00.000Z,60.0,2582346.5714285714
Mindoro Strait,2021-07-05T00:00:00.000Z,60.57142857142857,3134256.8571428573
Mindoro Strait,2021-08-02T00:00:00.000Z,54.285714285714285,2870189.1428571427
Mindoro Strait,2021-08-30T00:00:00.000Z,42.42857142857143,2004983.0
Mindoro Strait,2022-01-03T00:00:00.000Z,36.57142857142857,2234457.0
Mindoro Strait,2022-03-21T00:00:00.000Z,48.285714285714285,2909541.4285714286
Mindoro Strait,2022-05-16T00:00:00.000Z,45.857142857142854,2224977.8571428573
Mindoro Strait,2022-10-10T00:00:00.000Z,49.714285714285715,2388301.1428571427
Mindoro Strait,2022-10-24T00:00:00.000Z,49.857142857142854,2589607.8571428573
Mindoro Strait,2022-11-07T00:00:00.000Z,50.857142857142854,2853223.8571428573
Mindoro Strait,2022-11-21T00:00:00.000Z,49.714285714285715,2723956.5714285714
Mindoro Strait,2023-01-09T00:00:00.000Z,47.285714285714285,2634829.1428571427
Mindoro Strait,2023-05-15T00:00:00.000Z,49.857142857142854,2592227.8571428573
Mindoro Strait,2023-07-17T00:00:00.000Z,53.714285714285715,2640577.714285714
Mindoro Strait,2023-11-13T00:00:00.000Z,50.857142857142854,2455797.1428571427
Mindoro Strait,2024-04-22T00:00:00.000Z,39.714285714285715,1910176.4285714286
Mindoro Strait,2024-04-29T00:00:00.000Z,43.857142857142854,2416170.4285714286
Mindoro Strait,2024-07-29T00:00:00.000Z,35.714285714285715,1786511.2857142857
Mindoro Strait,2024-09-16T00:00:00.000Z,42.857142857142854,2493823.1428571427
Mindoro Strait,2024-09-30T00:00:00.000Z,40.142857142857146,1882122.142857143
Mindoro Strait,2024-10-14T00:00:00.000Z,41.142857142857146,2025804.0
Mindoro Strait,2024-11-11T00:00:00.000Z,41.285714285714285,2145306.8571428573
Mindoro Strait,2025-05-19T00:00:00.000Z,29.714285714285715,1604114.5714285714
Mindoro Strait,2025-08-11T00:00:00.000Z,33.857142857142854,1781201.2857142857
Mindoro Strait,2025-09-08T00:00:00.000Z,35.57142857142857,1965044.0
Mindoro Strait,2026-05-04T00:00:00.000Z,38.57142857142857,1959961.142857143
Mindoro Strait,2026-05-11T00:00:00.000Z,57.0,3212778.714285714
Mindoro Strait,2026-07-27T00:00:00.000Z,48.857142857142854,2928525.5714285714
Mindoro Strait,2026-08-17T00:00:00.000Z,46.142857142857146,2619120.285714286
Bosporus Strait,2018-12-31T00:00:00.000Z,91.66666666666667,1083618.1666666667
Bosporus Strait,2019-05-06T00:00:00.000Z,91.28571428571429,1073526.7142857143
Bosporus Strait,2019-12-16T00:00:00.000Z,106.42857142857143,1254265.4285714286
Bosporus Strait,2020-06-29T00:00:00.000Z,94.42857142857143,1165324.5714285714
Bosporus Strait,2020-09-28T00:00:00.000Z,99.14285714285714,1310714.5714285714
Bosporus Strait,2020-12-14T00:00:00.000Z,92.42857142857143,1142162.5714285714
Bosporus Strait,2022-02-28T00:00:00.000Z,75.0,1109548.2857142857
Bosporus Strait,2022-03-14T00:00:00.000Z,81.42857142857143,1069187.4285714286
Bosporus Strait,2022-07-04T00:00:00.000Z,92.85714285714286,1024472.7142857143
Bosporus Strait,2022-12-12T00:00:00.000Z,90.57142857142857,1195890.7142857143
Bosporus Strait,2023-04-10T00:00:00.000Z,105.57142857142857,1353949.0
Bosporus Strait,2023-08-28T00:00:00.000Z,92.85714285714286,1199509.7142857143
Bosporus Strait,2024-04-01T00:00:00.000Z,105.71428571428571,1469244.7142857143
Bosporus Strait,2026-02-02T00:00:00.000Z,77.71428571428571,1051496.857142857
Bosporus Strait,2026-03-02T00:00:00.000Z,87.42857142857143,990189.4285714285
Bosporus Strait,2026-04-20T00:00:00.000Z,98.0,1399427.2857142857
Bosporus Strait,2026-07-06T00:00:00.000Z,82.14285714285714,1143083.857142857
Bosporus Strait,2026-07-13T00:00:00.000Z,72.57142857142857,1071596.5714285714
Bab el-Mandeb Strait,2019-01-28T00:00:00.000Z,54.42857142857143,2635005.714285714
Bab el-Mandeb Strait,2019-02-04T00:00:00.000Z,52.42857142857143,2482827.1428571427
Bab el-Mandeb Strait,2019-03-18T00:00:00.000Z,51.0,2130297.1428571427
Bab el-Mandeb Strait,2019-04-15T00:00:00.000Z,53.142857142857146,2511989.4285714286
Bab el-Mandeb Strait,2019-09-30T00:00:00.000Z,54.57142857142857,2382592.285714286
Bab el-Mandeb Strait,2020-01-06T00:00:00.000Z,53.142857142857146,2609428.8571428573
Bab el-Mandeb Strait,2020-03-09T00:00:00.000Z,52.142857142857146,2411854.1428571427
Bab el-Mandeb Strait,2020-05-18T00:00:00.000Z,52.285714285714285,2419778.0
Bab el-Mandeb Strait,2020-11-02T00:00:00.000Z,53.57142857142857,2219747.714285714
Bab el-Mandeb Strait,2021-08-23T00:00:00.000Z,57.142857142857146,2592187.0
Bab el-Mandeb Strait,2021-09-27T00:00:00.000Z,58.857142857142854,2826964.8571428573
Bab el-Mandeb Strait,2022-07-25T00:00:00.000Z,66.28571428571429,2982303.714285714
Bab el-Mandeb Strait,2022-08-01T00:00:00.000Z,71.28571428571429,3319694.5714285714
Bab el-Mandeb Strait,2023-03-06T00:00:00.000Z,68.71428571428571,3109696.4285714286
Bab el-Mandeb Strait,2023-03-13T00:00:00.000Z,76.42857142857143,3671882.1428571427
Bab el-Mandeb Strait,2023-05-22T00:00:00.000Z,78.85714285714286,3429077.1428571427
Bab el-Mandeb Strait,2023-08-07T00:00:00.000Z,72.71428571428571,3244179.4285714286
Bab el-Mandeb Strait,2023-10-02T00:00:00.000Z,77.42857142857143,3560621.285714286
Bab el-Mandeb Strait,2023-11-13T00:00:00.000Z,76.42857142857143,3289164.0
Bab el-Mandeb Strait,2024-08-05T00:00:00.000Z,30.428571428571427,956381.0
Bab el-Mandeb Strait,2024-11-25T00:00:00.000Z,32.714285714285715,1039728.0
Bab el-Mandeb Strait,2025-01-27T00:00:00.000Z,33.142857142857146,1162096.2857142857
Bab el-Mandeb Strait,2025-04-14T00:00:00.000Z,30.0,1174931.0
Bab el-Mandeb Strait,2025-12-22T00:00:00.000Z,34.57142857142857,1258602.7142857143
Bab el-Mandeb Strait,2026-01-26T00:00:00.000Z,35.0,1351621.142857143
Bab el-Mandeb Strait,2026-02-02T00:00:00.000Z,34.0,1043133.2857142857
Bab el-Mandeb Strait,2026-06-22T00:00:00.000Z,35.42857142857143,1605641.0
Bab el-Mandeb Strait,2026-07-06T00:00:00.000Z,32.714285714285715,1364649.2857142857
Malacca Strait,2019-02-11T00:00:00.000Z,177.0,6781581.714285715
Malacca Strait,2019-08-12T00:00:00.000Z,161.28571428571428,6455179.0
Malacca Strait,2019-08-26T00:00:00.000Z,177.0,6835535.857142857
Malacca Strait,2019-12-09T00:00:00.000Z,174.14285714285714,6313052.142857143
Malacca Strait,2020-03-16T00:00:00.000Z,154.28571428571428,6206430.0
Malacca Strait,2020-07-20T00:00:00.000Z,168.71428571428572,7255340.0
Malacca Strait,2020-10-05T00:00:00.000Z,157.85714285714286,5945941.571428572
Malacca Strait,2021-03-29T00:00:00.000Z,168.42857142857142,6813849.428571428
Malacca Strait,2021-05-03T00:00:00.000Z,168.28571428571428,6757739.714285715
Malacca Strait,2022-04-18T00:00:00.000Z,195.14285714285714,7283784.571428572
Malacca Strait,2022-05-02T00:00:00.000Z,190.0,7679717.714285715
Malacca Strait,2022-06-20T00:00:00.000Z,204.0,7489531.571428572
Malacca Strait,2022-07-04T00:00:00.000Z,191.0,6978366.142857143
Malacca Strait,2022-07-11T00:00:00.000Z,208.0,7771077.428571428
Malacca Strait,2023-07-03T00:00:00.000Z,234.14285714285714,8933046.857142856
Malacca Strait,2023-08-28T00:00:00.000Z,229.57142857142858,8673158.57142857
Malacca Strait,2023-10-02T00:00:00.000Z,219.71428571428572,8341326.857142857
Malacca Strait,2023-12-11T00:00:00.000Z,241.14285714285714,9629773.142857144
Malacca Strait,2024-03-04T00:00:00.000Z,210.71428571428572,8345865.571428572
Malacca Strait,2024-04-01T00:00:00.000Z,221.85714285714286,8391279.142857144
Malacca Strait,2024-04-08T00:00:00.000Z,227.85714285714286,9303901.714285715
Malacca Strait,2024-04-15T00:00:00.000Z,225.71428571428572,8732184.857142856
Malacca Strait,2024-05-13T00:00:00.000Z,224.14285714285714,8136146.857142857
Malacca Strait,2024-07-15T00:00:00.000Z,225.71428571428572,8282883.857142857
Malacca Strait,2024-09-16T00:00:00.000Z,223.57142857142858,8370261.714285715
Malacca Strait,2025-03-31T00:00:00.000Z,226.28571428571428,8777601.857142856
Malacca Strait,2025-05-26T00:00:00.000Z,230.0,9082425.0
Malacca Strait,2025-09-01T00:00:00.000Z,242.28571428571428,9665150.42857143
Malacca Strait,2026-04-27T00:00:00.000Z,218.42857142857142,7825303.571428572
Malacca Strait,2026-05-25T00:00:00.000Z,213.85714285714286,7724289.142857143
Oresund Strait,2019-04-22T00:00:00.000Z,54.0,85304.57142857143
Oresund Strait,2020-06-22T00:00:00.000Z,59.857142857142854,122447.28571428571
Oresund Strait,2021-04-12T00:00:00.000Z,58.142857142857146,112587.14285714286
Oresund Strait,2021-11-22T00:00:00.000Z,53.57142857142857,138460.85714285713
Oresund Strait,2022-01-31T00:00:00.000Z,46.285714285714285,109122.42857142857
Oresund Strait,2022-06-13T00:00:00.000Z,45.142857142857146,92071.71428571429
Oresund Strait,2023-01-23T00:00:00.000Z,43.857142857142854,96121.71428571429
Oresund Strait,2023-09-11T00:00:00.000Z,45.857142857142854,98018.85714285714
Oresund Strait,2024-02-12T00:00:00.000Z,44.285714285714285,83244.42857142857
Oresund Strait,2024-05-20T00:00:00.000Z,51.57142857142857,110697.42857142857
Oresund Strait,2024-06-03T00:00:00.000Z,47.857142857142854,111572.0
Oresund Strait,2025-04-14T00:00:00.000Z,46.714285714285715,99749.71428571429
Oresund Strait,2026-04-13T00:00:00.000Z,41.42857142857143,98545.28571428571
Oresund Strait,2026-06-08T00:00:00.000Z,41.285714285714285,109352.14285714286
Oresund Strait,2026-06-29T00:00:00.000Z,41.57142857142857,91313.42857142857
Oresund Strait,2026-07-27T00:00:00.000Z,34.857142857142854,83826.0
Luzon Strait,2019-03-11T00:00:00.000Z,54.0,3086542.4285714286
Luzon Strait,2019-09-23T00:00:00.000Z,52.57142857142857,3189859.285714286
Luzon Strait,2019-10-14T00:00:00.000Z,60.285714285714285,3686225.8571428573
Luzon Strait,2019-11-04T00:00:00.000Z,67.0,4076292.4285714286
Luzon Strait,2020-03-23T00:00:00.000Z,57.42857142857143,3387277.285714286
Luzon Strait,2020-07-20T00:00:00.000Z,67.0,3788169.285714286
Luzon Strait,2020-10-12T00:00:00.000Z,71.57142857142857,3534106.714285714
Luzon Strait,2021-03-29T00:00:00.000Z,67.0,4042938.0
Luzon Strait,2021-05-10T00:00:00.000Z,72.85714285714286,4205121.142857143
Luzon Strait,2021-07-26T00:00:00.000Z,69.57142857142857,4615621.428571428
Luzon Strait,2021-12-06T00:00:00.000Z,76.57142857142857,4047451.1428571427
Luzon Strait,2022-03-07T00:00:00.000Z,68.57142857142857,4107281.714285714
Luzon Strait,2022-07-11T00:00:00.000Z,84.57142857142857,4919009.571428572
Luzon Strait,2022-11-14T00:00:00.000Z,78.57142857142857,5010087.857142857
Luzon Strait,2022-12-12T00:00:00.000Z,70.57142857142857,4119954.4285714286
Luzon Strait,2022-12-19T00:00:00.000Z,87.28571428571429,5912164.0
Luzon Strait,2023-02-13T00:00:00.000Z,74.71428571428571,4724428.714285715
Luzon Strait,2023-11-20T00:00:00.000Z,80.28571428571429,4819312.285714285
Luzon Strait,2023-12-04T00:00:00.000Z,76.42857142857143,4116362.0
Luzon Strait,2024-03-25T00:00:00.000Z,95.42857142857143,6542449.571428572
Luzon Strait,2024-06-17T00:00:00.000Z,94.0,6593480.714285715
Luzon Strait,2024-08-12T00:00:00.000Z,44.42857142857143,2403725.714285714
Luzon Strait,2025-02-10T00:00:00.000Z,71.57142857142857,4151804.0
Luzon Strait,2025-08-25T00:00:00.000Z,64.71428571428571,4175272.714285714
Luzon Strait,2025-10-27T00:00:00.000Z,65.71428571428571,4732598.0
Ombai Strait,2019-03-11T00:00:00.000Z,12.428571428571429,534286.0
Ombai Strait,2019-04-22T00:00:00.000Z,12.142857142857142,723045.4285714285
Ombai Strait,2019-10-21T00:00:00.000Z,14.571428571428571,868917.5714285715
Ombai Strait,2019-11-04T00:00:00.000Z,13.0,643493.7142857143
Ombai Strait,2019-12-30T00:00:00.000Z,13.0,791143.0
Ombai Strait,2020-02-24T00:00:00.000Z,13.142857142857142,753863.2857142857
Ombai Strait,2020-04-13T00:00:00.000Z,12.857142857142858,574333.8571428572
Ombai Strait,2020-06-22T00:00:00.000Z,11.428571428571429,451496.4285714286
Ombai Strait,2020-09-28T00:00:00.000Z,11.571428571428571,522995.71428571426
Ombai Strait,2020-11-30T00:00:00.000Z,11.857142857142858,560776.0
Ombai Strait,2021-01-25T00:00:00.000Z,10.857142857142858,418301.5714285714
Ombai Strait,2021-03-22T00:00:00.000Z,10.0,343848.4285714286
Ombai Strait,2021-08-02T00:00:00.000Z,11.285714285714286,383451.14285714284
Ombai Strait,2021-11-29T00:00:00.000Z,11.714285714285714,433207.14285714284
Ombai Strait,2022-01-17T00:00:00.000Z,9.285714285714286,390877.5714285714
Ombai Strait,2022-07-18T00:00:00.000Z,14.142857142857142,654829.0
Ombai Strait,2022-11-07T00:00:00.000Z,11.142857142857142,352003.71428571426
Ombai Strait,2023-07-17T00:00:00.000Z,11.428571428571429,393563.85714285716
Ombai Strait,2023-11-20T00:00:00.000Z,10.0,346872.4285714286
Ombai Strait,2024-01-01T00:00:00.000Z,10.857142857142858,255697.7142857143
Ombai Strait,2024-01-08T00:00:00.000Z,10.857142857142858,399334.14285714284
Ombai Strait,2024-04-01T00:00:00.000Z,12.571428571428571,336004.4285714286
Ombai Strait,2024-07-01T00:00:00.000Z,12.857142857142858,509363.71428571426
Ombai Strait,2024-08-12T00:00:00.000Z,7.857142857142857,399840.14285714284
Ombai Strait,2024-12-23T00:00:00.000Z,12.428571428571429,1064510.5714285714
Ombai Strait,2025-01-20T00:00:00.000Z,9.0,702679.2857142857
Ombai Strait,2025-02-10T00:00:00.000Z,9.857142857142858,265872.85714285716
Ombai Strait,2025-03-10T00:00:00.000Z,9.142857142857142,461007.14285714284
Ombai Strait,2025-03-17T00:00:00.000Z,11.571428571428571,664165.1428571428
Ombai Strait,2025-09-15T00:00:00.000Z,10.285714285714286,1025271.2857142857
Ombai Strait,2025-10-27T00:00:00.000Z,11.571428571428571,682233.5714285715
Ombai Strait,2026-06-08T00:00:00.000Z,9.571428571428571,625407.5714285715
Torres Strait,2019-02-25T00:00:00.000Z,8.857142857142858,197811.7142857143
Torres Strait,2019-05-13T00:00:00.000Z,7.0,102302.57142857143
Torres Strait,2019-07-08T00:00:00.000Z,7.857142857142857,165214.0
Torres Strait,2019-10-14T00:00:00.000Z,10.0,204467.42857142858
Torres Strait,2019-11-04T00:00:00.000Z,11.285714285714286,185551.7142857143
Torres Strait,2020-01-13T00:00:00.000Z,8.857142857142858,141235.2857142857
Torres Strait,2020-03-30T00:00:00.000Z,8.428571428571429,160217.14285714287
Torres Strait,2020-04-13T00:00:00.000Z,7.428571428571429,134078.14285714287
Torres Strait,2020-06-15T00:00:00.000Z,9.142857142857142,184201.7142857143
Torres Strait,2021-01-25T00:00:00.000Z,9.142857142857142,179016.0
Torres Strait,2021-05-10T00:00:00.000Z,8.0,144653.0
Torres Strait,2021-11-22T00:00:00.000Z,10.142857142857142,196519.85714285713
Torres Strait,2022-03-14T00:00:00.000Z,9.285714285714286,201547.85714285713
Torres Strait,2022-04-04T00:00:00.000Z,8.571428571428571,192423.14285714287
Torres Strait,2022-05-09T00:00:00.000Z,10.714285714285714,249368.42857142858
Torres Strait,2022-06-27T00:00:00.000Z,7.428571428571429,172272.42857142858
Torres Strait,2022-09-12T00:00:00.000Z,10.285714285714286,216298.14285714287
Torres Strait,2022-12-12T00:00:00.000Z,8.142857142857142,159167.0
Torres Strait,2023-03-13T00:00:00.000Z,9.714285714285714,193267.7142857143
Torres Strait,2023-05-15T00:00:00.000Z,9.285714285714286,195322.57142857142
Torres Strait,2023-07-03T00:00:00.000Z,10.571428571428571,208886.2857142857
Torres Strait,2023-08-21T00:00:00.000Z,10.142857142857142,196356.85714285713
Torres Strait,2023-10-09T00:00:00.000Z,9.0,172773.2857142857
Torres Strait,2024-02-12T00:00:00.000Z,8.714285714285714,157654.2857142857
Torres Strait,2024-03-04T00:00:00.000Z,7.857142857142857,145106.42857142858
Torres Strait,2024-04-15T00:00:00.000Z,10.285714285714286,213095.57142857142
Torres Strait,2024-07-08T00:00:00.000Z,10.142857142857142,218390.7142857143
Torres Strait,2024-07-29T00:00:00.000Z,8.0,133810.7142857143
Torres Strait,2024-09-09T00:00:00.000Z,9.571428571428571,194167.14285714287
Torres Strait,2024-10-14T00:00:00.000Z,10.142857142857142,191884.14285714287
Torres Strait,2025-01-13T00:00:00.000Z,7.857142857142857,139796.57142857142
Torres Strait,2025-01-20T00:00:00.000Z,10.285714285714286,225061.7142857143
Torres Strait,2025-04-07T00:00:00.000Z,11.0,180095.14285714287
Torres Strait,2025-09-22T00:00:00.000Z,9.428571428571429,223507.85714285713
Torres Strait,2025-10-27T00:00:00.000Z,12.0,255598.2857142857
Torres Strait,2025-12-08T00:00:00.000Z,9.142857142857142,174101.57142857142
Torres Strait,2026-04-06T00:00:00.000Z,9.714285714285714,194486.0
Torres Strait,2026-05-25T00:00:00.000Z,9.714285714285714,197603.2857142857
Torres Strait,2026-07-27T00:00:00.000Z,8.0,234111.0
Magellan Strait,2019-07-29T00:00:00.000Z,4.857142857142857,127052.42857142857
Magellan Strait,2020-01-06T00:00:00.000Z,2.142857142857143,45669.142857142855
Magellan Strait,2020-07-06T00:00:00.000Z,2.857142857142857,70990.28571428571
Magellan Strait,2020-08-31T00:00:00.000Z,2.5714285714285716,55632.857142857145
Magellan Strait,2021-04-19T00:00:00.000Z,3.4285714285714284,99921.57142857143
Magellan Strait,2021-06-14T00:00:00.000Z,4.857142857142857,161400.0
Magellan Strait,2021-09-20T00:00:00.000Z,4.714285714285714,141871.7142857143
Magellan Strait,2022-01-31T00:00:00.000Z,3.857142857142857,95368.57142857143
Magellan Strait,2022-05-16T00:00:00.000Z,4.142857142857143,137634.7142857143
Magellan Strait,2022-12-26T00:00:00.000Z,3.2857142857142856,125845.42857142857
Magellan Strait,2023-08-07T00:00:00.000Z,4.714285714285714,117601.85714285714
Magellan Strait,2024-02-05T00:00:00.000Z,5.714285714285714,170817.42857142858
Magellan Strait,2024-09-02T00:00:00.000Z,3.5714285714285716,144808.14285714287
Magellan Strait,2025-05-12T00:00:00.000Z,3.2857142857142856,159305.85714285713
Magellan Strait,2025-06-23T00:00:00.000Z,3.5714285714285716,88611.0
Magellan Strait,2025-07-28T00:00:00.000Z,4.142857142857143,149896.0
Magellan Strait,2026-06-01T00:00:00.000Z,4.0,125516.28571428571
Balabac Strait,2019-02-04T00:00:00.000Z,12.142857142857142,245392.14285714287
Balabac Strait,2019-02-18T00:00:00.000Z,10.857142857142858,187987.14285714287
Balabac Strait,2019-03-11T00:00:00.000Z,11.571428571428571,240446.57142857142
Balabac Strait,2019-04-22T00:00:00.000Z,13.142857142857142,315853.5714285714
Balabac Strait,2019-05-06T00:00:00.000Z,14.0,331533.0
Balabac Strait,2019-07-22T00:00:00.000Z,10.142857142857142,223010.7142857143
Balabac Strait,2019-08-05T00:00:00.000Z,14.285714285714286,341922.71428571426
Balabac Strait,2019-09-16T00:00:00.000Z,11.285714285714286,312057.71428571426
Balabac Strait,2019-11-11T00:00:00.000Z,13.571428571428571,414408.85714285716
Balabac Strait,2020-06-01T00:00:00.000Z,9.571428571428571,149211.85714285713
Balabac Strait,2020-12-14T00:00:00.000Z,12.142857142857142,302304.5714285714
Balabac Strait,2021-10-04T00:00:00.000Z,12.285714285714286,340982.4285714286
Balabac Strait,2022-05-30T00:00:00.000Z,10.571428571428571,388194.71428571426
Balabac Strait,2023-08-21T00:00:00.000Z,10.714285714285714,299695.14285714284
Balabac Strait,2023-12-25T00:00:00.000Z,11.142857142857142,340888.4285714286
Balabac Strait,2025-01-27T00:00:00.000Z,12.0,319948.85714285716
Balabac Strait,2025-03-10T00:00:00.000Z,8.0,134869.0
Balabac Strait,2025-07-21T00:00:00.000Z,10.428571428571429,230364.2857142857
Balabac Strait,2025-11-24T00:00:00.000Z,9.571428571428571,249493.7142857143
Dover Strait,2019-02-11T00:00:00.000Z,183.85714285714286,3256751.0
Dover Strait,2019-02-18T00:00:00.000Z,170.14285714285714,3081039.714285714
Dover Strait,2019-02-25T00:00:00.000Z,170.57142857142858,2862468.4285714286
Dover Strait,2019-04-08T00:00:00.000Z,168.71428571428572,3064747.1428571427
Dover Strait,2019-06-24T00:00:00.000Z,164.42857142857142,3048602.5714285714
Dover Strait,2019-12-30T00:00:00.000Z,146.42857142857142,2672743.1428571427
Dover Strait,2020-04-13T00:00:00.000Z,149.14285714285714,2730414.0
Dover Strait,2020-06-01T00:00:00.000Z,147.71428571428572,2602615.8571428573
Dover Strait,2020-09-07T00:00:00.000Z,152.57142857142858,2571981.1428571427
Dover Strait,2020-09-28T00:00:00.000Z,152.57142857142858,2481482.0
Dover Strait,2020-11-09T00:00:00.000Z,164.42857142857142,2944796.714285714
Dover Strait,2021-01-04T00:00:00.000Z,162.85714285714286,2842671.1428571427
Dover Strait,2021-10-11T00:00:00.000Z,157.14285714285714,2893399.1428571427
Dover Strait,2022-09-05T00:00:00.000Z,171.85714285714286,3315140.1428571427
Dover Strait,2023-05-29T00:00:00.000Z,175.57142857142858,3447564.0
Dover Strait,2023-09-18T00:00:00.000Z,170.57142857142858,3236819.714285714
Dover Strait,2023-11-27T00:00:00.000Z,175.71428571428572,3487222.4285714286
Dover Strait,2024-01-15T00:00:00.000Z,167.85714285714286,3358931.1428571427
Dover Strait,2024-04-15T00:00:00.000Z,173.71428571428572,3608912.285714286
Dover Strait,2024-06-10T00:00:00.000Z,166.28571428571428,3313846.5714285714
Dover Strait,2024-09-23T00:00:00.000Z,156.42857142857142,3251769.4285714286
Dover Strait,2024-10-21T00:00:00.000Z,174.28571428571428,3822254.4285714286
Dover Strait,2025-06-02T00:00:00.000Z,179.71428571428572,3667380.285714286
Dover Strait,2025-06-30T00:00:00.000Z,172.14285714285714,3257982.0
Dover Strait,2025-07-28T00:00:00.000Z,171.0,3454902.714285714
Dover Strait,2025-09-01T00:00:00.000Z,175.0,3534454.4285714286
Dover Strait,2025-09-15T00:00:00.000Z,175.0,3676340.285714286
Dover Strait,2025-09-29T00:00:00.000Z,163.42857142857142,3491742.1428571427
Dover Strait,2026-01-05T00:00:00.000Z,161.42857142857142,3159370.5714285714
Dover Strait,2026-01-26T00:00:00.000Z,155.57142857142858,3547798.714285714
Dover Strait,2026-02-02T00:00:00.000Z,172.42857142857142,3634358.714285714
Dover Strait,2026-04-13T00:00:00.000Z,172.42857142857142,3401800.1428571427
Dover Strait,2026-05-11T00:00:00.000Z,170.14285714285714,3663671.1428571427
Tsugaru Strait,2019-11-25T00:00:00.000Z,45.0,831077.0
Tsugaru Strait,2019-12-16T00:00:00.000Z,44.714285714285715,919939.5714285715
Tsugaru Strait,2020-04-20T00:00:00.000Z,39.714285714285715,868920.1428571428
Tsugaru Strait,2020-07-20T00:00:00.000Z,48.714285714285715,903158.7142857143
Tsugaru Strait,2020-08-03T00:00:00.000Z,51.142857142857146,1110569.857142857
Tsugaru Strait,2020-09-07T00:00:00.000Z,49.57142857142857,1070658.4285714286
Tsugaru Strait,2020-12-28T00:00:00.000Z,30.0,616815.2857142857
Tsugaru Strait,2021-03-29T00:00:00.000Z,48.57142857142857,873820.5714285715
Tsugaru Strait,2021-04-05T00:00:00.000Z,48.142857142857146,869612.5714285715
Tsugaru Strait,2021-04-26T00:00:00.000Z,47.285714285714285,1065031.142857143
Tsugaru Strait,2021-10-18T00:00:00.000Z,52.857142857142854,1035182.5714285715
Tsugaru Strait,2021-11-15T00:00:00.000Z,49.42857142857143,1024973.1428571428
Tsugaru Strait,2022-01-03T00:00:00.000Z,40.714285714285715,783780.0
Tsugaru Strait,2022-01-24T00:00:00.000Z,44.714285714285715,812410.2857142857
Tsugaru Strait,2022-04-25T00:00:00.000Z,41.0,892599.2857142857
Tsugaru Strait,2022-10-24T00:00:00.000Z,52.57142857142857,1072889.5714285714
Tsugaru Strait,2023-02-06T00:00:00.000Z,47.285714285714285,931785.8571428572
Tsugaru Strait,2023-05-22T00:00:00.000Z,51.285714285714285,1178725.142857143
Tsugaru Strait,2023-06-05T00:00:00.000Z,51.285714285714285,1049759.5714285714
Tsugaru Strait,2023-08-21T00:00:00.000Z,53.42857142857143,1116800.4285714286
Tsugaru Strait,2023-10-02T00:00:00.000Z,39.42857142857143,871828.4285714285
Tsugaru Strait,2023-10-23T00:00:00.000Z,47.857142857142854,1028026.2857142857
Tsugaru Strait,2023-11-27T00:00:00.000Z,40.42857142857143,917045.0
Tsugaru Strait,2024-02-05T00:00:00.000Z,45.142857142857146,721226.7142857143
Tsugaru Strait,2024-03-04T00:00:00.000Z,43.0,844499.4285714285
Tsugaru Strait,2024-12-16T00:00:00.000Z,38.857142857142854,722669.4285714285
Tsugaru Strait,2025-03-17T00:00:00.000Z,44.0,1012114.8571428572
Tsugaru Strait,2025-04-28T00:00:00.000Z,44.714285714285715,1189636.4285714286
Tsugaru Strait,2026-04-20T00:00:00.000Z,49.857142857142854,1193033.142857143
Tsugaru Strait,2026-06-01T00:00:00.000Z,54.57142857142857,1292718.0
Panama Canal,2019-01-21T00:00:00.000Z,31.857142857142858,906831.5714285715
Panama Canal,2019-01-28T00:00:00.000Z,32.714285714285715,877123.4285714285
Panama Canal,2019-10-28T00:00:00.000Z,35.714285714285715,883711.1428571428
Panama Canal,2020-01-27T00:00:00.000Z,91.85714285714286,744131.5714285715
Panama Canal,2020-04-06T00:00:00.000Z,30.142857142857142,926828.5714285715
Panama Canal,2020-06-22T00:00:00.000Z,25.285714285714285,700982.4285714285
Panama Canal,2020-11-02T00:00:00.000Z,31.285714285714285,877212.0
Panama Canal,2021-03-29T00:00:00.000Z,31.0,912280.2857142857
Panama Canal,2022-02-14T00:00:00.000Z,32.857142857142854,1041148.8571428572
Panama Canal,2022-09-19T00:00:00.000Z,32.142857142857146,875951.5714285715
Panama Canal,2023-01-30T00:00:00.000Z,31.285714285714285,953416.0
Panama Canal,2023-03-20T00:00:00.000Z,33.42857142857143,930525.2857142857
Panama Canal,2024-01-29T00:00:00.000Z,21.428571428571427,565009.7142857143
Panama Canal,2025-03-24T00:00:00.000Z,30.285714285714285,885726.4285714285
Panama Canal,2025-06-02T00:00:00.000Z,31.571428571428573,925855.5714285715
Panama Canal,2025-06-23T00:00:00.000Z,29.714285714285715,986462.8571428572
Panama Canal,2026-01-05T00:00:00.000Z,31.142857142857142,872006.5714285715
Panama Canal,2026-08-17T00:00:00.000Z,26.714285714285715,708945.7142857143
Makassar Strait,2019-03-25T00:00:00.000Z,39.57142857142857,872275.0
Makassar Strait,2019-09-23T00:00:00.000Z,52.142857142857146,2149281.5714285714
Makassar Strait,2019-12-02T00:00:00.000Z,47.42857142857143,2339146.4285714286
Makassar Strait,2019-12-16T00:00:00.000Z,53.42857142857143,2343682.0
Makassar Strait,2020-01-27T00:00:00.000Z,72.71428571428571,2408836.1428571427
Makassar Strait,2020-09-21T00:00:00.000Z,50.714285714285715,2582127.8571428573
Makassar Strait,2021-07-05T00:00:00.000Z,55.142857142857146,2709866.4285714286
Makassar Strait,2022-01-17T00:00:00.000Z,39.142857142857146,2695534.1428571427
Makassar Strait,2022-08-08T00:00:00.000Z,49.285714285714285,2856264.285714286
Makassar Strait,2022-10-03T00:00:00.000Z,59.285714285714285,3175967.714285714
Makassar Strait,2023-04-24T00:00:00.000Z,53.285714285714285,3031027.8571428573
Makassar Strait,2023-06-05T00:00:00.000Z,59.42857142857143,3354145.1428571427
Makassar Strait,2023-09-18T00:00:00.000Z,64.0,2972041.0
Makassar Strait,2024-01-01T00:00:00.000Z,60.714285714285715,3826854.714285714
Makassar Strait,2024-01-15T00:00:00.000Z,62.42857142857143,3042764.714285714
Makassar Strait,2024-06-03T00:00:00.000Z,52.42857142857143,2970102.714285714
Makassar Strait,2024-10-07T00:00:00.000Z,49.285714285714285,2706354.1428571427
Makassar Strait,2024-11-18T00:00:00.000Z,48.714285714285715,2712698.4285714286
Makassar Strait,2025-06-30T00:00:00.000Z,42.142857142857146,2733065.714285714
Makassar Strait,2025-07-14T00:00:00.000Z,44.714285714285715,2458520.4285714286
Makassar Strait,2025-09-22T00:00:00.000Z,44.857142857142854,3015481.0
Makassar Strait,2025-12-01T00:00:00.000Z,46.714285714285715,2566206.1428571427
Yucatan Channel,2019-02-11T00:00:00.000Z,42.142857142857146,831658.7142857143
Yucatan Channel,2020-02-03T00:00:00.000Z,43.57142857142857,1105000.7142857143
Yucatan Channel,2020-04-27T00:00:00.000Z,41.57142857142857,975236.4285714285
Yucatan Channel,2021-05-24T00:00:00.000Z,44.42857142857143,1139737.4285714286
Yucatan Channel,2021-07-26T00:00:00.000Z,45.57142857142857,947685.0
Yucatan Channel,2022-01-24T00:00:00.000Z,42.857142857142854,953678.8571428572
Yucatan Channel,2023-05-29T00:00:00.000Z,46.285714285714285,1001428.4285714285
Yucatan Channel,2023-12-04T00:00:00.000Z,43.285714285714285,1129195.4285714286
Yucatan Channel,2024-12-09T00:00:00.000Z,49.42857142857143,1246504.4285714286
Yucatan Channel,2025-03-24T00:00:00.000Z,48.714285714285715,1417703.4285714286
Yucatan Channel,2025-04-14T00:00:00.000Z,43.57142857142857,1110375.7142857143
Yucatan Channel,2025-09-29T00:00:00.000Z,50.285714285714285,1292718.857142857
Yucatan Channel,2026-01-19T00:00:00.000Z,47.714285714285715,1165052.2857142857
Yucatan Channel,2026-08-03T00:00:00.000Z,52.285714285714285,1114423.5714285714
Windward Passage,2019-06-17T00:00:00.000Z,16.428571428571427,231423.14285714287
Windward Passage,2019-08-26T00:00:00.000Z,15.428571428571429,230260.85714285713
Windward Passage,2019-10-14T00:00:00.000Z,15.285714285714286,244298.85714285713
Windward Passage,2020-01-27T00:00:00.000Z,19.571428571428573,223140.42857142858
Windward Passage,2020-08-24T00:00:00.000Z,19.142857142857142,388574.4285714286
Windward Passage,2020-11-16T00:00:00.000Z,18.571428571428573,251078.7142857143
Windward Passage,2021-01-11T00:00:00.000Z,15.285714285714286,232309.7142857143
Windward Passage,2021-08-23T00:00:00.000Z,19.285714285714285,324190.71428571426
Windward Passage,2021-09-06T00:00:00.000Z,12.857142857142858,269466.28571428574
Windward Passage,2022-02-07T00:00:00.000Z,14.142857142857142,243398.85714285713
Windward Passage,2022-06-20T00:00:00.000Z,15.428571428571429,284690.0
Windward Passage,2022-07-11T00:00:00.000Z,14.714285714285714,293833.71428571426
Windward Passage,2022-09-26T00:00:00.000Z,18.0,394642.5714285714
Windward Passage,2022-12-12T00:00:00.000Z,15.285714285714286,286080.0
Windward Passage,2023-01-02T00:00:00.000Z,15.857142857142858,298895.14285714284
Windward Passage,2023-02-13T00:00:00.000Z,15.142857142857142,242921.2857142857
Windward Passage,2024-02-12T00:00:00.000Z,14.285714285714286,193398.57142857142
Windward Passage,2024-07-08T00:00:00.000Z,17.428571428571427,300355.85714285716
Windward Passage,2024-07-15T00:00:00.000Z,17.571428571428573,297737.0
Windward Passage,2024-07-22T00:00:00.000Z,15.571428571428571,273420.85714285716
Windward Passage,2024-08-19T00:00:00.000Z,15.285714285714286,278368.4285714286
Windward Passage,2024-12-02T00:00:00.000Z,14.285714285714286,267935.71428571426
Windward Passage,2025-01-06T00:00:00.000Z,15.714285714285714,292395.71428571426
Windward Passage,2025-02-24T00:00:00.000Z,14.142857142857142,292445.14285714284
Windward Passage,2025-06-16T00:00:00.000Z,15.571428571428571,225252.7142857143
Windward Passage,2025-07-07T00:00:00.000Z,17.571428571428573,375049.0
Windward Passage,2025-09-29T00:00:00.000Z,15.857142857142858,326940.4285714286
Windward Passage,2025-10-27T00:00:00.000Z,8.857142857142858,166734.0
Windward Passage,2025-11-17T00:00:00.000Z,17.571428571428573,272852.28571428574
Windward Passage,2026-03-02T00:00:00.000Z,17.571428571428573,308286.28571428574
Windward Passage,2026-04-06T00:00:00.000Z,15.714285714285714,267371.5714285714
Windward Passage,2026-05-25T00:00:00.000Z,17.428571428571427,306046.5714285714
Kerch Strait,2019-10-21T00:00:00.000Z,67.42857142857143,134976.57142857142
Kerch Strait,2020-01-20T00:00:00.000Z,45.57142857142857,88162.14285714286
Kerch Strait,2020-04-27T00:00:00.000Z,62.57142857142857,130553.0
Kerch Strait,2020-05-25T00:00:00.000Z,40.714285714285715,80538.14285714286
Kerch Strait,2020-10-05T00:00:00.000Z,66.14285714285714,130330.42857142857
Kerch Strait,2021-08-16T00:00:00.000Z,71.42857142857143,152850.2857142857
Kerch Strait,2022-01-24T00:00:00.000Z,13.857142857142858,29527.85714285714
Kerch Strait,2022-04-25T00:00:00.000Z,21.714285714285715,31622.14285714286
Kerch Strait,2022-06-06T00:00:00.000Z,24.142857142857142,37164.142857142855
Kerch Strait,2022-06-20T00:00:00.000Z,24.571428571428573,28435.85714285714
Kerch Strait,2022-08-22T00:00:00.000Z,24.285714285714285,29382.428571428572
Kerch Strait,2023-03-20T00:00:00.000Z,12.857142857142858,23061.14285714286
Kerch Strait,2023-03-27T00:00:00.000Z,7.571428571428571,10434.57142857143
Kerch Strait,2023-07-03T00:00:00.000Z,7.571428571428571,20035.0
Kerch Strait,2024-11-11T00:00:00.000Z,0.2857142857142857,0.0
Kerch Strait,2025-02-10T00:00:00.000Z,1.7142857142857142,12132.57142857143
Kerch Strait,2026-02-09T00:00:00.000Z,12.285714285714286,41691.0
Kerch Strait,2026-06-08T00:00:00.000Z,8.428571428571429,51640.28571428572
Gibraltar Strait,2019-02-11T00:00:00.000Z,106.85714285714286,2924750.0
Gibraltar Strait,2019-04-22T00:00:00.000Z,104.42857142857143,2634543.4285714286
Gibraltar Strait,2019-04-29T00:00:00.000Z,113.42857142857143,3099943.5714285714
Gibraltar Strait,2019-06-10T00:00:00.000Z,110.71428571428571,3059683.714285714
Gibraltar Strait,2019-08-26T00:00:00.000Z,115.57142857142857,2865722.0
Gibraltar Strait,2019-10-07T00:00:00.000Z,117.85714285714286,3289059.714285714
Gibraltar Strait,2019-11-11T00:00:00.000Z,110.42857142857143,3044289.1428571427
Gibraltar Strait,2019-12-30T00:00:00.000Z,138.0,3494555.5714285714
Gibraltar Strait,2020-03-16T00:00:00.000Z,123.71428571428571,3264362.285714286
Gibraltar Strait,2020-04-13T00:00:00.000Z,123.14285714285714,3638024.5714285714
Gibraltar Strait,2020-05-11T00:00:00.000Z,127.28571428571429,3339135.714285714
Gibraltar Strait,2020-07-27T00:00:00.000Z,117.28571428571429,2890644.5714285714
Gibraltar Strait,2020-08-03T00:00:00.000Z,125.42857142857143,3217299.714285714
Gibraltar Strait,2021-08-02T00:00:00.000Z,131.71428571428572,3526546.8571428573
Gibraltar Strait,2021-10-18T00:00:00.000Z,131.71428571428572,3377055.285714286
Gibraltar Strait,2022-02-07T00:00:00.000Z,130.85714285714286,3531497.1428571427
Gibraltar Strait,2022-07-25T00:00:00.000Z,143.28571428571428,4200709.714285715
Gibraltar Strait,2023-07-10T00:00:00.000Z,141.42857142857142,3727278.8571428573
Gibraltar Strait,2023-07-17T00:00:00.000Z,146.71428571428572,4042949.5714285714
Gibraltar Strait,2023-07-31T00:00:00.000Z,149.42857142857142,4097288.5714285714
Gibraltar Strait,2023-10-30T00:00:00.000Z,129.85714285714286,3693208.0
Gibraltar Strait,2024-10-28T00:00:00.000Z,129.28571428571428,3254623.1428571427
Gibraltar Strait,2025-09-08T00:00:00.000Z,142.0,3419358.5714285714
Gibraltar Strait,2025-11-24T00:00:00.000Z,133.71428571428572,3440608.4285714286
Gibraltar Strait,2026-02-23T00:00:00.000Z,145.0,3605191.8571428573
Taiwan Strait,2019-02-18T00:00:00.000Z,234.71428571428572,4562636.857142857
Taiwan Strait,2019-05-27T00:00:00.000Z,245.71428571428572,4943273.714285715
Taiwan Strait,2019-06-24T00:00:00.000Z,257.42857142857144,5446599.857142857
Taiwan Strait,2020-05-11T00:00:00.000Z,277.7142857142857,5916592.428571428
Taiwan Strait,2020-07-06T00:00:00.000Z,274.2857142857143,5962283.571428572
Taiwan Strait,2020-10-05T00:00:00.000Z,250.28571428571428,5664193.714285715
Taiwan Strait,2021-04-05T00:00:00.000Z,268.14285714285717,5819009.0
Taiwan Strait,2021-05-24T00:00:00.000Z,265.2857142857143,5660217.857142857
Taiwan Strait,2021-06-28T00:00:00.000Z,258.7142857142857,5913973.285714285
Taiwan Strait,2021-11-08T00:00:00.000Z,227.71428571428572,4901760.285714285
Taiwan Strait,2022-10-17T00:00:00.000Z,221.71428571428572,4565476.857142857
Taiwan Strait,2023-04-03T00:00:00.000Z,239.42857142857142,5547951.428571428
Taiwan Strait,2023-09-04T00:00:00.000Z,264.0,5892985.571428572
Taiwan Strait,2023-09-25T00:00:00.000Z,227.14285714285714,5178313.714285715
Taiwan Strait,2024-05-06T00:00:00.000Z,245.57142857142858,5852648.571428572
Taiwan Strait,2024-06-10T00:00:00.000Z,241.0,5622043.285714285
Taiwan Strait,2024-07-15T00:00:00.000Z,259.2857142857143,6155840.285714285
Taiwan Strait,2024-07-29T00:00:00.000Z,259.85714285714283,5708111.714285715
Taiwan Strait,2024-12-16T00:00:00.000Z,227.28571428571428,5386540.714285715
Taiwan Strait,2025-04-14T00:00:00.000Z,251.14285714285714,6185697.571428572
Taiwan Strait,2025-07-21T00:00:00.000Z,274.42857142857144,6931706.0
Taiwan Strait,2025-12-08T00:00:00.000Z,180.0,4218071.285714285
Taiwan Strait,2026-03-23T00:00:00.000Z,230.71428571428572,5928222.571428572
Taiwan Strait,2026-05-11T00:00:00.000Z,247.71428571428572,6155425.0
Bohai Strait,2019-10-21T00:00:00.000Z,157.71428571428572,4637852.571428572
Bohai Strait,2019-11-18T00:00:00.000Z,111.85714285714286,3052120.285714286
Bohai Strait,2020-02-03T00:00:00.000Z,151.57142857142858,4402861.0
Bohai Strait,2020-04-13T00:00:00.000Z,178.85714285714286,4969025.0
Bohai Strait,2020-07-06T00:00:00.000Z,206.28571428571428,6660005.428571428
Bohai Strait,2020-11-30T00:00:00.000Z,209.71428571428572,5873056.857142857
Bohai Strait,2021-01-25T00:00:00.000Z,194.85714285714286,5650093.857142857
Bohai Strait,2021-03-15T00:00:00.000Z,193.14285714285714,5618237.571428572
Bohai Strait,2021-03-29T00:00:00.000Z,201.0,6169629.857142857
Bohai Strait,2021-08-23T00:00:00.000Z,190.71428571428572,5552744.857142857
Bohai Strait,2022-07-04T00:00:00.000Z,179.14285714285714,5371529.285714285
Bohai Strait,2023-04-10T00:00:00.000Z,195.0,6374049.571428572
Bohai Strait,2023-05-29T00:00:00.000Z,174.28571428571428,5427640.428571428
Bohai Strait,2023-07-31T00:00:00.000Z,168.28571428571428,5475394.428571428
Bohai Strait,2023-08-21T00:00:00.000Z,187.0,5723385.428571428
Bohai Strait,2023-10-16T00:00:00.000Z,185.57142857142858,6331593.428571428
Bohai Strait,2023-10-23T00:00:00.000Z,193.57142857142858,6446611.285714285
Bohai Strait,2024-06-03T00:00:00.000Z,175.85714285714286,6488170.571428572
Bohai Strait,2024-09-16T00:00:00.000Z,138.42857142857142,5156671.285714285
Bohai Strait,2024-11-11T00:00:00.000Z,178.0,7050655.285714285
Bohai Strait,2025-04-21T00:00:00.000Z,185.71428571428572,7056553.857142857
Bohai Strait,2025-04-28T00:00:00.000Z,181.42857142857142,6540666.571428572
Bohai Strait,2025-09-01T00:00:00.000Z,174.85714285714286,5751727.428571428
Bohai Strait,2025-09-15T00:00:00.000Z,166.0,5990739.714285715
Bohai Strait,2025-12-01T00:00:00.000Z,180.0,6699652.857142857
Bohai Strait,2025-12-29T00:00:00.000Z,178.57142857142858,6898090.285714285
Bohai Strait,2026-08-10T00:00:00.000Z,142.28571428571428,5796592.428571428
Sunda Strait,2019-01-14T00:00:00.000Z,28.857142857142858,968643.4285714285
Sunda Strait,2019-02-18T00:00:00.000Z,27.142857142857142,944446.4285714285
Sunda Strait,2019-03-18T00:00:00.000Z,26.0,887581.0
Sunda Strait,2019-08-19T00:00:00.000Z,25.428571428571427,564254.7142857143
Sunda Strait,2020-01-06T00:00:00.000Z,26.285714285714285,551086.0
Sunda Strait,2020-01-13T00:00:00.000Z,24.0,775694.8571428572
Sunda Strait,2020-10-19T00:00:00.000Z,28.857142857142858,891484.8571428572
Sunda Strait,2021-01-25T00:00:00.000Z,25.571428571428573,825911.4285714285
Sunda Strait,2021-03-22T00:00:00.000Z,27.857142857142858,754578.1428571428
Sunda Strait,2021-04-12T00:00:00.000Z,28.0,1083312.857142857
Sunda Strait,2021-09-27T00:00:00.000Z,25.857142857142858,980585.4285714285
Sunda Strait,2022-10-03T00:00:00.000Z,31.571428571428573,1273617.0
Sunda Strait,2023-02-27T00:00:00.000Z,29.857142857142858,996748.8571428572
Sunda Strait,2023-05-01T00:00:00.000Z,31.714285714285715,1208389.0
Sunda Strait,2023-07-31T00:00:00.000Z,31.0,1194924.7142857143
Sunda Strait,2024-01-01T00:00:00.000Z,29.142857142857142,1055255.2857142857
Sunda Strait,2024-02-05T00:00:00.000Z,29.142857142857142,1042283.8571428572
Sunda Strait,2024-04-01T00:00:00.000Z,30.285714285714285,1024267.2857142857
Sunda Strait,2024-11-04T00:00:00.000Z,32.0,1059157.4285714286
Sunda Strait,2025-01-27T00:00:00.000Z,31.285714285714285,1262652.857142857
Sunda Strait,2025-04-14T00:00:00.000Z,29.0,1316458.2857142857
Sunda Strait,2025-07-28T00:00:00.000Z,32.285714285714285,1427107.7142857143
Sunda Strait,2026-03-30T00:00:00.000Z,32.857142857142854,1251942.7142857143
Mona Passage,2019-02-25T00:00:00.000Z,9.0,239078.2857142857
Mona Passage,2019-10-14T00:00:00.000Z,11.0,300172.14285714284
Mona Passage,2019-10-28T00:00:00.000Z,10.0,214770.42857142858
Mona Passage,2020-09-21T00:00:00.000Z,9.571428571428571,241950.85714285713
Mona Passage,2020-11-09T00:00:00.000Z,10.285714285714286,225420.42857142858
Mona Passage,2021-03-01T00:00:00.000Z,10.857142857142858,326409.85714285716
Mona Passage,2021-05-03T00:00:00.000Z,11.857142857142858,326556.5714285714
Mona Passage,2021-08-30T00:00:00.000Z,9.142857142857142,234626.7142857143
Mona Passage,2021-11-29T00:00:00.000Z,8.285714285714286,256012.7142857143
Mona Passage,2022-02-21T00:00:00.000Z,7.714285714285714,186225.7142857143
Mona Passage,2022-06-06T00:00:00.000Z,12.285714285714286,366844.71428571426
Mona Passage,2022-09-05T00:00:00.000Z,11.857142857142858,318439.28571428574
Mona Passage,2023-02-27T00:00:00.000Z,9.428571428571429,285198.71428571426
Mona Passage,2023-04-03T00:00:00.000Z,11.142857142857142,275414.85714285716
Mona Passage,2023-05-01T00:00:00.000Z,11.714285714285714,292749.14285714284
Mona Passage,2023-05-29T00:00:00.000Z,12.285714285714286,299215.0
Mona Passage,2023-09-18T00:00:00.000Z,9.857142857142858,173429.85714285713
Mona Passage,2023-12-18T00:00:00.000Z,8.857142857142858,243765.7142857143
Mona Passage,2023-12-25T00:00:00.000Z,10.285714285714286,237069.14285714287
Mona Passage,2024-01-15T00:00:00.000Z,10.714285714285714,236562.57142857142
Mona Passage,2024-07-15T00:00:00.000Z,11.428571428571429,312211.4285714286
Mona Passage,2024-09-16T00:00:00.000Z,9.428571428571429,188234.57142857142
Mona Passage,2024-10-28T00:00:00.000Z,10.142857142857142,247452.85714285713
Mona Passage,2025-07-07T00:00:00.000Z,10.714285714285714,244112.7142857143
Mona Passage,2025-10-06T00:00:00.000Z,12.857142857142858,347989.14285714284
Mona Passage,2026-01-12T00:00:00.000Z,11.428571428571429,314106.5714285714
Mona Passage,2026-04-06T00:00:00.000Z,11.571428571428571,325637.28571428574
Mona Passage,2026-05-11T00:00:00.000Z,10.571428571428571,220697.42857142858
Mona Passage,2026-06-22T00:00:00.000Z,10.142857142857142,274992.85714285716
Mona Passage,2026-07-20T00:00:00.000Z,11.714285714285714,313026.28571428574
Mona Passage,2026-08-03T00:00:00.000Z,12.428571428571429,336466.85714285716
Bering Strait,2019-04-08T00:00:00.000Z,0.0,0.0
Bering Strait,2019-07-01T00:00:00.000Z,0.7142857142857143,1208.5714285714287
Bering Strait,2020-01-20T00:00:00.000Z,0.42857142857142855,0.0
Bering Strait,2020-04-20T00:00:00.000Z,0.0,0.0
Bering Strait,2020-08-31T00:00:00.000Z,2.142857142857143,11504.0
Bering Strait,2020-11-02T00:00:00.000Z,0.2857142857142857,9803.142857142857
Bering Strait,2020-11-16T00:00:00.000Z,0.2857142857142857,0.0
Bering Strait,2021-10-11T00:00:00.000Z,1.1428571428571428,12171.0
Bering Strait,2021-12-27T00:00:00.000Z,0.0,0.0
Bering Strait,2022-01-03T00:00:00.000Z,0.0,0.0
Bering Strait,2022-03-07T00:00:00.000Z,0.0,0.0
Bering Strait,2022-08-08T00:00:00.000Z,1.2857142857142858,20588.285714285714
Bering Strait,2023-03-06T00:00:00.000Z,0.0,0.0
Bering Strait,2023-10-30T00:00:00.000Z,0.7142857142857143,2361.285714285714
Bering Strait,2024-02-05T00:00:00.000Z,0.0,0.0
Bering Strait,2025-06-30T00:00:00.000Z,0.5714285714285714,18932.14285714286
Bering Strait,2025-10-20T00:00:00.000Z,2.5714285714285716,44974.42857142857
Bering Strait,2025-11-17T00:00:00.000Z,0.8571428571428571,13036.142857142857
Bering Strait,2026-03-30T00:00:00.000Z,0.2857142857142857,0.0
Strait of Hormuz,2019-01-21T00:00:00.000Z,54.857142857142854,2316406.8571428573
Strait of Hormuz,2019-09-09T00:00:00.000Z,78.57142857142857,3284295.714285714
Strait of Hormuz,2020-02-17T00:00:00.000Z,69.0,2846013.1428571427
Strait of Hormuz,2020-09-14T00:00:00.000Z,84.0,3041202.8571428573
Strait of Hormuz,2021-03-01T00:00:00.000Z,68.57142857142857,2719883.0
Strait of Hormuz,2021-03-15T00:00:00.000Z,72.28571428571429,3185062.0
Strait of Hormuz,2021-07-26T00:00:00.000Z,88.71428571428571,3660452.285714286
Strait of Hormuz,2021-08-02T00:00:00.000Z,91.85714285714286,3682337.0
Strait of Hormuz,2021-11-01T00:00:00.000Z,75.14285714285714,2993633.4285714286
Strait of Hormuz,2021-12-06T00:00:00.000Z,75.85714285714286,3498936.714285714
Strait of Hormuz,2022-02-28T00:00:00.000Z,86.85714285714286,3644894.8571428573
Strait of Hormuz,2022-04-25T00:00:00.000Z,97.57142857142857,3861578.8571428573
Strait of Hormuz,2022-07-25T00:00:00.000Z,93.0,3811867.5714285714
Strait of Hormuz,2023-03-13T00:00:00.000Z,90.85714285714286,3531766.4285714286
Strait of Hormuz,2023-12-11T00:00:00.000Z,68.0,2728525.5714285714
Strait of Hormuz,2023-12-25T00:00:00.000Z,81.57142857142857,3342621.5714285714
Strait of Hormuz,2024-01-01T00:00:00.000Z,71.57142857142857,3154076.0
Strait of Hormuz,2024-03-25T00:00:00.000Z,93.0,3990223.714285714
Strait of Hormuz,2024-06-17T00:00:00.000Z,98.57142857142857,3713992.8571428573
Strait of Hormuz,2024-09-23T00:00:00.000Z,106.14285714285714,4048269.8571428573
Strait of Hormuz,2024-10-07T00:00:00.000Z,103.28571428571429,3975219.285714286
Strait of Hormuz,2024-10-21T00:00:00.000Z,82.85714285714286,3124621.285714286
Strait of Hormuz,2024-12-23T00:00:00.000Z,69.42857142857143,2568998.1428571427
Strait of Hormuz,2025-07-07T00:00:00.000Z,90.71428571428571,3725632.5714285714
Strait of Hormuz,2025-12-15T00:00:00.000Z,48.57142857142857,2044467.0
Strait of Hormuz,2026-01-05T00:00:00.000Z,64.42857142857143,2438355.714285714
Strait of Hormuz,2026-03-09T00:00:00.000Z,2.142857142857143,75765.71428571429
Strait of Hormuz,2026-04-20T00:00:00.000Z,4.0,71910.85714285714
Cape of Good Hope,2018-12-31T00:00:00.000Z,45.166666666666664,2259994.0
Cape of Good Hope,2019-04-01T00:00:00.000Z,45.0,2559861.1428571427
Cape of Good Hope,2019-11-18T00:00:00.000Z,46.0,3001774.1428571427
Cape of Good Hope,2020-02-03T00:00:00.000Z,50.857142857142854,2243494.4285714286
Cape of Good Hope,2020-06-22T00:00:00.000Z,38.857142857142854,2350726.0
Cape of Good Hope,2020-11-23T00:00:00.000Z,49.57142857142857,3015183.285714286
Cape of Good Hope,2021-08-23T00:00:00.000Z,44.285714285714285,2980736.1428571427
Cape of Good Hope,2021-09-06T00:00:00.000Z,49.714285714285715,3152961.4285714286
Cape of Good Hope,2022-05-16T00:00:00.000Z,44.714285714285715,3395552.714285714
Cape of Good Hope,2022-07-04T00:00:00.000Z,44.857142857142854,2866624.1428571427
Cape of Good Hope,2023-01-23T00:00:00.000Z,39.857142857142854,2101094.5714285714
Cape of Good Hope,2023-12-18T00:00:00.000Z,49.57142857142857,2926828.5714285714
Cape of Good Hope,2024-05-27T00:00:00.000Z,85.42857142857143,5209016.285714285
Cape of Good Hope,2024-07-29T00:00:00.000Z,108.85714285714286,6750357.285714285
Cape of Good Hope,2024-12-23T00:00:00.000Z,81.85714285714286,5010764.285714285
Cape of Good Hope,2025-03-10T00:00:00.000Z,76.0,4652068.714285715
Cape of Good Hope,2025-06-16T00:00:00.000Z,88.85714285714286,5980265.857142857
Cape of Good Hope,2025-12-08T00:00:00.000Z,86.71428571428571,5207289.857142857
Cape of Good Hope,2026-02-16T00:00:00.000Z,95.85714285714286,5147452.571428572
Suez Canal,2019-02-04T00:00:00.000Z,53.857142857142854,2736801.0
Suez Canal,2019-03-11T00:00:00.000Z,49.142857142857146,2222272.1428571427
Suez Canal,2019-04-15T00:00:00.000Z,49.857142857142854,2423396.285714286
Suez Canal,2019-06-03T00:00:00.000Z,52.285714285714285,2641382.714285714
Suez Canal,2019-08-05T00:00:00.000Z,56.57142857142857,2619573.285714286
Suez Canal,2019-10-07T00:00:00.000Z,57.42857142857143,2488052.5714285714
Suez Canal,2019-12-02T00:00:00.000Z,55.285714285714285,2490209.285714286
Suez Canal,2019-12-23T00:00:00.000Z,52.42857142857143,2433174.285714286
Suez Canal,2020-08-10T00:00:00.000Z,49.857142857142854,2287955.5714285714
Suez Canal,2020-09-21T00:00:00.000Z,54.0,2405320.1428571427
Suez Canal,2021-07-26T00:00:00.000Z,60.57142857142857,2551098.5714285714
Suez Canal,2021-08-23T00:00:00.000Z,64.42857142857143,2871477.8571428573
Suez Canal,2022-01-10T00:00:00.000Z,57.42857142857143,2582356.5714285714
Suez Canal,2022-01-24T00:00:00.000Z,58.57142857142857,2472558.0
Suez Canal,2022-04-18T00:00:00.000Z,69.85714285714286,2887579.285714286
Suez Canal,2022-05-02T00:00:00.000Z,62.857142857142854,2612523.4285714286
Suez Canal,2022-06-27T00:00:00.000Z,74.28571428571429,3281072.1428571427
Suez Canal,2023-07-17T00:00:00.000Z,73.0,3286144.5714285714
Suez Canal,2023-10-30T00:00:00.000Z,76.0,3378159.4285714286
Suez Canal,2024-03-18T00:00:00.000Z,38.714285714285715,1403605.2857142857
Suez Canal,2024-07-08T00:00:00.000Z,37.142857142857146,1098582.2857142857
Suez Canal,2024-09-02T00:00:00.000Z,35.714285714285715,1083059.5714285714
Suez Canal,2024-10-14T00:00:00.000Z,36.857142857142854,1180571.0
Suez Canal,2024-10-28T00:00:00.000Z,38.142857142857146,1350975.142857143
Suez Canal,2024-12-09T00:00:00.000Z,34.142857142857146,1129255.2857142857
Suez Canal,2025-03-10T00:00:00.000Z,38.285714285714285,1475853.142857143
Suez Canal,2025-04-14T00:00:00.000Z,35.57142857142857,1200102.142857143
Suez Canal,2025-06-02T00:00:00.000Z,34.285714285714285,1125802.4285714286
Suez Canal,2025-07-14T00:00:00.000Z,36.857142857142854,1269289.2857142857
Suez Canal,2026-01-12T00:00:00.000Z,39.857142857142854,1317675.857142857
Suez Canal,2026-01-19T00:00:00.000Z,38.42857142857143,1217826.4285714286
Suez Canal,2026-01-26T00:00:00.000Z,42.714285714285715,1489992.7142857143
Suez Canal,2026-02-09T00:00:00.000Z,42.714285714285715,1531586.4285714286
Suez Canal,2026-06-15T00:00:00.000Z,37.857142857142854,1483295.4285714286
Korea Strait,2019-09-02T00:00:00.000Z,222.28571428571428,3050874.714285714
Korea Strait,2020-08-24T00:00:00.000Z,249.85714285714286,3168858.8571428573
Korea Strait,2020-09-07T00:00:00.000Z,262.14285714285717,3200133.5714285714
Korea Strait,2021-01-18T00:00:00.000Z,216.0,2687202.285714286
Korea Strait,2021-05-17T00:00:00.000Z,231.0,2909964.714285714
Korea Strait,2021-07-12T00:00:00.000Z,237.71428571428572,3380671.714285714
Korea Strait,2022-02-14T00:00:00.000Z,207.85714285714286,2563255.714285714
Korea Strait,2022-03-07T00:00:00.000Z,232.42857142857142,2897595.1428571427
Korea Strait,2022-07-11T00:00:00.000Z,232.71428571428572,3238942.8571428573
Korea Strait,2022-10-24T00:00:00.000Z,257.57142857142856,3070802.714285714
Korea Strait,2023-05-08T00:00:00.000Z,278.42857142857144,3451746.4285714286
Korea Strait,2023-08-07T00:00:00.000Z,231.42857142857142,3052087.8571428573
Korea Strait,2023-11-13T00:00:00.000Z,197.14285714285714,2315630.4285714286
Korea Strait,2024-05-20T00:00:00.000Z,236.28571428571428,3137465.1428571427
Korea Strait,2024-08-26T00:00:00.000Z,256.14285714285717,3314242.285714286
Korea Strait,2024-11-11T00:00:00.000Z,225.71428571428572,3236161.0
Korea Strait,2024-12-23T00:00:00.000Z,222.42857142857142,3086476.0
Korea Strait,2025-03-24T00:00:00.000Z,236.28571428571428,3278932.8571428573
Korea Strait,2025-06-02T00:00:00.000Z,230.14285714285714,3310702.5714285714
Korea Strait,2025-07-28T00:00:00.000Z,227.42857142857142,3572609.285714286
Korea Strait,2025-11-03T00:00:00.000Z,222.28571428571428,3114174.4285714286
Korea Strait,2026-06-01T00:00:00.000Z,226.57142857142858,3636839.4285714286
Korea Strait,2026-07-20T00:00:00.000Z,218.57142857142858,3468950.285714286
Lombok Strait,2019-04-22T00:00:00.000Z,31.571428571428573,2194517.5714285714
Lombok Strait,2019-06-10T00:00:00.000Z,33.42857142857143,1939527.142857143
Lombok Strait,2019-06-17T00:00:00.000Z,35.142857142857146,2325359.1428571427
Lombok Strait,2019-07-08T00:00:00.000Z,30.428571428571427,1883112.4285714286
Lombok Strait,2020-11-09T00:00:00.000Z,33.285714285714285,2461951.5714285714
Lombok Strait,2021-02-15T00:00:00.000Z,36.57142857142857,2763039.5714285714
Lombok Strait,2021-04-12T00:00:00.000Z,35.42857142857143,2175222.1428571427
Lombok Strait,2022-03-07T00:00:00.000Z,34.857142857142854,2411413.285714286
Lombok Strait,2022-04-18T00:00:00.000Z,34.0,2444578.8571428573
Lombok Strait,2023-01-23T00:00:00.000Z,37.285714285714285,2657267.714285714
Lombok Strait,2024-09-02T00:00:00.000Z,35.857142857142854,2851468.285714286
Lombok Strait,2025-02-03T00:00:00.000Z,33.285714285714285,2501890.285714286
Lombok Strait,2025-04-14T00:00:00.000Z,34.142857142857146,3163379.4285714286
Lombok Strait,2025-05-26T00:00:00.000Z,34.714285714285715,2816335.285714286
Lombok Strait,2025-06-30T00:00:00.000Z,35.0,3042767.4285714286
Lombok Strait,2026-02-02T00:00:00.000Z,37.714285714285715,3079932.285714286
Lombok Strait,2026-03-30T00:00:00.000Z,35.42857142857143,2658234.714285714
Mindoro Strait,2019-06-03T00:00:00.000Z,46.57142857142857,2252353.285714286
Mindoro Strait,2020-05-18T00:00:00.000Z,43.0,2220242.714285714
Mindoro Strait,2023-07-10T00:00:00.000Z,45.0,2575447.0
Mindoro Strait,2023-08-14T00:00:00.000Z,52.285714285714285,2885755.8571428573
Mindoro Strait,2023-09-11T00:00:00.000Z,46.714285714285715,2377309.0
Mindoro Strait,2024-11-04T00:00:00.000Z,39.0,1898448.2857142857
Mindoro Strait,2024-12-09T00:00:00.000Z,41.285714285714285,2479103.8571428573
Mindoro Strait,2024-12-23T00:00:00.000Z,40.0,2295401.285714286
Mindoro Strait,2025-02-10T00:00:00.000Z,34.285714285714285,1736623.857142857
Mindoro Strait,2025-04-28T00:00:00.000Z,34.0,2152414.1428571427
Mindoro Strait,2025-06-23T00:00:00.000Z,30.714285714285715,1654911.4285714286
Mindoro Strait,2025-07-21T00:00:00.000Z,31.285714285714285,1615148.4285714286
Mindoro Strait,2025-08-25T00:00:00.000Z,31.714285714285715,2127050.5714285714
Mindoro Strait,2025-10-06T00:00:00.000Z,32.57142857142857,1859748.0
Mindoro Strait,2025-10-20T00:00:00.000Z,31.0,1875776.857142857
Mindoro Strait,2025-12-29T00:00:00.000Z,36.42857142857143,2247029.285714286
Mindoro Strait,2026-01-19T00:00:00.000Z,38.57142857142857,1996291.5714285714
Mindoro Strait,2026-06-15T00:00:00.000Z,55.42857142857143,3340315.5714285714
Mindoro Strait,2026-07-13T00:00:00.000Z,45.42857142857143,3026700.4285714286
Mindoro Strait,2026-07-20T00:00:00.000Z,52.285714285714285,3486501.285714286
Bosporus Strait,2019-01-28T00:00:00.000Z,104.57142857142857,1300732.0
Bosporus Strait,2019-02-25T00:00:00.000Z,119.42857142857143,1321608.2857142857
Bosporus Strait,2019-07-15T00:00:00.000Z,103.14285714285714,1398479.5714285714
Bosporus Strait,2020-12-07T00:00:00.000Z,92.0,1061868.142857143
Bosporus Strait,2020-12-21T00:00:00.000Z,105.28571428571429,1283539.0
Bosporus Strait,2022-02-14T00:00:00.000Z,118.57142857142857,1603232.2857142857
Bosporus Strait,2022-03-28T00:00:00.000Z,79.28571428571429,619178.7142857143
Bosporus Strait,2022-04-04T00:00:00.000Z,82.14285714285714,963231.4285714285
Bosporus Strait,2022-08-08T00:00:00.000Z,84.0,882716.7142857143
Bosporus Strait,2022-09-12T00:00:00.000Z,100.28571428571429,1035278.2857142857
Bosporus Strait,2022-10-24T00:00:00.000Z,92.57142857142857,970394.4285714285
Bosporus Strait,2023-03-13T00:00:00.000Z,104.0,1224418.0
Bosporus Strait,2023-05-29T00:00:00.000Z,104.14285714285714,1164778.4285714286
Bosporus Strait,2023-07-24T00:00:00.000Z,94.57142857142857,1014829.1428571428
Bosporus Strait,2023-12-04T00:00:00.000Z,102.71428571428571,1338379.4285714286
Bosporus Strait,2023-12-25T00:00:00.000Z,96.57142857142857,918565.8571428572
Bosporus Strait,2024-02-05T00:00:00.000Z,99.14285714285714,1153484.857142857
Bosporus Strait,2024-06-24T00:00:00.000Z,95.14285714285714,1219433.0
Bosporus Strait,2024-11-18T00:00:00.000Z,87.28571428571429,1021761.5714285715
Bosporus Strait,2024-12-30T00:00:00.000Z,92.57142857142857,1163846.857142857
Bosporus Strait,2025-02-17T00:00:00.000Z,71.28571428571429,949424.7142857143
Bosporus Strait,2025-03-31T00:00:00.000Z,78.85714285714286,814544.5714285715
Bosporus Strait,2025-08-11T00:00:00.000Z,85.42857142857143,1298379.857142857
Bosporus Strait,2025-11-03T00:00:00.000Z,99.85714285714286,1303166.142857143
Bosporus Strait,2025-12-08T00:00:00.000Z,96.57142857142857,1097959.0
Bab el-Mandeb Strait,2019-02-11T00:00:00.000Z,56.142857142857146,2495971.285714286
Bab el-Mandeb Strait,2019-03-04T00:00:00.000Z,50.57142857142857,2196329.0
Bab el-Mandeb Strait,2019-10-14T00:00:00.000Z,55.42857142857143,2498196.714285714
Bab el-Mandeb Strait,2020-03-02T00:00:00.000Z,54.42857142857143,2581342.714285714
Bab el-Mandeb Strait,2020-11-30T00:00:00.000Z,56.285714285714285,2439147.5714285714
Bab el-Mandeb Strait,2021-01-18T00:00:00.000Z,54.857142857142854,2174560.8571428573
Bab el-Mandeb Strait,2021-05-31T00:00:00.000Z,57.142857142857146,2719536.5714285714
Bab el-Mandeb Strait,2021-06-28T00:00:00.000Z,60.0,2746701.285714286
Bab el-Mandeb Strait,2021-07-19T00:00:00.000Z,61.714285714285715,2636876.285714286
Bab el-Mandeb Strait,2021-07-26T00:00:00.000Z,59.0,2592871.714285714
Bab el-Mandeb Strait,2021-11-08T00:00:00.000Z,55.857142857142854,2520489.714285714
Bab el-Mandeb Strait,2022-03-21T00:00:00.000Z,58.857142857142854,2410266.285714286
Bab el-Mandeb Strait,2022-09-19T00:00:00.000Z,68.57142857142857,2883181.1428571427
Bab el-Mandeb Strait,2022-11-07T00:00:00.000Z,74.14285714285714,3354785.5714285714
Bab el-Mandeb Strait,2023-01-02T00:00:00.000Z,75.85714285714286,3398151.285714286
Bab el-Mandeb Strait,2023-01-23T00:00:00.000Z,68.14285714285714,2960474.285714286
Bab el-Mandeb Strait,2023-02-20T00:00:00.000Z,71.71428571428571,3155780.5714285714
Bab el-Mandeb Strait,2023-06-12T00:00:00.000Z,73.14285714285714,3545865.1428571427
Bab el-Mandeb Strait,2023-06-19T00:00:00.000Z,79.71428571428571,3754829.5714285714
Bab el-Mandeb Strait,2023-10-09T00:00:00.000Z,79.0,3559043.714285714
Bab el-Mandeb Strait,2023-11-27T00:00:00.000Z,74.85714285714286,3365399.8571428573
Bab el-Mandeb Strait,2024-05-13T00:00:00.000Z,31.857142857142858,1183854.4285714286
Bab el-Mandeb Strait,2024-11-18T00:00:00.000Z,31.285714285714285,907360.4285714285
Bab el-Mandeb Strait,2025-01-13T00:00:00.000Z,32.285714285714285,1084759.7142857143
Bab el-Mandeb Strait,2025-05-19T00:00:00.000Z,34.57142857142857,1294431.5714285714
Bab el-Mandeb Strait,2025-09-15T00:00:00.000Z,34.285714285714285,1313544.2857142857
Bab el-Mandeb Strait,2025-10-27T00:00:00.000Z,35.0,1376881.0
Bab el-Mandeb Strait,2025-11-24T00:00:00.000Z,37.42857142857143,1271783.142857143
Bab el-Mandeb Strait,2026-03-23T00:00:00.000Z,35.714285714285715,1332293.2857142857
Bab el-Mandeb Strait,2026-03-30T00:00:00.000Z,38.142857142857146,1469255.7142857143
Malacca Strait,2019-01-14T00:00:00.000Z,174.85714285714286,6647050.428571428
Malacca Strait,2019-03-11T00:00:00.000Z,166.14285714285714,6459184.142857143
Malacca Strait,2019-03-25T00:00:00.000Z,166.14285714285714,6108060.142857143
Malacca Strait,2019-04-01T00:00:00.000Z,174.14285714285714,6488457.0
Malacca Strait,2019-05-06T00:00:00.000Z,166.28571428571428,6090798.285714285
Malacca Strait,2019-05-13T00:00:00.000Z,170.14285714285714,6546282.285714285
Malacca Strait,2019-06-03T00:00:00.000Z,164.85714285714286,5962743.571428572
Malacca Strait,2019-06-17T00:00:00.000Z,164.0,5901764.428571428
Malacca Strait,2019-08-19T00:00:00.000Z,177.85714285714286,6808231.571428572
Malacca Strait,2019-09-30T00:00:00.000Z,162.57142857142858,6717642.142857143
Malacca Strait,2019-11-25T00:00:00.000Z,165.85714285714286,6104455.428571428
Malacca Strait,2019-12-23T00:00:00.000Z,178.42857142857142,6825773.714285715
Malacca Strait,2020-05-11T00:00:00.000Z,151.71428571428572,6719031.285714285
Malacca Strait,2020-10-12T00:00:00.000Z,162.28571428571428,6477863.714285715
Malacca Strait,2021-03-01T00:00:00.000Z,151.42857142857142,5757281.0
Malacca Strait,2021-08-09T00:00:00.000Z,147.28571428571428,5869790.428571428
Malacca Strait,2021-09-13T00:00:00.000Z,140.71428571428572,5789465.428571428
Malacca Strait,2021-11-22T00:00:00.000Z,198.42857142857142,7007852.0
Malacca Strait,2022-05-09T00:00:00.000Z,199.0,7159436.0
Malacca Strait,2022-07-18T00:00:00.000Z,216.42857142857142,7903408.142857143
Malacca Strait,2022-08-22T00:00:00.000Z,206.42857142857142,7698527.428571428
Malacca Strait,2022-12-05T00:00:00.000Z,198.57142857142858,7800070.428571428
Malacca Strait,2023-05-29T00:00:00.000Z,221.57142857142858,8329911.857142857
Malacca Strait,2023-06-05T00:00:00.000Z,218.14285714285714,8091101.285714285
Malacca Strait,2023-09-25T00:00:00.000Z,220.57142857142858,8165471.428571428
Malacca Strait,2023-10-16T00:00:00.000Z,226.42857142857142,9364623.42857143
Malacca Strait,2024-01-01T00:00:00.000Z,228.0,8751847.857142856
Malacca Strait,2024-01-08T00:00:00.000Z,220.28571428571428,8403749.857142856
Malacca Strait,2024-02-26T00:00:00.000Z,212.71428571428572,8178386.428571428
Malacca Strait,2024-08-05T00:00:00.000Z,226.71428571428572,8427568.0
Malacca Strait,2024-11-18T00:00:00.000Z,228.0,8472405.857142856
Malacca Strait,2024-12-23T00:00:00.000Z,225.14285714285714,8805289.0
Malacca Strait,2024-12-30T00:00:00.000Z,233.42857142857142,8754818.0
Malacca Strait,2025-02-03T00:00:00.000Z,215.28571428571428,8594116.714285715
Malacca Strait,2025-10-27T00:00:00.000Z,238.42857142857142,1.0150312E7
Malacca Strait,2025-11-03T00:00:00.000Z,241.71428571428572,9506012.142857144
Malacca Strait,2026-06-29T00:00:00.000Z,229.14285714285714,8695609.857142856
Oresund Strait,2019-07-01T00:00:00.000Z,52.42857142857143,92156.42857142857
Oresund Strait,2019-10-07T00:00:00.000Z,51.285714285714285,107471.42857142857
Oresund Strait,2019-12-23T00:00:00.000Z,48.714285714285715,285496.0
Oresund Strait,2020-03-16T00:00:00.000Z,58.142857142857146,126842.71428571429
Oresund Strait,2020-04-27T00:00:00.000Z,63.42857142857143,156004.2857142857
Oresund Strait,2020-05-04T00:00:00.000Z,63.857142857142854,131676.57142857142
Oresund Strait,2020-08-31T00:00:00.000Z,57.714285714285715,122669.14285714286
Oresund Strait,2020-12-28T00:00:00.000Z,54.714285714285715,108659.14285714286
Oresund Strait,2021-03-08T00:00:00.000Z,56.57142857142857,101237.28571428571
Oresund Strait,2021-07-19T00:00:00.000Z,56.57142857142857,119900.14285714286
Oresund Strait,2021-10-25T00:00:00.000Z,50.285714285714285,97161.28571428571
Oresund Strait,2021-11-29T00:00:00.000Z,46.714285714285715,99420.71428571429
Oresund Strait,2022-08-15T00:00:00.000Z,45.857142857142854,88338.71428571429
Oresund Strait,2022-11-14T00:00:00.000Z,43.57142857142857,93260.71428571429
Oresund Strait,2022-12-26T00:00:00.000Z,65.42857142857143,173207.7142857143
Oresund Strait,2023-06-12T00:00:00.000Z,47.285714285714285,101956.71428571429
Oresund Strait,2023-06-19T00:00:00.000Z,49.42857142857143,92268.14285714286
Oresund Strait,2023-08-21T00:00:00.000Z,51.142857142857146,99367.0
Oresund Strait,2024-07-22T00:00:00.000Z,41.0,75933.71428571429
Oresund Strait,2024-08-19T00:00:00.000Z,46.42857142857143,99442.0
Oresund Strait,2024-11-11T00:00:00.000Z,50.0,108317.85714285714
Oresund Strait,2025-02-03T00:00:00.000Z,48.57142857142857,138505.0
Oresund Strait,2025-02-10T00:00:00.000Z,48.857142857142854,103262.42857142857
Oresund Strait,2025-05-19T00:00:00.000Z,48.0,127873.57142857143
Oresund Strait,2025-05-26T00:00:00.000Z,47.142857142857146,125578.42857142857
Oresund Strait,2025-11-03T00:00:00.000Z,49.857142857142854,137626.0
Oresund Strait,2026-02-16T00:00:00.000Z,43.42857142857143,101434.85714285714
Oresund Strait,2026-03-30T00:00:00.000Z,44.714285714285715,126619.28571428571
Oresund Strait,2026-06-01T00:00:00.000Z,41.57142857142857,91841.57142857143
Oresund Strait,2026-07-20T00:00:00.000Z,40.714285714285715,111372.71428571429
Luzon Strait,2019-06-17T00:00:00.000Z,58.714285714285715,3530547.4285714286
Luzon Strait,2019-09-16T00:00:00.000Z,60.142857142857146,3316777.8571428573
Luzon Strait,2019-12-16T00:00:00.000Z,61.285714285714285,3030020.8571428573
Luzon Strait,2020-02-10T00:00:00.000Z,66.42857142857143,4009274.1428571427
Luzon Strait,2020-04-27T00:00:00.000Z,59.142857142857146,3487055.4285714286
Luzon Strait,2020-10-19T00:00:00.000Z,67.14285714285714,3603176.1428571427
Luzon Strait,2021-01-11T00:00:00.000Z,61.0,3797729.4285714286
Luzon Strait,2021-01-18T00:00:00.000Z,71.28571428571429,4637715.428571428
Luzon Strait,2021-01-25T00:00:00.000Z,73.14285714285714,4338477.428571428
Luzon Strait,2021-05-24T00:00:00.000Z,76.28571428571429,4155329.5714285714
Luzon Strait,2021-11-08T00:00:00.000Z,74.28571428571429,4572119.428571428
Luzon Strait,2022-01-17T00:00:00.000Z,76.14285714285714,4711951.285714285
Luzon Strait,2023-01-09T00:00:00.000Z,84.57142857142857,4769434.571428572
Luzon Strait,2023-07-17T00:00:00.000Z,71.42857142857143,4635608.0
Luzon Strait,2023-08-21T00:00:00.000Z,69.85714285714286,3877210.714285714
Luzon Strait,2024-01-29T00:00:00.000Z,89.71428571428571,4823957.571428572
Luzon Strait,2024-04-29T00:00:00.000Z,89.42857142857143,5850213.142857143
Luzon Strait,2024-11-18T00:00:00.000Z,78.14285714285714,4740313.428571428
Luzon Strait,2025-03-17T00:00:00.000Z,61.142857142857146,3878278.8571428573
Luzon Strait,2025-11-10T00:00:00.000Z,57.0,3814053.285714286
Luzon Strait,2025-11-17T00:00:00.000Z,65.85714285714286,4007063.4285714286
Luzon Strait,2025-12-29T00:00:00.000Z,69.14285714285714,4764453.714285715
Luzon Strait,2026-05-25T00:00:00.000Z,83.0,5378805.0
Luzon Strait,2026-06-29T00:00:00.000Z,100.28571428571429,6558978.0
Ombai Strait,2019-06-03T00:00:00.000Z,11.285714285714286,580329.8571428572
Ombai Strait,2020-01-06T00:00:00.000Z,10.571428571428571,500276.0
Ombai Strait,2020-02-10T00:00:00.000Z,10.142857142857142,310853.5714285714
Ombai Strait,2020-03-16T00:00:00.000Z,12.0,756008.7142857143
Ombai Strait,2020-10-12T00:00:00.000Z,11.285714285714286,675789.4285714285
Ombai Strait,2020-12-28T00:00:00.000Z,12.428571428571429,563466.8571428572
Ombai Strait,2021-03-15T00:00:00.000Z,11.0,367171.28571428574
Ombai Strait,2021-04-12T00:00:00.000Z,9.0,495424.0
Ombai Strait,2022-03-07T00:00:00.000Z,9.0,349967.71428571426
Ombai Strait,2022-05-09T00:00:00.000Z,11.428571428571429,504562.28571428574
Ombai Strait,2022-09-12T00:00:00.000Z,10.428571428571429,388382.14285714284
Ombai Strait,2023-01-30T00:00:00.000Z,10.0,284236.28571428574
Ombai Strait,2023-02-13T00:00:00.000Z,9.857142857142858,287889.85714285716
Ombai Strait,2023-05-01T00:00:00.000Z,9.428571428571429,425684.85714285716
Ombai Strait,2023-06-05T00:00:00.000Z,9.0,430175.71428571426
Ombai Strait,2024-01-15T00:00:00.000Z,9.571428571428571,378493.71428571426
Ombai Strait,2024-02-26T00:00:00.000Z,9.571428571428571,295522.71428571426
Ombai Strait,2024-05-13T00:00:00.000Z,9.714285714285714,285081.85714285716
Ombai Strait,2024-05-27T00:00:00.000Z,9.428571428571429,474724.5714285714
Ombai Strait,2024-10-07T00:00:00.000Z,15.0,427900.71428571426
Ombai Strait,2025-03-31T00:00:00.000Z,11.142857142857142,620375.1428571428
Ombai Strait,2025-05-26T00:00:00.000Z,11.428571428571429,806379.8571428572
Ombai Strait,2025-06-23T00:00:00.000Z,12.142857142857142,743935.7142857143
Ombai Strait,2025-09-22T00:00:00.000Z,12.0,998038.1428571428
Ombai Strait,2026-03-16T00:00:00.000Z,10.285714285714286,733199.0
Torres Strait,2019-11-18T00:00:00.000Z,10.142857142857142,166586.2857142857
Torres Strait,2020-04-27T00:00:00.000Z,9.571428571428571,176148.0
Torres Strait,2020-06-01T00:00:00.000Z,7.142857142857143,141772.57142857142
Torres Strait,2020-07-20T00:00:00.000Z,9.714285714285714,168721.57142857142
Torres Strait,2020-09-21T00:00:00.000Z,8.285714285714286,151415.57142857142
Torres Strait,2020-12-28T00:00:00.000Z,8.0,212521.85714285713
Torres Strait,2021-02-01T00:00:00.000Z,10.0,257185.0
Torres Strait,2021-05-31T00:00:00.000Z,8.142857142857142,173462.7142857143
Torres Strait,2021-07-12T00:00:00.000Z,9.714285714285714,203279.42857142858
Torres Strait,2021-07-26T00:00:00.000Z,10.428571428571429,208208.14285714287
Torres Strait,2022-04-25T00:00:00.000Z,8.714285714285714,199014.57142857142
Torres Strait,2022-07-04T00:00:00.000Z,7.142857142857143,147621.7142857143
Torres Strait,2022-07-11T00:00:00.000Z,11.285714285714286,267176.5714285714
Torres Strait,2022-11-07T00:00:00.000Z,7.857142857142857,177520.57142857142
Torres Strait,2023-02-20T00:00:00.000Z,9.0,233150.42857142858
Torres Strait,2023-08-14T00:00:00.000Z,11.142857142857142,185115.42857142858
Torres Strait,2023-11-06T00:00:00.000Z,8.0,152913.14285714287
Torres Strait,2024-05-06T00:00:00.000Z,8.857142857142858,194601.0
Torres Strait,2024-08-19T00:00:00.000Z,8.714285714285714,162287.57142857142
Torres Strait,2024-08-26T00:00:00.000Z,6.714285714285714,127127.71428571429
Torres Strait,2025-01-06T00:00:00.000Z,10.285714285714286,247217.0
Torres Strait,2025-02-17T00:00:00.000Z,9.0,173694.42857142858
Torres Strait,2025-05-05T00:00:00.000Z,8.428571428571429,166289.2857142857
Torres Strait,2025-12-01T00:00:00.000Z,10.0,205786.57142857142
Torres Strait,2026-02-09T00:00:00.000Z,10.142857142857142,239886.0
Torres Strait,2026-06-08T00:00:00.000Z,10.285714285714286,201202.7142857143
Magellan Strait,2019-04-08T00:00:00.000Z,4.142857142857143,86210.0
Magellan Strait,2019-06-03T00:00:00.000Z,2.142857142857143,58531.42857142857
Magellan Strait,2019-11-04T00:00:00.000Z,4.285714285714286,94164.42857142857
Magellan Strait,2020-03-30T00:00:00.000Z,2.142857142857143,52017.42857142857
Magellan Strait,2021-02-15T00:00:00.000Z,1.7142857142857142,51227.42857142857
Magellan Strait,2021-07-26T00:00:00.000Z,5.0,143076.57142857142
Magellan Strait,2021-11-29T00:00:00.000Z,4.0,110624.71428571429
Magellan Strait,2022-02-21T00:00:00.000Z,5.0,155413.7142857143
Magellan Strait,2022-05-09T00:00:00.000Z,4.857142857142857,205907.7142857143
Magellan Strait,2022-09-19T00:00:00.000Z,3.4285714285714284,115598.28571428571
Magellan Strait,2023-05-22T00:00:00.000Z,3.7142857142857144,135678.14285714287
Magellan Strait,2023-07-03T00:00:00.000Z,4.857142857142857,101568.71428571429
Magellan Strait,2023-07-10T00:00:00.000Z,4.857142857142857,153870.14285714287
Magellan Strait,2023-08-21T00:00:00.000Z,4.428571428571429,117201.28571428571
Magellan Strait,2023-10-23T00:00:00.000Z,5.714285714285714,153917.85714285713
Magellan Strait,2024-05-20T00:00:00.000Z,4.142857142857143,147091.57142857142
Magellan Strait,2024-12-16T00:00:00.000Z,3.7142857142857144,142583.42857142858
Magellan Strait,2025-01-20T00:00:00.000Z,2.7142857142857144,83077.0
Magellan Strait,2025-02-03T00:00:00.000Z,4.428571428571429,115578.42857142857
Magellan Strait,2025-03-31T00:00:00.000Z,4.285714285714286,122115.85714285714
Magellan Strait,2025-08-04T00:00:00.000Z,5.0,195747.42857142858
Magellan Strait,2026-01-12T00:00:00.000Z,3.2857142857142856,120304.0
Magellan Strait,2026-03-09T00:00:00.000Z,3.7142857142857144,109310.85714285714
Magellan Strait,2026-08-03T00:00:00.000Z,5.142857142857143,232766.0
Balabac Strait,2019-02-25T00:00:00.000Z,11.714285714285714,305497.5714285714
Balabac Strait,2019-05-13T00:00:00.000Z,11.857142857142858,298521.71428571426
Balabac Strait,2019-09-02T00:00:00.000Z,10.857142857142858,232853.85714285713
Balabac Strait,2019-12-30T00:00:00.000Z,12.571428571428571,262226.5714285714
Balabac Strait,2020-01-13T00:00:00.000Z,12.714285714285714,255610.85714285713
Balabac Strait,2020-01-27T00:00:00.000Z,22.142857142857142,265661.0
Balabac Strait,2020-07-06T00:00:00.000Z,9.857142857142858,169115.42857142858
Balabac Strait,2020-07-20T00:00:00.000Z,9.428571428571429,191863.7142857143
Balabac Strait,2020-10-19T00:00:00.000Z,9.571428571428571,189224.0
Balabac Strait,2020-10-26T00:00:00.000Z,10.142857142857142,276310.14285714284
Balabac Strait,2021-02-08T00:00:00.000Z,9.571428571428571,314165.71428571426
Balabac Strait,2021-03-29T00:00:00.000Z,10.428571428571429,278099.71428571426
Balabac Strait,2021-04-12T00:00:00.000Z,11.428571428571429,364027.71428571426
Balabac Strait,2021-07-26T00:00:00.000Z,10.0,322838.0
Balabac Strait,2021-11-15T00:00:00.000Z,9.714285714285714,266458.4285714286
Balabac Strait,2021-11-22T00:00:00.000Z,8.857142857142858,178155.2857142857
Balabac Strait,2022-02-14T00:00:00.000Z,10.285714285714286,250962.0
Balabac Strait,2022-07-11T00:00:00.000Z,12.142857142857142,397047.71428571426
Balabac Strait,2023-01-16T00:00:00.000Z,14.714285714285714,436683.0
Balabac Strait,2023-03-06T00:00:00.000Z,10.571428571428571,282169.4285714286
Balabac Strait,2023-03-13T00:00:00.000Z,11.0,335308.5714285714
Balabac Strait,2023-05-29T00:00:00.000Z,11.571428571428571,272378.4285714286
Balabac Strait,2024-01-15T00:00:00.000Z,10.857142857142858,234097.7142857143
Balabac Strait,2024-08-19T00:00:00.000Z,7.571428571428571,168698.57142857142
Balabac Strait,2024-12-09T00:00:00.000Z,12.857142857142858,256921.85714285713
Balabac Strait,2025-02-03T00:00:00.000Z,11.0,210535.14285714287
Balabac Strait,2025-08-11T00:00:00.000Z,9.0,201289.85714285713
Balabac Strait,2026-03-09T00:00:00.000Z,9.142857142857142,266378.71428571426
Balabac Strait,2026-06-01T00:00:00.000Z,12.714285714285714,293293.5714285714
Dover Strait,2019-03-25T00:00:00.000Z,163.71428571428572,2990301.714285714
Dover Strait,2019-07-22T00:00:00.000Z,149.28571428571428,2418317.285714286
Dover Strait,2019-08-05T00:00:00.000Z,142.85714285714286,2492069.714285714
Dover Strait,2019-12-02T00:00:00.000Z,166.57142857142858,3026837.8571428573
Dover Strait,2020-08-03T00:00:00.000Z,147.28571428571428,2814546.285714286
Dover Strait,2020-08-24T00:00:00.000Z,153.57142857142858,2711749.8571428573
Dover Strait,2020-12-07T00:00:00.000Z,160.28571428571428,3079673.8571428573
Dover Strait,2021-11-08T00:00:00.000Z,173.71428571428572,3180323.0
Dover Strait,2022-03-21T00:00:00.000Z,175.42857142857142,3236778.5714285714
Dover Strait,2022-08-01T00:00:00.000Z,165.28571428571428,3257292.5714285714
Dover Strait,2023-03-13T00:00:00.000Z,184.85714285714286,3751726.0
Dover Strait,2023-10-16T00:00:00.000Z,164.71428571428572,3384137.5714285714
Dover Strait,2024-03-04T00:00:00.000Z,176.85714285714286,3681778.285714286
Dover Strait,2024-07-15T00:00:00.000Z,167.57142857142858,3301048.714285714
Dover Strait,2025-06-16T00:00:00.000Z,178.57142857142858,3379399.8571428573
Dover Strait,2025-08-04T00:00:00.000Z,172.14285714285714,3308185.5714285714
Dover Strait,2025-09-08T00:00:00.000Z,169.42857142857142,3491106.4285714286
Dover Strait,2026-03-23T00:00:00.000Z,172.28571428571428,3519463.285714286
Dover Strait,2026-07-27T00:00:00.000Z,157.14285714285714,3332456.0
Tsugaru Strait,2019-02-11T00:00:00.000Z,39.714285714285715,724387.7142857143
Tsugaru Strait,2020-05-04T00:00:00.000Z,40.42857142857143,773444.8571428572
Tsugaru Strait,2020-05-11T00:00:00.000Z,43.42857142857143,882952.0
Tsugaru Strait,2020-11-02T00:00:00.000Z,43.857142857142854,1017097.7142857143
Tsugaru Strait,2020-12-07T00:00:00.000Z,38.42857142857143,757728.7142857143
Tsugaru Strait,2021-01-11T00:00:00.000Z,40.57142857142857,953906.4285714285
Tsugaru Strait,2021-07-05T00:00:00.000Z,49.42857142857143,1184146.2857142857
Tsugaru Strait,2021-07-12T00:00:00.000Z,58.285714285714285,1316480.857142857
Tsugaru Strait,2021-09-13T00:00:00.000Z,43.57142857142857,911421.1428571428
Tsugaru Strait,2022-01-10T00:00:00.000Z,33.285714285714285,667442.1428571428
Tsugaru Strait,2022-03-21T00:00:00.000Z,44.285714285714285,802830.7142857143
Tsugaru Strait,2022-03-28T00:00:00.000Z,45.42857142857143,827496.2857142857
Tsugaru Strait,2022-06-20T00:00:00.000Z,46.285714285714285,1096752.857142857
Tsugaru Strait,2022-09-19T00:00:00.000Z,46.285714285714285,843756.5714285715
Tsugaru Strait,2022-10-03T00:00:00.000Z,45.57142857142857,896022.2857142857
Tsugaru Strait,2022-10-17T00:00:00.000Z,50.57142857142857,995495.1428571428
Tsugaru Strait,2022-12-05T00:00:00.000Z,44.42857142857143,694136.5714285715
Tsugaru Strait,2022-12-26T00:00:00.000Z,42.857142857142854,1007752.5714285715
Tsugaru Strait,2023-02-13T00:00:00.000Z,33.714285714285715,511267.4285714286
Tsugaru Strait,2023-05-08T00:00:00.000Z,49.142857142857146,1000518.7142857143
Tsugaru Strait,2023-09-25T00:00:00.000Z,52.857142857142854,1061386.7142857143
Tsugaru Strait,2023-11-06T00:00:00.000Z,35.57142857142857,836189.4285714285
Tsugaru Strait,2023-11-13T00:00:00.000Z,31.0,692484.5714285715
Tsugaru Strait,2024-08-05T00:00:00.000Z,47.0,1090738.7142857143
Tsugaru Strait,2025-01-27T00:00:00.000Z,42.57142857142857,885039.8571428572
Tsugaru Strait,2025-04-14T00:00:00.000Z,41.285714285714285,969911.7142857143
Tsugaru Strait,2025-08-18T00:00:00.000Z,56.57142857142857,1172999.857142857
Tsugaru Strait,2026-05-25T00:00:00.000Z,48.285714285714285,1208008.2857142857
Tsugaru Strait,2026-06-15T00:00:00.000Z,53.42857142857143,1303481.857142857
Tsugaru Strait,2026-08-10T00:00:00.000Z,47.42857142857143,1123611.4285714286
Panama Canal,2019-05-06T00:00:00.000Z,32.714285714285715,927121.8571428572
Panama Canal,2019-05-13T00:00:00.000Z,32.0,935045.5714285715
Panama Canal,2019-08-05T00:00:00.000Z,34.714285714285715,894023.1428571428
Panama Canal,2020-06-08T00:00:00.000Z,24.0,579527.4285714285
Panama Canal,2020-08-17T00:00:00.000Z,33.57142857142857,968712.2857142857
Panama Canal,2020-09-14T00:00:00.000Z,32.42857142857143,797195.1428571428
Panama Canal,2020-10-19T00:00:00.000Z,36.142857142857146,1112036.2857142857
Panama Canal,2020-12-21T00:00:00.000Z,33.142857142857146,1018302.4285714285
Panama Canal,2021-01-18T00:00:00.000Z,33.285714285714285,872921.8571428572
Panama Canal,2021-05-17T00:00:00.000Z,32.42857142857143,956717.7142857143
Panama Canal,2021-07-19T00:00:00.000Z,36.142857142857146,981652.1428571428
Panama Canal,2022-02-07T00:00:00.000Z,35.142857142857146,939124.4285714285
Panama Canal,2023-01-02T00:00:00.000Z,32.0,942355.4285714285
Panama Canal,2023-03-27T00:00:00.000Z,33.57142857142857,967464.5714285715
Panama Canal,2023-05-22T00:00:00.000Z,32.42857142857143,877499.5714285715
Panama Canal,2023-05-29T00:00:00.000Z,30.857142857142858,874603.4285714285
Panama Canal,2023-07-03T00:00:00.000Z,31.571428571428573,858255.0
Panama Canal,2023-12-04T00:00:00.000Z,21.142857142857142,555082.7142857143
Panama Canal,2024-01-15T00:00:00.000Z,19.571428571428573,539008.0
Panama Canal,2024-04-22T00:00:00.000Z,23.857142857142858,695728.8571428572
Panama Canal,2024-07-15T00:00:00.000Z,29.285714285714285,795404.8571428572
Panama Canal,2024-08-26T00:00:00.000Z,31.857142857142858,952751.5714285715
Panama Canal,2024-09-16T00:00:00.000Z,29.0,781760.0
Panama Canal,2024-11-25T00:00:00.000Z,30.857142857142858,866104.8571428572
Panama Canal,2024-12-30T00:00:00.000Z,31.285714285714285,889160.5714285715
Panama Canal,2025-05-05T00:00:00.000Z,31.285714285714285,901339.7142857143
Panama Canal,2025-07-21T00:00:00.000Z,29.571428571428573,839974.2857142857
Panama Canal,2025-07-28T00:00:00.000Z,30.142857142857142,866708.5714285715
Panama Canal,2025-08-04T00:00:00.000Z,30.714285714285715,910227.2857142857
Panama Canal,2025-09-29T00:00:00.000Z,31.285714285714285,839755.4285714285
Panama Canal,2026-01-19T00:00:00.000Z,30.285714285714285,923245.7142857143
Panama Canal,2026-03-23T00:00:00.000Z,32.285714285714285,935651.1428571428
Panama Canal,2026-03-30T00:00:00.000Z,35.142857142857146,949284.4285714285
Panama Canal,2026-05-18T00:00:00.000Z,35.142857142857146,990392.8571428572
Panama Canal,2026-06-08T00:00:00.000Z,25.428571428571427,819279.7142857143
Panama Canal,2026-07-20T00:00:00.000Z,28.142857142857142,807436.7142857143
Makassar Strait,2018-12-31T00:00:00.000Z,49.5,2343513.8333333335
Makassar Strait,2019-04-22T00:00:00.000Z,48.857142857142854,2479631.714285714
Makassar Strait,2019-05-13T00:00:00.000Z,54.285714285714285,2413143.714285714
Makassar Strait,2019-07-22T00:00:00.000Z,51.142857142857146,2146201.714285714
Makassar Strait,2019-11-11T00:00:00.000Z,58.57142857142857,2464290.1428571427
Makassar Strait,2020-05-11T00:00:00.000Z,49.714285714285715,2270334.4285714286
Makassar Strait,2020-11-09T00:00:00.000Z,49.42857142857143,2517047.4285714286
Makassar Strait,2020-12-14T00:00:00.000Z,49.42857142857143,2211150.4285714286
Makassar Strait,2021-09-13T00:00:00.000Z,47.142857142857146,2529577.285714286
Makassar Strait,2022-06-13T00:00:00.000Z,55.42857142857143,3320049.4285714286
Makassar Strait,2022-11-07T00:00:00.000Z,58.142857142857146,3048238.5714285714
Makassar Strait,2022-11-28T00:00:00.000Z,63.285714285714285,3610405.4285714286
Makassar Strait,2023-01-23T00:00:00.000Z,59.714285714285715,3103175.1428571427
Makassar Strait,2023-05-29T00:00:00.000Z,58.714285714285715,3269749.1428571427
Makassar Strait,2023-08-14T00:00:00.000Z,55.57142857142857,3080655.1428571427
Makassar Strait,2023-10-02T00:00:00.000Z,54.142857142857146,3069027.0
Makassar Strait,2024-09-02T00:00:00.000Z,50.857142857142854,3100541.1428571427
Makassar Strait,2024-09-16T00:00:00.000Z,59.142857142857146,3487612.1428571427
Makassar Strait,2025-02-17T00:00:00.000Z,46.285714285714285,2208315.1428571427
Makassar Strait,2025-03-17T00:00:00.000Z,51.285714285714285,3642429.8571428573
Makassar Strait,2026-07-27T00:00:00.000Z,51.142857142857146,3087681.5714285714
Yucatan Channel,2019-03-04T00:00:00.000Z,41.42857142857143,925351.2857142857
Yucatan Channel,2019-07-22T00:00:00.000Z,42.714285714285715,994833.1428571428
Yucatan Channel,2019-12-09T00:00:00.000Z,42.714285714285715,878292.2857142857
Yucatan Channel,2020-01-06T00:00:00.000Z,44.142857142857146,1138683.5714285714
Yucatan Channel,2020-04-20T00:00:00.000Z,42.285714285714285,1079702.4285714286
Yucatan Channel,2020-07-27T00:00:00.000Z,43.857142857142854,1025097.1428571428
Yucatan Channel,2020-08-24T00:00:00.000Z,41.42857142857143,954458.4285714285
Yucatan Channel,2020-11-30T00:00:00.000Z,44.57142857142857,927809.1428571428
Yucatan Channel,2021-10-04T00:00:00.000Z,45.285714285714285,952461.4285714285
Yucatan Channel,2021-11-08T00:00:00.000Z,50.857142857142854,1279625.857142857
Yucatan Channel,2022-01-10T00:00:00.000Z,44.285714285714285,997548.2857142857
Yucatan Channel,2022-04-25T00:00:00.000Z,44.857142857142854,1200627.4285714286
Yucatan Channel,2022-09-05T00:00:00.000Z,40.714285714285715,996212.0
Yucatan Channel,2022-12-05T00:00:00.000Z,42.142857142857146,996548.4285714285
Yucatan Channel,2023-08-21T00:00:00.000Z,47.714285714285715,1133334.5714285714
Yucatan Channel,2023-09-25T00:00:00.000Z,45.714285714285715,1182970.7142857143
Yucatan Channel,2023-10-16T00:00:00.000Z,45.285714285714285,1202279.142857143
Yucatan Channel,2024-03-04T00:00:00.000Z,47.857142857142854,1075989.7142857143
Yucatan Channel,2024-06-17T00:00:00.000Z,46.142857142857146,1030209.4285714285
Yucatan Channel,2025-05-12T00:00:00.000Z,50.714285714285715,1252771.5714285714
Yucatan Channel,2025-05-19T00:00:00.000Z,44.142857142857146,1333990.857142857
Yucatan Channel,2025-09-15T00:00:00.000Z,51.857142857142854,1341297.7142857143
Yucatan Channel,2025-11-17T00:00:00.000Z,49.0,1253942.2857142857
Yucatan Channel,2026-05-18T00:00:00.000Z,55.0,1333304.4285714286
Windward Passage,2019-03-11T00:00:00.000Z,15.428571428571429,179397.2857142857
Windward Passage,2019-03-25T00:00:00.000Z,16.0,230998.14285714287
Windward Passage,2019-05-13T00:00:00.000Z,17.142857142857142,281488.0
Windward Passage,2019-10-28T00:00:00.000Z,17.142857142857142,260800.0
Windward Passage,2019-12-02T00:00:00.000Z,14.428571428571429,283155.71428571426
Windward Passage,2019-12-16T00:00:00.000Z,15.428571428571429,269590.0
Windward Passage,2020-06-15T00:00:00.000Z,14.571428571428571,244143.57142857142
Windward Passage,2020-07-06T00:00:00.000Z,15.285714285714286,264284.4285714286
Windward Passage,2020-11-23T00:00:00.000Z,17.571428571428573,297133.71428571426
Windward Passage,2021-07-05T00:00:00.000Z,13.285714285714286,214358.2857142857
Windward Passage,2021-10-11T00:00:00.000Z,15.428571428571429,281487.28571428574
Windward Passage,2021-11-08T00:00:00.000Z,13.857142857142858,324586.5714285714
Windward Passage,2021-12-20T00:00:00.000Z,17.142857142857142,344363.28571428574
Windward Passage,2022-08-08T00:00:00.000Z,17.571428571428573,369810.85714285716
Windward Passage,2022-10-10T00:00:00.000Z,13.714285714285714,225218.2857142857
Windward Passage,2023-03-20T00:00:00.000Z,15.428571428571429,272242.85714285716
Windward Passage,2023-04-24T00:00:00.000Z,15.142857142857142,239706.7142857143
Windward Passage,2023-11-13T00:00:00.000Z,15.142857142857142,165502.14285714287
Windward Passage,2023-11-27T00:00:00.000Z,15.571428571428571,239669.2857142857
Windward Passage,2025-02-17T00:00:00.000Z,16.857142857142858,325510.85714285716
Windward Passage,2025-08-04T00:00:00.000Z,16.0,234196.2857142857
Windward Passage,2025-09-08T00:00:00.000Z,17.142857142857142,300668.4285714286
Windward Passage,2025-12-22T00:00:00.000Z,13.285714285714286,228454.0
Windward Passage,2026-02-16T00:00:00.000Z,16.142857142857142,290353.71428571426
Windward Passage,2026-08-03T00:00:00.000Z,16.714285714285715,260492.2857142857
Kerch Strait,2019-09-02T00:00:00.000Z,56.142857142857146,148330.85714285713
Kerch Strait,2019-12-02T00:00:00.000Z,75.85714285714286,176957.85714285713
Kerch Strait,2019-12-16T00:00:00.000Z,49.857142857142854,99024.71428571429
Kerch Strait,2020-01-06T00:00:00.000Z,37.857142857142854,78027.0
Kerch Strait,2020-07-06T00:00:00.000Z,55.714285714285715,102589.57142857143
Kerch Strait,2020-07-13T00:00:00.000Z,58.714285714285715,111228.85714285714
Kerch Strait,2020-07-20T00:00:00.000Z,66.42857142857143,131354.14285714287
Kerch Strait,2021-03-15T00:00:00.000Z,46.42857142857143,92523.0
Kerch Strait,2021-04-19T00:00:00.000Z,38.142857142857146,80140.71428571429
Kerch Strait,2022-03-14T00:00:00.000Z,8.0,8633.285714285714
Kerch Strait,2022-05-30T00:00:00.000Z,28.571428571428573,47046.0
Kerch Strait,2022-07-11T00:00:00.000Z,25.428571428571427,40084.857142857145
Kerch Strait,2022-08-15T00:00:00.000Z,27.571428571428573,45588.857142857145
Kerch Strait,2022-08-29T00:00:00.000Z,30.571428571428573,58390.71428571428
Kerch Strait,2022-10-03T00:00:00.000Z,24.285714285714285,45761.57142857143
Kerch Strait,2022-10-10T00:00:00.000Z,21.428571428571427,45209.28571428572
Kerch Strait,2023-04-03T00:00:00.000Z,7.857142857142857,10739.57142857143
Kerch Strait,2023-06-05T00:00:00.000Z,9.857142857142858,24109.571428571428
Kerch Strait,2023-09-18T00:00:00.000Z,1.4285714285714286,2537.285714285714
Kerch Strait,2024-02-05T00:00:00.000Z,0.42857142857142855,954.2857142857143
Kerch Strait,2024-03-25T00:00:00.000Z,15.142857142857142,28718.428571428572
Kerch Strait,2024-05-20T00:00:00.000Z,1.2857142857142858,2197.8571428571427
Kerch Strait,2024-09-02T00:00:00.000Z,0.42857142857142855,4054.0
Kerch Strait,2024-10-28T00:00:00.000Z,0.42857142857142855,4183.428571428572
Kerch Strait,2024-12-02T00:00:00.000Z,17.428571428571427,72777.57142857143
Kerch Strait,2025-12-22T00:00:00.000Z,11.428571428571429,29419.285714285714
Kerch Strait,2026-03-09T00:00:00.000Z,18.857142857142858,148824.7142857143
Kerch Strait,2026-06-29T00:00:00.000Z,8.285714285714286,39424.57142857143
Kerch Strait,2026-08-03T00:00:00.000Z,0.14285714285714285,262.85714285714283
Gibraltar Strait,2019-01-21T00:00:00.000Z,104.42857142857143,2609259.714285714
Gibraltar Strait,2019-04-08T00:00:00.000Z,120.0,2968171.285714286
Gibraltar Strait,2019-10-21T00:00:00.000Z,130.28571428571428,3243872.1428571427
Gibraltar Strait,2020-04-20T00:00:00.000Z,124.28571428571429,3418172.5714285714
Gibraltar Strait,2020-06-01T00:00:00.000Z,114.71428571428571,3097910.0
Gibraltar Strait,2020-12-07T00:00:00.000Z,125.42857142857143,3260806.4285714286
Gibraltar Strait,2020-12-21T00:00:00.000Z,126.57142857142857,3278332.714285714
Gibraltar Strait,2021-09-27T00:00:00.000Z,141.14285714285714,3449038.4285714286
Gibraltar Strait,2021-12-13T00:00:00.000Z,118.0,3386050.4285714286
Gibraltar Strait,2022-10-17T00:00:00.000Z,139.57142857142858,4278663.714285715
Gibraltar Strait,2022-10-24T00:00:00.000Z,143.0,4050561.5714285714
Gibraltar Strait,2023-01-23T00:00:00.000Z,157.42857142857142,4340483.857142857
Gibraltar Strait,2023-03-06T00:00:00.000Z,141.0,3728568.4285714286
Gibraltar Strait,2023-04-10T00:00:00.000Z,146.28571428571428,4111614.5714285714
Gibraltar Strait,2023-08-07T00:00:00.000Z,150.28571428571428,3992606.1428571427
Gibraltar Strait,2023-09-04T00:00:00.000Z,151.0,4245260.571428572
Gibraltar Strait,2024-02-05T00:00:00.000Z,129.14285714285714,3582508.285714286
Gibraltar Strait,2024-08-19T00:00:00.000Z,128.28571428571428,3438889.4285714286
Gibraltar Strait,2025-01-27T00:00:00.000Z,126.85714285714286,3559697.1428571427
Gibraltar Strait,2025-03-17T00:00:00.000Z,131.0,3718322.8571428573
Gibraltar Strait,2025-08-25T00:00:00.000Z,127.71428571428571,3419998.1428571427
Gibraltar Strait,2025-10-06T00:00:00.000Z,130.57142857142858,3550617.4285714286
Gibraltar Strait,2026-03-09T00:00:00.000Z,142.85714285714286,3616042.285714286
Gibraltar Strait,2026-04-20T00:00:00.000Z,135.28571428571428,3399926.1428571427
Gibraltar Strait,2026-04-27T00:00:00.000Z,133.14285714285714,3586774.0
Taiwan Strait,2019-03-18T00:00:00.000Z,245.57142857142858,4908143.142857143
Taiwan Strait,2019-10-07T00:00:00.000Z,261.0,5460910.0
Taiwan Strait,2019-12-30T00:00:00.000Z,241.14285714285714,5027843.428571428
Taiwan Strait,2020-01-13T00:00:00.000Z,215.57142857142858,4215231.285714285
Taiwan Strait,2020-10-12T00:00:00.000Z,227.71428571428572,4955885.428571428
Taiwan Strait,2021-09-20T00:00:00.000Z,245.28571428571428,5513530.285714285
Taiwan Strait,2022-04-18T00:00:00.000Z,237.28571428571428,5215044.142857143
Taiwan Strait,2022-12-05T00:00:00.000Z,231.57142857142858,5170476.0
Taiwan Strait,2023-01-23T00:00:00.000Z,202.0,4753480.0
Taiwan Strait,2023-03-13T00:00:00.000Z,245.0,5634756.857142857
Taiwan Strait,2023-09-11T00:00:00.000Z,247.71428571428572,5853246.857142857
Taiwan Strait,2023-10-30T00:00:00.000Z,243.42857142857142,5675029.571428572
Taiwan Strait,2023-11-20T00:00:00.000Z,234.0,5525697.142857143
Taiwan Strait,2024-09-16T00:00:00.000Z,213.42857142857142,5234951.714285715
Taiwan Strait,2024-12-09T00:00:00.000Z,252.57142857142858,6007516.857142857
Taiwan Strait,2025-02-10T00:00:00.000Z,226.0,4932767.0
Taiwan Strait,2025-06-09T00:00:00.000Z,234.85714285714286,6022861.0
Taiwan Strait,2026-07-13T00:00:00.000Z,248.14285714285714,6315703.571428572
Bohai Strait,2019-03-04T00:00:00.000Z,134.85714285714286,3727769.1428571427
Bohai Strait,2021-01-18T00:00:00.000Z,210.0,6458962.142857143
Bohai Strait,2021-05-10T00:00:00.000Z,208.14285714285714,5851795.142857143
Bohai Strait,2021-08-16T00:00:00.000Z,183.14285714285714,5434078.571428572
Bohai Strait,2021-12-27T00:00:00.000Z,210.0,6584910.0
Bohai Strait,2022-01-31T00:00:00.000Z,152.42857142857142,4915657.285714285
Bohai Strait,2022-03-14T00:00:00.000Z,158.42857142857142,5015936.857142857
Bohai Strait,2022-04-25T00:00:00.000Z,181.57142857142858,5488176.857142857
Bohai Strait,2022-08-22T00:00:00.000Z,175.28571428571428,5403157.428571428
Bohai Strait,2022-09-12T00:00:00.000Z,154.42857142857142,5236096.571428572
Bohai Strait,2022-12-19T00:00:00.000Z,169.85714285714286,5612576.857142857
Bohai Strait,2023-01-23T00:00:00.000Z,151.0,4809765.857142857
Bohai Strait,2023-03-27T00:00:00.000Z,201.14285714285714,6551082.142857143
Bohai Strait,2023-05-01T00:00:00.000Z,183.28571428571428,5515617.857142857
Bohai Strait,2023-05-15T00:00:00.000Z,150.71428571428572,5118649.0
Bohai Strait,2023-07-17T00:00:00.000Z,187.14285714285714,6005587.0
Bohai Strait,2023-08-07T00:00:00.000Z,192.42857142857142,6965112.714285715
Bohai Strait,2024-01-01T00:00:00.000Z,215.14285714285714,7227344.0
Bohai Strait,2024-03-25T00:00:00.000Z,184.42857142857142,6949835.571428572
Bohai Strait,2025-11-24T00:00:00.000Z,179.14285714285714,7395290.428571428
Bohai Strait,2026-01-26T00:00:00.000Z,176.85714285714286,7272711.428571428
Bohai Strait,2026-07-13T00:00:00.000Z,141.57142857142858,5555103.714285715
Sunda Strait,2019-03-04T00:00:00.000Z,27.428571428571427,745561.8571428572
Sunda Strait,2019-04-15T00:00:00.000Z,25.857142857142858,767944.4285714285
Sunda Strait,2019-07-08T00:00:00.000Z,25.142857142857142,850247.1428571428
Sunda Strait,2019-07-22T00:00:00.000Z,23.142857142857142,729026.8571428572
Sunda Strait,2019-11-18T00:00:00.000Z,30.428571428571427,952576.7142857143
Sunda Strait,2019-12-30T00:00:00.000Z,25.142857142857142,818569.2857142857
Sunda Strait,2020-04-27T00:00:00.000Z,26.857142857142858,919186.1428571428
Sunda Strait,2020-07-20T00:00:00.000Z,24.714285714285715,808362.0
Sunda Strait,2020-08-31T00:00:00.000Z,27.285714285714285,768108.0
Sunda Strait,2021-02-15T00:00:00.000Z,31.428571428571427,801561.8571428572
Sunda Strait,2021-03-01T00:00:00.000Z,31.714285714285715,1028912.0
Sunda Strait,2021-06-28T00:00:00.000Z,28.714285714285715,973681.7142857143
Sunda Strait,2021-08-09T00:00:00.000Z,25.0,847164.2857142857
Sunda Strait,2021-10-18T00:00:00.000Z,23.857142857142858,765133.1428571428
Sunda Strait,2022-03-14T00:00:00.000Z,24.142857142857142,759427.2857142857
Sunda Strait,2022-06-20T00:00:00.000Z,25.428571428571427,1124046.7142857143
Sunda Strait,2022-12-19T00:00:00.000Z,28.428571428571427,1025476.2857142857
Sunda Strait,2022-12-26T00:00:00.000Z,28.857142857142858,799740.8571428572
Sunda Strait,2023-06-12T00:00:00.000Z,35.42857142857143,1609751.4285714286
Sunda Strait,2023-08-14T00:00:00.000Z,31.428571428571427,1171630.4285714286
Sunda Strait,2024-02-12T00:00:00.000Z,31.142857142857142,1034983.4285714285
Sunda Strait,2024-08-12T00:00:00.000Z,32.57142857142857,1111174.4285714286
Sunda Strait,2024-09-23T00:00:00.000Z,36.0,1312795.142857143
Sunda Strait,2024-10-07T00:00:00.000Z,34.0,1558920.4285714286
Sunda Strait,2024-10-14T00:00:00.000Z,32.57142857142857,1025851.1428571428
Sunda Strait,2025-02-17T00:00:00.000Z,30.714285714285715,878276.7142857143
Sunda Strait,2025-11-24T00:00:00.000Z,33.0,1267475.2857142857
Sunda Strait,2025-12-01T00:00:00.000Z,36.714285714285715,1680559.4285714286
Sunda Strait,2026-01-12T00:00:00.000Z,36.42857142857143,1636094.4285714286
Sunda Strait,2026-03-02T00:00:00.000Z,30.571428571428573,1213053.857142857
Mona Passage,2019-01-07T00:00:00.000Z,11.714285714285714,305329.14285714284
Mona Passage,2019-08-26T00:00:00.000Z,11.0,308128.5714285714
Mona Passage,2020-01-20T00:00:00.000Z,9.142857142857142,208548.85714285713
Mona Passage,2020-04-20T00:00:00.000Z,11.0,333601.0
Mona Passage,2020-10-19T00:00:00.000Z,9.571428571428571,255731.0
Mona Passage,2020-11-30T00:00:00.000Z,10.428571428571429,329610.71428571426
Mona Passage,2021-10-04T00:00:00.000Z,11.714285714285714,300208.71428571426
Mona Passage,2022-01-10T00:00:00.000Z,9.571428571428571,222193.7142857143
Mona Passage,2022-08-08T00:00:00.000Z,11.714285714285714,255688.42857142858
Mona Passage,2022-10-10T00:00:00.000Z,12.857142857142858,250757.2857142857
Mona Passage,2023-03-06T00:00:00.000Z,9.714285714285714,275920.5714285714
Mona Passage,2023-07-17T00:00:00.000Z,11.0,288085.14285714284
Mona Passage,2024-03-04T00:00:00.000Z,10.571428571428571,224359.85714285713
Mona Passage,2024-10-07T00:00:00.000Z,9.428571428571429,281851.5714285714
Mona Passage,2025-06-02T00:00:00.000Z,11.428571428571429,302856.85714285716
Mona Passage,2025-06-30T00:00:00.000Z,10.571428571428571,288985.14285714284
Mona Passage,2025-09-15T00:00:00.000Z,8.142857142857142,171500.57142857142
Mona Passage,2026-02-09T00:00:00.000Z,10.142857142857142,259263.0
Mona Passage,2026-03-23T00:00:00.000Z,11.285714285714286,316557.0
Bering Strait,2019-01-07T00:00:00.000Z,2.7142857142857144,39492.57142857143
Bering Strait,2019-07-15T00:00:00.000Z,1.0,14904.857142857143
Bering Strait,2019-07-22T00:00:00.000Z,1.1428571428571428,6331.142857142857
Bering Strait,2020-07-20T00:00:00.000Z,1.4285714285714286,13659.57142857143
Bering Strait,2020-11-09T00:00:00.000Z,0.8571428571428571,1653.2857142857142
Bering Strait,2020-12-21T00:00:00.000Z,0.0,0.0
Bering Strait,2021-02-22T00:00:00.000Z,0.0,0.0
Bering Strait,2021-09-06T00:00:00.000Z,2.2857142857142856,18498.571428571428
Bering Strait,2021-11-08T00:00:00.000Z,0.5714285714285714,14525.857142857143
Bering Strait,2021-11-15T00:00:00.000Z,1.2857142857142858,45861.71428571428
Bering Strait,2022-01-10T00:00:00.000Z,0.14285714285714285,0.0
Bering Strait,2022-10-24T00:00:00.000Z,1.0,12552.42857142857
Bering Strait,2022-11-28T00:00:00.000Z,0.2857142857142857,5399.857142857143
Bering Strait,2023-04-10T00:00:00.000Z,0.0,0.0
Bering Strait,2023-04-17T00:00:00.000Z,0.0,0.0
Bering Strait,2023-11-13T00:00:00.000Z,0.42857142857142855,1227.0
Bering Strait,2024-04-01T00:00:00.000Z,0.0,0.0
Bering Strait,2024-12-02T00:00:00.000Z,0.7142857142857143,26583.85714285714
Bering Strait,2025-10-06T00:00:00.000Z,4.142857142857143,78999.57142857143
Bering Strait,2025-12-01T00:00:00.000Z,0.2857142857142857,12943.857142857143
Bering Strait,2026-05-18T00:00:00.000Z,0.14285714285714285,291.0
Bering Strait,2026-06-15T00:00:00.000Z,0.2857142857142857,10992.857142857143
Bering Strait,2026-07-20T00:00:00.000Z,2.142857142857143,29171.0
Strait of Hormuz,2019-04-08T00:00:00.000Z,61.714285714285715,2107806.8571428573
Strait of Hormuz,2019-04-15T00:00:00.000Z,76.57142857142857,3230320.4285714286
Strait of Hormuz,2019-06-17T00:00:00.000Z,77.14285714285714,3199937.1428571427
Strait of Hormuz,2019-07-15T00:00:00.000Z,78.0,3026262.285714286
Strait of Hormuz,2019-10-07T00:00:00.000Z,66.28571428571429,2741889.0
Strait of Hormuz,2019-11-18T00:00:00.000Z,50.0,1432133.5714285714
Strait of Hormuz,2020-01-27T00:00:00.000Z,57.42857142857143,1926921.7142857143
Strait of Hormuz,2020-02-24T00:00:00.000Z,58.857142857142854,2124996.714285714
Strait of Hormuz,2020-07-20T00:00:00.000Z,84.42857142857143,3121242.0
Strait of Hormuz,2020-09-28T00:00:00.000Z,90.0,3269854.0
Strait of Hormuz,2021-02-15T00:00:00.000Z,73.71428571428571,2788964.8571428573
Strait of Hormuz,2021-03-29T00:00:00.000Z,92.0,3668321.1428571427
Strait of Hormuz,2021-05-03T00:00:00.000Z,81.0,3531964.1428571427
Strait of Hormuz,2021-06-07T00:00:00.000Z,88.85714285714286,3589225.1428571427
Strait of Hormuz,2022-01-24T00:00:00.000Z,91.57142857142857,4104623.5714285714
Strait of Hormuz,2022-07-11T00:00:00.000Z,94.57142857142857,4129749.714285714
Strait of Hormuz,2022-09-05T00:00:00.000Z,95.14285714285714,4085948.4285714286
Strait of Hormuz,2022-10-17T00:00:00.000Z,105.14285714285714,3880599.5714285714
Strait of Hormuz,2022-12-05T00:00:00.000Z,76.71428571428571,3107282.8571428573
Strait of Hormuz,2023-02-06T00:00:00.000Z,85.14285714285714,3508952.285714286
Strait of Hormuz,2023-02-13T00:00:00.000Z,87.71428571428571,3452949.8571428573
Strait of Hormuz,2023-06-05T00:00:00.000Z,106.71428571428571,4458895.142857143
Strait of Hormuz,2023-06-26T00:00:00.000Z,103.42857142857143,3989381.8571428573
Strait of Hormuz,2023-07-03T00:00:00.000Z,104.0,4277602.857142857
Strait of Hormuz,2023-07-17T00:00:00.000Z,103.0,4059920.714285714
Strait of Hormuz,2023-09-18T00:00:00.000Z,105.71428571428571,3772007.0
Strait of Hormuz,2023-10-16T00:00:00.000Z,85.14285714285714,3366912.4285714286
Strait of Hormuz,2023-12-18T00:00:00.000Z,72.85714285714286,2614375.714285714
Strait of Hormuz,2024-02-19T00:00:00.000Z,70.85714285714286,2906073.285714286
Strait of Hormuz,2024-03-04T00:00:00.000Z,80.85714285714286,3426379.714285714
Strait of Hormuz,2024-04-29T00:00:00.000Z,97.57142857142857,3726323.0
Strait of Hormuz,2024-06-24T00:00:00.000Z,106.14285714285714,4032217.8571428573
Strait of Hormuz,2024-09-02T00:00:00.000Z,104.85714285714286,3957514.8571428573
Strait of Hormuz,2025-02-17T00:00:00.000Z,80.71428571428571,2910576.1428571427
Strait of Hormuz,2025-07-21T00:00:00.000Z,92.71428571428571,3575940.0
Strait of Hormuz,2025-08-11T00:00:00.000Z,105.14285714285714,3842791.8571428573
Strait of Hormuz,2026-02-16T00:00:00.000Z,94.28571428571429,3766753.8571428573
Cape of Good Hope,2019-01-28T00:00:00.000Z,46.142857142857146,2336285.714285714
Cape of Good Hope,2019-02-04T00:00:00.000Z,53.0,2627840.285714286
Cape of Good Hope,2019-05-20T00:00:00.000Z,44.714285714285715,2301743.8571428573
Cape of Good Hope,2019-09-09T00:00:00.000Z,52.857142857142854,3362250.5714285714
Cape of Good Hope,2020-03-16T00:00:00.000Z,45.0,2439219.4285714286
Cape of Good Hope,2020-09-21T00:00:00.000Z,52.285714285714285,3153849.1428571427
Cape of Good Hope,2020-11-09T00:00:00.000Z,50.285714285714285,3007959.285714286
Cape of Good Hope,2020-11-16T00:00:00.000Z,49.42857142857143,2525948.1428571427
Cape of Good Hope,2020-11-30T00:00:00.000Z,39.142857142857146,2073535.857142857
Cape of Good Hope,2021-01-25T00:00:00.000Z,41.57142857142857,2754822.1428571427
Cape of Good Hope,2021-05-03T00:00:00.000Z,48.42857142857143,2627826.714285714
Cape of Good Hope,2021-05-24T00:00:00.000Z,52.857142857142854,2907819.1428571427
Cape of Good Hope,2021-11-08T00:00:00.000Z,47.0,2647537.0
Cape of Good Hope,2022-02-07T00:00:00.000Z,39.0,2338640.0
Cape of Good Hope,2022-02-21T00:00:00.000Z,40.285714285714285,2268871.1428571427
Cape of Good Hope,2022-03-21T00:00:00.000Z,39.0,2407550.285714286
Cape of Good Hope,2022-05-09T00:00:00.000Z,44.142857142857146,2902319.285714286
Cape of Good Hope,2022-11-07T00:00:00.000Z,42.0,2640268.714285714
Cape of Good Hope,2023-01-16T00:00:00.000Z,39.0,2357471.714285714
Cape of Good Hope,2023-01-30T00:00:00.000Z,46.714285714285715,2275965.5714285714
Cape of Good Hope,2023-12-11T00:00:00.000Z,53.285714285714285,3027887.0
Cape of Good Hope,2024-04-22T00:00:00.000Z,89.0,4930962.857142857
Cape of Good Hope,2024-06-03T00:00:00.000Z,101.28571428571429,5879873.285714285
Cape of Good Hope,2024-06-17T00:00:00.000Z,97.14285714285714,6103684.142857143
Cape of Good Hope,2024-10-14T00:00:00.000Z,83.0,5223836.285714285
Cape of Good Hope,2025-04-14T00:00:00.000Z,83.42857142857143,5259627.714285715
Cape of Good Hope,2025-06-23T00:00:00.000Z,81.85714285714286,5250729.857142857
Cape of Good Hope,2026-06-15T00:00:00.000Z,95.57142857142857,5775174.857142857
Suez Canal,2019-01-21T00:00:00.000Z,52.0,2323808.4285714286
Suez Canal,2019-02-11T00:00:00.000Z,50.0,2327956.8571428573
Suez Canal,2019-08-12T00:00:00.000Z,52.57142857142857,2276507.0
Suez Canal,2019-08-26T00:00:00.000Z,55.857142857142854,2611462.4285714286
Suez Canal,2019-11-25T00:00:00.000Z,53.42857142857143,2431326.285714286
Suez Canal,2020-02-24T00:00:00.000Z,52.142857142857146,2364852.1428571427
Suez Canal,2020-04-20T00:00:00.000Z,60.857142857142854,2830617.8571428573
Suez Canal,2020-05-25T00:00:00.000Z,45.714285714285715,2154188.5714285714
Suez Canal,2020-09-07T00:00:00.000Z,49.285714285714285,2285314.285714286
Suez Canal,2020-09-14T00:00:00.000Z,51.42857142857143,2261964.714285714
Suez Canal,2020-10-12T00:00:00.000Z,48.857142857142854,2120606.0
Suez Canal,2021-03-08T00:00:00.000Z,57.857142857142854,2768187.8571428573
Suez Canal,2021-04-05T00:00:00.000Z,71.0,3437986.285714286
Suez Canal,2021-04-26T00:00:00.000Z,50.285714285714285,2426596.285714286
Suez Canal,2021-05-10T00:00:00.000Z,54.714285714285715,2586271.0
Suez Canal,2021-10-11T00:00:00.000Z,63.857142857142854,2745949.8571428573
Suez Canal,2021-12-20T00:00:00.000Z,60.0,2771067.8571428573
Suez Canal,2022-03-28T00:00:00.000Z,62.57142857142857,2882186.0
Suez Canal,2022-05-16T00:00:00.000Z,66.42857142857143,2888222.1428571427
Suez Canal,2023-01-02T00:00:00.000Z,71.28571428571429,3194600.1428571427
Suez Canal,2023-03-13T00:00:00.000Z,74.71428571428571,3460443.0
Suez Canal,2023-07-10T00:00:00.000Z,73.0,3283394.5714285714
Suez Canal,2023-07-31T00:00:00.000Z,65.85714285714286,3087981.8571428573
Suez Canal,2024-03-04T00:00:00.000Z,40.857142857142854,1383542.142857143
Suez Canal,2024-03-11T00:00:00.000Z,38.42857142857143,1370814.2857142857
Suez Canal,2024-05-20T00:00:00.000Z,44.0,1387088.0
Suez Canal,2025-09-15T00:00:00.000Z,39.0,1413476.142857143
Suez Canal,2025-12-01T00:00:00.000Z,40.57142857142857,1570773.857142857
Suez Canal,2026-07-27T00:00:00.000Z,40.857142857142854,1516660.7142857143
Suez Canal,2026-08-10T00:00:00.000Z,40.857142857142854,1341227.7142857143
Korea Strait,2019-06-24T00:00:00.000Z,226.57142857142858,2682398.1428571427
Korea Strait,2019-10-28T00:00:00.000Z,234.28571428571428,2720281.714285714
Korea Strait,2020-02-03T00:00:00.000Z,223.57142857142858,2591019.4285714286
Korea Strait,2020-05-11T00:00:00.000Z,229.85714285714286,2517447.4285714286
Korea Strait,2021-04-26T00:00:00.000Z,229.57142857142858,3069500.285714286
Korea Strait,2021-08-16T00:00:00.000Z,224.85714285714286,2742137.5714285714
Korea Strait,2021-09-20T00:00:00.000Z,231.85714285714286,3286773.0
Korea Strait,2022-06-06T00:00:00.000Z,240.42857142857142,3033191.1428571427
Korea Strait,2022-07-18T00:00:00.000Z,236.57142857142858,3242349.4285714286
Korea Strait,2022-09-12T00:00:00.000Z,228.57142857142858,2808868.714285714
Korea Strait,2023-03-27T00:00:00.000Z,256.85714285714283,3348812.8571428573
Korea Strait,2023-06-12T00:00:00.000Z,246.0,3066219.285714286
Korea Strait,2023-07-31T00:00:00.000Z,252.28571428571428,3190851.4285714286
Korea Strait,2023-09-25T00:00:00.000Z,237.42857142857142,2993673.4285714286
Korea Strait,2025-06-23T00:00:00.000Z,234.71428571428572,3296880.8571428573
Korea Strait,2025-07-07T00:00:00.000Z,223.57142857142858,3163764.5714285714
Korea Strait,2025-10-20T00:00:00.000Z,210.57142857142858,2922097.714285714
Korea Strait,2026-02-23T00:00:00.000Z,191.57142857142858,2709978.1428571427
Korea Strait,2026-03-09T00:00:00.000Z,207.14285714285714,3014527.1428571427
Korea Strait,2026-04-13T00:00:00.000Z,201.0,2869243.285714286
Korea Strait,2026-04-20T00:00:00.000Z,205.71428571428572,3113407.8571428573
Korea Strait,2026-07-13T00:00:00.000Z,212.28571428571428,3202785.1428571427
Korea Strait,2026-08-03T00:00:00.000Z,218.0,3389319.8571428573
Lombok Strait,2019-08-05T00:00:00.000Z,32.285714285714285,2118413.4285714286
Lombok Strait,2020-08-17T00:00:00.000Z,35.0,2349111.285714286
Lombok Strait,2020-08-31T00:00:00.000Z,31.857142857142858,2049983.857142857
Lombok Strait,2020-09-21T00:00:00.000Z,36.285714285714285,2342095.4285714286
Lombok Strait,2020-12-14T00:00:00.000Z,35.0,2353335.1428571427
Lombok Strait,2021-05-17T00:00:00.000Z,37.57142857142857,2549757.714285714
Lombok Strait,2021-08-16T00:00:00.000Z,37.142857142857146,2319524.285714286
Lombok Strait,2021-09-27T00:00:00.000Z,39.142857142857146,3245284.1428571427
Lombok Strait,2021-10-04T00:00:00.000Z,35.714285714285715,2528147.714285714
Lombok Strait,2021-12-13T00:00:00.000Z,40.0,2776407.8571428573
Lombok Strait,2022-04-04T00:00:00.000Z,38.142857142857146,2524463.0
Lombok Strait,2022-08-29T00:00:00.000Z,38.285714285714285,2672090.4285714286
Lombok Strait,2023-01-30T00:00:00.000Z,34.714285714285715,2591031.8571428573
Lombok Strait,2023-02-27T00:00:00.000Z,37.857142857142854,2822526.5714285714
Lombok Strait,2023-05-01T00:00:00.000Z,37.714285714285715,2804380.8571428573
Lombok Strait,2023-05-08T00:00:00.000Z,35.42857142857143,2728042.285714286
Lombok Strait,2023-06-26T00:00:00.000Z,37.714285714285715,2881657.285714286
Lombok Strait,2023-08-07T00:00:00.000Z,36.57142857142857,2951878.5714285714
Lombok Strait,2023-11-06T00:00:00.000Z,38.857142857142854,2625798.0
Lombok Strait,2023-11-13T00:00:00.000Z,38.57142857142857,2800098.1428571427
Lombok Strait,2024-01-01T00:00:00.000Z,39.142857142857146,3258320.5714285714
Lombok Strait,2024-06-17T00:00:00.000Z,41.57142857142857,3095394.285714286
Lombok Strait,2024-10-07T00:00:00.000Z,32.857142857142854,2635883.1428571427
Lombok Strait,2024-10-28T00:00:00.000Z,35.857142857142854,2577555.1428571427
Lombok Strait,2025-06-23T00:00:00.000Z,38.0,2944377.714285714
Lombok Strait,2025-12-08T00:00:00.000Z,30.714285714285715,2666302.0
Lombok Strait,2026-05-25T00:00:00.000Z,38.0,3380895.0
Lombok Strait,2026-06-01T00:00:00.000Z,40.42857142857143,3812873.285714286
Lombok Strait,2026-07-27T00:00:00.000Z,32.57142857142857,2702800.1428571427
Mindoro Strait,2019-02-11T00:00:00.000Z,38.714285714285715,1763373.4285714286
Mindoro Strait,2019-04-29T00:00:00.000Z,48.714285714285715,2433357.714285714
Mindoro Strait,2019-08-05T00:00:00.000Z,49.42857142857143,2173870.1428571427
Mindoro Strait,2019-09-16T00:00:00.000Z,52.142857142857146,2054649.857142857
Mindoro Strait,2019-12-02T00:00:00.000Z,33.285714285714285,1574786.4285714286
Mindoro Strait,2019-12-09T00:00:00.000Z,36.857142857142854,1696590.857142857
Mindoro Strait,2020-01-27T00:00:00.000Z,50.285714285714285,1657294.0
Mindoro Strait,2020-02-24T00:00:00.000Z,41.0,1969006.5714285714
Mindoro Strait,2020-04-20T00:00:00.000Z,37.42857142857143,1943564.142857143
Mindoro Strait,2020-07-13T00:00:00.000Z,54.857142857142854,2021636.2857142857
Mindoro Strait,2020-08-31T00:00:00.000Z,52.142857142857146,2544331.285714286
Mindoro Strait,2020-10-05T00:00:00.000Z,47.142857142857146,2149143.5714285714
Mindoro Strait,2021-02-22T00:00:00.000Z,52.142857142857146,2631565.285714286
Mindoro Strait,2021-06-14T00:00:00.000Z,58.857142857142854,2862454.285714286
Mindoro Strait,2021-10-11T00:00:00.000Z,33.0,2112975.714285714
Mindoro Strait,2021-12-13T00:00:00.000Z,42.0,2158231.8571428573
Mindoro Strait,2022-05-23T00:00:00.000Z,44.42857142857143,2652382.0
Mindoro Strait,2022-06-06T00:00:00.000Z,46.714285714285715,2526549.5714285714
Mindoro Strait,2022-07-25T00:00:00.000Z,46.0,2913833.4285714286
Mindoro Strait,2022-11-14T00:00:00.000Z,49.57142857142857,2901237.0
Mindoro Strait,2023-03-13T00:00:00.000Z,51.57142857142857,2570420.8571428573
Mindoro Strait,2023-04-17T00:00:00.000Z,47.142857142857146,2156630.0
Mindoro Strait,2023-12-04T00:00:00.000Z,53.0,2964195.8571428573
Mindoro Strait,2024-03-11T00:00:00.000Z,54.0,2697661.0
Mindoro Strait,2024-10-28T00:00:00.000Z,46.285714285714285,2389111.285714286
Mindoro Strait,2024-11-18T00:00:00.000Z,38.57142857142857,2277041.285714286
Mindoro Strait,2025-04-07T00:00:00.000Z,34.142857142857146,1829031.857142857
Mindoro Strait,2025-12-08T00:00:00.000Z,17.428571428571427,483557.85714285716
Bosporus Strait,2019-01-14T00:00:00.000Z,103.85714285714286,1085561.2857142857
Bosporus Strait,2019-03-11T00:00:00.000Z,101.42857142857143,1284056.7142857143
Bosporus Strait,2019-08-19T00:00:00.000Z,108.57142857142857,1494729.0
Bosporus Strait,2019-11-11T00:00:00.000Z,108.85714285714286,1322497.142857143
Bosporus Strait,2019-12-09T00:00:00.000Z,118.57142857142857,1606184.4285714286
Bosporus Strait,2020-05-11T00:00:00.000Z,86.0,1004651.1428571428
Bosporus Strait,2021-02-01T00:00:00.000Z,89.42857142857143,1011871.5714285715
Bosporus Strait,2022-03-07T00:00:00.000Z,59.857142857142854,773901.4285714285
Bosporus Strait,2022-06-13T00:00:00.000Z,86.42857142857143,868740.0
Bosporus Strait,2022-08-29T00:00:00.000Z,88.57142857142857,1022544.1428571428
Bosporus Strait,2023-03-20T00:00:00.000Z,102.71428571428571,1262835.2857142857
Bosporus Strait,2023-04-03T00:00:00.000Z,108.71428571428571,1206942.0
Bosporus Strait,2023-06-26T00:00:00.000Z,99.42857142857143,1161221.5714285714
Bosporus Strait,2023-12-18T00:00:00.000Z,105.85714285714286,1360396.2857142857
Bosporus Strait,2024-07-08T00:00:00.000Z,91.57142857142857,1010971.4285714285
Bosporus Strait,2024-09-30T00:00:00.000Z,89.85714285714286,944400.4285714285
Bosporus Strait,2025-01-27T00:00:00.000Z,88.57142857142857,1290957.857142857
Bosporus Strait,2025-06-30T00:00:00.000Z,90.85714285714286,1157927.5714285714
Bosporus Strait,2025-10-13T00:00:00.000Z,101.28571428571429,1244731.4285714286
Bosporus Strait,2025-11-17T00:00:00.000Z,94.85714285714286,1189299.5714285714
Bosporus Strait,2026-07-27T00:00:00.000Z,64.71428571428571,769630.5714285715
Bab el-Mandeb Strait,2018-12-31T00:00:00.000Z,57.0,2798589.1666666665
Bab el-Mandeb Strait,2019-01-14T00:00:00.000Z,52.857142857142854,2200570.5714285714
Bab el-Mandeb Strait,2019-07-22T00:00:00.000Z,53.714285714285715,2290095.285714286
Bab el-Mandeb Strait,2019-10-21T00:00:00.000Z,56.857142857142854,2661995.8571428573
Bab el-Mandeb Strait,2019-11-04T00:00:00.000Z,54.714285714285715,2706643.8571428573
Bab el-Mandeb Strait,2019-11-11T00:00:00.000Z,54.42857142857143,2541832.4285714286
Bab el-Mandeb Strait,2020-06-08T00:00:00.000Z,47.42857142857143,2192960.1428571427
Bab el-Mandeb Strait,2020-08-31T00:00:00.000Z,57.0,2381632.285714286
Bab el-Mandeb Strait,2020-09-28T00:00:00.000Z,57.714285714285715,2517433.5714285714
Bab el-Mandeb Strait,2020-10-19T00:00:00.000Z,51.0,2320638.5714285714
Bab el-Mandeb Strait,2020-12-14T00:00:00.000Z,55.285714285714285,2618609.0
Bab el-Mandeb Strait,2021-04-05T00:00:00.000Z,63.714285714285715,3197942.4285714286
Bab el-Mandeb Strait,2021-05-24T00:00:00.000Z,56.285714285714285,2805311.1428571427
Bab el-Mandeb Strait,2021-06-21T00:00:00.000Z,62.42857142857143,2967437.285714286
Bab el-Mandeb Strait,2021-08-16T00:00:00.000Z,62.714285714285715,2901933.8571428573
Bab el-Mandeb Strait,2021-09-06T00:00:00.000Z,62.142857142857146,3025921.0
Bab el-Mandeb Strait,2021-10-11T00:00:00.000Z,57.42857142857143,2787598.1428571427
Bab el-Mandeb Strait,2022-01-17T00:00:00.000Z,60.857142857142854,2556515.714285714
Bab el-Mandeb Strait,2022-07-18T00:00:00.000Z,68.57142857142857,3075509.5714285714
Bab el-Mandeb Strait,2022-10-10T00:00:00.000Z,70.14285714285714,3022058.4285714286
Bab el-Mandeb Strait,2022-11-21T00:00:00.000Z,75.0,3570042.0
Bab el-Mandeb Strait,2023-02-13T00:00:00.000Z,67.57142857142857,3117641.714285714
Bab el-Mandeb Strait,2023-05-08T00:00:00.000Z,79.71428571428571,3498741.8571428573
Bab el-Mandeb Strait,2023-09-18T00:00:00.000Z,76.85714285714286,3341321.8571428573
Bab el-Mandeb Strait,2024-02-19T00:00:00.000Z,36.142857142857146,1470645.857142857
Bab el-Mandeb Strait,2024-06-03T00:00:00.000Z,33.285714285714285,1241577.7142857143
Bab el-Mandeb Strait,2024-07-29T00:00:00.000Z,30.285714285714285,1130738.7142857143
Bab el-Mandeb Strait,2024-12-09T00:00:00.000Z,38.0,1283668.857142857
Bab el-Mandeb Strait,2025-03-10T00:00:00.000Z,33.42857142857143,1271030.2857142857
Bab el-Mandeb Strait,2025-05-12T00:00:00.000Z,34.0,1093828.142857143
Bab el-Mandeb Strait,2025-06-02T00:00:00.000Z,35.285714285714285,1245977.5714285714
Bab el-Mandeb Strait,2026-07-27T00:00:00.000Z,30.428571428571427,909162.2857142857
Malacca Strait,2019-09-02T00:00:00.000Z,170.42857142857142,6385282.428571428
Malacca Strait,2019-12-30T00:00:00.000Z,181.71428571428572,7176730.285714285
Malacca Strait,2020-05-04T00:00:00.000Z,153.28571428571428,5939259.714285715
Malacca Strait,2020-08-31T00:00:00.000Z,158.0,6347963.571428572
Malacca Strait,2020-11-23T00:00:00.000Z,164.14285714285714,6262244.857142857
Malacca Strait,2020-12-21T00:00:00.000Z,174.57142857142858,6282799.285714285
Malacca Strait,2021-03-22T00:00:00.000Z,156.85714285714286,6119879.285714285
Malacca Strait,2021-07-12T00:00:00.000Z,144.71428571428572,5790418.142857143
Malacca Strait,2021-09-20T00:00:00.000Z,141.57142857142858,5863301.285714285
Malacca Strait,2022-03-21T00:00:00.000Z,196.28571428571428,7352989.714285715
Malacca Strait,2022-05-30T00:00:00.000Z,205.14285714285714,7749091.428571428
Malacca Strait,2023-01-16T00:00:00.000Z,211.85714285714286,7371429.285714285
Malacca Strait,2023-03-20T00:00:00.000Z,214.71428571428572,7632320.428571428
Malacca Strait,2023-09-04T00:00:00.000Z,213.0,7929812.571428572
Malacca Strait,2024-03-18T00:00:00.000Z,219.42857142857142,8472979.57142857
Malacca Strait,2024-06-17T00:00:00.000Z,222.14285714285714,7980632.714285715
Malacca Strait,2025-03-03T00:00:00.000Z,215.71428571428572,7953878.857142857
Malacca Strait,2025-06-09T00:00:00.000Z,234.85714285714286,8828428.42857143
Malacca Strait,2025-06-30T00:00:00.000Z,241.57142857142858,9386188.142857144
Malacca Strait,2025-07-28T00:00:00.000Z,228.71428571428572,9032224.142857144
Malacca Strait,2026-07-27T00:00:00.000Z,225.0,7767151.285714285
Malacca Strait,2026-08-17T00:00:00.000Z,203.71428571428572,7077961.285714285
Oresund Strait,2018-12-31T00:00:00.000Z,42.166666666666664,60602.666666666664
Oresund Strait,2019-03-11T00:00:00.000Z,46.714285714285715,117803.28571428571
Oresund Strait,2019-06-10T00:00:00.000Z,55.57142857142857,106670.14285714286
Oresund Strait,2019-07-22T00:00:00.000Z,51.285714285714285,114459.28571428571
Oresund Strait,2019-09-02T00:00:00.000Z,54.857142857142854,96161.14285714286
Oresund Strait,2019-09-09T00:00:00.000Z,51.714285714285715,96461.28571428571
Oresund Strait,2019-11-25T00:00:00.000Z,50.714285714285715,97574.14285714286
Oresund Strait,2019-12-16T00:00:00.000Z,56.142857142857146,214098.85714285713
Oresund Strait,2020-06-15T00:00:00.000Z,56.57142857142857,104633.28571428571
Oresund Strait,2020-07-20T00:00:00.000Z,56.0,105470.14285714286
Oresund Strait,2020-08-10T00:00:00.000Z,61.0,105016.85714285714
Oresund Strait,2020-09-21T00:00:00.000Z,50.857142857142854,105446.0
Oresund Strait,2020-10-12T00:00:00.000Z,58.857142857142854,134373.42857142858
Oresund Strait,2021-06-14T00:00:00.000Z,55.285714285714285,119286.14285714286
Oresund Strait,2022-03-28T00:00:00.000Z,47.0,93344.71428571429
Oresund Strait,2022-12-12T00:00:00.000Z,43.0,65346.57142857143
Oresund Strait,2023-05-29T00:00:00.000Z,47.0,105302.57142857143
Oresund Strait,2023-09-04T00:00:00.000Z,46.57142857142857,87456.71428571429
Oresund Strait,2023-09-18T00:00:00.000Z,43.0,83072.71428571429
Oresund Strait,2023-11-06T00:00:00.000Z,44.857142857142854,101726.85714285714
Oresund Strait,2024-03-04T00:00:00.000Z,47.285714285714285,86006.28571428571
Oresund Strait,2025-06-09T00:00:00.000Z,46.285714285714285,95663.57142857143
Oresund Strait,2025-07-28T00:00:00.000Z,42.57142857142857,92658.28571428571
Oresund Strait,2025-10-13T00:00:00.000Z,48.285714285714285,97791.71428571429
Oresund Strait,2025-12-08T00:00:00.000Z,48.42857142857143,97325.71428571429
Luzon Strait,2019-03-18T00:00:00.000Z,59.285714285714285,3507446.0
Luzon Strait,2019-04-29T00:00:00.000Z,67.14285714285714,3951496.0
Luzon Strait,2019-05-06T00:00:00.000Z,58.57142857142857,3230154.0
Luzon Strait,2019-07-29T00:00:00.000Z,63.142857142857146,3242676.8571428573
Luzon Strait,2019-09-09T00:00:00.000Z,67.14285714285714,4059813.8571428573
Luzon Strait,2019-10-07T00:00:00.000Z,59.142857142857146,3308082.4285714286
Luzon Strait,2020-01-06T00:00:00.000Z,64.42857142857143,3451377.8571428573
Luzon Strait,2020-06-01T00:00:00.000Z,65.14285714285714,4062600.4285714286
Luzon Strait,2020-07-13T00:00:00.000Z,65.0,3484254.1428571427
Luzon Strait,2021-04-26T00:00:00.000Z,67.85714285714286,4166858.5714285714
Luzon Strait,2021-08-16T00:00:00.000Z,53.714285714285715,3446729.4285714286
Luzon Strait,2021-10-18T00:00:00.000Z,65.0,4114296.5714285714
Luzon Strait,2022-05-02T00:00:00.000Z,86.85714285714286,5443202.0
Luzon Strait,2022-06-06T00:00:00.000Z,87.42857142857143,5331571.285714285
Luzon Strait,2022-06-27T00:00:00.000Z,85.71428571428571,6118915.714285715
Luzon Strait,2022-08-29T00:00:00.000Z,60.142857142857146,3690733.285714286
Luzon Strait,2022-10-17T00:00:00.000Z,98.85714285714286,6233947.0
Luzon Strait,2023-04-10T00:00:00.000Z,71.85714285714286,4382599.0
Luzon Strait,2023-05-22T00:00:00.000Z,60.42857142857143,3543584.8571428573
Luzon Strait,2023-06-26T00:00:00.000Z,72.85714285714286,4313240.857142857
Luzon Strait,2023-09-25T00:00:00.000Z,73.71428571428571,4244909.428571428
Luzon Strait,2023-11-06T00:00:00.000Z,74.0,4362524.142857143
Luzon Strait,2024-05-27T00:00:00.000Z,96.14285714285714,7084101.428571428
Luzon Strait,2024-09-02T00:00:00.000Z,77.85714285714286,4983433.285714285
Luzon Strait,2025-07-14T00:00:00.000Z,66.14285714285714,3870443.8571428573
Luzon Strait,2025-09-08T00:00:00.000Z,62.285714285714285,3943053.4285714286
Luzon Strait,2025-09-22T00:00:00.000Z,80.14285714285714,4880667.714285715
Luzon Strait,2026-02-23T00:00:00.000Z,67.28571428571429,3879375.4285714286
Luzon Strait,2026-04-20T00:00:00.000Z,59.42857142857143,3217596.8571428573
Luzon Strait,2026-07-20T00:00:00.000Z,108.14285714285714,7078560.142857143
Ombai Strait,2019-01-07T00:00:00.000Z,11.0,507895.5714285714
Ombai Strait,2019-05-20T00:00:00.000Z,13.142857142857142,923632.7142857143
Ombai Strait,2019-07-15T00:00:00.000Z,12.428571428571429,674152.5714285715
Ombai Strait,2019-07-29T00:00:00.000Z,12.857142857142858,612715.1428571428
Ombai Strait,2020-04-27T00:00:00.000Z,14.714285714285714,721738.2857142857
Ombai Strait,2020-05-04T00:00:00.000Z,12.714285714285714,527234.4285714285
Ombai Strait,2020-06-01T00:00:00.000Z,12.285714285714286,793679.0
Ombai Strait,2020-07-27T00:00:00.000Z,10.714285714285714,563581.2857142857
Ombai Strait,2020-08-03T00:00:00.000Z,11.428571428571429,430545.71428571426
Ombai Strait,2020-08-24T00:00:00.000Z,12.714285714285714,594590.0
Ombai Strait,2020-11-02T00:00:00.000Z,12.428571428571429,602799.2857142857
Ombai Strait,2020-11-16T00:00:00.000Z,12.571428571428571,428646.4285714286
Ombai Strait,2021-03-01T00:00:00.000Z,11.428571428571429,450293.14285714284
Ombai Strait,2021-03-29T00:00:00.000Z,11.428571428571429,476627.4285714286
Ombai Strait,2021-04-05T00:00:00.000Z,12.571428571428571,467973.28571428574
Ombai Strait,2022-08-15T00:00:00.000Z,11.285714285714286,328262.0
Ombai Strait,2023-01-16T00:00:00.000Z,10.857142857142858,311614.0
Ombai Strait,2023-02-20T00:00:00.000Z,10.0,361200.5714285714
Ombai Strait,2023-05-15T00:00:00.000Z,9.0,242064.85714285713
Ombai Strait,2023-06-19T00:00:00.000Z,10.285714285714286,461972.85714285716
Ombai Strait,2024-04-29T00:00:00.000Z,11.571428571428571,620146.7142857143
Ombai Strait,2024-07-08T00:00:00.000Z,10.571428571428571,374172.4285714286
Ombai Strait,2024-07-22T00:00:00.000Z,12.142857142857142,431563.28571428574
Ombai Strait,2024-11-25T00:00:00.000Z,10.857142857142858,563224.7142857143
Ombai Strait,2025-09-29T00:00:00.000Z,12.571428571428571,1007507.4285714285
Ombai Strait,2025-10-20T00:00:00.000Z,10.714285714285714,957511.5714285715
Ombai Strait,2025-11-10T00:00:00.000Z,10.571428571428571,622318.1428571428
Ombai Strait,2025-12-15T00:00:00.000Z,8.142857142857142,500953.4285714286
Ombai Strait,2026-02-23T00:00:00.000Z,10.571428571428571,1272878.5714285714
Ombai Strait,2026-07-06T00:00:00.000Z,9.714285714285714,1286585.857142857
Torres Strait,2019-01-21T00:00:00.000Z,9.714285714285714,188519.0
Torres Strait,2019-05-27T00:00:00.000Z,7.142857142857143,130492.71428571429
Torres Strait,2019-11-11T00:00:00.000Z,7.428571428571429,125394.57142857143
Torres Strait,2020-01-20T00:00:00.000Z,10.142857142857142,192738.42857142858
Torres Strait,2020-07-27T00:00:00.000Z,9.571428571428571,203387.57142857142
Torres Strait,2020-09-14T00:00:00.000Z,11.142857142857142,239409.2857142857
Torres Strait,2020-11-30T00:00:00.000Z,8.0,193465.0
Torres Strait,2021-02-15T00:00:00.000Z,9.571428571428571,191694.42857142858
Torres Strait,2021-02-22T00:00:00.000Z,8.285714285714286,207393.7142857143
Torres Strait,2021-07-19T00:00:00.000Z,9.142857142857142,168424.42857142858
Torres Strait,2022-04-11T00:00:00.000Z,9.142857142857142,206211.0
Torres Strait,2022-08-01T00:00:00.000Z,9.428571428571429,192967.7142857143
Torres Strait,2022-08-08T00:00:00.000Z,10.0,199874.14285714287
Torres Strait,2022-10-10T00:00:00.000Z,9.428571428571429,200631.0
Torres Strait,2022-10-17T00:00:00.000Z,10.571428571428571,248565.85714285713
Torres Strait,2022-10-31T00:00:00.000Z,9.0,212212.0
Torres Strait,2023-01-30T00:00:00.000Z,9.142857142857142,234049.7142857143
Torres Strait,2023-09-18T00:00:00.000Z,11.0,222416.85714285713
Torres Strait,2023-12-04T00:00:00.000Z,8.571428571428571,218286.7142857143
Torres Strait,2024-01-01T00:00:00.000Z,10.857142857142858,223660.85714285713
Torres Strait,2024-02-05T00:00:00.000Z,8.571428571428571,177303.85714285713
Torres Strait,2024-08-12T00:00:00.000Z,9.714285714285714,157274.2857142857
Torres Strait,2024-12-09T00:00:00.000Z,7.571428571428571,149484.85714285713
Torres Strait,2025-11-03T00:00:00.000Z,9.428571428571429,172578.42857142858
Torres Strait,2025-12-15T00:00:00.000Z,8.285714285714286,163790.2857142857
Magellan Strait,2020-02-10T00:00:00.000Z,1.4285714285714286,29664.571428571428
Magellan Strait,2020-03-02T00:00:00.000Z,2.5714285714285716,50073.28571428572
Magellan Strait,2021-06-07T00:00:00.000Z,3.5714285714285716,93542.71428571429
Magellan Strait,2021-07-19T00:00:00.000Z,3.0,59744.857142857145
Magellan Strait,2021-08-30T00:00:00.000Z,5.428571428571429,199002.42857142858
Magellan Strait,2021-09-27T00:00:00.000Z,5.142857142857143,179515.42857142858
Magellan Strait,2022-06-06T00:00:00.000Z,4.142857142857143,101716.28571428571
Magellan Strait,2022-10-24T00:00:00.000Z,4.714285714285714,144773.0
Magellan Strait,2023-01-16T00:00:00.000Z,3.0,104939.57142857143
Magellan Strait,2023-02-27T00:00:00.000Z,3.7142857142857144,128321.0
Magellan Strait,2023-11-20T00:00:00.000Z,4.571428571428571,119044.85714285714
Magellan Strait,2023-12-18T00:00:00.000Z,8.714285714285714,269976.28571428574
Magellan Strait,2024-01-08T00:00:00.000Z,5.571428571428571,126598.14285714286
Magellan Strait,2024-01-15T00:00:00.000Z,6.571428571428571,177429.7142857143
Magellan Strait,2024-06-24T00:00:00.000Z,3.857142857142857,126072.28571428571
Magellan Strait,2024-12-02T00:00:00.000Z,2.857142857142857,78041.85714285714
Magellan Strait,2025-09-08T00:00:00.000Z,4.571428571428571,120220.42857142857
Magellan Strait,2025-11-24T00:00:00.000Z,3.4285714285714284,122784.0
Magellan Strait,2025-12-08T00:00:00.000Z,3.0,92098.28571428571
Magellan Strait,2026-02-16T00:00:00.000Z,2.857142857142857,72326.28571428571
Magellan Strait,2026-06-29T00:00:00.000Z,5.428571428571429,218451.85714285713
Balabac Strait,2019-09-30T00:00:00.000Z,11.142857142857142,197408.85714285713
Balabac Strait,2019-11-25T00:00:00.000Z,12.857142857142858,317568.4285714286
Balabac Strait,2019-12-09T00:00:00.000Z,11.0,289156.5714285714
Balabac Strait,2019-12-16T00:00:00.000Z,8.428571428571429,190657.85714285713
Balabac Strait,2020-07-13T00:00:00.000Z,8.0,144411.0
Balabac Strait,2020-11-23T00:00:00.000Z,9.285714285714286,292384.0
Balabac Strait,2020-12-21T00:00:00.000Z,10.142857142857142,315174.0
Balabac Strait,2020-12-28T00:00:00.000Z,9.285714285714286,232158.42857142858
Balabac Strait,2021-01-11T00:00:00.000Z,9.571428571428571,210772.85714285713
Balabac Strait,2021-07-05T00:00:00.000Z,9.142857142857142,253071.7142857143
Balabac Strait,2021-11-08T00:00:00.000Z,6.142857142857143,207714.57142857142
Balabac Strait,2023-04-24T00:00:00.000Z,10.0,348556.4285714286
Balabac Strait,2023-05-22T00:00:00.000Z,8.714285714285714,294627.0
Balabac Strait,2023-07-24T00:00:00.000Z,10.571428571428571,353655.0
Balabac Strait,2024-05-06T00:00:00.000Z,10.857142857142858,259296.0
Balabac Strait,2024-05-20T00:00:00.000Z,10.571428571428571,257862.2857142857
Balabac Strait,2024-11-25T00:00:00.000Z,12.285714285714286,281679.14285714284
Balabac Strait,2025-01-20T00:00:00.000Z,11.0,199778.57142857142
Balabac Strait,2025-02-17T00:00:00.000Z,10.285714285714286,132226.2857142857
Balabac Strait,2025-05-05T00:00:00.000Z,10.571428571428571,241203.85714285713
Balabac Strait,2025-05-26T00:00:00.000Z,8.142857142857142,175472.7142857143
Balabac Strait,2025-08-25T00:00:00.000Z,7.142857142857143,208600.7142857143
Balabac Strait,2026-07-06T00:00:00.000Z,12.428571428571429,290129.28571428574
Dover Strait,2019-01-21T00:00:00.000Z,160.0,2739312.8571428573
Dover Strait,2019-04-01T00:00:00.000Z,175.42857142857142,3186416.5714285714
Dover Strait,2019-05-27T00:00:00.000Z,153.85714285714286,2753001.285714286
Dover Strait,2019-07-15T00:00:00.000Z,158.71428571428572,2759429.285714286
Dover Strait,2019-08-12T00:00:00.000Z,154.42857142857142,2887335.1428571427
Dover Strait,2019-09-16T00:00:00.000Z,158.28571428571428,2684658.1428571427
Dover Strait,2020-04-27T00:00:00.000Z,142.42857142857142,2982367.285714286
Dover Strait,2020-09-14T00:00:00.000Z,154.71428571428572,2393344.0
Dover Strait,2020-11-23T00:00:00.000Z,169.14285714285714,2835252.4285714286
Dover Strait,2020-12-14T00:00:00.000Z,163.71428571428572,2883640.8571428573
Dover Strait,2021-04-05T00:00:00.000Z,154.28571428571428,2716453.8571428573
Dover Strait,2021-08-23T00:00:00.000Z,154.85714285714286,2569771.714285714
Dover Strait,2021-10-25T00:00:00.000Z,162.71428571428572,3139456.1428571427
Dover Strait,2022-04-18T00:00:00.000Z,162.85714285714286,3080100.1428571427
Dover Strait,2022-10-17T00:00:00.000Z,173.42857142857142,3602917.4285714286
Dover Strait,2023-01-16T00:00:00.000Z,172.57142857142858,3476535.714285714
Dover Strait,2024-05-27T00:00:00.000Z,172.42857142857142,3523404.4285714286
Dover Strait,2024-11-04T00:00:00.000Z,178.71428571428572,3681459.0
Dover Strait,2025-01-27T00:00:00.000Z,168.0,3804025.8571428573
Dover Strait,2025-03-03T00:00:00.000Z,186.42857142857142,3700825.8571428573
Dover Strait,2025-04-21T00:00:00.000Z,171.14285714285714,3831813.0
Dover Strait,2025-12-01T00:00:00.000Z,158.28571428571428,3325109.0
Dover Strait,2025-12-22T00:00:00.000Z,166.14285714285714,3817358.8571428573
Dover Strait,2026-02-23T00:00:00.000Z,191.71428571428572,3746709.714285714
Dover Strait,2026-03-16T00:00:00.000Z,200.42857142857142,4319715.857142857
Dover Strait,2026-03-30T00:00:00.000Z,180.57142857142858,3619464.4285714286
Dover Strait,2026-08-17T00:00:00.000Z,149.0,2891135.285714286
Tsugaru Strait,2019-01-28T00:00:00.000Z,44.714285714285715,831802.5714285715
Tsugaru Strait,2019-03-11T00:00:00.000Z,49.714285714285715,1017134.5714285715
Tsugaru Strait,2019-04-22T00:00:00.000Z,47.142857142857146,1110697.0
Tsugaru Strait,2019-08-19T00:00:00.000Z,49.857142857142854,986299.4285714285
Tsugaru Strait,2019-11-18T00:00:00.000Z,44.857142857142854,845803.7142857143
Tsugaru Strait,2020-10-12T00:00:00.000Z,57.57142857142857,1219740.857142857
Tsugaru Strait,2021-06-28T00:00:00.000Z,54.57142857142857,1242651.142857143
Tsugaru Strait,2021-08-30T00:00:00.000Z,61.42857142857143,1252623.7142857143
Tsugaru Strait,2022-02-07T00:00:00.000Z,50.285714285714285,833402.0
Tsugaru Strait,2022-05-02T00:00:00.000Z,44.42857142857143,941231.7142857143
Tsugaru Strait,2022-06-27T00:00:00.000Z,51.857142857142854,1089851.0
Tsugaru Strait,2022-11-21T00:00:00.000Z,39.285714285714285,869446.5714285715
Tsugaru Strait,2023-05-01T00:00:00.000Z,40.714285714285715,938649.7142857143
Tsugaru Strait,2023-09-11T00:00:00.000Z,53.857142857142854,1098806.857142857
Tsugaru Strait,2024-01-15T00:00:00.000Z,37.42857142857143,809508.5714285715
Tsugaru Strait,2024-04-01T00:00:00.000Z,47.142857142857146,892406.0
Tsugaru Strait,2024-04-08T00:00:00.000Z,47.42857142857143,1098484.0
Tsugaru Strait,2024-08-26T00:00:00.000Z,56.714285714285715,1206236.0
Tsugaru Strait,2024-12-23T00:00:00.000Z,35.0,940402.5714285715
Tsugaru Strait,2025-06-16T00:00:00.000Z,50.142857142857146,1211478.5714285714
Tsugaru Strait,2025-09-29T00:00:00.000Z,48.285714285714285,940564.5714285715
Tsugaru Strait,2025-11-03T00:00:00.000Z,44.42857142857143,833110.5714285715
Tsugaru Strait,2026-01-19T00:00:00.000Z,29.571428571428573,782515.1428571428
Tsugaru Strait,2026-02-16T00:00:00.000Z,42.857142857142854,978120.8571428572
Tsugaru Strait,2026-03-02T00:00:00.000Z,43.857142857142854,1021761.5714285715
Tsugaru Strait,2026-04-06T00:00:00.000Z,43.57142857142857,1076564.2857142857
Tsugaru Strait,2026-05-04T00:00:00.000Z,42.42857142857143,954387.7142857143
Tsugaru Strait,2026-07-20T00:00:00.000Z,53.285714285714285,1248639.0
Panama Canal,2018-12-31T00:00:00.000Z,32.0,793341.8333333334
Panama Canal,2019-01-07T00:00:00.000Z,29.0,768743.0
Panama Canal,2019-03-18T00:00:00.000Z,30.714285714285715,742826.4285714285
Panama Canal,2019-06-17T00:00:00.000Z,29.428571428571427,785750.4285714285
Panama Canal,2019-07-15T00:00:00.000Z,30.571428571428573,805481.4285714285
Panama Canal,2019-09-02T00:00:00.000Z,31.857142857142858,805683.7142857143
Panama Canal,2019-11-18T00:00:00.000Z,34.285714285714285,940212.2857142857
Panama Canal,2020-01-20T00:00:00.000Z,38.142857142857146,843819.4285714285
Panama Canal,2020-02-17T00:00:00.000Z,30.0,774115.8571428572
Panama Canal,2020-02-24T00:00:00.000Z,30.714285714285715,709927.2857142857
Panama Canal,2020-03-23T00:00:00.000Z,30.285714285714285,830824.7142857143
Panama Canal,2021-02-08T00:00:00.000Z,32.0,918530.5714285715
Panama Canal,2021-03-01T00:00:00.000Z,33.714285714285715,877148.2857142857
Panama Canal,2022-05-16T00:00:00.000Z,32.0,942347.2857142857
Panama Canal,2022-11-07T00:00:00.000Z,35.0,1015122.0
Panama Canal,2023-03-13T00:00:00.000Z,32.42857142857143,876236.7142857143
Panama Canal,2023-04-03T00:00:00.000Z,33.714285714285715,913699.4285714285
Panama Canal,2023-04-10T00:00:00.000Z,33.42857142857143,939917.4285714285
Panama Canal,2023-12-25T00:00:00.000Z,21.714285714285715,541029.7142857143
Panama Canal,2024-05-06T00:00:00.000Z,23.142857142857142,576267.8571428572
Panama Canal,2024-08-19T00:00:00.000Z,29.285714285714285,836115.8571428572
Panama Canal,2024-11-18T00:00:00.000Z,27.428571428571427,774346.8571428572
Panama Canal,2025-03-03T00:00:00.000Z,31.857142857142858,896950.5714285715
Panama Canal,2025-04-21T00:00:00.000Z,30.714285714285715,816695.0
Panama Canal,2025-05-19T00:00:00.000Z,31.428571428571427,914891.2857142857
Panama Canal,2025-08-18T00:00:00.000Z,31.285714285714285,855150.1428571428
Panama Canal,2025-09-22T00:00:00.000Z,31.857142857142858,997684.4285714285
Panama Canal,2025-10-06T00:00:00.000Z,32.285714285714285,900544.7142857143
Panama Canal,2025-10-20T00:00:00.000Z,32.857142857142854,907411.8571428572
Panama Canal,2025-12-08T00:00:00.000Z,31.142857142857142,926886.7142857143
Panama Canal,2026-06-29T00:00:00.000Z,32.857142857142854,1004217.4285714285
Makassar Strait,2019-03-04T00:00:00.000Z,51.42857142857143,2215919.4285714286
Makassar Strait,2019-04-08T00:00:00.000Z,47.0,1812618.2857142857
Makassar Strait,2020-04-27T00:00:00.000Z,47.857142857142854,2405352.714285714
Makassar Strait,2020-09-07T00:00:00.000Z,46.285714285714285,2205297.0
Makassar Strait,2021-01-25T00:00:00.000Z,51.142857142857146,2123028.5714285714
Makassar Strait,2021-05-03T00:00:00.000Z,54.714285714285715,2658416.285714286
Makassar Strait,2021-07-26T00:00:00.000Z,47.57142857142857,2534998.285714286
Makassar Strait,2021-08-30T00:00:00.000Z,54.142857142857146,2656223.8571428573
Makassar Strait,2022-04-18T00:00:00.000Z,50.0,2930140.0
Makassar Strait,2022-07-11T00:00:00.000Z,55.714285714285715,2963944.285714286
Makassar Strait,2022-08-01T00:00:00.000Z,53.285714285714285,3267468.714285714
Makassar Strait,2022-11-14T00:00:00.000Z,58.42857142857143,3319768.5714285714
Makassar Strait,2023-01-09T00:00:00.000Z,58.142857142857146,3515896.4285714286
Makassar Strait,2023-05-22T00:00:00.000Z,60.142857142857146,3136570.285714286
Makassar Strait,2023-10-16T00:00:00.000Z,63.857142857142854,3427576.714285714
Makassar Strait,2023-10-30T00:00:00.000Z,60.57142857142857,2993453.5714285714
Makassar Strait,2024-01-22T00:00:00.000Z,55.42857142857143,3073067.8571428573
Makassar Strait,2024-03-25T00:00:00.000Z,58.42857142857143,3608708.714285714
Makassar Strait,2024-05-06T00:00:00.000Z,57.142857142857146,3388548.1428571427
Makassar Strait,2025-04-14T00:00:00.000Z,40.714285714285715,2844202.714285714
Makassar Strait,2025-04-28T00:00:00.000Z,43.857142857142854,2819656.8571428573
Makassar Strait,2025-05-19T00:00:00.000Z,46.57142857142857,3161610.1428571427
Makassar Strait,2026-01-05T00:00:00.000Z,49.142857142857146,3041510.1428571427
Makassar Strait,2026-02-02T00:00:00.000Z,44.714285714285715,2738834.8571428573
Makassar Strait,2026-05-11T00:00:00.000Z,43.285714285714285,2348087.5714285714
Yucatan Channel,2020-01-13T00:00:00.000Z,39.142857142857146,891461.1428571428
Yucatan Channel,2020-01-20T00:00:00.000Z,43.285714285714285,920380.8571428572
Yucatan Channel,2020-05-04T00:00:00.000Z,40.285714285714285,969498.7142857143
Yucatan Channel,2021-05-10T00:00:00.000Z,44.57142857142857,953469.4285714285
Yucatan Channel,2021-10-25T00:00:00.000Z,45.57142857142857,1021976.4285714285
Yucatan Channel,2021-11-29T00:00:00.000Z,47.142857142857146,1143260.2857142857
Yucatan Channel,2022-03-07T00:00:00.000Z,49.57142857142857,1081237.4285714286
Yucatan Channel,2022-11-28T00:00:00.000Z,46.714285714285715,1394421.857142857
Yucatan Channel,2023-02-13T00:00:00.000Z,42.285714285714285,972232.0
Yucatan Channel,2023-03-27T00:00:00.000Z,44.857142857142854,1196043.142857143
Yucatan Channel,2023-05-08T00:00:00.000Z,41.42857142857143,857127.2857142857
Yucatan Channel,2023-06-05T00:00:00.000Z,45.42857142857143,961787.1428571428
Yucatan Channel,2023-11-13T00:00:00.000Z,38.714285714285715,848510.1428571428
Yucatan Channel,2023-12-18T00:00:00.000Z,49.42857142857143,1320582.857142857
Yucatan Channel,2024-03-25T00:00:00.000Z,47.857142857142854,1308510.4285714286
Yucatan Channel,2024-07-15T00:00:00.000Z,50.0,1014054.7142857143
Yucatan Channel,2025-04-28T00:00:00.000Z,47.57142857142857,1072030.142857143
Yucatan Channel,2025-10-06T00:00:00.000Z,51.714285714285715,1162021.5714285714
Yucatan Channel,2026-01-12T00:00:00.000Z,49.857142857142854,1183649.857142857
Yucatan Channel,2026-03-23T00:00:00.000Z,56.285714285714285,1659786.2857142857
Yucatan Channel,2026-03-30T00:00:00.000Z,54.142857142857146,1345641.7142857143
Yucatan Channel,2026-04-13T00:00:00.000Z,60.285714285714285,1499730.5714285714
Yucatan Channel,2026-07-13T00:00:00.000Z,55.57142857142857,1179703.142857143
Yucatan Channel,2026-07-27T00:00:00.000Z,51.142857142857146,1403823.857142857
Windward Passage,2019-12-30T00:00:00.000Z,13.571428571428571,203754.42857142858
Windward Passage,2020-02-03T00:00:00.000Z,14.714285714285714,236624.7142857143
Windward Passage,2020-08-31T00:00:00.000Z,17.428571428571427,229851.2857142857
Windward Passage,2020-10-26T00:00:00.000Z,15.285714285714286,212562.14285714287
Windward Passage,2020-12-07T00:00:00.000Z,18.0,274779.0
Windward Passage,2021-02-15T00:00:00.000Z,15.714285714285714,249687.57142857142
Windward Passage,2021-02-22T00:00:00.000Z,17.571428571428573,344060.5714285714
Windward Passage,2021-04-05T00:00:00.000Z,17.0,304783.28571428574
Windward Passage,2021-06-21T00:00:00.000Z,15.285714285714286,299398.85714285716
Windward Passage,2021-07-12T00:00:00.000Z,16.0,285642.71428571426
Windward Passage,2021-08-02T00:00:00.000Z,17.428571428571427,342539.28571428574
Windward Passage,2021-10-04T00:00:00.000Z,15.142857142857142,356164.5714285714
Windward Passage,2021-10-18T00:00:00.000Z,17.285714285714285,348246.0
Windward Passage,2021-12-27T00:00:00.000Z,15.857142857142858,286964.0
Windward Passage,2022-01-10T00:00:00.000Z,13.142857142857142,216497.42857142858
Windward Passage,2022-02-28T00:00:00.000Z,16.142857142857142,319164.4285714286
Windward Passage,2022-03-21T00:00:00.000Z,16.285714285714285,323441.4285714286
Windward Passage,2022-03-28T00:00:00.000Z,15.571428571428571,268738.5714285714
Windward Passage,2022-10-03T00:00:00.000Z,17.0,232617.14285714287
Windward Passage,2023-10-16T00:00:00.000Z,15.857142857142858,228300.57142857142
Windward Passage,2024-04-08T00:00:00.000Z,16.285714285714285,267973.14285714284
Windward Passage,2024-04-29T00:00:00.000Z,13.857142857142858,197757.2857142857
Windward Passage,2024-09-09T00:00:00.000Z,13.285714285714286,245056.57142857142
Windward Passage,2024-09-16T00:00:00.000Z,16.714285714285715,306194.14285714284
Windward Passage,2024-10-14T00:00:00.000Z,14.857142857142858,330263.28571428574
Windward Passage,2024-11-11T00:00:00.000Z,15.142857142857142,210538.14285714287
Windward Passage,2025-01-20T00:00:00.000Z,13.857142857142858,236514.85714285713
Windward Passage,2025-04-21T00:00:00.000Z,14.428571428571429,253167.14285714287
Windward Passage,2025-09-22T00:00:00.000Z,17.714285714285715,310332.71428571426
Windward Passage,2025-10-13T00:00:00.000Z,15.571428571428571,268716.85714285716
Windward Passage,2025-11-10T00:00:00.000Z,14.428571428571429,246268.57142857142
Windward Passage,2025-12-29T00:00:00.000Z,14.428571428571429,218232.7142857143
Windward Passage,2026-02-09T00:00:00.000Z,18.714285714285715,363723.85714285716
Kerch Strait,2019-02-18T00:00:00.000Z,37.142857142857146,79063.57142857143
Kerch Strait,2019-02-25T00:00:00.000Z,42.42857142857143,80372.14285714286
Kerch Strait,2019-10-14T00:00:00.000Z,61.714285714285715,143072.7142857143
Kerch Strait,2020-06-01T00:00:00.000Z,44.142857142857146,80577.42857142857
Kerch Strait,2020-09-14T00:00:00.000Z,71.85714285714286,151514.57142857142
Kerch Strait,2020-12-28T00:00:00.000Z,51.857142857142854,109240.42857142857
Kerch Strait,2021-02-15T00:00:00.000Z,49.857142857142854,117769.85714285714
Kerch Strait,2021-06-07T00:00:00.000Z,53.42857142857143,114581.71428571429
Kerch Strait,2021-07-05T00:00:00.000Z,48.42857142857143,95939.14285714286
Kerch Strait,2021-07-12T00:00:00.000Z,53.714285714285715,104586.71428571429
Kerch Strait,2021-11-08T00:00:00.000Z,23.571428571428573,49150.857142857145
Kerch Strait,2021-12-06T00:00:00.000Z,19.285714285714285,38129.28571428572
Kerch Strait,2021-12-27T00:00:00.000Z,16.428571428571427,36261.0
Kerch Strait,2022-05-02T00:00:00.000Z,14.571428571428571,22066.428571428572
Kerch Strait,2022-05-09T00:00:00.000Z,30.571428571428573,48200.57142857143
Kerch Strait,2022-08-08T00:00:00.000Z,30.571428571428573,43098.57142857143
Kerch Strait,2022-10-24T00:00:00.000Z,20.285714285714285,41284.71428571428
Kerch Strait,2023-01-09T00:00:00.000Z,14.571428571428571,17439.0
Kerch Strait,2023-02-13T00:00:00.000Z,24.428571428571427,37559.0
Kerch Strait,2023-03-13T00:00:00.000Z,10.857142857142858,21174.714285714286
Kerch Strait,2023-04-10T00:00:00.000Z,11.714285714285714,18526.714285714286
Kerch Strait,2023-08-07T00:00:00.000Z,3.857142857142857,8959.142857142857
Kerch Strait,2024-12-16T00:00:00.000Z,13.285714285714286,25797.0
Kerch Strait,2025-10-06T00:00:00.000Z,19.714285714285715,75657.42857142857
Kerch Strait,2025-10-20T00:00:00.000Z,16.0,41168.57142857143
Kerch Strait,2025-11-03T00:00:00.000Z,24.857142857142858,92560.14285714286
Kerch Strait,2026-01-26T00:00:00.000Z,12.428571428571429,31619.571428571428
Kerch Strait,2026-05-11T00:00:00.000Z,8.285714285714286,41558.142857142855
Kerch Strait,2026-07-06T00:00:00.000Z,4.0,17964.428571428572
Gibraltar Strait,2019-06-24T00:00:00.000Z,120.71428571428571,3050701.5714285714
Gibraltar Strait,2019-11-25T00:00:00.000Z,136.0,3447582.5714285714
Gibraltar Strait,2020-03-09T00:00:00.000Z,137.71428571428572,3599199.285714286
Gibraltar Strait,2020-09-14T00:00:00.000Z,120.42857142857143,3027871.5714285714
Gibraltar Strait,2020-10-12T00:00:00.000Z,122.14285714285714,3173571.1428571427
Gibraltar Strait,2020-11-02T00:00:00.000Z,126.85714285714286,3171881.5714285714
Gibraltar Strait,2021-01-25T00:00:00.000Z,123.85714285714286,3165964.5714285714
Gibraltar Strait,2021-02-15T00:00:00.000Z,123.57142857142857,3251889.714285714
Gibraltar Strait,2021-05-31T00:00:00.000Z,135.14285714285714,3670522.5714285714
Gibraltar Strait,2021-06-28T00:00:00.000Z,130.42857142857142,3541351.1428571427
Gibraltar Strait,2021-11-29T00:00:00.000Z,120.28571428571429,3436005.0
Gibraltar Strait,2021-12-27T00:00:00.000Z,130.42857142857142,3579035.8571428573
Gibraltar Strait,2022-12-12T00:00:00.000Z,141.0,4186047.8571428573
Gibraltar Strait,2023-01-30T00:00:00.000Z,144.71428571428572,4351689.428571428
Gibraltar Strait,2023-07-03T00:00:00.000Z,146.28571428571428,4000798.5714285714
Gibraltar Strait,2023-10-23T00:00:00.000Z,153.0,4301438.0
Gibraltar Strait,2024-05-06T00:00:00.000Z,138.42857142857142,3576322.5714285714
Gibraltar Strait,2024-05-20T00:00:00.000Z,139.85714285714286,3897156.0
Gibraltar Strait,2024-07-01T00:00:00.000Z,132.57142857142858,3358118.5714285714
Gibraltar Strait,2024-12-16T00:00:00.000Z,131.28571428571428,3502329.4285714286
Gibraltar Strait,2025-04-21T00:00:00.000Z,140.28571428571428,3612904.285714286
Gibraltar Strait,2026-02-09T00:00:00.000Z,139.14285714285714,3604764.1428571427
Gibraltar Strait,2026-06-22T00:00:00.000Z,132.71428571428572,3635470.285714286
Taiwan Strait,2019-03-11T00:00:00.000Z,249.85714285714286,5014064.428571428
Taiwan Strait,2019-04-08T00:00:00.000Z,244.57142857142858,4979010.857142857
Taiwan Strait,2019-05-13T00:00:00.000Z,247.0,5165091.428571428
Taiwan Strait,2019-07-29T00:00:00.000Z,250.71428571428572,5082809.857142857
Taiwan Strait,2019-09-30T00:00:00.000Z,248.42857142857142,5618888.857142857
Taiwan Strait,2019-10-28T00:00:00.000Z,253.14285714285714,5043089.571428572
Taiwan Strait,2020-05-04T00:00:00.000Z,254.14285714285714,5760986.285714285
Taiwan Strait,2021-04-12T00:00:00.000Z,282.42857142857144,6249731.0
Taiwan Strait,2021-05-03T00:00:00.000Z,267.57142857142856,5883720.714285715
Taiwan Strait,2021-05-31T00:00:00.000Z,275.57142857142856,6276404.428571428
Taiwan Strait,2021-06-21T00:00:00.000Z,267.42857142857144,6024208.285714285
Taiwan Strait,2021-12-27T00:00:00.000Z,234.42857142857142,4942539.857142857
Taiwan Strait,2022-04-11T00:00:00.000Z,226.14285714285714,4922457.142857143
Taiwan Strait,2022-06-13T00:00:00.000Z,239.57142857142858,5464388.571428572
Taiwan Strait,2022-07-11T00:00:00.000Z,236.71428571428572,5485987.428571428
Taiwan Strait,2022-09-19T00:00:00.000Z,230.14285714285714,5011737.0
Taiwan Strait,2022-10-03T00:00:00.000Z,220.85714285714286,5128540.142857143
Taiwan Strait,2022-11-21T00:00:00.000Z,253.14285714285714,5243759.857142857
Taiwan Strait,2023-02-13T00:00:00.000Z,225.71428571428572,4845695.428571428
Taiwan Strait,2023-03-20T00:00:00.000Z,244.71428571428572,5737875.714285715
Taiwan Strait,2023-08-21T00:00:00.000Z,265.2857142857143,6167042.0
Taiwan Strait,2023-11-06T00:00:00.000Z,221.57142857142858,5018406.0
Taiwan Strait,2025-03-10T00:00:00.000Z,237.14285714285714,5567689.0
Taiwan Strait,2025-09-15T00:00:00.000Z,236.42857142857142,5851936.142857143
Taiwan Strait,2025-09-29T00:00:00.000Z,239.71428571428572,6315896.0
Bohai Strait,2019-04-08T00:00:00.000Z,134.57142857142858,3803959.5714285714
Bohai Strait,2019-05-06T00:00:00.000Z,180.71428571428572,5066367.714285715
Bohai Strait,2019-05-20T00:00:00.000Z,164.85714285714286,4235262.571428572
Bohai Strait,2019-06-03T00:00:00.000Z,148.28571428571428,4139138.0
Bohai Strait,2019-09-23T00:00:00.000Z,196.14285714285714,5875545.285714285
Bohai Strait,2019-11-04T00:00:00.000Z,121.42857142857143,2851071.1428571427
Bohai Strait,2020-01-13T00:00:00.000Z,200.42857142857142,5623679.285714285
Bohai Strait,2020-09-07T00:00:00.000Z,199.85714285714286,5679082.0
Bohai Strait,2021-01-04T00:00:00.000Z,189.85714285714286,5760516.571428572
Bohai Strait,2021-05-24T00:00:00.000Z,198.28571428571428,5652999.571428572
Bohai Strait,2021-11-22T00:00:00.000Z,205.42857142857142,5656648.0
Bohai Strait,2022-09-26T00:00:00.000Z,198.85714285714286,5908898.0
Bohai Strait,2022-12-05T00:00:00.000Z,196.0,5794239.0
Bohai Strait,2022-12-26T00:00:00.000Z,200.57142857142858,6346029.857142857
Bohai Strait,2023-02-06T00:00:00.000Z,171.42857142857142,5707309.428571428
Bohai Strait,2024-01-08T00:00:00.000Z,179.14285714285714,6017479.857142857
Bohai Strait,2024-02-12T00:00:00.000Z,157.42857142857142,5601388.0
Bohai Strait,2024-07-08T00:00:00.000Z,172.14285714285714,6558720.714285715
Bohai Strait,2024-12-30T00:00:00.000Z,176.71428571428572,6538195.571428572
Bohai Strait,2025-02-10T00:00:00.000Z,160.57142857142858,5706271.142857143
Bohai Strait,2025-03-17T00:00:00.000Z,183.85714285714286,6991206.857142857
Bohai Strait,2025-10-20T00:00:00.000Z,166.28571428571428,6257807.857142857
Bohai Strait,2025-12-22T00:00:00.000Z,169.71428571428572,6716530.0
Bohai Strait,2026-04-20T00:00:00.000Z,174.71428571428572,6263569.428571428
Bohai Strait,2026-07-27T00:00:00.000Z,163.14285714285714,7083086.0
Sunda Strait,2018-12-31T00:00:00.000Z,24.333333333333332,1020732.1666666666
Sunda Strait,2019-04-01T00:00:00.000Z,26.428571428571427,954961.1428571428
Sunda Strait,2019-05-13T00:00:00.000Z,25.857142857142858,697244.7142857143
Sunda Strait,2019-06-24T00:00:00.000Z,24.571428571428573,1005394.2857142857
Sunda Strait,2019-09-02T00:00:00.000Z,26.714285714285715,854180.0
Sunda Strait,2019-10-21T00:00:00.000Z,27.428571428571427,737718.4285714285
Sunda Strait,2019-12-02T00:00:00.000Z,30.428571428571427,1180301.2857142857
Sunda Strait,2019-12-16T00:00:00.000Z,25.857142857142858,634852.8571428572
Sunda Strait,2020-05-18T00:00:00.000Z,24.0,769975.5714285715
Sunda Strait,2020-11-23T00:00:00.000Z,29.428571428571427,1093759.7142857143
Sunda Strait,2021-07-12T00:00:00.000Z,27.571428571428573,866480.7142857143
Sunda Strait,2021-11-22T00:00:00.000Z,24.142857142857142,1006069.7142857143
Sunda Strait,2022-08-22T00:00:00.000Z,28.857142857142858,1082836.857142857
Sunda Strait,2022-10-10T00:00:00.000Z,25.571428571428573,1080942.142857143
Sunda Strait,2022-12-12T00:00:00.000Z,25.571428571428573,845907.2857142857
Sunda Strait,2023-01-09T00:00:00.000Z,29.571428571428573,1128125.5714285714
Sunda Strait,2023-11-13T00:00:00.000Z,31.142857142857142,1297265.7142857143
Sunda Strait,2024-01-29T00:00:00.000Z,33.142857142857146,1485971.7142857143
Sunda Strait,2024-02-26T00:00:00.000Z,31.285714285714285,1200252.857142857
Sunda Strait,2024-07-29T00:00:00.000Z,32.42857142857143,1237559.0
Sunda Strait,2024-08-05T00:00:00.000Z,35.0,1460283.4285714286
Sunda Strait,2025-03-31T00:00:00.000Z,26.714285714285715,1165202.2857142857
Sunda Strait,2025-06-02T00:00:00.000Z,29.142857142857142,942986.2857142857
Sunda Strait,2025-06-16T00:00:00.000Z,31.714285714285715,1280288.857142857
Sunda Strait,2025-09-08T00:00:00.000Z,29.571428571428573,993287.7142857143
Sunda Strait,2025-11-10T00:00:00.000Z,34.57142857142857,1447124.4285714286
Sunda Strait,2025-12-29T00:00:00.000Z,35.285714285714285,1542048.857142857
Sunda Strait,2026-03-09T00:00:00.000Z,36.285714285714285,1351509.0
Mona Passage,2019-04-15T00:00:00.000Z,11.0,277000.85714285716
Mona Passage,2019-04-22T00:00:00.000Z,11.0,224863.2857142857
Mona Passage,2020-03-16T00:00:00.000Z,10.857142857142858,307775.5714285714
Mona Passage,2020-04-27T00:00:00.000Z,8.857142857142858,255929.2857142857
Mona Passage,2020-05-18T00:00:00.000Z,9.285714285714286,294145.4285714286
Mona Passage,2021-01-04T00:00:00.000Z,8.857142857142858,209172.7142857143
Mona Passage,2021-01-11T00:00:00.000Z,11.142857142857142,275735.5714285714
Mona Passage,2021-04-26T00:00:00.000Z,9.857142857142858,214878.85714285713
Mona Passage,2021-05-31T00:00:00.000Z,9.714285714285714,259023.85714285713
Mona Passage,2021-09-27T00:00:00.000Z,9.428571428571429,198066.2857142857
Mona Passage,2022-03-21T00:00:00.000Z,11.0,315855.0
Mona Passage,2022-07-04T00:00:00.000Z,11.857142857142858,294638.85714285716
Mona Passage,2022-07-18T00:00:00.000Z,12.571428571428571,239136.7142857143
Mona Passage,2022-09-26T00:00:00.000Z,12.571428571428571,274362.85714285716
Mona Passage,2023-11-20T00:00:00.000Z,9.714285714285714,214857.2857142857
Mona Passage,2024-01-29T00:00:00.000Z,12.714285714285714,360335.5714285714
Mona Passage,2024-04-15T00:00:00.000Z,11.714285714285714,262927.4285714286
Mona Passage,2025-04-28T00:00:00.000Z,12.142857142857142,341201.14285714284
Mona Passage,2025-08-04T00:00:00.000Z,10.428571428571429,237687.7142857143
Mona Passage,2026-01-05T00:00:00.000Z,10.714285714285714,297742.14285714284
Mona Passage,2026-05-25T00:00:00.000Z,11.857142857142858,357516.5714285714
Bering Strait,2019-04-01T00:00:00.000Z,0.0,0.0
Bering Strait,2019-04-15T00:00:00.000Z,0.0,0.0
Bering Strait,2019-05-06T00:00:00.000Z,0.0,0.0
Bering Strait,2019-05-27T00:00:00.000Z,0.0,0.0
Bering Strait,2019-06-03T00:00:00.000Z,0.14285714285714285,2192.8571428571427
Bering Strait,2020-06-08T00:00:00.000Z,0.0,0.0
Bering Strait,2020-07-06T00:00:00.000Z,1.2857142857142858,15038.714285714286
Bering Strait,2021-02-01T00:00:00.000Z,0.14285714285714285,0.0
Bering Strait,2022-02-21T00:00:00.000Z,0.0,0.0
Bering Strait,2022-03-21T00:00:00.000Z,0.0,0.0
Bering Strait,2022-05-02T00:00:00.000Z,0.0,0.0
Bering Strait,2022-11-14T00:00:00.000Z,0.42857142857142855,0.0
Bering Strait,2022-12-12T00:00:00.000Z,0.14285714285714285,0.0
Bering Strait,2022-12-19T00:00:00.000Z,0.0,0.0
Bering Strait,2023-03-13T00:00:00.000Z,0.0,0.0
Bering Strait,2023-07-31T00:00:00.000Z,1.4285714285714286,11622.57142857143
Bering Strait,2023-11-06T00:00:00.000Z,0.42857142857142855,0.0
Bering Strait,2023-12-11T00:00:00.000Z,0.0,0.0
Bering Strait,2023-12-18T00:00:00.000Z,0.0,0.0
Bering Strait,2024-06-10T00:00:00.000Z,0.0,0.0
Bering Strait,2025-03-17T00:00:00.000Z,0.14285714285714285,83.57142857142857
Bering Strait,2025-06-23T00:00:00.000Z,0.42857142857142855,17274.428571428572
Bering Strait,2025-11-03T00:00:00.000Z,1.0,28328.285714285714
Bering Strait,2026-03-02T00:00:00.000Z,0.0,0.0
Strait of Hormuz,2019-04-01T00:00:00.000Z,61.0,2081639.857142857
Strait of Hormuz,2019-04-22T00:00:00.000Z,73.28571428571429,3080207.4285714286
Strait of Hormuz,2020-08-17T00:00:00.000Z,84.57142857142857,3309347.8571428573
Strait of Hormuz,2021-09-06T00:00:00.000Z,80.0,3134929.0
Strait of Hormuz,2021-10-04T00:00:00.000Z,94.42857142857143,4007466.1428571427
Strait of Hormuz,2021-12-20T00:00:00.000Z,81.57142857142857,3489896.714285714
Strait of Hormuz,2022-06-13T00:00:00.000Z,96.28571428571429,4133307.714285714
Strait of Hormuz,2022-10-31T00:00:00.000Z,84.42857142857143,3896804.1428571427
Strait of Hormuz,2023-01-30T00:00:00.000Z,75.71428571428571,3257132.285714286
Strait of Hormuz,2023-03-06T00:00:00.000Z,102.85714285714286,3702371.1428571427
Strait of Hormuz,2023-06-19T00:00:00.000Z,104.71428571428571,4117408.8571428573
Strait of Hormuz,2023-07-24T00:00:00.000Z,90.85714285714286,3661630.714285714
Strait of Hormuz,2023-08-21T00:00:00.000Z,105.71428571428571,3869235.285714286
Strait of Hormuz,2024-07-08T00:00:00.000Z,109.0,3971218.4285714286
Strait of Hormuz,2024-10-28T00:00:00.000Z,78.28571428571429,2571781.1428571427
Strait of Hormuz,2025-06-23T00:00:00.000Z,102.85714285714286,3723906.714285714
Strait of Hormuz,2025-07-14T00:00:00.000Z,104.42857142857143,4049485.0
Strait of Hormuz,2025-07-28T00:00:00.000Z,94.85714285714286,3612914.0
Strait of Hormuz,2025-09-15T00:00:00.000Z,87.28571428571429,2934078.714285714
Strait of Hormuz,2025-10-13T00:00:00.000Z,73.71428571428571,3082792.5714285714
Strait of Hormuz,2025-10-20T00:00:00.000Z,102.0,4034864.1428571427
Strait of Hormuz,2025-10-27T00:00:00.000Z,90.28571428571429,3451753.4285714286
Strait of Hormuz,2025-11-10T00:00:00.000Z,79.85714285714286,3267438.714285714
Strait of Hormuz,2025-12-08T00:00:00.000Z,54.142857142857146,2191906.8571428573
Strait of Hormuz,2026-07-06T00:00:00.000Z,14.0,698417.7142857143
Cape of Good Hope,2019-01-14T00:00:00.000Z,46.142857142857146,2443691.285714286
Cape of Good Hope,2019-08-12T00:00:00.000Z,51.714285714285715,3360451.1428571427
Cape of Good Hope,2019-12-16T00:00:00.000Z,42.0,2514287.0
Cape of Good Hope,2020-01-13T00:00:00.000Z,41.857142857142854,2068830.4285714286
Cape of Good Hope,2020-05-11T00:00:00.000Z,49.857142857142854,3125966.714285714
Cape of Good Hope,2020-06-08T00:00:00.000Z,50.142857142857146,3218388.0
Cape of Good Hope,2020-07-20T00:00:00.000Z,62.42857142857143,3485028.0
Cape of Good Hope,2020-08-17T00:00:00.000Z,59.285714285714285,3574930.5714285714
Cape of Good Hope,2020-09-07T00:00:00.000Z,54.714285714285715,3550512.0
Cape of Good Hope,2020-10-26T00:00:00.000Z,47.42857142857143,2946038.0
Cape of Good Hope,2021-02-01T00:00:00.000Z,46.285714285714285,2712098.0
Cape of Good Hope,2021-03-29T00:00:00.000Z,50.714285714285715,2752085.0
Cape of Good Hope,2021-05-10T00:00:00.000Z,54.42857142857143,3650771.5714285714
Cape of Good Hope,2021-12-27T00:00:00.000Z,42.42857142857143,2316884.0
Cape of Good Hope,2022-03-14T00:00:00.000Z,42.57142857142857,2395195.4285714286
Cape of Good Hope,2022-06-06T00:00:00.000Z,52.0,3105384.8571428573
Cape of Good Hope,2022-08-15T00:00:00.000Z,43.714285714285715,2894630.8571428573
Cape of Good Hope,2022-11-21T00:00:00.000Z,42.42857142857143,2508515.285714286
Cape of Good Hope,2023-01-02T00:00:00.000Z,41.57142857142857,2581555.5714285714
Cape of Good Hope,2023-07-03T00:00:00.000Z,47.142857142857146,3063253.5714285714
Cape of Good Hope,2023-07-17T00:00:00.000Z,56.142857142857146,3831935.4285714286
Cape of Good Hope,2024-11-04T00:00:00.000Z,79.42857142857143,4656837.285714285
Cape of Good Hope,2025-01-06T00:00:00.000Z,81.0,4698611.142857143
Cape of Good Hope,2025-01-27T00:00:00.000Z,81.42857142857143,4568400.285714285
Cape of Good Hope,2025-02-17T00:00:00.000Z,91.0,5273736.0
Cape of Good Hope,2025-12-01T00:00:00.000Z,84.85714285714286,5246066.714285715
Cape of Good Hope,2026-02-09T00:00:00.000Z,86.0,5373228.857142857
Cape of Good Hope,2026-03-09T00:00:00.000Z,92.42857142857143,5159823.571428572
Cape of Good Hope,2026-04-20T00:00:00.000Z,98.28571428571429,6545255.0
Cape of Good Hope,2026-05-11T00:00:00.000Z,103.0,6353556.857142857
Cape of Good Hope,2026-08-17T00:00:00.000Z,91.57142857142857,5697946.0
Suez Canal,2019-06-24T00:00:00.000Z,51.42857142857143,2393369.285714286
Suez Canal,2019-07-01T00:00:00.000Z,48.57142857142857,2154207.1428571427
Suez Canal,2019-07-22T00:00:00.000Z,52.714285714285715,2481921.4285714286
Suez Canal,2020-04-13T00:00:00.000Z,56.857142857142854,2624886.0
Suez Canal,2020-05-18T00:00:00.000Z,52.714285714285715,2424928.1428571427
Suez Canal,2020-08-24T00:00:00.000Z,55.57142857142857,2350475.8571428573
Suez Canal,2020-11-30T00:00:00.000Z,50.42857142857143,2369226.8571428573
Suez Canal,2021-02-15T00:00:00.000Z,54.57142857142857,2594601.4285714286
Suez Canal,2021-05-17T00:00:00.000Z,54.285714285714285,2710930.714285714
Suez Canal,2021-10-25T00:00:00.000Z,59.42857142857143,2683841.0
Suez Canal,2022-03-21T00:00:00.000Z,58.42857142857143,2476013.0
Suez Canal,2022-07-11T00:00:00.000Z,73.28571428571429,3323852.0
Suez Canal,2023-01-09T00:00:00.000Z,70.0,3162503.8571428573
Suez Canal,2023-02-13T00:00:00.000Z,69.0,3124623.0
Suez Canal,2023-02-20T00:00:00.000Z,72.71428571428571,3212546.1428571427
Suez Canal,2023-10-09T00:00:00.000Z,79.0,3456170.8571428573
Suez Canal,2024-08-12T00:00:00.000Z,42.0,1341224.0
Suez Canal,2024-09-09T00:00:00.000Z,34.285714285714285,1143104.0
Suez Canal,2024-12-16T00:00:00.000Z,40.42857142857143,1250252.142857143
Suez Canal,2025-05-19T00:00:00.000Z,38.285714285714285,1415491.2857142857
Suez Canal,2025-07-07T00:00:00.000Z,38.285714285714285,1422596.7142857143
Suez Canal,2025-12-22T00:00:00.000Z,38.42857142857143,1538301.857142857
Suez Canal,2026-04-20T00:00:00.000Z,44.142857142857146,1603669.7142857143
Suez Canal,2026-06-01T00:00:00.000Z,41.285714285714285,1627049.2857142857
Suez Canal,2026-07-13T00:00:00.000Z,41.57142857142857,1757223.7142857143
Korea Strait,2019-02-18T00:00:00.000Z,231.28571428571428,2329493.0
Korea Strait,2019-12-09T00:00:00.000Z,240.71428571428572,2722658.0
Korea Strait,2019-12-30T00:00:00.000Z,211.14285714285714,2820212.0
Korea Strait,2020-03-16T00:00:00.000Z,223.71428571428572,2462420.8571428573
Korea Strait,2020-08-31T00:00:00.000Z,173.0,1917778.2857142857
Korea Strait,2020-09-21T00:00:00.000Z,237.0,2924943.714285714
Korea Strait,2020-10-05T00:00:00.000Z,232.0,3002927.714285714
Korea Strait,2020-11-23T00:00:00.000Z,228.0,2990519.8571428573
Korea Strait,2021-11-01T00:00:00.000Z,234.85714285714286,3070905.0
Korea Strait,2021-12-27T00:00:00.000Z,223.14285714285714,2773220.4285714286
Korea Strait,2022-03-14T00:00:00.000Z,230.42857142857142,2617354.1428571427
Korea Strait,2023-07-17T00:00:00.000Z,254.28571428571428,3126073.5714285714
Korea Strait,2023-10-16T00:00:00.000Z,196.28571428571428,2380469.714285714
Korea Strait,2024-02-19T00:00:00.000Z,200.28571428571428,2735176.0
Korea Strait,2024-05-06T00:00:00.000Z,244.71428571428572,3245605.8571428573
Korea Strait,2024-07-22T00:00:00.000Z,234.14285714285714,3248945.5714285714
Korea Strait,2025-02-03T00:00:00.000Z,188.0,2530471.714285714
Korea Strait,2025-06-09T00:00:00.000Z,217.57142857142858,3044750.714285714
Korea Strait,2026-03-30T00:00:00.000Z,198.28571428571428,2904114.4285714286
Korea Strait,2026-04-27T00:00:00.000Z,207.14285714285714,3140213.0
Korea Strait,2026-05-18T00:00:00.000Z,216.28571428571428,3178949.1428571427
Korea Strait,2026-07-27T00:00:00.000Z,218.57142857142858,3339029.8571428573
Lombok Strait,2019-02-11T00:00:00.000Z,34.0,1991605.142857143
Lombok Strait,2019-02-25T00:00:00.000Z,36.42857142857143,2437934.1428571427
Lombok Strait,2019-12-02T00:00:00.000Z,33.714285714285715,2307742.285714286
Lombok Strait,2019-12-30T00:00:00.000Z,32.57142857142857,2180457.8571428573
Lombok Strait,2020-04-06T00:00:00.000Z,35.857142857142854,1934511.7142857143
Lombok Strait,2020-06-29T00:00:00.000Z,33.857142857142854,2664293.4285714286
Lombok Strait,2021-05-31T00:00:00.000Z,38.42857142857143,2354855.4285714286
Lombok Strait,2021-10-18T00:00:00.000Z,33.0,2476874.5714285714
Lombok Strait,2022-06-06T00:00:00.000Z,40.42857142857143,2921156.0
Lombok Strait,2022-07-04T00:00:00.000Z,36.142857142857146,2665565.714285714
Lombok Strait,2022-07-25T00:00:00.000Z,36.714285714285715,2530215.714285714
Lombok Strait,2023-01-02T00:00:00.000Z,35.714285714285715,2696197.8571428573
Lombok Strait,2023-10-23T00:00:00.000Z,37.0,2341105.5714285714
Lombok Strait,2023-11-20T00:00:00.000Z,42.142857142857146,2900344.5714285714
Lombok Strait,2023-12-04T00:00:00.000Z,40.714285714285715,3070588.5714285714
Lombok Strait,2024-02-05T00:00:00.000Z,38.42857142857143,2408873.8571428573
Lombok Strait,2024-12-23T00:00:00.000Z,36.857142857142854,2845063.1428571427
Lombok Strait,2025-03-10T00:00:00.000Z,35.142857142857146,3032417.8571428573
Lombok Strait,2025-03-17T00:00:00.000Z,38.714285714285715,2886977.8571428573
Lombok Strait,2025-09-01T00:00:00.000Z,38.857142857142854,3130797.285714286
Lombok Strait,2026-03-09T00:00:00.000Z,39.42857142857143,3031928.285714286
Lombok Strait,2026-05-04T00:00:00.000Z,38.0,3026387.285714286
Lombok Strait,2026-05-11T00:00:00.000Z,35.714285714285715,2898493.714285714
Lombok Strait,2026-08-10T00:00:00.000Z,35.42857142857143,3057181.285714286
Mindoro Strait,2019-03-04T00:00:00.000Z,41.57142857142857,2011105.7142857143
Mindoro Strait,2019-08-26T00:00:00.000Z,45.57142857142857,1889927.2857142857
Mindoro Strait,2019-10-21T00:00:00.000Z,48.42857142857143,1799329.2857142857
Mindoro Strait,2019-10-28T00:00:00.000Z,45.42857142857143,2044839.857142857
Mindoro Strait,2020-01-20T00:00:00.000Z,49.285714285714285,2306529.5714285714
Mindoro Strait,2020-05-25T00:00:00.000Z,43.42857142857143,2046802.2857142857
Mindoro Strait,2020-08-10T00:00:00.000Z,53.714285714285715,2370319.285714286
Mindoro Strait,2020-12-28T00:00:00.000Z,62.714285714285715,3218340.285714286
Mindoro Strait,2021-09-20T00:00:00.000Z,38.714285714285715,1942118.5714285714
Mindoro Strait,2021-12-20T00:00:00.000Z,43.0,2455155.1428571427
Mindoro Strait,2022-01-10T00:00:00.000Z,34.42857142857143,2261063.0
Mindoro Strait,2022-04-25T00:00:00.000Z,50.0,2405085.5714285714
Mindoro Strait,2022-11-28T00:00:00.000Z,55.857142857142854,3055909.0
Mindoro Strait,2023-04-24T00:00:00.000Z,49.0,2497611.714285714
Mindoro Strait,2023-06-19T00:00:00.000Z,55.285714285714285,3283094.714285714
Mindoro Strait,2024-02-19T00:00:00.000Z,51.0,2659059.8571428573
Mindoro Strait,2025-01-06T00:00:00.000Z,37.42857142857143,1808678.7142857143
Mindoro Strait,2025-02-17T00:00:00.000Z,31.714285714285715,1235459.2857142857
Mindoro Strait,2025-03-24T00:00:00.000Z,34.0,2171981.4285714286
Mindoro Strait,2025-04-14T00:00:00.000Z,29.0,1851755.5714285714
Mindoro Strait,2025-09-15T00:00:00.000Z,35.42857142857143,2187292.5714285714
Mindoro Strait,2025-09-29T00:00:00.000Z,32.285714285714285,1977743.142857143
Mindoro Strait,2025-11-24T00:00:00.000Z,31.857142857142858,1787744.2857142857
Mindoro Strait,2026-03-30T00:00:00.000Z,29.428571428571427,1374945.4285714286
Mindoro Strait,2026-06-08T00:00:00.000Z,58.285714285714285,3837330.714285714
Mindoro Strait,2026-06-22T00:00:00.000Z,61.57142857142857,3575867.5714285714
Mindoro Strait,2026-06-29T00:00:00.000Z,53.57142857142857,3560078.5714285714
Bosporus Strait,2019-11-18T00:00:00.000Z,108.71428571428571,1327349.5714285714
Bosporus Strait,2019-11-25T00:00:00.000Z,90.85714285714286,1352523.4285714286
Bosporus Strait,2020-07-20T00:00:00.000Z,98.28571428571429,1196113.857142857
Bosporus Strait,2020-07-27T00:00:00.000Z,97.0,1396429.5714285714
Bosporus Strait,2021-03-15T00:00:00.000Z,105.14285714285714,1244513.2857142857
Bosporus Strait,2021-10-04T00:00:00.000Z,89.28571428571429,1148081.7142857143
Bosporus Strait,2022-01-17T00:00:00.000Z,86.42857142857143,1086042.5714285714
Bosporus Strait,2022-07-11T00:00:00.000Z,87.57142857142857,1043827.4285714285
Bosporus Strait,2022-07-25T00:00:00.000Z,86.71428571428571,985720.1428571428
Bosporus Strait,2022-08-22T00:00:00.000Z,89.57142857142857,1013908.1428571428
Bosporus Strait,2023-01-16T00:00:00.000Z,87.14285714285714,970743.1428571428
Bosporus Strait,2023-01-23T00:00:00.000Z,102.85714285714286,1330990.4285714286
Bosporus Strait,2023-02-13T00:00:00.000Z,85.71428571428571,1073237.2857142857
Bosporus Strait,2023-02-20T00:00:00.000Z,114.42857142857143,891479.2857142857
Bosporus Strait,2023-04-24T00:00:00.000Z,100.71428571428571,1373631.0
Bosporus Strait,2023-05-15T00:00:00.000Z,104.28571428571429,989315.4285714285
Bosporus Strait,2023-07-03T00:00:00.000Z,87.0,1093649.7142857143
Bosporus Strait,2023-10-16T00:00:00.000Z,92.85714285714286,1236558.4285714286
Bosporus Strait,2023-10-30T00:00:00.000Z,104.0,1221286.2857142857
Bosporus Strait,2024-01-08T00:00:00.000Z,80.57142857142857,996974.0
Bosporus Strait,2024-05-20T00:00:00.000Z,104.57142857142857,1209982.7142857143
Bosporus Strait,2024-08-12T00:00:00.000Z,97.57142857142857,1208651.857142857
Bosporus Strait,2024-10-14T00:00:00.000Z,98.0,1140593.142857143
Bosporus Strait,2024-12-09T00:00:00.000Z,94.0,964147.7142857143
Bosporus Strait,2025-01-20T00:00:00.000Z,99.14285714285714,1191957.142857143
Bosporus Strait,2025-03-24T00:00:00.000Z,87.71428571428571,1095201.857142857
Bosporus Strait,2025-04-14T00:00:00.000Z,102.14285714285714,1225905.2857142857
Bosporus Strait,2025-04-28T00:00:00.000Z,84.28571428571429,1005568.4285714285
Bosporus Strait,2025-08-04T00:00:00.000Z,84.0,1085658.4285714286
Bosporus Strait,2025-12-15T00:00:00.000Z,94.28571428571429,1231536.2857142857
Bosporus Strait,2026-02-16T00:00:00.000Z,64.57142857142857,735801.2857142857
Bosporus Strait,2026-04-06T00:00:00.000Z,97.85714285714286,1179217.5714285714
Bosporus Strait,2026-05-11T00:00:00.000Z,92.71428571428571,1340710.857142857
Bab el-Mandeb Strait,2019-01-21T00:00:00.000Z,47.0,1976831.857142857
Bab el-Mandeb Strait,2019-05-27T00:00:00.000Z,46.285714285714285,2111556.714285714
Bab el-Mandeb Strait,2019-07-01T00:00:00.000Z,50.714285714285715,2408790.5714285714
Bab el-Mandeb Strait,2019-08-12T00:00:00.000Z,52.0,2632137.5714285714
Bab el-Mandeb Strait,2019-08-19T00:00:00.000Z,55.42857142857143,2418618.8571428573
Bab el-Mandeb Strait,2020-07-13T00:00:00.000Z,52.57142857142857,2234008.1428571427
Bab el-Mandeb Strait,2020-07-27T00:00:00.000Z,54.857142857142854,2296936.1428571427
Bab el-Mandeb Strait,2020-08-24T00:00:00.000Z,56.857142857142854,2543519.5714285714
Bab el-Mandeb Strait,2020-10-12T00:00:00.000Z,54.142857142857146,2227246.714285714
Bab el-Mandeb Strait,2020-12-28T00:00:00.000Z,54.142857142857146,2483542.4285714286
Bab el-Mandeb Strait,2021-10-04T00:00:00.000Z,62.714285714285715,2733492.285714286
Bab el-Mandeb Strait,2022-01-31T00:00:00.000Z,63.142857142857146,2922645.0
Bab el-Mandeb Strait,2022-02-21T00:00:00.000Z,64.71428571428571,2999837.8571428573
Bab el-Mandeb Strait,2022-03-14T00:00:00.000Z,63.57142857142857,2779890.4285714286
Bab el-Mandeb Strait,2022-05-09T00:00:00.000Z,62.142857142857146,2873277.714285714
Bab el-Mandeb Strait,2022-05-16T00:00:00.000Z,62.42857142857143,3007180.5714285714
Bab el-Mandeb Strait,2022-07-11T00:00:00.000Z,70.14285714285714,3436090.285714286
Bab el-Mandeb Strait,2022-08-22T00:00:00.000Z,70.71428571428571,3131642.8571428573
Bab el-Mandeb Strait,2023-04-24T00:00:00.000Z,79.42857142857143,3802963.714285714
Bab el-Mandeb Strait,2023-09-11T00:00:00.000Z,76.42857142857143,3483363.1428571427
Bab el-Mandeb Strait,2023-09-25T00:00:00.000Z,74.57142857142857,3362425.4285714286
Bab el-Mandeb Strait,2024-06-10T00:00:00.000Z,33.142857142857146,1124701.857142857
Bab el-Mandeb Strait,2024-08-12T00:00:00.000Z,31.0,1026956.4285714285
Bab el-Mandeb Strait,2024-08-26T00:00:00.000Z,32.285714285714285,1143684.7142857143
Bab el-Mandeb Strait,2024-10-07T00:00:00.000Z,33.142857142857146,1100659.142857143
Bab el-Mandeb Strait,2025-04-21T00:00:00.000Z,34.142857142857146,1315457.2857142857
Bab el-Mandeb Strait,2025-07-21T00:00:00.000Z,32.57142857142857,1047822.1428571428
Bab el-Mandeb Strait,2026-08-10T00:00:00.000Z,29.428571428571427,938436.8571428572
Malacca Strait,2019-07-08T00:00:00.000Z,166.28571428571428,5986238.571428572
Malacca Strait,2019-09-09T00:00:00.000Z,182.28571428571428,6941530.714285715
Malacca Strait,2019-11-18T00:00:00.000Z,175.42857142857142,6750603.0
Malacca Strait,2020-08-24T00:00:00.000Z,166.57142857142858,6464182.571428572
Malacca Strait,2021-01-18T00:00:00.000Z,169.85714285714286,6314207.571428572
Malacca Strait,2021-01-25T00:00:00.000Z,161.57142857142858,6142240.142857143
Malacca Strait,2021-11-29T00:00:00.000Z,208.0,7408586.714285715
Malacca Strait,2022-04-11T00:00:00.000Z,214.71428571428572,7429186.857142857
Malacca Strait,2022-10-03T00:00:00.000Z,216.71428571428572,8087838.142857143
Malacca Strait,2022-11-14T00:00:00.000Z,207.71428571428572,7575023.428571428
Malacca Strait,2023-02-20T00:00:00.000Z,207.28571428571428,7446111.285714285
Malacca Strait,2023-04-17T00:00:00.000Z,220.28571428571428,8765141.0
Malacca Strait,2023-11-20T00:00:00.000Z,223.28571428571428,8699990.57142857
Malacca Strait,2024-05-06T00:00:00.000Z,228.71428571428572,9393132.857142856
Malacca Strait,2024-10-28T00:00:00.000Z,212.85714285714286,8383358.714285715
Malacca Strait,2024-12-02T00:00:00.000Z,223.57142857142858,8303262.285714285
Malacca Strait,2025-03-17T00:00:00.000Z,224.28571428571428,8759360.714285715
Malacca Strait,2025-09-08T00:00:00.000Z,243.14285714285714,9391943.57142857
Malacca Strait,2025-12-01T00:00:00.000Z,241.42857142857142,9731272.142857144
Malacca Strait,2026-01-19T00:00:00.000Z,249.0,9428634.857142856
Malacca Strait,2026-03-02T00:00:00.000Z,236.57142857142858,9621868.42857143
Oresund Strait,2019-04-01T00:00:00.000Z,54.57142857142857,107841.42857142857
Oresund Strait,2019-05-27T00:00:00.000Z,58.57142857142857,99030.71428571429
Oresund Strait,2019-06-03T00:00:00.000Z,55.857142857142854,96883.57142857143
Oresund Strait,2019-09-30T00:00:00.000Z,50.142857142857146,99677.57142857143
Oresund Strait,2020-01-20T00:00:00.000Z,51.714285714285715,88846.14285714286
Oresund Strait,2020-02-24T00:00:00.000Z,48.57142857142857,68539.57142857143
Oresund Strait,2020-09-07T00:00:00.000Z,57.714285714285715,113015.85714285714
Oresund Strait,2021-03-22T00:00:00.000Z,53.285714285714285,101179.14285714286
Oresund Strait,2021-08-16T00:00:00.000Z,57.0,122381.42857142857
Oresund Strait,2022-02-28T00:00:00.000Z,52.0,85551.14285714286
Oresund Strait,2022-03-14T00:00:00.000Z,49.57142857142857,97226.28571428571
Oresund Strait,2022-07-18T00:00:00.000Z,45.0,70679.71428571429
Oresund Strait,2022-09-05T00:00:00.000Z,38.57142857142857,73556.57142857143
Oresund Strait,2022-09-12T00:00:00.000Z,40.57142857142857,77970.28571428571
Oresund Strait,2022-10-17T00:00:00.000Z,43.142857142857146,96640.85714285714
Oresund Strait,2022-10-31T00:00:00.000Z,43.0,102482.14285714286
Oresund Strait,2023-08-07T00:00:00.000Z,40.0,93204.42857142857
Oresund Strait,2023-08-14T00:00:00.000Z,48.142857142857146,92425.0
Oresund Strait,2023-12-04T00:00:00.000Z,47.857142857142854,92826.71428571429
Oresund Strait,2024-01-22T00:00:00.000Z,42.0,81861.42857142857
Oresund Strait,2024-10-21T00:00:00.000Z,51.285714285714285,106812.85714285714
Oresund Strait,2025-01-20T00:00:00.000Z,48.285714285714285,149886.42857142858
Oresund Strait,2025-04-07T00:00:00.000Z,45.142857142857146,89020.14285714286
Oresund Strait,2025-06-02T00:00:00.000Z,48.142857142857146,93426.0
Oresund Strait,2025-09-01T00:00:00.000Z,50.142857142857146,103817.42857142857
Oresund Strait,2025-12-15T00:00:00.000Z,50.285714285714285,153221.14285714287
Oresund Strait,2026-02-23T00:00:00.000Z,43.0,89805.71428571429
Luzon Strait,2019-12-09T00:00:00.000Z,68.57142857142857,4127956.1428571427
Luzon Strait,2020-02-17T00:00:00.000Z,61.42857142857143,3568193.285714286
Luzon Strait,2020-03-09T00:00:00.000Z,48.857142857142854,2998613.4285714286
Luzon Strait,2020-04-06T00:00:00.000Z,58.857142857142854,3649764.714285714
Luzon Strait,2020-05-25T00:00:00.000Z,67.57142857142857,4077668.285714286
Luzon Strait,2020-08-31T00:00:00.000Z,62.285714285714285,3648114.285714286
Luzon Strait,2020-10-05T00:00:00.000Z,69.71428571428571,4232892.0
Luzon Strait,2021-02-22T00:00:00.000Z,67.71428571428571,4125585.4285714286
Luzon Strait,2021-06-28T00:00:00.000Z,69.71428571428571,3979418.5714285714
Luzon Strait,2021-08-23T00:00:00.000Z,65.14285714285714,3744312.714285714
Luzon Strait,2022-01-31T00:00:00.000Z,91.28571428571429,5335473.142857143
Luzon Strait,2022-02-28T00:00:00.000Z,75.0,4003087.285714286
Luzon Strait,2022-03-28T00:00:00.000Z,84.28571428571429,4735047.571428572
Luzon Strait,2022-04-04T00:00:00.000Z,97.71428571428571,5722163.428571428
Luzon Strait,2022-05-23T00:00:00.000Z,82.42857142857143,5129940.142857143
Luzon Strait,2022-08-08T00:00:00.000Z,93.57142857142857,6104409.857142857
Luzon Strait,2022-09-19T00:00:00.000Z,76.14285714285714,4716652.428571428
Luzon Strait,2022-10-10T00:00:00.000Z,74.28571428571429,4610066.428571428
Luzon Strait,2023-02-27T00:00:00.000Z,80.0,4472294.857142857
Luzon Strait,2023-03-13T00:00:00.000Z,71.28571428571429,4134434.285714286
Luzon Strait,2023-06-19T00:00:00.000Z,76.85714285714286,5027286.0
Luzon Strait,2024-10-28T00:00:00.000Z,62.57142857142857,4602302.142857143
Luzon Strait,2024-11-11T00:00:00.000Z,52.42857142857143,3581819.0
Luzon Strait,2024-11-25T00:00:00.000Z,68.42857142857143,4760977.428571428
Luzon Strait,2025-01-06T00:00:00.000Z,73.14285714285714,4535493.714285715
Luzon Strait,2026-03-09T00:00:00.000Z,60.57142857142857,3598435.285714286
Luzon Strait,2026-04-27T00:00:00.000Z,79.0,4862155.428571428
Ombai Strait,2019-02-04T00:00:00.000Z,13.0,682122.0
Ombai Strait,2019-02-25T00:00:00.000Z,11.428571428571429,439431.28571428574
Ombai Strait,2019-04-08T00:00:00.000Z,13.571428571428571,942265.8571428572
Ombai Strait,2019-04-29T00:00:00.000Z,9.857142857142858,442683.14285714284
Ombai Strait,2019-05-13T00:00:00.000Z,13.571428571428571,517904.4285714286
Ombai Strait,2019-07-01T00:00:00.000Z,12.285714285714286,730173.4285714285
Ombai Strait,2020-08-31T00:00:00.000Z,10.857142857142858,498243.28571428574
Ombai Strait,2020-12-07T00:00:00.000Z,11.285714285714286,424579.71428571426
Ombai Strait,2021-01-11T00:00:00.000Z,10.0,415071.85714285716
Ombai Strait,2021-09-27T00:00:00.000Z,8.571428571428571,347479.28571428574
Ombai Strait,2021-10-04T00:00:00.000Z,9.428571428571429,269900.14285714284
Ombai Strait,2021-10-18T00:00:00.000Z,11.0,358598.28571428574
Ombai Strait,2021-11-08T00:00:00.000Z,11.857142857142858,361332.4285714286
Ombai Strait,2022-02-21T00:00:00.000Z,9.571428571428571,369758.14285714284
Ombai Strait,2022-04-25T00:00:00.000Z,9.857142857142858,370860.4285714286
Ombai Strait,2022-06-27T00:00:00.000Z,10.428571428571429,371341.4285714286
Ombai Strait,2022-10-24T00:00:00.000Z,12.428571428571429,351143.14285714284
Ombai Strait,2022-12-19T00:00:00.000Z,10.714285714285714,401743.4285714286
Ombai Strait,2023-09-18T00:00:00.000Z,11.571428571428571,394188.0
Ombai Strait,2023-11-13T00:00:00.000Z,9.714285714285714,437162.5714285714
Ombai Strait,2023-12-11T00:00:00.000Z,11.142857142857142,429975.0
Ombai Strait,2024-02-05T00:00:00.000Z,9.285714285714286,326194.14285714284
Ombai Strait,2024-09-16T00:00:00.000Z,10.857142857142858,406714.28571428574
Ombai Strait,2024-12-30T00:00:00.000Z,12.0,1016010.2857142857
Ombai Strait,2025-07-07T00:00:00.000Z,11.857142857142858,1005316.2857142857
Ombai Strait,2025-07-21T00:00:00.000Z,10.714285714285714,1229193.142857143
Ombai Strait,2026-04-06T00:00:00.000Z,9.857142857142858,976810.4285714285
Ombai Strait,2026-04-20T00:00:00.000Z,9.285714285714286,836998.0
Ombai Strait,2026-05-11T00:00:00.000Z,10.142857142857142,928649.2857142857
Ombai Strait,2026-06-01T00:00:00.000Z,9.571428571428571,975586.5714285715
Torres Strait,2019-04-15T00:00:00.000Z,9.142857142857142,182645.0
Torres Strait,2019-07-01T00:00:00.000Z,9.142857142857142,199463.2857142857
Torres Strait,2019-09-09T00:00:00.000Z,7.714285714285714,176432.42857142858
Torres Strait,2020-03-09T00:00:00.000Z,9.142857142857142,192073.2857142857
Torres Strait,2020-04-06T00:00:00.000Z,8.285714285714286,150427.0
Torres Strait,2020-08-17T00:00:00.000Z,10.285714285714286,140176.85714285713
Torres Strait,2020-10-19T00:00:00.000Z,8.571428571428571,134073.7142857143
Torres Strait,2020-12-21T00:00:00.000Z,9.571428571428571,220525.57142857142
Torres Strait,2021-03-22T00:00:00.000Z,7.714285714285714,135756.0
Torres Strait,2021-04-19T00:00:00.000Z,9.142857142857142,180028.0
Torres Strait,2021-05-24T00:00:00.000Z,10.0,210136.57142857142
Torres Strait,2021-08-23T00:00:00.000Z,7.285714285714286,186216.2857142857
Torres Strait,2021-11-15T00:00:00.000Z,8.714285714285714,194446.85714285713
Torres Strait,2021-12-20T00:00:00.000Z,8.714285714285714,231844.7142857143
Torres Strait,2022-02-14T00:00:00.000Z,8.428571428571429,206233.2857142857
Torres Strait,2022-02-28T00:00:00.000Z,8.0,212767.57142857142
Torres Strait,2022-12-26T00:00:00.000Z,7.714285714285714,206806.7142857143
Torres Strait,2023-01-02T00:00:00.000Z,8.142857142857142,183028.0
Torres Strait,2023-01-16T00:00:00.000Z,8.857142857142858,168549.2857142857
Torres Strait,2023-02-06T00:00:00.000Z,9.571428571428571,209149.42857142858
Torres Strait,2023-04-17T00:00:00.000Z,9.142857142857142,197765.2857142857
Torres Strait,2023-05-29T00:00:00.000Z,9.428571428571429,208669.57142857142
Torres Strait,2024-01-29T00:00:00.000Z,10.428571428571429,196625.57142857142
Torres Strait,2024-04-22T00:00:00.000Z,10.857142857142858,201911.0
Torres Strait,2024-08-05T00:00:00.000Z,9.0,174704.57142857142
Torres Strait,2024-09-16T00:00:00.000Z,8.285714285714286,153635.57142857142
Torres Strait,2024-11-04T00:00:00.000Z,9.142857142857142,162313.14285714287
Torres Strait,2025-06-02T00:00:00.000Z,9.571428571428571,191244.0
Torres Strait,2025-06-09T00:00:00.000Z,11.285714285714286,175492.2857142857
Torres Strait,2025-12-29T00:00:00.000Z,9.428571428571429,205681.57142857142
Torres Strait,2026-03-30T00:00:00.000Z,8.428571428571429,149625.42857142858
Torres Strait,2026-04-13T00:00:00.000Z,9.285714285714286,255527.85714285713
Torres Strait,2026-05-18T00:00:00.000Z,10.714285714285714,249062.42857142858
Torres Strait,2026-07-06T00:00:00.000Z,8.571428571428571,204274.85714285713
Magellan Strait,2019-05-20T00:00:00.000Z,3.7142857142857144,112292.14285714286
Magellan Strait,2019-12-30T00:00:00.000Z,4.0,85823.14285714286
Magellan Strait,2020-02-24T00:00:00.000Z,3.142857142857143,82420.71428571429
Magellan Strait,2020-04-06T00:00:00.000Z,3.2857142857142856,62292.71428571428
Magellan Strait,2020-07-27T00:00:00.000Z,4.285714285714286,115407.71428571429
Magellan Strait,2020-09-14T00:00:00.000Z,2.7142857142857144,65588.0
Magellan Strait,2021-07-12T00:00:00.000Z,5.571428571428571,230843.42857142858
Magellan Strait,2022-02-14T00:00:00.000Z,4.428571428571429,129527.85714285714
Magellan Strait,2022-07-11T00:00:00.000Z,4.428571428571429,180038.2857142857
Magellan Strait,2022-10-10T00:00:00.000Z,4.571428571428571,145821.2857142857
Magellan Strait,2022-11-21T00:00:00.000Z,4.428571428571429,133416.57142857142
Magellan Strait,2023-06-12T00:00:00.000Z,4.428571428571429,138231.85714285713
Magellan Strait,2023-07-24T00:00:00.000Z,4.285714285714286,125605.71428571429
Magellan Strait,2024-02-19T00:00:00.000Z,5.857142857142857,154167.42857142858
Magellan Strait,2024-07-08T00:00:00.000Z,5.714285714285714,189356.85714285713
Magellan Strait,2024-11-25T00:00:00.000Z,3.7142857142857144,142066.57142857142
Magellan Strait,2025-03-10T00:00:00.000Z,2.5714285714285716,56334.857142857145
Magellan Strait,2025-10-27T00:00:00.000Z,2.4285714285714284,135366.57142857142
Magellan Strait,2026-04-20T00:00:00.000Z,4.285714285714286,163515.0
Balabac Strait,2019-01-28T00:00:00.000Z,11.0,270407.71428571426
Balabac Strait,2019-06-10T00:00:00.000Z,14.142857142857142,394604.28571428574
Balabac Strait,2020-10-05T00:00:00.000Z,9.571428571428571,301875.71428571426
Balabac Strait,2020-10-12T00:00:00.000Z,10.285714285714286,321561.5714285714
Balabac Strait,2020-11-30T00:00:00.000Z,10.714285714285714,244872.42857142858
Balabac Strait,2021-02-01T00:00:00.000Z,9.571428571428571,275906.5714285714
Balabac Strait,2021-03-08T00:00:00.000Z,8.857142857142858,246736.2857142857
Balabac Strait,2021-10-18T00:00:00.000Z,9.0,202750.42857142858
Balabac Strait,2021-12-06T00:00:00.000Z,8.142857142857142,193590.57142857142
Balabac Strait,2022-03-14T00:00:00.000Z,10.142857142857142,326849.28571428574
Balabac Strait,2022-05-02T00:00:00.000Z,10.714285714285714,379929.0
Balabac Strait,2022-12-12T00:00:00.000Z,13.0,416251.4285714286
Balabac Strait,2023-02-06T00:00:00.000Z,10.142857142857142,383775.4285714286
Balabac Strait,2023-06-26T00:00:00.000Z,10.714285714285714,397910.71428571426
Balabac Strait,2023-12-04T00:00:00.000Z,10.571428571428571,281130.0
Balabac Strait,2024-03-04T00:00:00.000Z,12.714285714285714,373393.85714285716
Balabac Strait,2024-05-27T00:00:00.000Z,10.857142857142858,222686.7142857143
Balabac Strait,2024-07-01T00:00:00.000Z,13.142857142857142,272387.5714285714
Balabac Strait,2024-07-29T00:00:00.000Z,11.142857142857142,285730.4285714286
Balabac Strait,2025-11-10T00:00:00.000Z,9.571428571428571,176597.85714285713
Balabac Strait,2026-01-19T00:00:00.000Z,7.285714285714286,122717.42857142857
Balabac Strait,2026-02-16T00:00:00.000Z,9.714285714285714,224534.14285714287
Balabac Strait,2026-04-27T00:00:00.000Z,9.714285714285714,231918.57142857142
Balabac Strait,2026-06-29T00:00:00.000Z,10.714285714285714,307346.4285714286
Dover Strait,2019-10-07T00:00:00.000Z,162.57142857142858,3254296.1428571427
Dover Strait,2020-06-15T00:00:00.000Z,159.57142857142858,2973219.5714285714
Dover Strait,2020-07-13T00:00:00.000Z,147.71428571428572,2416638.714285714
Dover Strait,2020-07-27T00:00:00.000Z,149.57142857142858,2472431.1428571427
Dover Strait,2021-06-28T00:00:00.000Z,154.14285714285714,2471527.0
Dover Strait,2021-08-16T00:00:00.000Z,147.14285714285714,2597788.714285714
Dover Strait,2021-09-27T00:00:00.000Z,159.0,2866744.285714286
Dover Strait,2022-01-10T00:00:00.000Z,175.14285714285714,3087791.1428571427
Dover Strait,2022-01-24T00:00:00.000Z,169.42857142857142,2949190.0
Dover Strait,2022-02-14T00:00:00.000Z,141.0,2685390.1428571427
Dover Strait,2022-03-28T00:00:00.000Z,168.71428571428572,3246781.714285714
Dover Strait,2022-04-11T00:00:00.000Z,173.28571428571428,3119463.0
Dover Strait,2022-07-11T00:00:00.000Z,177.42857142857142,3241540.285714286
Dover Strait,2023-06-19T00:00:00.000Z,170.57142857142858,3380613.285714286
Dover Strait,2023-08-21T00:00:00.000Z,166.85714285714286,3192314.4285714286
Dover Strait,2023-10-09T00:00:00.000Z,181.14285714285714,3518981.285714286
Dover Strait,2024-01-22T00:00:00.000Z,173.71428571428572,3534522.4285714286
Dover Strait,2024-05-13T00:00:00.000Z,171.71428571428572,3450508.714285714
Dover Strait,2024-06-03T00:00:00.000Z,174.14285714285714,3371997.0
Dover Strait,2025-05-05T00:00:00.000Z,178.28571428571428,3694585.4285714286
Dover Strait,2025-06-23T00:00:00.000Z,179.0,3358173.285714286
Dover Strait,2025-10-13T00:00:00.000Z,177.28571428571428,3536649.1428571427
Dover Strait,2026-02-16T00:00:00.000Z,178.0,3964195.5714285714
Tsugaru Strait,2019-04-01T00:00:00.000Z,52.142857142857146,1015525.8571428572
Tsugaru Strait,2019-04-08T00:00:00.000Z,51.285714285714285,1073130.857142857
Tsugaru Strait,2019-06-03T00:00:00.000Z,43.714285714285715,944476.4285714285
Tsugaru Strait,2019-06-24T00:00:00.000Z,47.285714285714285,1024465.4285714285
Tsugaru Strait,2019-07-15T00:00:00.000Z,50.857142857142854,1114328.2857142857
Tsugaru Strait,2019-09-02T00:00:00.000Z,50.285714285714285,1083801.4285714286
Tsugaru Strait,2020-02-17T00:00:00.000Z,38.285714285714285,694514.8571428572
Tsugaru Strait,2020-03-02T00:00:00.000Z,44.857142857142854,795164.5714285715
Tsugaru Strait,2020-07-06T00:00:00.000Z,47.0,902983.7142857143
Tsugaru Strait,2021-07-26T00:00:00.000Z,45.714285714285715,958644.5714285715
Tsugaru Strait,2021-09-20T00:00:00.000Z,49.0,960548.0
Tsugaru Strait,2022-05-16T00:00:00.000Z,52.0,1161643.2857142857
Tsugaru Strait,2023-06-12T00:00:00.000Z,48.57142857142857,1146331.2857142857
Tsugaru Strait,2023-12-11T00:00:00.000Z,31.571428571428573,549069.4285714285
Tsugaru Strait,2023-12-25T00:00:00.000Z,36.857142857142854,824510.0
Tsugaru Strait,2024-03-11T00:00:00.000Z,42.285714285714285,746786.4285714285
Tsugaru Strait,2024-04-15T00:00:00.000Z,43.285714285714285,899509.5714285715
Tsugaru Strait,2024-08-19T00:00:00.000Z,52.857142857142854,1135058.4285714286
Tsugaru Strait,2024-09-16T00:00:00.000Z,51.42857142857143,1228590.7142857143
Tsugaru Strait,2024-11-04T00:00:00.000Z,40.714285714285715,773978.4285714285
Tsugaru Strait,2024-11-25T00:00:00.000Z,34.714285714285715,835009.1428571428
Tsugaru Strait,2024-12-02T00:00:00.000Z,42.0,909713.7142857143
Tsugaru Strait,2025-08-11T00:00:00.000Z,52.42857142857143,1263084.5714285714
Tsugaru Strait,2026-06-29T00:00:00.000Z,57.714285714285715,1410177.0
Tsugaru Strait,2026-07-06T00:00:00.000Z,56.285714285714285,1290500.5714285714
Tsugaru Strait,2026-08-03T00:00:00.000Z,61.0,1502931.857142857
Panama Canal,2019-09-16T00:00:00.000Z,33.142857142857146,737951.8571428572
Panama Canal,2019-09-23T00:00:00.000Z,29.0,694683.1428571428
Panama Canal,2019-12-30T00:00:00.000Z,30.714285714285715,816363.0
Panama Canal,2020-02-03T00:00:00.000Z,33.285714285714285,962775.2857142857
Panama Canal,2020-07-20T00:00:00.000Z,29.285714285714285,773926.5714285715
Panama Canal,2021-08-30T00:00:00.000Z,30.571428571428573,848570.2857142857
Panama Canal,2021-10-04T00:00:00.000Z,29.857142857142858,826578.1428571428
Panama Canal,2022-01-17T00:00:00.000Z,32.57142857142857,865125.0
Panama Canal,2022-04-04T00:00:00.000Z,32.142857142857146,915277.8571428572
Panama Canal,2023-01-16T00:00:00.000Z,33.285714285714285,910096.8571428572
Panama Canal,2023-08-21T00:00:00.000Z,31.0,784465.4285714285
Panama Canal,2023-09-11T00:00:00.000Z,31.0,821307.2857142857
Panama Canal,2024-01-22T00:00:00.000Z,18.285714285714285,462024.14285714284
Panama Canal,2024-03-11T00:00:00.000Z,21.714285714285715,593514.2857142857
Panama Canal,2024-04-08T00:00:00.000Z,23.285714285714285,621199.5714285715
Panama Canal,2024-06-10T00:00:00.000Z,27.857142857142858,819714.1428571428
Panama Canal,2024-10-07T00:00:00.000Z,27.0,788313.2857142857
Panama Canal,2024-11-04T00:00:00.000Z,33.142857142857146,949713.5714285715
Panama Canal,2025-02-17T00:00:00.000Z,30.714285714285715,867672.2857142857
Panama Canal,2025-07-07T00:00:00.000Z,33.714285714285715,1064013.5714285714
Panama Canal,2025-08-11T00:00:00.000Z,31.0,935309.1428571428
Panama Canal,2025-09-01T00:00:00.000Z,31.428571428571427,894274.4285714285
Panama Canal,2025-09-08T00:00:00.000Z,31.571428571428573,1027927.4285714285
Panama Canal,2026-05-04T00:00:00.000Z,34.857142857142854,991381.7142857143
Makassar Strait,2019-06-10T00:00:00.000Z,47.0,2205379.8571428573
Makassar Strait,2019-09-09T00:00:00.000Z,51.142857142857146,2376632.714285714
Makassar Strait,2019-10-07T00:00:00.000Z,51.142857142857146,2117082.1428571427
Makassar Strait,2019-10-28T00:00:00.000Z,50.285714285714285,2252209.714285714
Makassar Strait,2021-04-05T00:00:00.000Z,44.714285714285715,2184979.285714286
Makassar Strait,2021-06-28T00:00:00.000Z,59.57142857142857,3024245.5714285714
Makassar Strait,2021-08-09T00:00:00.000Z,53.0,2686217.0
Makassar Strait,2021-08-16T00:00:00.000Z,50.857142857142854,2121550.1428571427
Makassar Strait,2021-11-08T00:00:00.000Z,55.57142857142857,3090011.4285714286
Makassar Strait,2022-02-21T00:00:00.000Z,55.42857142857143,2762959.4285714286
Makassar Strait,2022-10-31T00:00:00.000Z,52.285714285714285,3418080.714285714
Makassar Strait,2022-12-26T00:00:00.000Z,52.0,2788211.1428571427
Makassar Strait,2023-01-30T00:00:00.000Z,54.57142857142857,3031415.4285714286
Makassar Strait,2023-04-10T00:00:00.000Z,55.142857142857146,2904337.1428571427
Makassar Strait,2023-05-01T00:00:00.000Z,59.57142857142857,3356503.0
Makassar Strait,2024-01-29T00:00:00.000Z,57.714285714285715,3137574.714285714
Makassar Strait,2024-05-20T00:00:00.000Z,54.0,2980324.714285714
Makassar Strait,2024-09-30T00:00:00.000Z,53.42857142857143,2997465.285714286
Makassar Strait,2024-12-02T00:00:00.000Z,55.714285714285715,3298596.0
Makassar Strait,2024-12-30T00:00:00.000Z,55.142857142857146,3151795.4285714286
Makassar Strait,2025-04-21T00:00:00.000Z,46.285714285714285,2866300.714285714
Makassar Strait,2025-06-23T00:00:00.000Z,44.0,2537128.4285714286
Makassar Strait,2025-10-20T00:00:00.000Z,47.42857142857143,3253884.5714285714
Makassar Strait,2025-11-03T00:00:00.000Z,47.285714285714285,2784357.8571428573
Makassar Strait,2026-06-08T00:00:00.000Z,53.57142857142857,3584867.4285714286
Yucatan Channel,2019-03-25T00:00:00.000Z,39.714285714285715,877457.8571428572
Yucatan Channel,2019-04-01T00:00:00.000Z,36.42857142857143,828636.7142857143
Yucatan Channel,2019-04-15T00:00:00.000Z,44.42857142857143,911735.0
Yucatan Channel,2019-05-27T00:00:00.000Z,44.42857142857143,1090496.142857143
Yucatan Channel,2019-09-30T00:00:00.000Z,45.714285714285715,1028875.8571428572
Yucatan Channel,2019-10-07T00:00:00.000Z,44.0,824106.5714285715
Yucatan Channel,2020-01-27T00:00:00.000Z,62.285714285714285,992653.5714285715
Yucatan Channel,2020-03-30T00:00:00.000Z,46.57142857142857,1053889.142857143
Yucatan Channel,2020-05-11T00:00:00.000Z,38.0,1160519.7142857143
Yucatan Channel,2020-09-07T00:00:00.000Z,43.57142857142857,990103.7142857143
Yucatan Channel,2020-11-16T00:00:00.000Z,44.142857142857146,1034267.4285714285
Yucatan Channel,2021-07-19T00:00:00.000Z,43.142857142857146,1043665.5714285715
Yucatan Channel,2021-09-06T00:00:00.000Z,40.142857142857146,837901.8571428572
Yucatan Channel,2021-09-27T00:00:00.000Z,44.0,953394.2857142857
Yucatan Channel,2022-01-31T00:00:00.000Z,45.285714285714285,1039661.4285714285
Yucatan Channel,2022-03-14T00:00:00.000Z,48.57142857142857,1065655.5714285714
Yucatan Channel,2022-05-09T00:00:00.000Z,43.714285714285715,993371.1428571428
Yucatan Channel,2022-05-16T00:00:00.000Z,42.42857142857143,1007259.0
Yucatan Channel,2022-06-27T00:00:00.000Z,42.714285714285715,1029481.0
Yucatan Channel,2022-08-08T00:00:00.000Z,47.714285714285715,1066765.142857143
Yucatan Channel,2023-01-16T00:00:00.000Z,46.42857142857143,1102007.142857143
Yucatan Channel,2023-09-04T00:00:00.000Z,45.42857142857143,1168931.7142857143
Yucatan Channel,2023-10-02T00:00:00.000Z,45.0,1073917.7142857143
Yucatan Channel,2023-10-30T00:00:00.000Z,42.285714285714285,973570.0
Yucatan Channel,2024-05-06T00:00:00.000Z,48.42857142857143,1244331.5714285714
Yucatan Channel,2024-07-08T00:00:00.000Z,45.42857142857143,1039324.4285714285
Yucatan Channel,2024-09-30T00:00:00.000Z,43.142857142857146,1052587.0
Yucatan Channel,2024-11-25T00:00:00.000Z,49.714285714285715,1417554.2857142857
Yucatan Channel,2025-06-30T00:00:00.000Z,46.857142857142854,1154578.4285714286
Yucatan Channel,2025-07-28T00:00:00.000Z,50.857142857142854,1309929.0
Yucatan Channel,2025-11-03T00:00:00.000Z,50.0,1246864.5714285714
Yucatan Channel,2026-05-25T00:00:00.000Z,57.142857142857146,1737678.0
Windward Passage,2019-01-28T00:00:00.000Z,15.142857142857142,299767.5714285714
Windward Passage,2020-06-22T00:00:00.000Z,14.714285714285714,248727.57142857142
Windward Passage,2020-07-27T00:00:00.000Z,15.857142857142858,270330.71428571426
Windward Passage,2020-08-03T00:00:00.000Z,15.285714285714286,270723.4285714286
Windward Passage,2020-08-17T00:00:00.000Z,16.142857142857142,248379.0
Windward Passage,2020-10-12T00:00:00.000Z,18.285714285714285,345041.14285714284
Windward Passage,2021-03-22T00:00:00.000Z,16.285714285714285,270973.0
Windward Passage,2021-03-29T00:00:00.000Z,15.714285714285714,264906.14285714284
Windward Passage,2021-05-03T00:00:00.000Z,16.857142857142858,297605.85714285716
Windward Passage,2022-02-21T00:00:00.000Z,16.285714285714285,302936.0
Windward Passage,2022-03-14T00:00:00.000Z,15.571428571428571,282241.0
Windward Passage,2022-07-25T00:00:00.000Z,15.428571428571429,274070.85714285716
Windward Passage,2023-01-16T00:00:00.000Z,16.857142857142858,296115.28571428574
Windward Passage,2023-09-18T00:00:00.000Z,15.285714285714286,281706.85714285716
Windward Passage,2024-05-27T00:00:00.000Z,15.714285714285714,199037.42857142858
Windward Passage,2024-12-23T00:00:00.000Z,14.142857142857142,223089.0
Windward Passage,2025-01-13T00:00:00.000Z,15.142857142857142,258572.14285714287
Windward Passage,2025-01-27T00:00:00.000Z,14.0,262885.5714285714
Windward Passage,2025-04-14T00:00:00.000Z,17.285714285714285,329797.14285714284
Windward Passage,2025-05-19T00:00:00.000Z,15.285714285714286,252041.14285714287
Windward Passage,2026-02-02T00:00:00.000Z,11.428571428571429,230131.0
Windward Passage,2026-07-13T00:00:00.000Z,16.285714285714285,249639.14285714287
Kerch Strait,2019-07-29T00:00:00.000Z,65.0,144596.0
Kerch Strait,2019-08-05T00:00:00.000Z,80.0,206321.0
Kerch Strait,2020-03-16T00:00:00.000Z,51.57142857142857,110906.14285714286
Kerch Strait,2020-04-13T00:00:00.000Z,58.857142857142854,97615.28571428571
Kerch Strait,2020-05-11T00:00:00.000Z,49.57142857142857,95157.42857142857
Kerch Strait,2021-05-31T00:00:00.000Z,46.714285714285715,96152.28571428571
Kerch Strait,2021-07-26T00:00:00.000Z,59.42857142857143,127931.14285714286
Kerch Strait,2021-09-27T00:00:00.000Z,37.142857142857146,80179.42857142857
Kerch Strait,2021-10-04T00:00:00.000Z,35.42857142857143,55246.71428571428
Kerch Strait,2022-01-31T00:00:00.000Z,18.285714285714285,40975.28571428572
Kerch Strait,2022-06-13T00:00:00.000Z,25.285714285714285,37693.142857142855
Kerch Strait,2022-10-17T00:00:00.000Z,18.428571428571427,36122.57142857143
Kerch Strait,2024-04-01T00:00:00.000Z,11.714285714285714,23674.85714285714
Kerch Strait,2024-04-15T00:00:00.000Z,12.714285714285714,26809.571428571428
Kerch Strait,2024-04-22T00:00:00.000Z,17.285714285714285,36391.0
Kerch Strait,2024-07-08T00:00:00.000Z,1.5714285714285714,1201.2857142857142
Kerch Strait,2024-09-09T00:00:00.000Z,0.5714285714285714,0.0
Kerch Strait,2025-06-02T00:00:00.000Z,12.714285714285714,69887.57142857143
Kerch Strait,2026-03-30T00:00:00.000Z,13.428571428571429,45886.142857142855
Kerch Strait,2026-07-20T00:00:00.000Z,1.1428571428571428,1027.4285714285713
Gibraltar Strait,2019-03-11T00:00:00.000Z,100.14285714285714,2629766.0
Gibraltar Strait,2019-06-17T00:00:00.000Z,112.57142857142857,2872047.0
Gibraltar Strait,2019-09-02T00:00:00.000Z,122.42857142857143,3154957.4285714286
Gibraltar Strait,2019-11-04T00:00:00.000Z,118.0,3413679.0
Gibraltar Strait,2020-01-13T00:00:00.000Z,118.57142857142857,3102102.1428571427
Gibraltar Strait,2020-03-23T00:00:00.000Z,123.0,3218111.285714286
Gibraltar Strait,2020-05-25T00:00:00.000Z,120.14285714285714,3284031.4285714286
Gibraltar Strait,2020-09-07T00:00:00.000Z,121.28571428571429,2996835.1428571427
Gibraltar Strait,2020-09-21T00:00:00.000Z,119.42857142857143,3016039.1428571427
Gibraltar Strait,2021-01-18T00:00:00.000Z,118.28571428571429,2985113.1428571427
Gibraltar Strait,2021-02-08T00:00:00.000Z,122.28571428571429,3192349.714285714
Gibraltar Strait,2021-03-22T00:00:00.000Z,129.71428571428572,3437108.5714285714
Gibraltar Strait,2021-08-30T00:00:00.000Z,128.14285714285714,3763485.5714285714
Gibraltar Strait,2022-04-25T00:00:00.000Z,148.28571428571428,4118289.4285714286
Gibraltar Strait,2023-06-26T00:00:00.000Z,143.28571428571428,3951483.4285714286
Gibraltar Strait,2023-10-09T00:00:00.000Z,149.28571428571428,4056635.5714285714
Gibraltar Strait,2023-12-11T00:00:00.000Z,144.85714285714286,3907941.8571428573
Gibraltar Strait,2023-12-25T00:00:00.000Z,144.42857142857142,4062700.5714285714
Gibraltar Strait,2024-04-15T00:00:00.000Z,141.0,3696502.4285714286
Gibraltar Strait,2025-09-15T00:00:00.000Z,135.14285714285714,3421753.1428571427
Gibraltar Strait,2025-10-27T00:00:00.000Z,138.85714285714286,3745048.8571428573
Gibraltar Strait,2026-03-16T00:00:00.000Z,135.85714285714286,3664034.714285714
Gibraltar Strait,2026-05-18T00:00:00.000Z,139.14285714285714,3838001.714285714
Gibraltar Strait,2026-08-10T00:00:00.000Z,130.85714285714286,3286027.714285714
Taiwan Strait,2019-04-22T00:00:00.000Z,251.42857142857142,5338236.142857143
Taiwan Strait,2019-10-21T00:00:00.000Z,263.2857142857143,5527200.428571428
Taiwan Strait,2019-12-16T00:00:00.000Z,275.0,5216907.142857143
Taiwan Strait,2020-06-08T00:00:00.000Z,261.57142857142856,5610507.428571428
Taiwan Strait,2020-06-29T00:00:00.000Z,280.85714285714283,6290854.285714285
Taiwan Strait,2020-10-26T00:00:00.000Z,260.85714285714283,5717302.571428572
Taiwan Strait,2021-01-04T00:00:00.000Z,245.14285714285714,4953476.142857143
Taiwan Strait,2021-01-11T00:00:00.000Z,256.85714285714283,5421307.142857143
Taiwan Strait,2021-07-26T00:00:00.000Z,260.85714285714283,6429996.0
Taiwan Strait,2021-08-09T00:00:00.000Z,263.7142857142857,5635834.0
Taiwan Strait,2021-10-04T00:00:00.000Z,238.42857142857142,5341264.857142857
Taiwan Strait,2022-07-25T00:00:00.000Z,253.14285714285714,5736205.0
Taiwan Strait,2023-06-05T00:00:00.000Z,255.85714285714286,5879627.285714285
Taiwan Strait,2024-06-17T00:00:00.000Z,232.85714285714286,5713124.285714285
Taiwan Strait,2025-04-28T00:00:00.000Z,259.85714285714283,6831768.714285715
Taiwan Strait,2025-06-30T00:00:00.000Z,214.71428571428572,5023487.0
Taiwan Strait,2026-02-16T00:00:00.000Z,204.57142857142858,5118943.714285715
Taiwan Strait,2026-04-20T00:00:00.000Z,233.71428571428572,5564293.0
Bohai Strait,2018-12-31T00:00:00.000Z,102.16666666666667,2628344.8333333335
Bohai Strait,2019-09-09T00:00:00.000Z,184.14285714285714,5838395.571428572
Bohai Strait,2019-12-02T00:00:00.000Z,201.28571428571428,5633136.857142857
Bohai Strait,2020-03-30T00:00:00.000Z,176.0,5039518.714285715
Bohai Strait,2020-05-04T00:00:00.000Z,184.71428571428572,5088863.857142857
Bohai Strait,2020-06-08T00:00:00.000Z,203.14285714285714,5659096.857142857
Bohai Strait,2020-08-31T00:00:00.000Z,206.42857142857142,6208718.571428572
Bohai Strait,2020-10-05T00:00:00.000Z,193.0,5441540.714285715
Bohai Strait,2021-02-01T00:00:00.000Z,199.14285714285714,5896888.428571428
Bohai Strait,2021-04-12T00:00:00.000Z,201.42857142857142,5583978.714285715
Bohai Strait,2021-05-03T00:00:00.000Z,190.42857142857142,6185922.142857143
Bohai Strait,2021-06-07T00:00:00.000Z,204.28571428571428,6015477.142857143
Bohai Strait,2021-10-25T00:00:00.000Z,195.14285714285714,5697557.0
Bohai Strait,2022-02-14T00:00:00.000Z,181.14285714285714,5546969.285714285
Bohai Strait,2022-03-07T00:00:00.000Z,170.14285714285714,5086628.571428572
Bohai Strait,2022-07-18T00:00:00.000Z,185.28571428571428,5465970.285714285
Bohai Strait,2022-10-17T00:00:00.000Z,188.42857142857142,5791579.285714285
Bohai Strait,2023-07-10T00:00:00.000Z,187.0,6149137.857142857
Bohai Strait,2023-08-28T00:00:00.000Z,173.42857142857142,4922426.571428572
Bohai Strait,2023-10-30T00:00:00.000Z,187.28571428571428,5794960.0
Bohai Strait,2023-12-04T00:00:00.000Z,170.0,5625976.285714285
Bohai Strait,2023-12-11T00:00:00.000Z,149.14285714285714,5386459.857142857
Bohai Strait,2024-02-26T00:00:00.000Z,177.42857142857142,5521032.857142857
Bohai Strait,2024-04-15T00:00:00.000Z,176.0,5763883.142857143
Bohai Strait,2024-08-12T00:00:00.000Z,151.0,4524682.142857143
Bohai Strait,2024-10-07T00:00:00.000Z,180.71428571428572,6854189.142857143
Bohai Strait,2024-12-23T00:00:00.000Z,180.57142857142858,6797380.571428572
Bohai Strait,2025-01-13T00:00:00.000Z,171.85714285714286,5788560.571428572
Bohai Strait,2025-01-20T00:00:00.000Z,167.42857142857142,5592065.571428572
Bohai Strait,2025-07-28T00:00:00.000Z,158.71428571428572,5887532.142857143
Bohai Strait,2025-09-22T00:00:00.000Z,178.0,6830993.285714285
Bohai Strait,2025-10-27T00:00:00.000Z,177.85714285714286,7063506.0
Bohai Strait,2026-02-16T00:00:00.000Z,144.14285714285714,5188974.0
Bohai Strait,2026-05-18T00:00:00.000Z,164.0,6289362.0
Bohai Strait,2026-06-22T00:00:00.000Z,172.14285714285714,5962770.857142857
Sunda Strait,2019-02-04T00:00:00.000Z,27.714285714285715,1013377.5714285715
Sunda Strait,2019-09-23T00:00:00.000Z,27.285714285714285,683492.0
Sunda Strait,2020-01-27T00:00:00.000Z,37.714285714285715,943072.0
Sunda Strait,2020-10-12T00:00:00.000Z,27.285714285714285,816640.5714285715
Sunda Strait,2021-02-22T00:00:00.000Z,29.571428571428573,944590.4285714285
Sunda Strait,2021-06-07T00:00:00.000Z,27.571428571428573,1169202.2857142857
Sunda Strait,2021-06-14T00:00:00.000Z,29.0,869197.2857142857
Sunda Strait,2021-07-19T00:00:00.000Z,25.714285714285715,1047596.4285714285
Sunda Strait,2021-09-20T00:00:00.000Z,29.142857142857142,1069538.0
Sunda Strait,2022-02-07T00:00:00.000Z,22.857142857142858,1034295.7142857143
Sunda Strait,2022-06-27T00:00:00.000Z,24.142857142857142,815003.5714285715
Sunda Strait,2022-08-15T00:00:00.000Z,30.714285714285715,976489.8571428572
Sunda Strait,2022-08-29T00:00:00.000Z,26.0,990187.0
Sunda Strait,2022-11-28T00:00:00.000Z,27.857142857142858,1101650.7142857143
Sunda Strait,2023-01-30T00:00:00.000Z,27.857142857142858,1231009.142857143
Sunda Strait,2023-09-25T00:00:00.000Z,28.571428571428573,1317323.142857143
Sunda Strait,2024-01-08T00:00:00.000Z,34.42857142857143,1398275.7142857143
Sunda Strait,2024-09-02T00:00:00.000Z,29.285714285714285,984452.4285714285
Sunda Strait,2024-12-02T00:00:00.000Z,35.142857142857146,1178099.5714285714
Sunda Strait,2025-01-13T00:00:00.000Z,34.714285714285715,1413608.857142857
Sunda Strait,2025-03-24T00:00:00.000Z,29.0,1166995.857142857
Sunda Strait,2025-06-09T00:00:00.000Z,34.57142857142857,1563911.142857143
Sunda Strait,2025-08-04T00:00:00.000Z,32.285714285714285,1197583.857142857
Sunda Strait,2025-09-15T00:00:00.000Z,31.857142857142858,1451445.0
Sunda Strait,2026-05-04T00:00:00.000Z,32.57142857142857,1179365.142857143
Sunda Strait,2026-06-29T00:00:00.000Z,30.571428571428573,1112890.7142857143
Mona Passage,2019-02-11T00:00:00.000Z,10.857142857142858,301367.4285714286
Mona Passage,2019-04-29T00:00:00.000Z,10.714285714285714,238552.14285714287
Mona Passage,2019-06-24T00:00:00.000Z,11.857142857142858,284893.0
Mona Passage,2020-02-03T00:00:00.000Z,9.285714285714286,273755.0
Mona Passage,2020-03-30T00:00:00.000Z,10.571428571428571,272129.0
Mona Passage,2020-05-25T00:00:00.000Z,9.571428571428571,283625.0
Mona Passage,2020-07-13T00:00:00.000Z,9.428571428571429,204524.0
Mona Passage,2021-09-13T00:00:00.000Z,10.0,256080.0
Mona Passage,2022-06-20T00:00:00.000Z,11.285714285714286,265098.71428571426
Mona Passage,2022-08-15T00:00:00.000Z,11.0,235188.85714285713
Mona Passage,2022-08-22T00:00:00.000Z,9.714285714285714,242000.57142857142
Mona Passage,2022-11-28T00:00:00.000Z,8.428571428571429,225697.7142857143
Mona Passage,2023-05-22T00:00:00.000Z,12.285714285714286,240554.85714285713
Mona Passage,2023-07-31T00:00:00.000Z,10.142857142857142,182662.42857142858
Mona Passage,2024-07-08T00:00:00.000Z,10.571428571428571,169363.2857142857
Mona Passage,2024-10-21T00:00:00.000Z,12.714285714285714,391867.0
Mona Passage,2024-11-11T00:00:00.000Z,11.285714285714286,215884.14285714287
Mona Passage,2025-01-20T00:00:00.000Z,9.571428571428571,182705.0
Mona Passage,2025-05-05T00:00:00.000Z,10.714285714285714,243953.57142857142
Mona Passage,2025-11-10T00:00:00.000Z,12.571428571428571,355915.14285714284
Mona Passage,2026-03-02T00:00:00.000Z,12.142857142857142,320756.14285714284
Mona Passage,2026-08-17T00:00:00.000Z,12.0,328272.85714285716
Bering Strait,2019-03-18T00:00:00.000Z,2.0,67610.0
Bering Strait,2019-09-09T00:00:00.000Z,2.0,12656.0
Bering Strait,2019-10-21T00:00:00.000Z,1.5714285714285714,4858.857142857143
Bering Strait,2020-02-17T00:00:00.000Z,0.0,0.0
Bering Strait,2020-02-24T00:00:00.000Z,0.0,0.0
Bering Strait,2020-06-22T00:00:00.000Z,0.42857142857142855,1174.0
Bering Strait,2021-01-11T00:00:00.000Z,0.14285714285714285,0.0
Bering Strait,2022-01-24T00:00:00.000Z,0.2857142857142857,489.57142857142856
Bering Strait,2022-03-28T00:00:00.000Z,0.0,0.0
Bering Strait,2022-09-05T00:00:00.000Z,1.7142857142857142,15697.42857142857
Bering Strait,2023-07-17T00:00:00.000Z,1.0,7520.571428571428
Bering Strait,2023-08-14T00:00:00.000Z,2.7142857142857144,61072.857142857145
Bering Strait,2023-10-09T00:00:00.000Z,2.7142857142857144,76511.14285714286
Bering Strait,2024-02-12T00:00:00.000Z,0.0,0.0
Bering Strait,2024-04-08T00:00:00.000Z,0.14285714285714285,0.0
Bering Strait,2024-05-13T00:00:00.000Z,0.0,0.0
Bering Strait,2024-06-03T00:00:00.000Z,0.0,0.0
Bering Strait,2024-07-15T00:00:00.000Z,0.8571428571428571,3289.8571428571427
Bering Strait,2024-09-02T00:00:00.000Z,3.0,89288.71428571429
Bering Strait,2025-03-31T00:00:00.000Z,0.14285714285714285,0.0
Bering Strait,2025-07-07T00:00:00.000Z,1.1428571428571428,1623.4285714285713
Bering Strait,2025-07-28T00:00:00.000Z,2.4285714285714284,30041.428571428572
Bering Strait,2025-08-11T00:00:00.000Z,2.7142857142857144,39909.42857142857
Bering Strait,2026-04-27T00:00:00.000Z,0.0,0.0
Bering Strait,2026-05-25T00:00:00.000Z,0.0,0.0
Bering Strait,2026-06-22T00:00:00.000Z,0.0,0.0
Bering Strait,2026-07-27T00:00:00.000Z,1.5714285714285714,31582.571428571428
Strait of Hormuz,2019-08-26T00:00:00.000Z,77.14285714285714,3122969.4285714286
Strait of Hormuz,2019-11-25T00:00:00.000Z,53.857142857142854,1521820.0
Strait of Hormuz,2019-12-02T00:00:00.000Z,49.857142857142854,1591830.0
Strait of Hormuz,2019-12-23T00:00:00.000Z,65.71428571428571,1818011.4285714286
Strait of Hormuz,2020-03-09T00:00:00.000Z,58.714285714285715,2559243.285714286
Strait of Hormuz,2020-08-10T00:00:00.000Z,88.42857142857143,3539511.5714285714
Strait of Hormuz,2020-10-26T00:00:00.000Z,87.57142857142857,3367256.5714285714
Strait of Hormuz,2020-11-02T00:00:00.000Z,73.71428571428571,2969758.8571428573
Strait of Hormuz,2020-11-30T00:00:00.000Z,67.71428571428571,2767265.714285714
Strait of Hormuz,2021-04-19T00:00:00.000Z,95.0,3810060.4285714286
Strait of Hormuz,2021-07-12T00:00:00.000Z,80.28571428571429,3141994.4285714286
Strait of Hormuz,2021-08-09T00:00:00.000Z,85.14285714285714,3729602.714285714
Strait of Hormuz,2021-09-20T00:00:00.000Z,88.42857142857143,3640281.0
Strait of Hormuz,2021-12-13T00:00:00.000Z,79.14285714285714,3393415.0
Strait of Hormuz,2022-05-23T00:00:00.000Z,95.42857142857143,3914446.8571428573
Strait of Hormuz,2022-06-27T00:00:00.000Z,98.14285714285714,3981813.714285714
Strait of Hormuz,2022-10-03T00:00:00.000Z,95.71428571428571,4131199.8571428573
Strait of Hormuz,2023-03-27T00:00:00.000Z,85.71428571428571,3475694.1428571427
Strait of Hormuz,2023-11-27T00:00:00.000Z,72.28571428571429,3319136.1428571427
Strait of Hormuz,2024-10-14T00:00:00.000Z,91.42857142857143,3215689.1428571427
Strait of Hormuz,2025-01-06T00:00:00.000Z,69.28571428571429,2669176.4285714286
Strait of Hormuz,2025-03-24T00:00:00.000Z,83.0,3012038.285714286
Strait of Hormuz,2025-09-22T00:00:00.000Z,86.42857142857143,3257618.8571428573
Strait of Hormuz,2025-09-29T00:00:00.000Z,111.28571428571429,4063014.0
Strait of Hormuz,2026-05-11T00:00:00.000Z,5.428571428571429,103910.42857142857
Cape of Good Hope,2019-02-18T00:00:00.000Z,57.714285714285715,2752931.0
Cape of Good Hope,2019-04-08T00:00:00.000Z,49.857142857142854,2829799.5714285714
Cape of Good Hope,2019-06-10T00:00:00.000Z,48.714285714285715,3306551.5714285714
Cape of Good Hope,2019-07-29T00:00:00.000Z,50.714285714285715,3065398.0
Cape of Good Hope,2019-08-26T00:00:00.000Z,46.0,2895352.285714286
Cape of Good Hope,2020-01-20T00:00:00.000Z,44.714285714285715,2076304.0
Cape of Good Hope,2020-04-06T00:00:00.000Z,47.857142857142854,3127028.1428571427
Cape of Good Hope,2020-12-07T00:00:00.000Z,50.57142857142857,3025746.1428571427
Cape of Good Hope,2021-02-15T00:00:00.000Z,43.0,2431877.0
Cape of Good Hope,2021-09-27T00:00:00.000Z,44.285714285714285,2949371.4285714286
Cape of Good Hope,2021-12-13T00:00:00.000Z,41.42857142857143,2534106.285714286
Cape of Good Hope,2022-06-20T00:00:00.000Z,49.0,2756902.285714286
Cape of Good Hope,2022-09-12T00:00:00.000Z,43.0,3117807.0
Cape of Good Hope,2023-02-13T00:00:00.000Z,41.285714285714285,2215950.5714285714
Cape of Good Hope,2023-03-06T00:00:00.000Z,43.857142857142854,2523691.0
Cape of Good Hope,2023-04-24T00:00:00.000Z,44.42857142857143,2795290.0
Cape of Good Hope,2024-01-01T00:00:00.000Z,72.42857142857143,4190029.714285714
Cape of Good Hope,2024-02-05T00:00:00.000Z,78.85714285714286,3838742.0
Cape of Good Hope,2024-08-12T00:00:00.000Z,101.57142857142857,5983765.428571428
Cape of Good Hope,2025-02-03T00:00:00.000Z,84.0,4692134.142857143
Cape of Good Hope,2025-03-24T00:00:00.000Z,81.57142857142857,5378258.428571428
Cape of Good Hope,2025-05-12T00:00:00.000Z,109.28571428571429,6595569.428571428
Cape of Good Hope,2025-05-26T00:00:00.000Z,85.85714285714286,5940839.285714285
Cape of Good Hope,2025-07-28T00:00:00.000Z,95.14285714285714,6343959.714285715
Cape of Good Hope,2026-01-19T00:00:00.000Z,86.0,5204062.428571428
Cape of Good Hope,2026-04-06T00:00:00.000Z,93.14285714285714,5790804.0
Cape of Good Hope,2026-05-25T00:00:00.000Z,94.85714285714286,6461365.428571428
Suez Canal,2019-04-08T00:00:00.000Z,51.857142857142854,2561832.1428571427
Suez Canal,2019-05-27T00:00:00.000Z,52.42857142857143,2259775.0
Suez Canal,2019-09-02T00:00:00.000Z,51.57142857142857,2520359.8571428573
Suez Canal,2019-11-04T00:00:00.000Z,53.714285714285715,2287824.285714286
Suez Canal,2019-11-11T00:00:00.000Z,53.42857142857143,2453504.285714286
Suez Canal,2019-12-16T00:00:00.000Z,54.285714285714285,2472381.4285714286
Suez Canal,2020-03-09T00:00:00.000Z,55.857142857142854,2756680.5714285714
Suez Canal,2020-07-20T00:00:00.000Z,49.57142857142857,2183887.5714285714
Suez Canal,2020-08-31T00:00:00.000Z,56.857142857142854,2525338.4285714286
Suez Canal,2021-09-06T00:00:00.000Z,60.714285714285715,2812996.0
Suez Canal,2022-06-13T00:00:00.000Z,69.57142857142857,2999683.5714285714
Suez Canal,2022-08-29T00:00:00.000Z,69.28571428571429,3010222.8571428573
Suez Canal,2022-09-26T00:00:00.000Z,69.0,3165319.5714285714
Suez Canal,2023-06-26T00:00:00.000Z,73.28571428571429,3298556.0
Suez Canal,2023-09-04T00:00:00.000Z,75.28571428571429,3478129.714285714
Suez Canal,2024-03-25T00:00:00.000Z,38.42857142857143,1389183.7142857143
Suez Canal,2024-09-16T00:00:00.000Z,41.0,1358647.7142857143
Suez Canal,2025-01-13T00:00:00.000Z,36.714285714285715,1284139.2857142857
Suez Canal,2025-03-17T00:00:00.000Z,36.57142857142857,1271664.4285714286
Suez Canal,2025-11-17T00:00:00.000Z,40.0,1370351.7142857143
Korea Strait,2019-03-25T00:00:00.000Z,221.14285714285714,2592369.5714285714
Korea Strait,2019-04-01T00:00:00.000Z,221.14285714285714,2715130.0
Korea Strait,2019-11-04T00:00:00.000Z,225.42857142857142,2449913.4285714286
Korea Strait,2020-01-13T00:00:00.000Z,237.71428571428572,3094937.714285714
Korea Strait,2020-03-09T00:00:00.000Z,214.28571428571428,2597123.5714285714
Korea Strait,2020-06-29T00:00:00.000Z,235.0,2716418.1428571427
Korea Strait,2021-08-23T00:00:00.000Z,251.85714285714286,3328115.8571428573
Korea Strait,2021-11-29T00:00:00.000Z,226.28571428571428,3035625.4285714286
Korea Strait,2023-02-20T00:00:00.000Z,211.42857142857142,2520948.714285714
Korea Strait,2023-06-19T00:00:00.000Z,247.28571428571428,2955649.1428571427
Korea Strait,2023-07-10T00:00:00.000Z,222.85714285714286,2777895.714285714
Korea Strait,2023-09-04T00:00:00.000Z,250.14285714285714,3174457.714285714
Korea Strait,2024-04-08T00:00:00.000Z,240.57142857142858,3234525.8571428573
Korea Strait,2025-03-31T00:00:00.000Z,224.85714285714286,3329908.0
Korea Strait,2025-05-05T00:00:00.000Z,220.14285714285714,3156949.4285714286
Korea Strait,2025-09-29T00:00:00.000Z,207.0,3042721.8571428573
Korea Strait,2026-01-12T00:00:00.000Z,198.71428571428572,2870189.714285714
Korea Strait,2026-03-02T00:00:00.000Z,201.42857142857142,3178035.714285714
Lombok Strait,2019-04-01T00:00:00.000Z,29.428571428571427,1900120.4285714286
Lombok Strait,2019-07-01T00:00:00.000Z,32.285714285714285,2261134.8571428573
Lombok Strait,2019-09-09T00:00:00.000Z,34.0,2226031.5714285714
Lombok Strait,2019-10-28T00:00:00.000Z,32.285714285714285,2093198.142857143
Lombok Strait,2019-12-23T00:00:00.000Z,37.0,2529271.1428571427
Lombok Strait,2020-06-22T00:00:00.000Z,34.714285714285715,2643709.4285714286
Lombok Strait,2020-07-27T00:00:00.000Z,35.0,2387027.4285714286
Lombok Strait,2020-09-14T00:00:00.000Z,34.857142857142854,2586187.285714286
Lombok Strait,2020-10-26T00:00:00.000Z,31.0,2715797.0
Lombok Strait,2021-02-08T00:00:00.000Z,34.0,2625454.4285714286
Lombok Strait,2021-07-12T00:00:00.000Z,33.0,2349110.285714286
Lombok Strait,2021-09-13T00:00:00.000Z,33.857142857142854,2658976.0
Lombok Strait,2022-02-28T00:00:00.000Z,35.57142857142857,2521394.8571428573
Lombok Strait,2022-12-26T00:00:00.000Z,32.42857142857143,2360553.5714285714
Lombok Strait,2023-04-10T00:00:00.000Z,33.57142857142857,2070890.2857142857
Lombok Strait,2023-04-24T00:00:00.000Z,36.285714285714285,2686974.285714286
Lombok Strait,2023-07-03T00:00:00.000Z,38.42857142857143,2892471.0
Lombok Strait,2023-07-17T00:00:00.000Z,34.714285714285715,2226248.1428571427
Lombok Strait,2023-08-14T00:00:00.000Z,39.857142857142854,2651273.5714285714
Lombok Strait,2023-10-30T00:00:00.000Z,37.714285714285715,2772461.4285714286
Lombok Strait,2024-04-29T00:00:00.000Z,40.285714285714285,3359568.714285714
Lombok Strait,2024-06-03T00:00:00.000Z,40.714285714285715,2780502.714285714
Lombok Strait,2024-06-24T00:00:00.000Z,36.857142857142854,2963150.5714285714
Lombok Strait,2025-01-20T00:00:00.000Z,29.428571428571427,1870305.5714285714
Lombok Strait,2025-02-24T00:00:00.000Z,36.285714285714285,2877808.4285714286
Lombok Strait,2025-04-28T00:00:00.000Z,35.857142857142854,2929093.0
Lombok Strait,2025-06-02T00:00:00.000Z,39.714285714285715,3249572.8571428573
Lombok Strait,2025-11-03T00:00:00.000Z,37.857142857142854,2837133.0
Lombok Strait,2026-01-12T00:00:00.000Z,40.142857142857146,2952082.4285714286
Lombok Strait,2026-03-23T00:00:00.000Z,34.714285714285715,2477656.714285714
Lombok Strait,2026-06-08T00:00:00.000Z,41.714285714285715,3180888.285714286
Lombok Strait,2026-06-22T00:00:00.000Z,37.42857142857143,3200076.8571428573
Lombok Strait,2026-07-13T00:00:00.000Z,36.0,2629380.5714285714
Lombok Strait,2026-08-17T00:00:00.000Z,32.57142857142857,2801251.4285714286
Mindoro Strait,2019-01-21T00:00:00.000Z,40.57142857142857,2003442.4285714286
Mindoro Strait,2019-03-11T00:00:00.000Z,37.57142857142857,1674329.4285714286
Mindoro Strait,2019-04-15T00:00:00.000Z,34.42857142857143,1661757.857142857
Mindoro Strait,2019-07-01T00:00:00.000Z,47.57142857142857,2142246.8571428573
Mindoro Strait,2020-07-20T00:00:00.000Z,56.857142857142854,2615751.4285714286
Mindoro Strait,2020-08-17T00:00:00.000Z,48.285714285714285,2153192.8571428573
Mindoro Strait,2020-09-14T00:00:00.000Z,48.285714285714285,2359408.285714286
Mindoro Strait,2021-02-08T00:00:00.000Z,56.714285714285715,2315286.0
Mindoro Strait,2022-02-07T00:00:00.000Z,41.285714285714285,2098770.285714286
Mindoro Strait,2022-04-18T00:00:00.000Z,42.857142857142854,2389481.0
Mindoro Strait,2022-08-01T00:00:00.000Z,45.285714285714285,2772231.5714285714
Mindoro Strait,2022-12-26T00:00:00.000Z,49.0,3156574.8571428573
Mindoro Strait,2023-01-02T00:00:00.000Z,47.285714285714285,2379650.714285714
Mindoro Strait,2023-03-27T00:00:00.000Z,51.857142857142854,2788870.714285714
Mindoro Strait,2023-09-04T00:00:00.000Z,43.42857142857143,2406139.285714286
Mindoro Strait,2023-10-09T00:00:00.000Z,47.42857142857143,2406692.714285714
Mindoro Strait,2023-12-11T00:00:00.000Z,53.285714285714285,2577434.1428571427
Mindoro Strait,2024-01-01T00:00:00.000Z,53.142857142857146,2847722.714285714
Mindoro Strait,2024-09-02T00:00:00.000Z,38.57142857142857,2188066.0
Mindoro Strait,2024-12-02T00:00:00.000Z,40.57142857142857,2498191.0
Mindoro Strait,2025-01-27T00:00:00.000Z,41.285714285714285,2115535.1428571427
Mindoro Strait,2025-07-07T00:00:00.000Z,31.142857142857142,1637956.2857142857
Mindoro Strait,2025-11-10T00:00:00.000Z,28.571428571428573,2097936.5714285714
Mindoro Strait,2026-01-05T00:00:00.000Z,39.57142857142857,2039500.5714285714
Mindoro Strait,2026-02-02T00:00:00.000Z,37.285714285714285,2040907.4285714286
Mindoro Strait,2026-02-16T00:00:00.000Z,35.42857142857143,1515037.4285714286
Mindoro Strait,2026-03-16T00:00:00.000Z,37.714285714285715,1821106.142857143
Mindoro Strait,2026-04-06T00:00:00.000Z,27.857142857142858,1847419.5714285714
Bosporus Strait,2019-07-08T00:00:00.000Z,105.57142857142857,1270066.142857143
Bosporus Strait,2019-07-29T00:00:00.000Z,114.57142857142857,1519168.7142857143
Bosporus Strait,2019-12-02T00:00:00.000Z,110.85714285714286,1268838.7142857143
Bosporus Strait,2019-12-23T00:00:00.000Z,112.28571428571429,1472812.142857143
Bosporus Strait,2020-04-20T00:00:00.000Z,113.14285714285714,1470176.2857142857
Bosporus Strait,2020-06-01T00:00:00.000Z,90.57142857142857,1105095.2857142857
Bosporus Strait,2020-06-15T00:00:00.000Z,87.28571428571429,1070837.2857142857
Bosporus Strait,2020-07-06T00:00:00.000Z,84.0,937864.4285714285
Bosporus Strait,2021-03-29T00:00:00.000Z,101.28571428571429,1304727.7142857143
Bosporus Strait,2021-04-26T00:00:00.000Z,102.71428571428571,1284698.4285714286
Bosporus Strait,2021-06-14T00:00:00.000Z,96.85714285714286,1218097.0
Bosporus Strait,2021-06-21T00:00:00.000Z,101.42857142857143,1338673.5714285714
Bosporus Strait,2021-07-12T00:00:00.000Z,94.71428571428571,1154138.2857142857
Bosporus Strait,2021-12-20T00:00:00.000Z,95.42857142857143,1250244.7142857143
Bosporus Strait,2022-02-07T00:00:00.000Z,96.0,1308378.0
Bosporus Strait,2022-04-11T00:00:00.000Z,82.71428571428571,864104.5714285715
Bosporus Strait,2022-05-23T00:00:00.000Z,83.42857142857143,780040.1428571428
Bosporus Strait,2022-06-20T00:00:00.000Z,90.57142857142857,913217.7142857143
Bosporus Strait,2022-09-05T00:00:00.000Z,94.14285714285714,924157.4285714285
Bosporus Strait,2022-09-19T00:00:00.000Z,92.85714285714286,1087406.4285714286
Bosporus Strait,2023-01-09T00:00:00.000Z,96.71428571428571,1101834.857142857
Bosporus Strait,2023-01-30T00:00:00.000Z,96.85714285714286,1391706.857142857
Bosporus Strait,2023-09-04T00:00:00.000Z,84.28571428571429,1067349.142857143
Bosporus Strait,2023-12-11T00:00:00.000Z,92.0,1393540.7142857143
Bosporus Strait,2024-04-08T00:00:00.000Z,112.42857142857143,1353823.142857143
Bosporus Strait,2024-09-16T00:00:00.000Z,86.42857142857143,1020243.1428571428
Bosporus Strait,2024-09-23T00:00:00.000Z,98.28571428571429,1163956.857142857
Bosporus Strait,2024-11-04T00:00:00.000Z,99.28571428571429,1024441.0
Bosporus Strait,2025-02-10T00:00:00.000Z,90.57142857142857,1242001.0
Bosporus Strait,2025-05-19T00:00:00.000Z,91.85714285714286,887797.0
Bosporus Strait,2025-07-21T00:00:00.000Z,94.42857142857143,1118802.5714285714
Bosporus Strait,2026-03-09T00:00:00.000Z,91.28571428571429,1310213.2857142857
Bab el-Mandeb Strait,2019-09-23T00:00:00.000Z,55.0,2417598.1428571427
Bab el-Mandeb Strait,2020-08-17T00:00:00.000Z,56.142857142857146,2339278.1428571427
Bab el-Mandeb Strait,2020-10-05T00:00:00.000Z,57.0,2369749.5714285714
Bab el-Mandeb Strait,2020-10-26T00:00:00.000Z,57.142857142857146,2635424.714285714
Bab el-Mandeb Strait,2020-11-09T00:00:00.000Z,57.0,2548453.4285714286
Bab el-Mandeb Strait,2020-11-23T00:00:00.000Z,56.0,2545421.8571428573
Bab el-Mandeb Strait,2021-05-03T00:00:00.000Z,59.42857142857143,2781259.4285714286
Bab el-Mandeb Strait,2021-05-10T00:00:00.000Z,55.857142857142854,2574288.285714286
Bab el-Mandeb Strait,2021-07-12T00:00:00.000Z,56.285714285714285,2725289.8571428573
Bab el-Mandeb Strait,2021-09-20T00:00:00.000Z,67.85714285714286,3114269.8571428573
Bab el-Mandeb Strait,2022-06-06T00:00:00.000Z,65.42857142857143,3146131.0
Bab el-Mandeb Strait,2022-08-08T00:00:00.000Z,68.14285714285714,3243321.714285714
Bab el-Mandeb Strait,2022-09-05T00:00:00.000Z,70.14285714285714,3126967.0
Bab el-Mandeb Strait,2022-12-19T00:00:00.000Z,72.0,3376761.8571428573
Bab el-Mandeb Strait,2023-01-16T00:00:00.000Z,74.71428571428571,3185681.714285714
Bab el-Mandeb Strait,2024-02-05T00:00:00.000Z,34.857142857142854,1340046.5714285714
Bab el-Mandeb Strait,2024-02-26T00:00:00.000Z,35.142857142857146,1354351.142857143
Bab el-Mandeb Strait,2024-03-04T00:00:00.000Z,31.714285714285715,1126570.2857142857
Bab el-Mandeb Strait,2024-04-22T00:00:00.000Z,33.857142857142854,1313044.0
Bab el-Mandeb Strait,2024-05-06T00:00:00.000Z,32.142857142857146,1303354.5714285714
Bab el-Mandeb Strait,2024-08-19T00:00:00.000Z,29.857142857142858,935426.2857142857
Bab el-Mandeb Strait,2024-11-11T00:00:00.000Z,33.714285714285715,1145647.142857143
Bab el-Mandeb Strait,2024-12-16T00:00:00.000Z,27.857142857142858,988955.4285714285
Bab el-Mandeb Strait,2025-02-03T00:00:00.000Z,31.0,968419.2857142857
Bab el-Mandeb Strait,2025-06-09T00:00:00.000Z,35.57142857142857,1120346.857142857
Bab el-Mandeb Strait,2025-06-16T00:00:00.000Z,26.142857142857142,1055645.2857142857
Bab el-Mandeb Strait,2025-10-13T00:00:00.000Z,37.57142857142857,1306497.857142857
Bab el-Mandeb Strait,2026-03-09T00:00:00.000Z,30.285714285714285,1142884.857142857
Bab el-Mandeb Strait,2026-04-13T00:00:00.000Z,35.714285714285715,1314979.857142857
Bab el-Mandeb Strait,2026-06-01T00:00:00.000Z,37.57142857142857,1390654.0
Bab el-Mandeb Strait,2026-08-17T00:00:00.000Z,29.428571428571427,859545.0
Malacca Strait,2019-07-01T00:00:00.000Z,163.85714285714286,6093517.714285715
Malacca Strait,2019-10-21T00:00:00.000Z,176.57142857142858,7351911.428571428
Malacca Strait,2020-09-28T00:00:00.000Z,160.0,6263743.0
Malacca Strait,2021-05-24T00:00:00.000Z,155.42857142857142,6123804.571428572
Malacca Strait,2021-10-18T00:00:00.000Z,153.14285714285714,6112221.0
Malacca Strait,2022-01-03T00:00:00.000Z,204.14285714285714,7381097.0
Malacca Strait,2022-01-10T00:00:00.000Z,201.28571428571428,7125576.0
Malacca Strait,2022-03-07T00:00:00.000Z,199.28571428571428,7254985.714285715
Malacca Strait,2022-10-17T00:00:00.000Z,213.28571428571428,7612781.142857143
Malacca Strait,2022-11-07T00:00:00.000Z,211.28571428571428,8055385.0
Malacca Strait,2022-11-21T00:00:00.000Z,221.14285714285714,7850468.857142857
Malacca Strait,2023-05-22T00:00:00.000Z,225.71428571428572,8291631.428571428
Malacca Strait,2023-08-21T00:00:00.000Z,225.28571428571428,8161702.285714285
Malacca Strait,2023-10-23T00:00:00.000Z,218.85714285714286,8340213.142857143
Malacca Strait,2023-12-25T00:00:00.000Z,211.71428571428572,8604905.57142857
Malacca Strait,2024-08-12T00:00:00.000Z,226.71428571428572,8136037.142857143
Malacca Strait,2025-02-10T00:00:00.000Z,224.71428571428572,8334445.142857143
Malacca Strait,2025-08-11T00:00:00.000Z,243.71428571428572,9207372.142857144
Malacca Strait,2025-11-17T00:00:00.000Z,239.85714285714286,9440605.57142857
Malacca Strait,2026-07-13T00:00:00.000Z,215.85714285714286,8584565.142857144
Oresund Strait,2019-11-04T00:00:00.000Z,49.57142857142857,88780.0
Oresund Strait,2020-10-05T00:00:00.000Z,54.0,155749.2857142857
Oresund Strait,2022-01-10T00:00:00.000Z,48.714285714285715,102146.0
Oresund Strait,2022-10-10T00:00:00.000Z,44.42857142857143,95526.0
Oresund Strait,2023-02-27T00:00:00.000Z,44.57142857142857,109712.85714285714
Oresund Strait,2023-03-27T00:00:00.000Z,44.0,70606.71428571429
Oresund Strait,2023-06-26T00:00:00.000Z,41.857142857142854,76946.28571428571
Oresund Strait,2023-11-13T00:00:00.000Z,46.0,103220.85714285714
Oresund Strait,2024-04-29T00:00:00.000Z,44.57142857142857,105876.42857142857
Oresund Strait,2025-07-14T00:00:00.000Z,48.57142857142857,105918.85714285714
Oresund Strait,2026-03-09T00:00:00.000Z,39.857142857142854,89216.57142857143
Luzon Strait,2019-01-14T00:00:00.000Z,64.85714285714286,3095811.4285714286
Luzon Strait,2019-02-04T00:00:00.000Z,76.57142857142857,4679202.428571428
Luzon Strait,2019-02-18T00:00:00.000Z,59.714285714285715,3607453.714285714
Luzon Strait,2019-04-15T00:00:00.000Z,54.57142857142857,3338394.4285714286
Luzon Strait,2019-05-27T00:00:00.000Z,46.714285714285715,2697720.714285714
Luzon Strait,2019-07-08T00:00:00.000Z,61.142857142857146,3586512.4285714286
Luzon Strait,2019-07-15T00:00:00.000Z,51.714285714285715,3490740.5714285714
Luzon Strait,2019-07-22T00:00:00.000Z,70.28571428571429,4043097.285714286
Luzon Strait,2019-08-26T00:00:00.000Z,69.71428571428571,3123825.8571428573
Luzon Strait,2020-02-24T00:00:00.000Z,55.57142857142857,3410724.8571428573
Luzon Strait,2020-06-08T00:00:00.000Z,67.14285714285714,3933916.285714286
Luzon Strait,2020-06-22T00:00:00.000Z,58.0,3520917.8571428573
Luzon Strait,2021-05-31T00:00:00.000Z,67.42857142857143,4860785.285714285
Luzon Strait,2021-11-15T00:00:00.000Z,85.57142857142857,5014647.428571428
Luzon Strait,2022-01-03T00:00:00.000Z,78.14285714285714,4532652.285714285
Luzon Strait,2022-02-14T00:00:00.000Z,84.71428571428571,4540475.142857143
Luzon Strait,2023-03-20T00:00:00.000Z,79.85714285714286,4708717.571428572
Luzon Strait,2023-04-24T00:00:00.000Z,73.85714285714286,3864103.1428571427
Luzon Strait,2023-05-08T00:00:00.000Z,71.14285714285714,4584140.0
Luzon Strait,2023-07-10T00:00:00.000Z,76.71428571428571,4504616.0
Luzon Strait,2023-07-24T00:00:00.000Z,63.857142857142854,4231946.0
Luzon Strait,2023-08-07T00:00:00.000Z,71.71428571428571,4227830.285714285
Luzon Strait,2023-08-28T00:00:00.000Z,71.71428571428571,4660053.142857143
Luzon Strait,2023-10-23T00:00:00.000Z,72.0,4484533.571428572
Luzon Strait,2023-11-13T00:00:00.000Z,79.42857142857143,4496266.285714285
Luzon Strait,2024-03-11T00:00:00.000Z,88.57142857142857,6378972.714285715
Luzon Strait,2024-10-07T00:00:00.000Z,78.85714285714286,4870975.142857143
Luzon Strait,2025-04-21T00:00:00.000Z,74.85714285714286,4994462.142857143
Ombai Strait,2019-08-12T00:00:00.000Z,13.0,930772.1428571428
Ombai Strait,2019-09-16T00:00:00.000Z,13.285714285714286,867460.4285714285
Ombai Strait,2019-11-25T00:00:00.000Z,13.0,739724.1428571428
Ombai Strait,2019-12-02T00:00:00.000Z,14.0,788607.0
Ombai Strait,2020-04-06T00:00:00.000Z,14.428571428571429,641511.5714285715
Ombai Strait,2021-05-03T00:00:00.000Z,11.142857142857142,419797.28571428574
Ombai Strait,2021-07-26T00:00:00.000Z,9.285714285714286,356945.0
Ombai Strait,2021-08-30T00:00:00.000Z,13.142857142857142,366121.85714285716
Ombai Strait,2021-12-27T00:00:00.000Z,10.571428571428571,431606.85714285716
Ombai Strait,2022-03-21T00:00:00.000Z,12.571428571428571,466056.28571428574
Ombai Strait,2022-04-04T00:00:00.000Z,13.142857142857142,532676.4285714285
Ombai Strait,2022-08-01T00:00:00.000Z,10.142857142857142,426765.28571428574
Ombai Strait,2022-08-29T00:00:00.000Z,11.285714285714286,398770.5714285714
Ombai Strait,2022-09-05T00:00:00.000Z,11.285714285714286,485988.4285714286
Ombai Strait,2022-11-21T00:00:00.000Z,9.857142857142858,385989.71428571426
Ombai Strait,2023-05-29T00:00:00.000Z,8.571428571428571,387351.71428571426
Ombai Strait,2023-08-28T00:00:00.000Z,9.857142857142858,370066.28571428574
Ombai Strait,2023-09-04T00:00:00.000Z,12.0,549294.0
Ombai Strait,2024-04-08T00:00:00.000Z,11.0,521617.5714285714
Ombai Strait,2024-04-15T00:00:00.000Z,12.714285714285714,547874.5714285715
Ombai Strait,2024-11-04T00:00:00.000Z,14.142857142857142,580972.7142857143
Ombai Strait,2024-11-18T00:00:00.000Z,11.857142857142858,571024.1428571428
Ombai Strait,2024-12-09T00:00:00.000Z,10.142857142857142,318981.5714285714
Ombai Strait,2025-08-04T00:00:00.000Z,9.714285714285714,296675.0
Ombai Strait,2025-10-06T00:00:00.000Z,13.285714285714286,1041246.4285714285
Ombai Strait,2025-11-24T00:00:00.000Z,9.857142857142858,337964.0
Ombai Strait,2026-02-16T00:00:00.000Z,10.428571428571429,955730.1428571428
Ombai Strait,2026-03-30T00:00:00.000Z,8.857142857142858,655616.1428571428
Ombai Strait,2026-05-25T00:00:00.000Z,9.0,470264.71428571426
Ombai Strait,2026-07-13T00:00:00.000Z,9.428571428571429,640850.2857142857
Ombai Strait,2026-07-27T00:00:00.000Z,8.285714285714286,396886.14285714284
Torres Strait,2019-12-02T00:00:00.000Z,8.0,110589.42857142857
Torres Strait,2019-12-30T00:00:00.000Z,7.714285714285714,162176.85714285713
Torres Strait,2020-11-16T00:00:00.000Z,10.428571428571429,166660.0
Torres Strait,2021-03-15T00:00:00.000Z,9.285714285714286,174577.14285714287
Torres Strait,2022-02-07T00:00:00.000Z,9.714285714285714,257887.85714285713
Torres Strait,2022-09-26T00:00:00.000Z,9.428571428571429,206815.0
Torres Strait,2024-01-15T00:00:00.000Z,7.571428571428571,137619.42857142858
Torres Strait,2024-05-13T00:00:00.000Z,8.142857142857142,158865.57142857142
Torres Strait,2024-06-10T00:00:00.000Z,10.857142857142858,237729.7142857143
Torres Strait,2024-11-25T00:00:00.000Z,11.571428571428571,195900.0
Torres Strait,2025-01-27T00:00:00.000Z,9.142857142857142,209785.0
Torres Strait,2025-02-03T00:00:00.000Z,8.428571428571429,132355.42857142858
Torres Strait,2025-05-19T00:00:00.000Z,9.428571428571429,159763.85714285713
Torres Strait,2025-06-30T00:00:00.000Z,9.285714285714286,157031.7142857143
Torres Strait,2025-07-14T00:00:00.000Z,8.571428571428571,156702.2857142857
Torres Strait,2025-10-06T00:00:00.000Z,10.285714285714286,188686.85714285713
Torres Strait,2026-01-26T00:00:00.000Z,9.142857142857142,225859.14285714287
Torres Strait,2026-05-11T00:00:00.000Z,8.571428571428571,164248.85714285713
Torres Strait,2026-06-22T00:00:00.000Z,8.571428571428571,176071.0
Magellan Strait,2019-01-07T00:00:00.000Z,2.2857142857142856,51325.57142857143
Magellan Strait,2019-02-25T00:00:00.000Z,1.7142857142857142,44039.142857142855
Magellan Strait,2019-12-02T00:00:00.000Z,3.0,109201.71428571429
Magellan Strait,2021-03-15T00:00:00.000Z,3.2857142857142856,87000.57142857143
Magellan Strait,2021-09-06T00:00:00.000Z,3.857142857142857,85652.28571428571
Magellan Strait,2021-10-11T00:00:00.000Z,4.0,120491.85714285714
Magellan Strait,2022-06-13T00:00:00.000Z,2.7142857142857144,104794.57142857143
Magellan Strait,2022-06-20T00:00:00.000Z,3.142857142857143,114784.57142857143
Magellan Strait,2022-08-22T00:00:00.000Z,3.2857142857142856,95497.28571428571
Magellan Strait,2022-08-29T00:00:00.000Z,4.714285714285714,105104.42857142857
Magellan Strait,2022-09-26T00:00:00.000Z,5.0,172617.57142857142
Magellan Strait,2023-03-06T00:00:00.000Z,4.428571428571429,130394.71428571429
Magellan Strait,2023-04-10T00:00:00.000Z,3.0,94590.0
Magellan Strait,2023-05-29T00:00:00.000Z,4.142857142857143,121409.28571428571
Magellan Strait,2023-06-26T00:00:00.000Z,4.428571428571429,162935.85714285713
Magellan Strait,2023-07-31T00:00:00.000Z,3.4285714285714284,185498.2857142857
Magellan Strait,2024-09-23T00:00:00.000Z,3.142857142857143,91367.57142857143
Magellan Strait,2025-05-05T00:00:00.000Z,4.142857142857143,168848.85714285713
Balabac Strait,2019-02-11T00:00:00.000Z,10.142857142857142,157304.57142857142
Balabac Strait,2019-04-29T00:00:00.000Z,12.857142857142858,324942.0
Balabac Strait,2021-08-09T00:00:00.000Z,9.285714285714286,276372.71428571426
Balabac Strait,2021-10-25T00:00:00.000Z,12.428571428571429,331902.28571428574
Balabac Strait,2021-11-29T00:00:00.000Z,9.142857142857142,192347.42857142858
Balabac Strait,2022-04-04T00:00:00.000Z,11.428571428571429,359960.0
Balabac Strait,2022-04-11T00:00:00.000Z,12.714285714285714,437252.4285714286
Balabac Strait,2022-06-13T00:00:00.000Z,12.0,465699.4285714286
Balabac Strait,2022-06-20T00:00:00.000Z,12.0,269031.4285714286
Balabac Strait,2022-06-27T00:00:00.000Z,13.142857142857142,385801.5714285714
Balabac Strait,2022-10-31T00:00:00.000Z,15.857142857142858,493711.14285714284
Balabac Strait,2022-11-14T00:00:00.000Z,9.857142857142858,192590.2857142857
Balabac Strait,2023-01-09T00:00:00.000Z,14.285714285714286,406696.85714285716
Balabac Strait,2023-09-18T00:00:00.000Z,9.0,220788.85714285713
Balabac Strait,2024-05-13T00:00:00.000Z,11.142857142857142,243960.57142857142
Balabac Strait,2024-06-10T00:00:00.000Z,12.0,273149.71428571426
Balabac Strait,2024-06-17T00:00:00.000Z,11.142857142857142,332140.5714285714
Balabac Strait,2024-07-08T00:00:00.000Z,12.714285714285714,280747.0
Balabac Strait,2024-08-12T00:00:00.000Z,6.714285714285714,129712.0
Balabac Strait,2024-11-11T00:00:00.000Z,13.571428571428571,317430.5714285714
Balabac Strait,2025-05-19T00:00:00.000Z,7.285714285714286,187158.57142857142
Balabac Strait,2025-09-22T00:00:00.000Z,10.571428571428571,206988.85714285713
Balabac Strait,2025-10-06T00:00:00.000Z,8.0,230400.85714285713
Balabac Strait,2025-10-13T00:00:00.000Z,10.142857142857142,257072.2857142857
Balabac Strait,2026-01-05T00:00:00.000Z,9.857142857142858,146541.85714285713
Balabac Strait,2026-03-23T00:00:00.000Z,9.142857142857142,161658.0
Dover Strait,2019-10-14T00:00:00.000Z,161.71428571428572,2932102.285714286
Dover Strait,2020-08-10T00:00:00.000Z,143.71428571428572,2341866.4285714286
Dover Strait,2020-10-26T00:00:00.000Z,153.85714285714286,2765300.714285714
Dover Strait,2021-05-03T00:00:00.000Z,157.85714285714286,2874169.8571428573
Dover Strait,2021-05-10T00:00:00.000Z,164.28571428571428,3275617.285714286
Dover Strait,2021-12-06T00:00:00.000Z,158.57142857142858,3107234.8571428573
Dover Strait,2022-04-04T00:00:00.000Z,162.57142857142858,3174459.714285714
Dover Strait,2022-06-27T00:00:00.000Z,172.42857142857142,3619714.0
Dover Strait,2022-09-12T00:00:00.000Z,171.57142857142858,3586434.285714286
Dover Strait,2022-09-19T00:00:00.000Z,181.14285714285714,3282963.714285714
Dover Strait,2022-12-05T00:00:00.000Z,179.57142857142858,3615779.0
Dover Strait,2023-02-20T00:00:00.000Z,190.0,4264882.428571428
Dover Strait,2023-04-17T00:00:00.000Z,193.0,3901953.714285714
Dover Strait,2023-08-07T00:00:00.000Z,167.71428571428572,3127470.714285714
Dover Strait,2023-09-11T00:00:00.000Z,170.0,3417698.714285714
Dover Strait,2023-11-20T00:00:00.000Z,179.0,3789080.4285714286
Dover Strait,2023-12-04T00:00:00.000Z,166.57142857142858,3748234.4285714286
Dover Strait,2024-02-12T00:00:00.000Z,168.14285714285714,3418792.0
Dover Strait,2024-11-11T00:00:00.000Z,184.0,3569024.714285714
Dover Strait,2025-03-10T00:00:00.000Z,167.71428571428572,3299321.0
Dover Strait,2025-05-12T00:00:00.000Z,178.85714285714286,3659370.1428571427
Dover Strait,2025-12-29T00:00:00.000Z,155.14285714285714,3264974.4285714286
Dover Strait,2026-06-22T00:00:00.000Z,159.14285714285714,3320936.285714286
Dover Strait,2026-08-03T00:00:00.000Z,158.28571428571428,3329498.1428571427
Tsugaru Strait,2019-02-18T00:00:00.000Z,48.0,828996.1428571428
Tsugaru Strait,2019-10-28T00:00:00.000Z,48.0,844861.2857142857
Tsugaru Strait,2019-12-02T00:00:00.000Z,36.57142857142857,798291.1428571428
Tsugaru Strait,2019-12-09T00:00:00.000Z,41.857142857142854,760456.7142857143
Tsugaru Strait,2019-12-30T00:00:00.000Z,34.42857142857143,890490.0
Tsugaru Strait,2020-12-14T00:00:00.000Z,25.142857142857142,602579.7142857143
Tsugaru Strait,2021-06-07T00:00:00.000Z,53.142857142857146,1242111.7142857143
Tsugaru Strait,2021-12-13T00:00:00.000Z,29.142857142857142,516085.14285714284
Tsugaru Strait,2021-12-20T00:00:00.000Z,32.714285714285715,601311.7142857143
Tsugaru Strait,2022-09-12T00:00:00.000Z,54.57142857142857,994172.0
Tsugaru Strait,2023-05-29T00:00:00.000Z,54.857142857142854,1106807.7142857143
Tsugaru Strait,2023-07-10T00:00:00.000Z,41.42857142857143,829800.4285714285
Tsugaru Strait,2023-09-04T00:00:00.000Z,47.142857142857146,955249.1428571428
Tsugaru Strait,2023-10-09T00:00:00.000Z,49.0,854767.2857142857
Tsugaru Strait,2024-01-01T00:00:00.000Z,32.857142857142854,722623.5714285715
Tsugaru Strait,2024-02-12T00:00:00.000Z,41.857142857142854,887135.4285714285
Tsugaru Strait,2024-05-13T00:00:00.000Z,47.714285714285715,1057393.0
Tsugaru Strait,2024-05-20T00:00:00.000Z,51.142857142857146,1186300.7142857143
Tsugaru Strait,2024-11-11T00:00:00.000Z,43.714285714285715,806288.1428571428
Tsugaru Strait,2025-03-03T00:00:00.000Z,42.857142857142854,739507.0
Tsugaru Strait,2025-03-10T00:00:00.000Z,35.285714285714285,707087.1428571428
Tsugaru Strait,2025-08-04T00:00:00.000Z,50.42857142857143,1155537.5714285714
Tsugaru Strait,2025-09-08T00:00:00.000Z,48.142857142857146,1118124.142857143
Tsugaru Strait,2025-11-17T00:00:00.000Z,38.42857142857143,833235.7142857143
Tsugaru Strait,2025-12-08T00:00:00.000Z,33.142857142857146,699184.7142857143
Tsugaru Strait,2025-12-29T00:00:00.000Z,29.142857142857142,752236.7142857143
Panama Canal,2019-02-11T00:00:00.000Z,29.285714285714285,727933.8571428572
Panama Canal,2019-04-01T00:00:00.000Z,30.285714285714285,808995.7142857143
Panama Canal,2019-05-20T00:00:00.000Z,30.142857142857142,863509.4285714285
Panama Canal,2019-09-09T00:00:00.000Z,32.0,913554.4285714285
Panama Canal,2019-10-21T00:00:00.000Z,32.285714285714285,805971.4285714285
Panama Canal,2020-09-21T00:00:00.000Z,30.571428571428573,908232.5714285715
Panama Canal,2020-12-14T00:00:00.000Z,33.57142857142857,962934.5714285715
Panama Canal,2021-04-19T00:00:00.000Z,31.714285714285715,1010782.2857142857
Panama Canal,2021-04-26T00:00:00.000Z,30.428571428571427,925446.4285714285
Panama Canal,2021-09-20T00:00:00.000Z,28.857142857142858,782643.7142857143
Panama Canal,2021-11-15T00:00:00.000Z,35.714285714285715,1102956.2857142857
Panama Canal,2022-02-21T00:00:00.000Z,35.714285714285715,936936.4285714285
Panama Canal,2022-03-14T00:00:00.000Z,32.857142857142854,900282.2857142857
Panama Canal,2022-12-05T00:00:00.000Z,34.857142857142854,892199.8571428572
Panama Canal,2023-05-08T00:00:00.000Z,30.0,848764.7142857143
Panama Canal,2023-10-09T00:00:00.000Z,30.285714285714285,712207.4285714285
Panama Canal,2023-10-30T00:00:00.000Z,27.428571428571427,704576.7142857143
Panama Canal,2024-02-19T00:00:00.000Z,20.857142857142858,586550.4285714285
Panama Canal,2024-12-23T00:00:00.000Z,31.857142857142858,861186.5714285715
Panama Canal,2025-02-03T00:00:00.000Z,31.571428571428573,874623.2857142857
Panama Canal,2025-12-22T00:00:00.000Z,29.428571428571427,881432.5714285715
Panama Canal,2026-02-02T00:00:00.000Z,30.0,949368.2857142857
Panama Canal,2026-06-15T00:00:00.000Z,29.571428571428573,803003.0
Makassar Strait,2019-04-29T00:00:00.000Z,51.857142857142854,2657276.1428571427
Makassar Strait,2019-05-27T00:00:00.000Z,48.142857142857146,2437580.4285714286
Makassar Strait,2020-01-06T00:00:00.000Z,49.142857142857146,2407797.5714285714
Makassar Strait,2020-04-06T00:00:00.000Z,54.714285714285715,2493069.1428571427
Makassar Strait,2020-06-01T00:00:00.000Z,54.42857142857143,2517323.285714286
Makassar Strait,2020-09-28T00:00:00.000Z,45.714285714285715,2223439.0
Makassar Strait,2021-03-29T00:00:00.000Z,53.57142857142857,2933578.5714285714
Makassar Strait,2021-11-29T00:00:00.000Z,54.142857142857146,2961015.4285714286
Makassar Strait,2022-01-31T00:00:00.000Z,49.0,2620238.4285714286
Makassar Strait,2022-09-19T00:00:00.000Z,56.714285714285715,3453960.0
Makassar Strait,2023-10-23T00:00:00.000Z,57.142857142857146,3043205.285714286
Makassar Strait,2024-07-15T00:00:00.000Z,50.714285714285715,2567899.5714285714
Makassar Strait,2024-07-22T00:00:00.000Z,53.714285714285715,2840914.1428571427
Makassar Strait,2024-10-21T00:00:00.000Z,53.142857142857146,2751228.285714286
Makassar Strait,2025-01-06T00:00:00.000Z,53.714285714285715,2917576.4285714286
Makassar Strait,2025-02-10T00:00:00.000Z,45.142857142857146,2708733.5714285714
Makassar Strait,2025-11-17T00:00:00.000Z,49.714285714285715,3059257.8571428573
Makassar Strait,2025-12-29T00:00:00.000Z,47.142857142857146,2926154.285714286
Yucatan Channel,2019-02-25T00:00:00.000Z,41.57142857142857,1029116.0
Yucatan Channel,2019-12-16T00:00:00.000Z,43.857142857142854,865007.7142857143
Yucatan Channel,2020-03-16T00:00:00.000Z,46.857142857142854,1008501.0
Yucatan Channel,2020-06-01T00:00:00.000Z,34.857142857142854,831100.2857142857
Yucatan Channel,2020-06-29T00:00:00.000Z,41.0,1015592.5714285715
Yucatan Channel,2020-08-31T00:00:00.000Z,40.142857142857146,856423.8571428572
Yucatan Channel,2020-10-05T00:00:00.000Z,42.57142857142857,1015636.5714285715
Yucatan Channel,2020-11-09T00:00:00.000Z,53.857142857142854,1409935.142857143
Yucatan Channel,2020-12-14T00:00:00.000Z,47.0,1041574.8571428572
Yucatan Channel,2020-12-21T00:00:00.000Z,45.42857142857143,1221603.2857142857
Yucatan Channel,2021-02-22T00:00:00.000Z,42.42857142857143,905061.5714285715
Yucatan Channel,2021-03-15T00:00:00.000Z,44.42857142857143,930391.2857142857
Yucatan Channel,2021-03-29T00:00:00.000Z,42.714285714285715,937604.1428571428
Yucatan Channel,2021-05-31T00:00:00.000Z,42.714285714285715,987400.1428571428
Yucatan Channel,2021-06-14T00:00:00.000Z,42.57142857142857,883838.4285714285
Yucatan Channel,2021-07-12T00:00:00.000Z,42.42857142857143,1013375.4285714285
Yucatan Channel,2021-11-15T00:00:00.000Z,44.285714285714285,1212824.857142857
Yucatan Channel,2021-12-06T00:00:00.000Z,46.42857142857143,1039019.1428571428
Yucatan Channel,2023-04-17T00:00:00.000Z,46.0,1147856.0
Yucatan Channel,2023-06-26T00:00:00.000Z,47.0,1166822.2857142857
Yucatan Channel,2023-10-23T00:00:00.000Z,46.857142857142854,1061278.0
Yucatan Channel,2023-12-25T00:00:00.000Z,41.142857142857146,1072393.857142857
Yucatan Channel,2025-01-13T00:00:00.000Z,46.285714285714285,1024792.5714285715
Yucatan Channel,2025-03-17T00:00:00.000Z,49.57142857142857,1187976.7142857143
Yucatan Channel,2025-09-08T00:00:00.000Z,49.714285714285715,1142301.7142857143
Yucatan Channel,2025-12-22T00:00:00.000Z,45.857142857142854,1108262.857142857
Yucatan Channel,2026-02-23T00:00:00.000Z,47.714285714285715,1109386.142857143
Windward Passage,2019-01-21T00:00:00.000Z,18.142857142857142,303018.85714285716
Windward Passage,2019-02-04T00:00:00.000Z,18.571428571428573,302326.85714285716
Windward Passage,2019-04-29T00:00:00.000Z,18.857142857142858,276240.0
Windward Passage,2019-09-16T00:00:00.000Z,17.285714285714285,279629.5714285714
Windward Passage,2020-03-30T00:00:00.000Z,16.0,235341.0
Windward Passage,2020-09-07T00:00:00.000Z,17.428571428571427,274755.5714285714
Windward Passage,2020-09-21T00:00:00.000Z,17.714285714285715,352438.28571428574
Windward Passage,2021-06-07T00:00:00.000Z,16.428571428571427,261924.0
Windward Passage,2021-07-26T00:00:00.000Z,16.571428571428573,289236.4285714286
Windward Passage,2022-06-13T00:00:00.000Z,17.142857142857142,368389.5714285714
Windward Passage,2022-06-27T00:00:00.000Z,14.571428571428571,304182.4285714286
Windward Passage,2022-11-07T00:00:00.000Z,16.0,255858.2857142857
Windward Passage,2023-03-13T00:00:00.000Z,15.285714285714286,280538.71428571426
Windward Passage,2023-03-27T00:00:00.000Z,14.714285714285714,265479.28571428574
Windward Passage,2023-04-03T00:00:00.000Z,13.714285714285714,233726.2857142857
Windward Passage,2023-04-17T00:00:00.000Z,14.857142857142858,274006.28571428574
Windward Passage,2023-12-04T00:00:00.000Z,12.857142857142858,163213.42857142858
Windward Passage,2024-03-25T00:00:00.000Z,14.0,178716.42857142858
Windward Passage,2024-05-06T00:00:00.000Z,17.142857142857142,283351.14285714284
Windward Passage,2024-08-26T00:00:00.000Z,13.571428571428571,272970.14285714284
Windward Passage,2024-09-02T00:00:00.000Z,16.714285714285715,308256.85714285716
Windward Passage,2024-09-30T00:00:00.000Z,17.285714285714285,321402.14285714284
Windward Passage,2024-11-04T00:00:00.000Z,14.714285714285714,242779.85714285713
Windward Passage,2024-11-25T00:00:00.000Z,14.142857142857142,279368.71428571426
Windward Passage,2024-12-09T00:00:00.000Z,12.571428571428571,231006.2857142857
Windward Passage,2025-03-31T00:00:00.000Z,18.428571428571427,350100.4285714286
Windward Passage,2025-06-09T00:00:00.000Z,16.571428571428573,325987.28571428574
Windward Passage,2025-11-24T00:00:00.000Z,16.0,263438.4285714286
Windward Passage,2026-03-30T00:00:00.000Z,16.714285714285715,291431.5714285714
Windward Passage,2026-04-27T00:00:00.000Z,17.857142857142858,345712.28571428574
Windward Passage,2026-06-01T00:00:00.000Z,16.714285714285715,300401.4285714286
Kerch Strait,2019-01-21T00:00:00.000Z,47.57142857142857,98235.0
Kerch Strait,2019-04-29T00:00:00.000Z,43.285714285714285,96313.0
Kerch Strait,2019-07-01T00:00:00.000Z,65.14285714285714,137121.57142857142
Kerch Strait,2019-08-26T00:00:00.000Z,61.42857142857143,165250.7142857143
Kerch Strait,2019-12-30T00:00:00.000Z,41.142857142857146,83775.28571428571
Kerch Strait,2020-02-03T00:00:00.000Z,30.0,71590.71428571429
Kerch Strait,2020-04-06T00:00:00.000Z,56.0,115031.42857142857
Kerch Strait,2020-05-04T00:00:00.000Z,50.285714285714285,91407.14285714286
Kerch Strait,2020-07-27T00:00:00.000Z,66.57142857142857,128194.57142857143
Kerch Strait,2020-08-31T00:00:00.000Z,60.57142857142857,124706.57142857143
Kerch Strait,2020-12-21T00:00:00.000Z,43.0,83746.85714285714
Kerch Strait,2021-05-03T00:00:00.000Z,43.285714285714285,84802.57142857143
Kerch Strait,2021-08-23T00:00:00.000Z,64.0,138625.14285714287
Kerch Strait,2021-10-25T00:00:00.000Z,57.285714285714285,112181.71428571429
Kerch Strait,2021-11-15T00:00:00.000Z,21.428571428571427,43484.42857142857
Kerch Strait,2021-12-13T00:00:00.000Z,17.428571428571427,36275.71428571428
Kerch Strait,2022-11-07T00:00:00.000Z,15.428571428571429,24969.428571428572
Kerch Strait,2022-12-12T00:00:00.000Z,15.571428571428571,31055.0
Kerch Strait,2023-05-29T00:00:00.000Z,5.857142857142857,12742.42857142857
Kerch Strait,2023-10-16T00:00:00.000Z,5.0,6766.0
Kerch Strait,2023-12-11T00:00:00.000Z,1.7142857142857142,2575.4285714285716
Kerch Strait,2024-01-29T00:00:00.000Z,0.42857142857142855,634.5714285714286
Kerch Strait,2024-02-12T00:00:00.000Z,1.1428571428571428,2509.714285714286
Kerch Strait,2024-03-11T00:00:00.000Z,15.714285714285714,32493.714285714286
Kerch Strait,2024-12-30T00:00:00.000Z,12.428571428571429,46149.857142857145
Kerch Strait,2025-06-23T00:00:00.000Z,16.0,97734.28571428571
Kerch Strait,2025-10-27T00:00:00.000Z,24.428571428571427,66828.71428571429
Kerch Strait,2025-12-29T00:00:00.000Z,8.142857142857142,67412.0
Kerch Strait,2026-02-23T00:00:00.000Z,14.142857142857142,85795.0
Kerch Strait,2026-04-20T00:00:00.000Z,9.0,47001.142857142855
Kerch Strait,2026-06-22T00:00:00.000Z,11.0,50029.42857142857
Gibraltar Strait,2019-03-25T00:00:00.000Z,109.57142857142857,3218212.5714285714
Gibraltar Strait,2020-06-29T00:00:00.000Z,116.0,2886020.285714286
Gibraltar Strait,2020-07-06T00:00:00.000Z,125.0,3308649.285714286
Gibraltar Strait,2020-10-26T00:00:00.000Z,120.0,3055940.1428571427
Gibraltar Strait,2020-12-28T00:00:00.000Z,119.42857142857143,3217869.285714286
Gibraltar Strait,2021-05-24T00:00:00.000Z,133.28571428571428,3382532.714285714
Gibraltar Strait,2021-12-20T00:00:00.000Z,133.57142857142858,3543882.0
Gibraltar Strait,2022-01-24T00:00:00.000Z,130.14285714285714,3425036.0
Gibraltar Strait,2022-04-11T00:00:00.000Z,139.85714285714286,3901211.5714285714
Gibraltar Strait,2022-06-13T00:00:00.000Z,143.0,3823527.285714286
Gibraltar Strait,2022-06-20T00:00:00.000Z,140.71428571428572,4035148.5714285714
Gibraltar Strait,2022-07-18T00:00:00.000Z,136.71428571428572,3681652.285714286
Gibraltar Strait,2022-10-03T00:00:00.000Z,147.14285714285714,3935993.8571428573
Gibraltar Strait,2023-06-19T00:00:00.000Z,148.85714285714286,3945266.4285714286
Gibraltar Strait,2023-10-16T00:00:00.000Z,131.14285714285714,3809661.714285714
Gibraltar Strait,2023-11-13T00:00:00.000Z,157.42857142857142,4442689.0
Gibraltar Strait,2024-01-15T00:00:00.000Z,133.0,3493600.8571428573
Gibraltar Strait,2024-07-29T00:00:00.000Z,129.28571428571428,3434447.714285714
Gibraltar Strait,2024-09-16T00:00:00.000Z,132.28571428571428,3565990.4285714286
Gibraltar Strait,2025-01-06T00:00:00.000Z,129.0,3415540.5714285714
Gibraltar Strait,2025-05-26T00:00:00.000Z,133.14285714285714,3327517.5714285714
Gibraltar Strait,2026-05-04T00:00:00.000Z,134.85714285714286,3665737.714285714
Gibraltar Strait,2026-06-01T00:00:00.000Z,125.42857142857143,3479577.0
Taiwan Strait,2019-02-11T00:00:00.000Z,220.57142857142858,4510667.0
Taiwan Strait,2019-07-08T00:00:00.000Z,258.42857142857144,5482256.285714285
Taiwan Strait,2020-06-22T00:00:00.000Z,263.85714285714283,5830349.857142857
Taiwan Strait,2020-08-10T00:00:00.000Z,267.7142857142857,5993401.714285715
Taiwan Strait,2020-08-31T00:00:00.000Z,288.2857142857143,6455291.428571428
Taiwan Strait,2020-10-19T00:00:00.000Z,249.85714285714286,5204149.0
Taiwan Strait,2021-02-01T00:00:00.000Z,259.85714285714283,5630695.571428572
Taiwan Strait,2021-03-01T00:00:00.000Z,260.14285714285717,5489403.428571428
Taiwan Strait,2021-06-14T00:00:00.000Z,269.85714285714283,5661001.285714285
Taiwan Strait,2021-12-06T00:00:00.000Z,242.57142857142858,5120717.0
Taiwan Strait,2022-02-07T00:00:00.000Z,229.42857142857142,4713852.857142857
Taiwan Strait,2022-02-14T00:00:00.000Z,204.0,4504403.571428572
Taiwan Strait,2022-04-04T00:00:00.000Z,253.57142857142858,5199704.285714285
Taiwan Strait,2022-05-23T00:00:00.000Z,244.57142857142858,5169859.571428572
Taiwan Strait,2022-12-19T00:00:00.000Z,230.0,4987889.428571428
Taiwan Strait,2023-05-08T00:00:00.000Z,248.28571428571428,5946203.857142857
Taiwan Strait,2023-06-12T00:00:00.000Z,250.85714285714286,5653728.571428572
Taiwan Strait,2023-08-07T00:00:00.000Z,265.14285714285717,6293013.428571428
Taiwan Strait,2024-01-15T00:00:00.000Z,242.14285714285714,5687891.285714285
Taiwan Strait,2024-04-08T00:00:00.000Z,243.14285714285714,5715226.714285715
Taiwan Strait,2024-08-05T00:00:00.000Z,241.42857142857142,6220980.285714285
Taiwan Strait,2024-10-14T00:00:00.000Z,227.0,5751105.285714285
Taiwan Strait,2025-05-05T00:00:00.000Z,257.42857142857144,6261329.0
Taiwan Strait,2025-06-23T00:00:00.000Z,263.42857142857144,6724243.0
Taiwan Strait,2025-12-15T00:00:00.000Z,231.28571428571428,5837402.142857143
Taiwan Strait,2026-01-12T00:00:00.000Z,247.28571428571428,6012671.285714285
Taiwan Strait,2026-02-23T00:00:00.000Z,206.71428571428572,5078998.714285715
Taiwan Strait,2026-03-02T00:00:00.000Z,205.85714285714286,5001013.714285715
Taiwan Strait,2026-04-13T00:00:00.000Z,233.0,5723807.571428572
Bohai Strait,2019-09-16T00:00:00.000Z,160.57142857142858,4087296.5714285714
Bohai Strait,2020-01-20T00:00:00.000Z,176.28571428571428,5115783.0
Bohai Strait,2020-11-23T00:00:00.000Z,220.85714285714286,6364760.0
Bohai Strait,2021-03-22T00:00:00.000Z,200.14285714285714,5610684.571428572
Bohai Strait,2022-05-02T00:00:00.000Z,178.85714285714286,5447810.285714285
Bohai Strait,2022-05-23T00:00:00.000Z,181.85714285714286,5557288.0
Bohai Strait,2022-07-11T00:00:00.000Z,186.85714285714286,5937859.571428572
Bohai Strait,2022-07-25T00:00:00.000Z,175.14285714285714,5636632.571428572
Bohai Strait,2023-01-02T00:00:00.000Z,197.42857142857142,6336656.571428572
Bohai Strait,2023-02-20T00:00:00.000Z,182.0,5298700.142857143
Bohai Strait,2023-09-25T00:00:00.000Z,186.0,5900134.285714285
Bohai Strait,2024-04-01T00:00:00.000Z,171.0,5489422.428571428
Bohai Strait,2024-09-02T00:00:00.000Z,166.0,5141456.0
Bohai Strait,2025-02-03T00:00:00.000Z,124.85714285714286,5116247.857142857
Bohai Strait,2025-02-24T00:00:00.000Z,158.42857142857142,4975917.428571428
Bohai Strait,2025-03-31T00:00:00.000Z,171.0,5838944.428571428
Bohai Strait,2026-01-05T00:00:00.000Z,163.85714285714286,6555289.285714285
Bohai Strait,2026-03-09T00:00:00.000Z,172.14285714285714,6329013.714285715
Bohai Strait,2026-06-15T00:00:00.000Z,164.42857142857142,6331614.285714285
Bohai Strait,2026-08-03T00:00:00.000Z,154.28571428571428,4900886.142857143
Sunda Strait,2019-03-25T00:00:00.000Z,25.857142857142858,816318.4285714285
Sunda Strait,2019-05-27T00:00:00.000Z,23.857142857142858,778379.2857142857
Sunda Strait,2019-06-10T00:00:00.000Z,19.857142857142858,425295.28571428574
Sunda Strait,2019-07-01T00:00:00.000Z,25.714285714285715,757542.7142857143
Sunda Strait,2019-07-29T00:00:00.000Z,29.428571428571427,1192829.2857142857
Sunda Strait,2020-04-13T00:00:00.000Z,27.0,678631.0
Sunda Strait,2020-06-08T00:00:00.000Z,24.714285714285715,744168.1428571428
Sunda Strait,2020-07-06T00:00:00.000Z,28.142857142857142,1084851.857142857
Sunda Strait,2020-07-13T00:00:00.000Z,24.857142857142858,758595.0
Sunda Strait,2020-08-10T00:00:00.000Z,29.0,898782.5714285715
Sunda Strait,2022-03-28T00:00:00.000Z,26.428571428571427,1081664.7142857143
Sunda Strait,2022-07-18T00:00:00.000Z,25.571428571428573,1155545.0
Sunda Strait,2023-03-13T00:00:00.000Z,30.857142857142858,1060426.7142857143
Sunda Strait,2023-03-27T00:00:00.000Z,29.142857142857142,863244.4285714285
Sunda Strait,2023-07-03T00:00:00.000Z,28.142857142857142,855895.1428571428
Sunda Strait,2023-10-16T00:00:00.000Z,31.428571428571427,1285437.2857142857
Sunda Strait,2023-12-25T00:00:00.000Z,34.714285714285715,1156163.0
Sunda Strait,2024-09-30T00:00:00.000Z,29.142857142857142,1252015.2857142857
Sunda Strait,2025-04-07T00:00:00.000Z,31.857142857142858,1347975.7142857143
Sunda Strait,2025-06-30T00:00:00.000Z,31.857142857142858,1413822.0
Sunda Strait,2025-09-22T00:00:00.000Z,32.714285714285715,1291510.0
Sunda Strait,2025-10-20T00:00:00.000Z,26.714285714285715,1252407.5714285714
Sunda Strait,2025-12-15T00:00:00.000Z,33.42857142857143,1202713.7142857143
Sunda Strait,2026-01-19T00:00:00.000Z,33.57142857142857,1374604.4285714286
Sunda Strait,2026-01-26T00:00:00.000Z,34.57142857142857,1417390.2857142857
Sunda Strait,2026-02-23T00:00:00.000Z,36.0,1420529.2857142857
Sunda Strait,2026-03-16T00:00:00.000Z,33.42857142857143,1390862.857142857
Sunda Strait,2026-03-23T00:00:00.000Z,32.142857142857146,1306691.142857143
Sunda Strait,2026-04-06T00:00:00.000Z,35.142857142857146,1314335.7142857143
Sunda Strait,2026-04-27T00:00:00.000Z,37.0,1559897.7142857143
Sunda Strait,2026-07-27T00:00:00.000Z,32.857142857142854,1199483.857142857
Mona Passage,2019-07-01T00:00:00.000Z,12.285714285714286,292768.71428571426
Mona Passage,2019-10-07T00:00:00.000Z,10.428571428571429,251784.57142857142
Mona Passage,2019-10-21T00:00:00.000Z,11.285714285714286,290969.71428571426
Mona Passage,2019-12-16T00:00:00.000Z,8.714285714285714,193043.0
Mona Passage,2020-08-10T00:00:00.000Z,11.0,385698.5714285714
Mona Passage,2020-08-17T00:00:00.000Z,11.714285714285714,328028.14285714284
Mona Passage,2020-08-24T00:00:00.000Z,9.285714285714286,252714.14285714287
Mona Passage,2021-06-28T00:00:00.000Z,11.142857142857142,225256.0
Mona Passage,2021-07-05T00:00:00.000Z,11.571428571428571,307593.4285714286
Mona Passage,2021-08-23T00:00:00.000Z,10.142857142857142,227636.85714285713
Mona Passage,2021-09-20T00:00:00.000Z,11.714285714285714,315207.5714285714
Mona Passage,2021-12-06T00:00:00.000Z,10.714285714285714,295189.0
Mona Passage,2022-02-07T00:00:00.000Z,10.571428571428571,280065.4285714286
Mona Passage,2022-02-14T00:00:00.000Z,10.285714285714286,258658.0
Mona Passage,2022-05-23T00:00:00.000Z,11.0,285757.28571428574
Mona Passage,2022-09-19T00:00:00.000Z,10.714285714285714,272190.5714285714
Mona Passage,2023-03-27T00:00:00.000Z,11.0,371969.0
Mona Passage,2023-06-26T00:00:00.000Z,10.142857142857142,137610.0
Mona Passage,2023-08-28T00:00:00.000Z,10.857142857142858,242802.2857142857
Mona Passage,2023-10-16T00:00:00.000Z,8.571428571428571,189870.2857142857
Mona Passage,2024-01-08T00:00:00.000Z,11.571428571428571,272243.4285714286
Mona Passage,2024-05-20T00:00:00.000Z,12.571428571428571,265747.14285714284
Mona Passage,2024-06-10T00:00:00.000Z,12.0,315877.0
Mona Passage,2024-08-05T00:00:00.000Z,10.285714285714286,229697.2857142857
Mona Passage,2024-08-19T00:00:00.000Z,9.571428571428571,199584.14285714287
Mona Passage,2025-02-24T00:00:00.000Z,10.428571428571429,249091.0
Mona Passage,2025-05-19T00:00:00.000Z,11.142857142857142,298090.85714285716
Mona Passage,2025-10-20T00:00:00.000Z,15.0,310967.4285714286
Mona Passage,2026-03-16T00:00:00.000Z,11.714285714285714,357028.4285714286
Bering Strait,2019-02-04T00:00:00.000Z,3.4285714285714284,121319.71428571429
Bering Strait,2019-05-13T00:00:00.000Z,0.0,0.0
Bering Strait,2019-08-26T00:00:00.000Z,1.4285714285714286,18340.0
Bering Strait,2019-10-07T00:00:00.000Z,1.1428571428571428,8095.285714285715
Bering Strait,2020-02-03T00:00:00.000Z,0.0,0.0
Bering Strait,2020-03-16T00:00:00.000Z,0.0,0.0
Bering Strait,2020-03-30T00:00:00.000Z,0.0,0.0
Bering Strait,2021-03-15T00:00:00.000Z,0.0,0.0
Bering Strait,2021-05-03T00:00:00.000Z,0.0,0.0
Bering Strait,2021-07-12T00:00:00.000Z,1.5714285714285714,2631.4285714285716
Bering Strait,2021-12-06T00:00:00.000Z,0.14285714285714285,1630.5714285714287
Bering Strait,2022-04-04T00:00:00.000Z,0.0,0.0
Bering Strait,2022-08-15T00:00:00.000Z,1.8571428571428572,9011.57142857143
Bering Strait,2022-08-22T00:00:00.000Z,2.142857142857143,22756.714285714286
Bering Strait,2023-01-16T00:00:00.000Z,0.0,0.0
Bering Strait,2024-03-25T00:00:00.000Z,0.0,0.0
Bering Strait,2024-12-09T00:00:00.000Z,0.0,0.0
Bering Strait,2025-02-17T00:00:00.000Z,0.14285714285714285,1372.857142857143
Bering Strait,2025-09-29T00:00:00.000Z,3.5714285714285716,127568.57142857143
Bering Strait,2025-11-10T00:00:00.000Z,1.7142857142857142,15013.857142857143
Bering Strait,2026-01-19T00:00:00.000Z,0.0,0.0
Bering Strait,2026-02-16T00:00:00.000Z,0.0,0.0
Bering Strait,2026-04-06T00:00:00.000Z,0.0,0.0
Strait of Hormuz,2019-12-30T00:00:00.000Z,67.28571428571429,2621078.285714286
Strait of Hormuz,2020-01-20T00:00:00.000Z,63.0,2069625.142857143
Strait of Hormuz,2020-06-01T00:00:00.000Z,83.42857142857143,3486043.5714285714
Strait of Hormuz,2020-06-15T00:00:00.000Z,87.0,3393704.8571428573
Strait of Hormuz,2020-07-27T00:00:00.000Z,88.14285714285714,3409475.1428571427
Strait of Hormuz,2020-12-28T00:00:00.000Z,64.57142857142857,1810565.857142857
Strait of Hormuz,2021-01-25T00:00:00.000Z,70.14285714285714,2949955.285714286
Strait of Hormuz,2021-02-22T00:00:00.000Z,58.0,2068866.5714285714
Strait of Hormuz,2021-07-19T00:00:00.000Z,85.42857142857143,3474724.1428571427
Strait of Hormuz,2022-01-31T00:00:00.000Z,94.0,3991554.1428571427
Strait of Hormuz,2023-01-23T00:00:00.000Z,80.85714285714286,3427230.1428571427
Strait of Hormuz,2023-04-24T00:00:00.000Z,88.57142857142857,3447986.5714285714
Strait of Hormuz,2023-11-06T00:00:00.000Z,83.57142857142857,3228156.714285714
Strait of Hormuz,2023-12-04T00:00:00.000Z,77.71428571428571,2939382.1428571427
Strait of Hormuz,2024-04-08T00:00:00.000Z,107.14285714285714,4107197.1428571427
Strait of Hormuz,2024-05-13T00:00:00.000Z,109.71428571428571,4253372.857142857
Strait of Hormuz,2024-05-20T00:00:00.000Z,108.57142857142857,4053540.4285714286
Strait of Hormuz,2025-03-17T00:00:00.000Z,86.85714285714286,3345428.714285714
Strait of Hormuz,2025-03-31T00:00:00.000Z,111.57142857142857,4323893.714285715
Strait of Hormuz,2025-08-25T00:00:00.000Z,100.14285714285714,3587769.5714285714
Strait of Hormuz,2026-01-26T00:00:00.000Z,60.0,2096549.0
Strait of Hormuz,2026-06-15T00:00:00.000Z,12.142857142857142,404639.4285714286
Cape of Good Hope,2019-02-11T00:00:00.000Z,47.57142857142857,2385195.8571428573
Cape of Good Hope,2019-03-04T00:00:00.000Z,43.57142857142857,2302476.0
Cape of Good Hope,2019-07-22T00:00:00.000Z,52.857142857142854,3210480.4285714286
Cape of Good Hope,2019-12-30T00:00:00.000Z,37.42857142857143,2232794.1428571427
Cape of Good Hope,2020-12-14T00:00:00.000Z,40.42857142857143,2166493.714285714
Cape of Good Hope,2021-01-04T00:00:00.000Z,45.142857142857146,2546687.1428571427
Cape of Good Hope,2022-08-01T00:00:00.000Z,49.57142857142857,3109516.1428571427
Cape of Good Hope,2023-02-20T00:00:00.000Z,40.42857142857143,2362223.8571428573
Cape of Good Hope,2023-07-24T00:00:00.000Z,51.857142857142854,3083451.8571428573
Cape of Good Hope,2023-09-04T00:00:00.000Z,52.0,3517915.5714285714
Cape of Good Hope,2023-10-02T00:00:00.000Z,50.714285714285715,3034643.5714285714
Cape of Good Hope,2023-10-16T00:00:00.000Z,52.857142857142854,3119304.1428571427
Cape of Good Hope,2024-05-06T00:00:00.000Z,89.85714285714286,5463063.714285715
Cape of Good Hope,2024-07-01T00:00:00.000Z,82.0,5499765.0
Cape of Good Hope,2024-12-02T00:00:00.000Z,84.14285714285714,5506089.571428572
Cape of Good Hope,2025-03-31T00:00:00.000Z,79.85714285714286,5198232.0
Cape of Good Hope,2025-08-04T00:00:00.000Z,86.85714285714286,5183178.571428572
Cape of Good Hope,2025-11-17T00:00:00.000Z,90.28571428571429,5681698.857142857
Cape of Good Hope,2025-12-29T00:00:00.000Z,86.71428571428571,5555927.285714285
Suez Canal,2019-03-04T00:00:00.000Z,52.42857142857143,2389237.714285714
Suez Canal,2019-06-17T00:00:00.000Z,46.857142857142854,2331099.1428571427
Suez Canal,2020-05-11T00:00:00.000Z,51.42857142857143,2371327.1428571427
Suez Canal,2020-07-13T00:00:00.000Z,46.714285714285715,2121688.5714285714
Suez Canal,2020-07-27T00:00:00.000Z,48.857142857142854,2318782.8571428573
Suez Canal,2020-08-17T00:00:00.000Z,50.714285714285715,2445431.0
Suez Canal,2020-12-14T00:00:00.000Z,53.285714285714285,2432563.4285714286
Suez Canal,2022-02-07T00:00:00.000Z,66.71428571428571,2922648.0
Suez Canal,2022-04-25T00:00:00.000Z,60.857142857142854,2807436.5714285714
Suez Canal,2022-11-21T00:00:00.000Z,68.57142857142857,3163523.8571428573
Suez Canal,2022-12-12T00:00:00.000Z,68.71428571428571,3230181.1428571427
Suez Canal,2023-05-01T00:00:00.000Z,80.85714285714286,3673540.285714286
Suez Canal,2023-06-12T00:00:00.000Z,73.85714285714286,3571672.1428571427
Suez Canal,2024-01-08T00:00:00.000Z,49.57142857142857,1926882.0
Suez Canal,2025-02-10T00:00:00.000Z,37.857142857142854,1317307.0
Suez Canal,2025-05-12T00:00:00.000Z,39.142857142857146,1451128.857142857
Suez Canal,2025-06-09T00:00:00.000Z,40.142857142857146,1333449.142857143
Suez Canal,2025-09-01T00:00:00.000Z,42.57142857142857,1527767.142857143
Suez Canal,2025-10-13T00:00:00.000Z,43.714285714285715,1586065.7142857143
Suez Canal,2025-11-03T00:00:00.000Z,44.142857142857146,1596070.142857143
Suez Canal,2025-11-24T00:00:00.000Z,43.285714285714285,1714647.5714285714
Suez Canal,2026-02-02T00:00:00.000Z,40.42857142857143,1453209.0
Suez Canal,2026-04-13T00:00:00.000Z,38.42857142857143,1185153.857142857
Suez Canal,2026-05-11T00:00:00.000Z,39.142857142857146,1486813.7142857143
Suez Canal,2026-05-18T00:00:00.000Z,41.0,1555593.4285714286
Suez Canal,2026-05-25T00:00:00.000Z,39.714285714285715,1534126.7142857143
Korea Strait,2019-01-28T00:00:00.000Z,232.42857142857142,2709397.8571428573
Korea Strait,2019-03-11T00:00:00.000Z,231.0,2727034.285714286
Korea Strait,2019-05-13T00:00:00.000Z,234.42857142857142,2650477.5714285714
Korea Strait,2019-09-16T00:00:00.000Z,196.42857142857142,2526462.8571428573
Korea Strait,2019-12-16T00:00:00.000Z,239.57142857142858,2716622.714285714
Korea Strait,2020-03-23T00:00:00.000Z,228.57142857142858,2789677.714285714
Korea Strait,2020-12-28T00:00:00.000Z,180.14285714285714,2532996.0
Korea Strait,2021-02-15T00:00:00.000Z,210.85714285714286,2644869.285714286
Korea Strait,2021-06-28T00:00:00.000Z,228.71428571428572,3077690.285714286
Korea Strait,2021-09-27T00:00:00.000Z,262.2857142857143,3661277.5714285714
Korea Strait,2021-11-22T00:00:00.000Z,227.14285714285714,2949161.8571428573
Korea Strait,2021-12-13T00:00:00.000Z,222.71428571428572,2661966.1428571427
Korea Strait,2022-01-10T00:00:00.000Z,215.0,2722951.4285714286
Korea Strait,2022-04-11T00:00:00.000Z,243.14285714285714,2873301.8571428573
Korea Strait,2022-05-16T00:00:00.000Z,238.85714285714286,2943068.1428571427
Korea Strait,2022-10-03T00:00:00.000Z,227.57142857142858,2868098.1428571427
Korea Strait,2023-04-24T00:00:00.000Z,254.57142857142858,2836450.1428571427
Korea Strait,2023-07-03T00:00:00.000Z,227.42857142857142,2836185.5714285714
Korea Strait,2023-08-21T00:00:00.000Z,244.0,3290862.4285714286
Korea Strait,2024-04-15T00:00:00.000Z,245.57142857142858,3130642.285714286
Korea Strait,2024-07-15T00:00:00.000Z,238.14285714285714,3507771.714285714
Korea Strait,2024-09-30T00:00:00.000Z,241.14285714285714,3458408.4285714286
Korea Strait,2024-12-02T00:00:00.000Z,223.85714285714286,2947598.8571428573
Korea Strait,2025-02-24T00:00:00.000Z,220.71428571428572,3074386.4285714286
Korea Strait,2025-10-13T00:00:00.000Z,218.0,3331329.1428571427
Korea Strait,2025-11-10T00:00:00.000Z,207.28571428571428,3071827.285714286
Korea Strait,2025-12-22T00:00:00.000Z,205.71428571428572,2928533.714285714
Korea Strait,2025-12-29T00:00:00.000Z,176.14285714285714,2766195.0
Korea Strait,2026-05-25T00:00:00.000Z,230.28571428571428,3622145.0
Korea Strait,2026-06-29T00:00:00.000Z,226.14285714285714,3651995.4285714286
Korea Strait,2026-08-10T00:00:00.000Z,198.0,3321096.8571428573
Lombok Strait,2019-05-13T00:00:00.000Z,34.142857142857146,2184560.5714285714
Lombok Strait,2019-10-21T00:00:00.000Z,32.714285714285715,2172954.4285714286
Lombok Strait,2019-12-09T00:00:00.000Z,38.0,2346618.714285714
Lombok Strait,2020-05-25T00:00:00.000Z,36.42857142857143,2332870.714285714
Lombok Strait,2020-09-07T00:00:00.000Z,36.57142857142857,2453439.714285714
Lombok Strait,2020-11-16T00:00:00.000Z,35.0,2417957.1428571427
Lombok Strait,2021-07-19T00:00:00.000Z,34.714285714285715,2452146.714285714
Lombok Strait,2021-11-08T00:00:00.000Z,37.285714285714285,2460242.714285714
Lombok Strait,2022-01-31T00:00:00.000Z,34.714285714285715,2311905.8571428573
Lombok Strait,2023-05-29T00:00:00.000Z,40.42857142857143,2714321.5714285714
Lombok Strait,2023-07-31T00:00:00.000Z,35.57142857142857,2504892.714285714
Lombok Strait,2024-01-15T00:00:00.000Z,41.57142857142857,2706344.714285714
Lombok Strait,2024-01-29T00:00:00.000Z,34.285714285714285,2508514.1428571427
Lombok Strait,2024-08-12T00:00:00.000Z,33.857142857142854,2304011.714285714
Lombok Strait,2024-08-26T00:00:00.000Z,37.57142857142857,2683686.714285714
Lombok Strait,2024-11-18T00:00:00.000Z,35.285714285714285,2813693.714285714
Lombok Strait,2024-12-02T00:00:00.000Z,35.714285714285715,2693332.4285714286
Lombok Strait,2024-12-09T00:00:00.000Z,40.285714285714285,3149351.0
Lombok Strait,2025-03-31T00:00:00.000Z,35.714285714285715,3325744.8571428573
Lombok Strait,2025-05-19T00:00:00.000Z,39.857142857142854,3124233.285714286
Lombok Strait,2025-08-04T00:00:00.000Z,30.714285714285715,2649841.5714285714
Lombok Strait,2025-11-17T00:00:00.000Z,35.42857142857143,3088804.8571428573
Lombok Strait,2026-03-16T00:00:00.000Z,40.0,3312916.285714286
Lombok Strait,2026-08-03T00:00:00.000Z,37.57142857142857,3211452.714285714
Mindoro Strait,2019-05-27T00:00:00.000Z,43.0,2080000.4285714286
Mindoro Strait,2019-11-11T00:00:00.000Z,49.285714285714285,1880076.2857142857
Mindoro Strait,2020-07-06T00:00:00.000Z,57.142857142857146,2754429.285714286
Mindoro Strait,2020-12-07T00:00:00.000Z,38.0,1718864.7142857143
Mindoro Strait,2021-02-15T00:00:00.000Z,55.57142857142857,2619353.285714286
Mindoro Strait,2021-07-19T00:00:00.000Z,56.142857142857146,2799308.1428571427
Mindoro Strait,2021-11-29T00:00:00.000Z,46.857142857142854,2562644.714285714
Mindoro Strait,2022-05-30T00:00:00.000Z,44.0,2323668.4285714286
Mindoro Strait,2022-08-29T00:00:00.000Z,54.0,2520394.0
Mindoro Strait,2023-05-29T00:00:00.000Z,56.857142857142854,3113523.285714286
Mindoro Strait,2023-10-23T00:00:00.000Z,51.857142857142854,2674346.714285714
Mindoro Strait,2024-10-21T00:00:00.000Z,37.0,1931536.5714285714
Mindoro Strait,2025-03-03T00:00:00.000Z,31.714285714285715,2051701.7142857143
Mindoro Strait,2025-05-12T00:00:00.000Z,32.42857142857143,1819293.0
Mindoro Strait,2026-02-23T00:00:00.000Z,33.857142857142854,1966156.5714285714
Mindoro Strait,2026-04-13T00:00:00.000Z,36.0,1547799.7142857143
Bosporus Strait,2019-11-04T00:00:00.000Z,103.14285714285714,1164002.142857143
Bosporus Strait,2020-02-17T00:00:00.000Z,108.85714285714286,1521005.142857143
Bosporus Strait,2020-03-02T00:00:00.000Z,109.28571428571429,1517716.7142857143
Bosporus Strait,2020-10-12T00:00:00.000Z,103.14285714285714,1393930.2857142857
Bosporus Strait,2020-10-19T00:00:00.000Z,104.28571428571429,1248560.5714285714
Bosporus Strait,2020-11-09T00:00:00.000Z,104.28571428571429,1224305.0
Bosporus Strait,2021-01-11T00:00:00.000Z,88.85714285714286,1150952.0
Bosporus Strait,2021-02-08T00:00:00.000Z,97.0,1350599.0
Bosporus Strait,2021-04-19T00:00:00.000Z,108.14285714285714,1259434.4285714286
Bosporus Strait,2021-07-05T00:00:00.000Z,88.71428571428571,952918.4285714285
Bosporus Strait,2021-07-19T00:00:00.000Z,88.71428571428571,1165404.0
Bosporus Strait,2022-01-31T00:00:00.000Z,107.0,1471496.857142857
Bosporus Strait,2022-02-21T00:00:00.000Z,103.28571428571429,1677409.7142857143
Bosporus Strait,2022-08-15T00:00:00.000Z,85.71428571428571,973907.5714285715
Bosporus Strait,2022-10-31T00:00:00.000Z,95.85714285714286,1230108.7142857143
Bosporus Strait,2022-12-26T00:00:00.000Z,86.14285714285714,1165058.5714285714
Bosporus Strait,2023-02-06T00:00:00.000Z,74.71428571428571,774153.0
Bosporus Strait,2023-06-12T00:00:00.000Z,102.0,1150257.2857142857
Bosporus Strait,2023-11-20T00:00:00.000Z,91.0,992646.2857142857
Bosporus Strait,2024-01-01T00:00:00.000Z,96.0,1271936.2857142857
Bosporus Strait,2024-07-15T00:00:00.000Z,97.42857142857143,1123496.0
Bosporus Strait,2024-07-29T00:00:00.000Z,97.71428571428571,1355140.142857143
Bosporus Strait,2024-11-25T00:00:00.000Z,105.0,1082934.5714285714
Bosporus Strait,2025-04-21T00:00:00.000Z,88.28571428571429,1100428.142857143
Bosporus Strait,2025-05-05T00:00:00.000Z,101.71428571428571,1272589.5714285714
Bosporus Strait,2025-12-29T00:00:00.000Z,63.0,651579.5714285715
Bosporus Strait,2026-06-01T00:00:00.000Z,79.28571428571429,1096399.5714285714
Bab el-Mandeb Strait,2019-01-07T00:00:00.000Z,50.142857142857146,2331616.1428571427
Bab el-Mandeb Strait,2019-02-25T00:00:00.000Z,49.857142857142854,2350468.714285714
Bab el-Mandeb Strait,2019-06-03T00:00:00.000Z,51.57142857142857,2528799.0
Bab el-Mandeb Strait,2019-06-24T00:00:00.000Z,53.285714285714285,2483528.8571428573
Bab el-Mandeb Strait,2019-07-15T00:00:00.000Z,55.57142857142857,2700873.5714285714
Bab el-Mandeb Strait,2019-12-30T00:00:00.000Z,55.42857142857143,2645822.5714285714
Bab el-Mandeb Strait,2020-04-27T00:00:00.000Z,58.857142857142854,3045800.4285714286
Bab el-Mandeb Strait,2020-06-15T00:00:00.000Z,45.714285714285715,2263777.1428571427
Bab el-Mandeb Strait,2021-02-01T00:00:00.000Z,56.285714285714285,2419011.714285714
Bab el-Mandeb Strait,2021-02-08T00:00:00.000Z,60.57142857142857,2663673.714285714
Bab el-Mandeb Strait,2021-02-22T00:00:00.000Z,58.57142857142857,2538044.0
Bab el-Mandeb Strait,2022-01-24T00:00:00.000Z,60.285714285714285,2327328.1428571427
Bab el-Mandeb Strait,2022-02-28T00:00:00.000Z,58.857142857142854,2556671.4285714286
Bab el-Mandeb Strait,2022-03-28T00:00:00.000Z,66.14285714285714,3000350.1428571427
Bab el-Mandeb Strait,2023-06-26T00:00:00.000Z,74.14285714285714,3421374.0
Bab el-Mandeb Strait,2023-08-14T00:00:00.000Z,74.85714285714286,3536136.5714285714
Bab el-Mandeb Strait,2023-12-04T00:00:00.000Z,74.57142857142857,3372412.0
Bab el-Mandeb Strait,2023-12-18T00:00:00.000Z,56.142857142857146,2389132.8571428573
Bab el-Mandeb Strait,2024-09-16T00:00:00.000Z,31.285714285714285,978269.1428571428
Bab el-Mandeb Strait,2025-04-28T00:00:00.000Z,31.857142857142858,1063877.2857142857
Bab el-Mandeb Strait,2025-08-18T00:00:00.000Z,30.857142857142858,972674.0
Bab el-Mandeb Strait,2025-11-17T00:00:00.000Z,40.714285714285715,1496442.857142857
Bab el-Mandeb Strait,2025-12-08T00:00:00.000Z,25.285714285714285,984945.5714285715
Bab el-Mandeb Strait,2025-12-29T00:00:00.000Z,33.285714285714285,1277593.142857143
Bab el-Mandeb Strait,2026-06-08T00:00:00.000Z,36.285714285714285,1295650.7142857143
Bab el-Mandeb Strait,2026-07-13T00:00:00.000Z,40.57142857142857,1543714.142857143
Malacca Strait,2020-03-02T00:00:00.000Z,159.57142857142858,6421415.571428572
Malacca Strait,2020-04-13T00:00:00.000Z,153.28571428571428,5857150.857142857
Malacca Strait,2020-04-27T00:00:00.000Z,155.85714285714286,6639427.428571428
Malacca Strait,2020-07-27T00:00:00.000Z,156.42857142857142,6757219.285714285
Malacca Strait,2020-12-07T00:00:00.000Z,162.71428571428572,6469512.714285715
Malacca Strait,2021-02-08T00:00:00.000Z,160.42857142857142,6040888.857142857
Malacca Strait,2021-07-19T00:00:00.000Z,131.28571428571428,5218052.857142857
Malacca Strait,2021-10-04T00:00:00.000Z,145.85714285714286,6121716.714285715
Malacca Strait,2022-09-12T00:00:00.000Z,207.28571428571428,7213424.285714285
Malacca Strait,2022-09-19T00:00:00.000Z,212.28571428571428,7669130.285714285
Malacca Strait,2023-01-30T00:00:00.000Z,203.71428571428572,7441900.428571428
Malacca Strait,2023-03-13T00:00:00.000Z,215.0,8115214.285714285
Malacca Strait,2023-12-04T00:00:00.000Z,227.42857142857142,8688335.57142857
Malacca Strait,2024-02-12T00:00:00.000Z,212.42857142857142,7754172.857142857
Malacca Strait,2024-06-24T00:00:00.000Z,226.85714285714286,8560469.0
Malacca Strait,2024-09-09T00:00:00.000Z,216.71428571428572,8602196.57142857
Malacca Strait,2025-04-21T00:00:00.000Z,229.28571428571428,9303504.0
Malacca Strait,2025-05-05T00:00:00.000Z,237.0,8582765.857142856
Malacca Strait,2025-06-02T00:00:00.000Z,230.85714285714286,8751381.42857143
Malacca Strait,2025-08-04T00:00:00.000Z,233.14285714285714,8908319.714285715
Malacca Strait,2025-09-22T00:00:00.000Z,236.14285714285714,9211332.42857143
Malacca Strait,2025-10-20T00:00:00.000Z,237.14285714285714,8961341.285714285
Malacca Strait,2025-11-24T00:00:00.000Z,224.28571428571428,8992126.0
Malacca Strait,2025-12-08T00:00:00.000Z,244.42857142857142,1.0019322142857144E7
Malacca Strait,2026-01-26T00:00:00.000Z,244.57142857142858,9348784.0
Malacca Strait,2026-02-16T00:00:00.000Z,230.14285714285714,8204422.428571428
Malacca Strait,2026-04-20T00:00:00.000Z,220.14285714285714,7764601.714285715
Malacca Strait,2026-06-08T00:00:00.000Z,225.14285714285714,8056017.0
Malacca Strait,2026-07-20T00:00:00.000Z,227.14285714285714,8720791.57142857
Oresund Strait,2019-01-07T00:00:00.000Z,52.285714285714285,102537.85714285714
Oresund Strait,2019-07-29T00:00:00.000Z,49.285714285714285,110278.28571428571
Oresund Strait,2019-08-19T00:00:00.000Z,57.714285714285715,101675.42857142857
Oresund Strait,2020-09-28T00:00:00.000Z,58.42857142857143,111610.42857142857
Oresund Strait,2020-10-26T00:00:00.000Z,57.857142857142854,107983.28571428571
Oresund Strait,2020-11-09T00:00:00.000Z,57.0,133503.85714285713
Oresund Strait,2021-01-18T00:00:00.000Z,56.42857142857143,118093.71428571429
Oresund Strait,2021-01-25T00:00:00.000Z,60.42857142857143,107031.85714285714
Oresund Strait,2021-05-10T00:00:00.000Z,58.42857142857143,116780.14285714286
Oresund Strait,2021-08-30T00:00:00.000Z,53.0,113305.0
Oresund Strait,2022-02-21T00:00:00.000Z,43.42857142857143,83588.14285714286
Oresund Strait,2022-05-23T00:00:00.000Z,44.42857142857143,91152.28571428571
Oresund Strait,2022-09-19T00:00:00.000Z,47.714285714285715,86851.14285714286
Oresund Strait,2023-07-03T00:00:00.000Z,46.285714285714285,89284.85714285714
Oresund Strait,2023-10-30T00:00:00.000Z,43.142857142857146,93978.57142857143
Oresund Strait,2024-01-08T00:00:00.000Z,48.0,104943.85714285714
Oresund Strait,2024-06-17T00:00:00.000Z,42.857142857142854,96765.14285714286
Oresund Strait,2024-07-29T00:00:00.000Z,46.57142857142857,104030.71428571429
Oresund Strait,2024-12-09T00:00:00.000Z,44.142857142857146,77439.0
Oresund Strait,2025-11-10T00:00:00.000Z,46.42857142857143,112102.57142857143
Oresund Strait,2026-04-06T00:00:00.000Z,37.285714285714285,68892.42857142857
Luzon Strait,2019-02-11T00:00:00.000Z,66.28571428571429,3694845.4285714286
Luzon Strait,2019-05-20T00:00:00.000Z,56.714285714285715,3150715.0
Luzon Strait,2020-02-03T00:00:00.000Z,70.57142857142857,3980965.714285714
Luzon Strait,2020-08-03T00:00:00.000Z,71.0,4914189.0
Luzon Strait,2020-11-16T00:00:00.000Z,67.57142857142857,4457563.0
Luzon Strait,2021-02-15T00:00:00.000Z,65.85714285714286,4208077.142857143
Luzon Strait,2021-11-29T00:00:00.000Z,68.57142857142857,4059344.5714285714
Luzon Strait,2021-12-20T00:00:00.000Z,76.57142857142857,4558928.0
Luzon Strait,2022-07-25T00:00:00.000Z,84.71428571428571,5686688.142857143
Luzon Strait,2023-02-20T00:00:00.000Z,66.42857142857143,3897340.5714285714
Luzon Strait,2023-09-11T00:00:00.000Z,72.14285714285714,4051068.285714286
Luzon Strait,2024-04-22T00:00:00.000Z,83.57142857142857,5672100.142857143
Luzon Strait,2024-07-15T00:00:00.000Z,79.0,5622475.428571428
Luzon Strait,2025-01-13T00:00:00.000Z,83.85714285714286,5190723.285714285
Luzon Strait,2025-05-12T00:00:00.000Z,55.0,3031076.1428571427
Luzon Strait,2025-08-04T00:00:00.000Z,66.71428571428571,4286015.571428572
Luzon Strait,2025-10-13T00:00:00.000Z,67.0,4159787.714285714
Luzon Strait,2025-12-22T00:00:00.000Z,58.857142857142854,3473983.714285714
Luzon Strait,2026-01-12T00:00:00.000Z,72.57142857142857,4562351.428571428
Luzon Strait,2026-07-27T00:00:00.000Z,104.85714285714286,6758116.571428572
Ombai Strait,2019-07-22T00:00:00.000Z,12.714285714285714,765313.8571428572
Ombai Strait,2019-10-07T00:00:00.000Z,11.571428571428571,544571.7142857143
Ombai Strait,2020-04-20T00:00:00.000Z,11.571428571428571,557221.1428571428
Ombai Strait,2020-05-11T00:00:00.000Z,11.142857142857142,606326.5714285715
Ombai Strait,2020-05-18T00:00:00.000Z,11.285714285714286,323583.5714285714
Ombai Strait,2021-01-18T00:00:00.000Z,10.428571428571429,318584.85714285716
Ombai Strait,2021-04-19T00:00:00.000Z,9.0,406743.4285714286
Ombai Strait,2021-08-09T00:00:00.000Z,11.428571428571429,501698.0
Ombai Strait,2021-10-25T00:00:00.000Z,10.0,456753.0
Ombai Strait,2022-01-03T00:00:00.000Z,12.0,545715.2857142857
Ombai Strait,2022-02-14T00:00:00.000Z,13.714285714285714,544712.4285714285
Ombai Strait,2022-11-28T00:00:00.000Z,10.714285714285714,405188.4285714286
Ombai Strait,2023-02-27T00:00:00.000Z,12.285714285714286,404606.71428571426
Ombai Strait,2023-04-24T00:00:00.000Z,10.571428571428571,448118.85714285716
Ombai Strait,2023-09-25T00:00:00.000Z,10.571428571428571,438745.28571428574
Ombai Strait,2023-10-09T00:00:00.000Z,11.142857142857142,438741.28571428574
Ombai Strait,2023-10-30T00:00:00.000Z,10.571428571428571,406903.0
Ombai Strait,2024-04-22T00:00:00.000Z,9.428571428571429,351138.85714285716
Ombai Strait,2024-05-06T00:00:00.000Z,10.0,294871.85714285716
Ombai Strait,2024-06-10T00:00:00.000Z,11.571428571428571,455593.5714285714
Ombai Strait,2025-01-13T00:00:00.000Z,11.142857142857142,1031222.1428571428
Ombai Strait,2025-02-17T00:00:00.000Z,9.571428571428571,1020772.0
Ombai Strait,2025-09-01T00:00:00.000Z,10.857142857142858,1097076.4285714286
Ombai Strait,2025-10-13T00:00:00.000Z,9.428571428571429,548233.8571428572
Ombai Strait,2025-11-17T00:00:00.000Z,12.0,687557.7142857143
Ombai Strait,2026-05-04T00:00:00.000Z,6.714285714285714,532723.5714285715
Torres Strait,2019-03-18T00:00:00.000Z,10.857142857142858,163383.57142857142
Torres Strait,2019-04-29T00:00:00.000Z,8.857142857142858,190208.42857142858
Torres Strait,2020-02-24T00:00:00.000Z,9.857142857142858,164410.85714285713
Torres Strait,2020-06-22T00:00:00.000Z,7.714285714285714,139992.2857142857
Torres Strait,2020-07-13T00:00:00.000Z,7.142857142857143,143791.2857142857
Torres Strait,2020-11-02T00:00:00.000Z,7.428571428571429,164601.0
Torres Strait,2021-01-04T00:00:00.000Z,10.571428571428571,197480.85714285713
Torres Strait,2021-06-07T00:00:00.000Z,9.571428571428571,173355.42857142858
Torres Strait,2021-10-25T00:00:00.000Z,7.714285714285714,228713.0
Torres Strait,2021-12-13T00:00:00.000Z,9.142857142857142,212423.42857142858
Torres Strait,2022-01-24T00:00:00.000Z,7.714285714285714,224004.14285714287
Torres Strait,2022-10-03T00:00:00.000Z,9.857142857142858,190638.2857142857
Torres Strait,2023-03-20T00:00:00.000Z,8.571428571428571,194974.14285714287
Torres Strait,2023-07-17T00:00:00.000Z,8.571428571428571,176039.2857142857
Torres Strait,2023-08-07T00:00:00.000Z,7.857142857142857,176338.14285714287
Torres Strait,2023-10-23T00:00:00.000Z,11.428571428571429,189556.57142857142
Torres Strait,2024-07-22T00:00:00.000Z,10.0,243932.14285714287
Torres Strait,2024-09-30T00:00:00.000Z,8.571428571428571,231583.42857142858
Torres Strait,2024-12-16T00:00:00.000Z,10.571428571428571,189956.14285714287
Torres Strait,2025-03-10T00:00:00.000Z,11.0,216471.14285714287
Torres Strait,2025-06-16T00:00:00.000Z,8.857142857142858,190430.2857142857
Torres Strait,2026-03-02T00:00:00.000Z,7.714285714285714,130575.0
Torres Strait,2026-07-13T00:00:00.000Z,8.428571428571429,221803.2857142857
Magellan Strait,2019-03-18T00:00:00.000Z,2.857142857142857,72991.14285714286
Magellan Strait,2020-01-20T00:00:00.000Z,4.857142857142857,90308.85714285714
Magellan Strait,2020-03-23T00:00:00.000Z,3.4285714285714284,89754.85714285714
Magellan Strait,2020-06-22T00:00:00.000Z,1.7142857142857142,51032.28571428572
Magellan Strait,2020-08-24T00:00:00.000Z,3.2857142857142856,103633.85714285714
Magellan Strait,2020-11-16T00:00:00.000Z,3.4285714285714284,89783.71428571429
Magellan Strait,2021-04-05T00:00:00.000Z,3.2857142857142856,103922.85714285714
Magellan Strait,2021-11-01T00:00:00.000Z,4.428571428571429,116528.57142857143
Magellan Strait,2022-01-17T00:00:00.000Z,3.2857142857142856,120439.85714285714
Magellan Strait,2022-03-21T00:00:00.000Z,3.4285714285714284,82043.0
Magellan Strait,2022-05-02T00:00:00.000Z,3.857142857142857,142260.2857142857
Magellan Strait,2022-10-03T00:00:00.000Z,4.142857142857143,107133.28571428571
Magellan Strait,2022-12-05T00:00:00.000Z,3.4285714285714284,93837.14285714286
Magellan Strait,2023-06-05T00:00:00.000Z,3.142857142857143,120989.14285714286
Magellan Strait,2024-08-19T00:00:00.000Z,4.428571428571429,119119.42857142857
Magellan Strait,2024-09-30T00:00:00.000Z,4.285714285714286,130146.57142857143
Magellan Strait,2024-10-07T00:00:00.000Z,3.142857142857143,63169.42857142857
Magellan Strait,2024-10-21T00:00:00.000Z,3.4285714285714284,132399.2857142857
Magellan Strait,2024-11-04T00:00:00.000Z,3.5714285714285716,112834.71428571429
Magellan Strait,2024-11-18T00:00:00.000Z,4.0,94044.0
Magellan Strait,2024-12-30T00:00:00.000Z,4.285714285714286,142381.57142857142
Magellan Strait,2025-01-13T00:00:00.000Z,3.4285714285714284,120747.28571428571
Magellan Strait,2025-03-03T00:00:00.000Z,3.2857142857142856,115413.42857142857
Magellan Strait,2025-09-29T00:00:00.000Z,4.0,146205.57142857142
Magellan Strait,2026-06-08T00:00:00.000Z,4.571428571428571,174031.42857142858
Balabac Strait,2020-01-20T00:00:00.000Z,12.428571428571429,332653.0
Balabac Strait,2020-11-09T00:00:00.000Z,11.142857142857142,367493.71428571426
Balabac Strait,2021-03-15T00:00:00.000Z,9.857142857142858,299507.85714285716
Balabac Strait,2021-03-22T00:00:00.000Z,11.142857142857142,266416.0
Balabac Strait,2021-06-28T00:00:00.000Z,10.0,205852.42857142858
Balabac Strait,2022-02-21T00:00:00.000Z,12.0,387066.71428571426
Balabac Strait,2022-03-28T00:00:00.000Z,10.0,330494.14285714284
Balabac Strait,2023-03-27T00:00:00.000Z,10.285714285714286,319925.14285714284
Balabac Strait,2023-04-03T00:00:00.000Z,11.428571428571429,366265.4285714286
Balabac Strait,2023-10-09T00:00:00.000Z,12.571428571428571,364718.4285714286
Balabac Strait,2023-12-11T00:00:00.000Z,9.571428571428571,246287.14285714287
Balabac Strait,2024-02-26T00:00:00.000Z,10.857142857142858,220950.2857142857
Balabac Strait,2024-09-30T00:00:00.000Z,10.714285714285714,311678.0
Balabac Strait,2024-10-21T00:00:00.000Z,13.142857142857142,236266.14285714287
Balabac Strait,2024-10-28T00:00:00.000Z,11.0,264078.0
Balabac Strait,2024-11-04T00:00:00.000Z,11.142857142857142,233619.42857142858
Balabac Strait,2025-01-13T00:00:00.000Z,9.0,207372.7142857143
Balabac Strait,2025-06-09T00:00:00.000Z,10.714285714285714,233063.0
Balabac Strait,2025-06-23T00:00:00.000Z,8.857142857142858,148938.7142857143
Balabac Strait,2025-09-01T00:00:00.000Z,9.428571428571429,284317.28571428574
Balabac Strait,2025-10-27T00:00:00.000Z,9.571428571428571,281477.14285714284
Balabac Strait,2026-05-25T00:00:00.000Z,13.0,252425.2857142857
Balabac Strait,2026-06-22T00:00:00.000Z,11.142857142857142,318733.14285714284
Dover Strait,2019-03-18T00:00:00.000Z,186.42857142857142,3424866.1428571427
Dover Strait,2019-06-03T00:00:00.000Z,163.14285714285714,3078835.714285714
Dover Strait,2020-02-10T00:00:00.000Z,134.57142857142858,2663372.0
Dover Strait,2020-02-17T00:00:00.000Z,160.71428571428572,2954328.4285714286
Dover Strait,2021-01-25T00:00:00.000Z,157.85714285714286,2908573.285714286
Dover Strait,2021-06-21T00:00:00.000Z,156.71428571428572,2722408.0
Dover Strait,2021-07-19T00:00:00.000Z,158.0,2422817.8571428573
Dover Strait,2022-01-03T00:00:00.000Z,158.0,3043570.4285714286
Dover Strait,2022-01-31T00:00:00.000Z,159.57142857142858,3202713.5714285714
Dover Strait,2022-05-16T00:00:00.000Z,175.14285714285714,3428298.5714285714
Dover Strait,2022-06-13T00:00:00.000Z,183.57142857142858,3685007.5714285714
Dover Strait,2022-06-20T00:00:00.000Z,178.28571428571428,3428823.0
Dover Strait,2023-06-12T00:00:00.000Z,173.85714285714286,3664433.714285714
Dover Strait,2023-07-24T00:00:00.000Z,173.85714285714286,3320632.714285714
Dover Strait,2023-09-04T00:00:00.000Z,173.85714285714286,3581043.5714285714
Dover Strait,2023-12-18T00:00:00.000Z,165.71428571428572,3479948.4285714286
Dover Strait,2024-02-05T00:00:00.000Z,169.57142857142858,3452560.0
Dover Strait,2024-07-08T00:00:00.000Z,167.14285714285714,3387720.714285714
Dover Strait,2024-11-18T00:00:00.000Z,162.42857142857142,3486135.8571428573
Dover Strait,2024-12-23T00:00:00.000Z,163.71428571428572,3296017.714285714
Dover Strait,2025-01-06T00:00:00.000Z,168.57142857142858,3603962.0
Dover Strait,2025-03-24T00:00:00.000Z,187.57142857142858,3620851.4285714286
Dover Strait,2026-01-19T00:00:00.000Z,161.28571428571428,3269633.285714286
Dover Strait,2026-04-06T00:00:00.000Z,161.71428571428572,3397654.714285714
Tsugaru Strait,2019-02-25T00:00:00.000Z,48.142857142857146,758456.2857142857
Tsugaru Strait,2019-06-10T00:00:00.000Z,41.0,817693.0
Tsugaru Strait,2019-06-17T00:00:00.000Z,49.142857142857146,909508.2857142857
Tsugaru Strait,2019-07-01T00:00:00.000Z,47.714285714285715,953439.2857142857
Tsugaru Strait,2019-07-08T00:00:00.000Z,47.42857142857143,1095616.5714285714
Tsugaru Strait,2019-11-04T00:00:00.000Z,48.714285714285715,987625.1428571428
Tsugaru Strait,2020-05-18T00:00:00.000Z,40.57142857142857,922733.8571428572
Tsugaru Strait,2020-05-25T00:00:00.000Z,45.142857142857146,892938.4285714285
Tsugaru Strait,2020-06-01T00:00:00.000Z,44.142857142857146,980727.1428571428
Tsugaru Strait,2020-07-13T00:00:00.000Z,50.714285714285715,1081612.0
Tsugaru Strait,2020-08-17T00:00:00.000Z,53.285714285714285,1066305.5714285714
Tsugaru Strait,2020-08-31T00:00:00.000Z,48.714285714285715,1092798.7142857143
Tsugaru Strait,2020-10-19T00:00:00.000Z,48.0,1223929.2857142857
Tsugaru Strait,2020-10-26T00:00:00.000Z,53.42857142857143,945336.0
Tsugaru Strait,2021-01-18T00:00:00.000Z,46.714285714285715,842820.1428571428
Tsugaru Strait,2021-02-15T00:00:00.000Z,37.285714285714285,813960.0
Tsugaru Strait,2021-02-22T00:00:00.000Z,50.42857142857143,848195.4285714285
Tsugaru Strait,2021-06-14T00:00:00.000Z,53.714285714285715,1183829.5714285714
Tsugaru Strait,2021-08-16T00:00:00.000Z,51.714285714285715,1087898.857142857
Tsugaru Strait,2021-10-04T00:00:00.000Z,51.42857142857143,1192405.4285714286
Tsugaru Strait,2021-11-01T00:00:00.000Z,49.0,1068965.2857142857
Tsugaru Strait,2021-12-06T00:00:00.000Z,47.857142857142854,874035.7142857143
Tsugaru Strait,2022-01-31T00:00:00.000Z,45.0,801046.1428571428
Tsugaru Strait,2022-04-18T00:00:00.000Z,48.285714285714285,997941.8571428572
Tsugaru Strait,2022-06-13T00:00:00.000Z,53.0,1094831.857142857
Tsugaru Strait,2023-04-17T00:00:00.000Z,37.714285714285715,801315.8571428572
Tsugaru Strait,2023-07-17T00:00:00.000Z,46.57142857142857,998103.7142857143
Tsugaru Strait,2023-07-24T00:00:00.000Z,49.285714285714285,1017999.7142857143
Tsugaru Strait,2024-01-22T00:00:00.000Z,41.57142857142857,1154593.142857143
Tsugaru Strait,2025-05-05T00:00:00.000Z,47.285714285714285,1138615.2857142857
Tsugaru Strait,2025-05-12T00:00:00.000Z,49.142857142857146,1175889.142857143
Tsugaru Strait,2025-07-28T00:00:00.000Z,53.285714285714285,1364876.857142857
Tsugaru Strait,2025-10-06T00:00:00.000Z,49.42857142857143,1014519.5714285715
Tsugaru Strait,2025-11-10T00:00:00.000Z,37.42857142857143,651628.8571428572
Tsugaru Strait,2025-12-15T00:00:00.000Z,43.714285714285715,879028.7142857143
Tsugaru Strait,2026-01-05T00:00:00.000Z,30.428571428571427,625621.4285714285
Tsugaru Strait,2026-01-26T00:00:00.000Z,46.0,1092839.7142857143
Tsugaru Strait,2026-03-23T00:00:00.000Z,51.0,1179101.5714285714
Tsugaru Strait,2026-04-27T00:00:00.000Z,43.57142857142857,1052406.142857143
Tsugaru Strait,2026-06-22T00:00:00.000Z,54.0,1348537.0
Panama Canal,2019-03-04T00:00:00.000Z,33.285714285714285,826407.1428571428
Panama Canal,2019-04-08T00:00:00.000Z,28.285714285714285,716642.2857142857
Panama Canal,2019-07-29T00:00:00.000Z,30.0,811855.5714285715
Panama Canal,2019-08-12T00:00:00.000Z,36.142857142857146,918854.8571428572
Panama Canal,2019-08-19T00:00:00.000Z,33.142857142857146,922560.7142857143
Panama Canal,2020-07-27T00:00:00.000Z,30.142857142857142,745474.1428571428
Panama Canal,2020-08-31T00:00:00.000Z,26.857142857142858,682384.7142857143
Panama Canal,2020-11-16T00:00:00.000Z,33.57142857142857,1007231.4285714285
Panama Canal,2021-02-01T00:00:00.000Z,32.714285714285715,1007251.1428571428
Panama Canal,2021-03-08T00:00:00.000Z,33.857142857142854,912729.1428571428
Panama Canal,2021-06-07T00:00:00.000Z,32.42857142857143,981935.0
Panama Canal,2021-08-09T00:00:00.000Z,34.142857142857146,924540.8571428572
Panama Canal,2021-09-13T00:00:00.000Z,27.285714285714285,789165.7142857143
Panama Canal,2021-12-06T00:00:00.000Z,35.57142857142857,968366.0
Panama Canal,2022-03-28T00:00:00.000Z,33.142857142857146,932387.1428571428
Panama Canal,2022-08-08T00:00:00.000Z,36.0,1005921.0
Panama Canal,2022-08-22T00:00:00.000Z,34.0,1029507.1428571428
Panama Canal,2022-10-24T00:00:00.000Z,33.857142857142854,917881.2857142857
Panama Canal,2023-01-23T00:00:00.000Z,33.0,920819.7142857143
Panama Canal,2023-04-17T00:00:00.000Z,34.714285714285715,1077401.4285714286
Panama Canal,2024-02-05T00:00:00.000Z,20.0,516738.4285714286
Panama Canal,2024-03-25T00:00:00.000Z,22.714285714285715,629090.5714285715
Panama Canal,2024-09-02T00:00:00.000Z,31.0,907385.4285714285
Panama Canal,2024-10-28T00:00:00.000Z,32.714285714285715,1033888.4285714285
Panama Canal,2025-11-10T00:00:00.000Z,29.714285714285715,874365.7142857143
Panama Canal,2026-08-10T00:00:00.000Z,29.714285714285715,803640.7142857143
Makassar Strait,2019-01-28T00:00:00.000Z,44.57142857142857,1820787.857142857
Makassar Strait,2019-02-04T00:00:00.000Z,53.57142857142857,2614995.0
Makassar Strait,2019-07-29T00:00:00.000Z,53.0,2617681.4285714286
Makassar Strait,2019-08-19T00:00:00.000Z,50.285714285714285,2548480.285714286
Makassar Strait,2019-08-26T00:00:00.000Z,52.0,2332496.4285714286
Makassar Strait,2019-12-09T00:00:00.000Z,53.0,2704018.0
Makassar Strait,2019-12-30T00:00:00.000Z,46.714285714285715,2225353.0
Makassar Strait,2020-10-05T00:00:00.000Z,48.0,2314325.5714285714
Makassar Strait,2021-04-26T00:00:00.000Z,51.714285714285715,2558024.714285714
Makassar Strait,2021-05-24T00:00:00.000Z,55.0,2582980.714285714
Makassar Strait,2021-08-23T00:00:00.000Z,52.142857142857146,2369025.5714285714
Makassar Strait,2021-09-27T00:00:00.000Z,54.0,3003536.1428571427
Makassar Strait,2022-04-04T00:00:00.000Z,49.857142857142854,2912704.714285714
Makassar Strait,2022-07-25T00:00:00.000Z,56.714285714285715,3200624.285714286
Makassar Strait,2022-10-24T00:00:00.000Z,55.857142857142854,3140618.4285714286
Makassar Strait,2022-12-05T00:00:00.000Z,59.857142857142854,3305067.5714285714
Makassar Strait,2022-12-19T00:00:00.000Z,62.42857142857143,3816354.5714285714
Makassar Strait,2023-03-06T00:00:00.000Z,59.0,2963275.4285714286
Makassar Strait,2023-06-19T00:00:00.000Z,58.714285714285715,3464114.285714286
Makassar Strait,2023-09-11T00:00:00.000Z,50.57142857142857,2896044.8571428573
Makassar Strait,2024-09-23T00:00:00.000Z,58.0,3364717.5714285714
Makassar Strait,2024-11-04T00:00:00.000Z,51.714285714285715,2788993.8571428573
Makassar Strait,2025-11-10T00:00:00.000Z,46.42857142857143,3192230.714285714
Makassar Strait,2025-12-15T00:00:00.000Z,47.285714285714285,2344340.1428571427
Makassar Strait,2026-06-01T00:00:00.000Z,60.857142857142854,3699525.285714286
Yucatan Channel,2018-12-31T00:00:00.000Z,42.166666666666664,1044844.1666666666
Yucatan Channel,2019-06-03T00:00:00.000Z,41.285714285714285,894385.1428571428
Yucatan Channel,2019-06-10T00:00:00.000Z,45.714285714285715,1050539.5714285714
Yucatan Channel,2019-07-15T00:00:00.000Z,42.0,869676.0
Yucatan Channel,2019-08-19T00:00:00.000Z,43.0,996930.2857142857
Yucatan Channel,2019-12-02T00:00:00.000Z,46.57142857142857,1228450.142857143
Yucatan Channel,2020-06-15T00:00:00.000Z,39.857142857142854,888299.4285714285
Yucatan Channel,2020-12-07T00:00:00.000Z,50.0,1099742.7142857143
Yucatan Channel,2021-09-20T00:00:00.000Z,45.0,1056279.7142857143
Yucatan Channel,2021-12-13T00:00:00.000Z,46.57142857142857,1073583.4285714286
Yucatan Channel,2021-12-27T00:00:00.000Z,43.0,1069301.5714285714
Yucatan Channel,2022-01-17T00:00:00.000Z,43.42857142857143,1009842.4285714285
Yucatan Channel,2022-07-04T00:00:00.000Z,42.0,939668.0
Yucatan Channel,2022-07-11T00:00:00.000Z,45.57142857142857,1104530.142857143
Yucatan Channel,2022-07-18T00:00:00.000Z,45.857142857142854,1060508.142857143
Yucatan Channel,2022-08-29T00:00:00.000Z,43.285714285714285,1076101.4285714286
Yucatan Channel,2023-01-09T00:00:00.000Z,42.857142857142854,1006960.7142857143
Yucatan Channel,2023-03-13T00:00:00.000Z,45.0,1135194.857142857
Yucatan Channel,2023-04-03T00:00:00.000Z,47.142857142857146,1102989.5714285714
Yucatan Channel,2023-05-01T00:00:00.000Z,43.57142857142857,1077770.4285714286
Yucatan Channel,2023-07-24T00:00:00.000Z,46.57142857142857,1389667.857142857
Yucatan Channel,2024-01-08T00:00:00.000Z,43.714285714285715,1014589.4285714285
Yucatan Channel,2024-06-03T00:00:00.000Z,50.285714285714285,1243480.4285714286
Yucatan Channel,2024-06-24T00:00:00.000Z,49.285714285714285,1165021.857142857
Yucatan Channel,2024-07-01T00:00:00.000Z,42.285714285714285,1049977.2857142857
Yucatan Channel,2025-03-03T00:00:00.000Z,47.0,1065096.142857143
Yucatan Channel,2025-03-31T00:00:00.000Z,44.714285714285715,1070796.5714285714
Yucatan Channel,2025-04-21T00:00:00.000Z,48.57142857142857,1218043.7142857143
Yucatan Channel,2025-07-21T00:00:00.000Z,45.285714285714285,1113729.142857143
Yucatan Channel,2026-01-05T00:00:00.000Z,47.857142857142854,1104199.7142857143
Windward Passage,2019-06-03T00:00:00.000Z,17.142857142857142,281673.0
Windward Passage,2019-08-05T00:00:00.000Z,16.285714285714285,227617.14285714287
Windward Passage,2019-08-19T00:00:00.000Z,17.571428571428573,267716.5714285714
Windward Passage,2019-11-25T00:00:00.000Z,13.714285714285714,219033.85714285713
Windward Passage,2020-07-13T00:00:00.000Z,15.142857142857142,206949.85714285713
Windward Passage,2020-10-05T00:00:00.000Z,17.0,344337.71428571426
Windward Passage,2020-12-14T00:00:00.000Z,17.0,236308.2857142857
Windward Passage,2022-06-06T00:00:00.000Z,13.857142857142858,257116.7142857143
Windward Passage,2022-11-28T00:00:00.000Z,14.142857142857142,291929.4285714286
Windward Passage,2023-07-10T00:00:00.000Z,14.142857142857142,228320.0
Windward Passage,2023-08-07T00:00:00.000Z,15.285714285714286,238660.42857142858
Windward Passage,2023-10-23T00:00:00.000Z,13.857142857142858,199768.0
Windward Passage,2024-01-29T00:00:00.000Z,15.142857142857142,227366.2857142857
Windward Passage,2024-03-18T00:00:00.000Z,14.714285714285714,205459.2857142857
Windward Passage,2024-04-01T00:00:00.000Z,16.857142857142858,306577.5714285714
Windward Passage,2024-06-03T00:00:00.000Z,16.285714285714285,238005.42857142858
Windward Passage,2024-08-12T00:00:00.000Z,13.857142857142858,285344.0
Windward Passage,2024-10-28T00:00:00.000Z,12.0,253886.7142857143
Windward Passage,2026-05-18T00:00:00.000Z,16.142857142857142,283989.71428571426
Kerch Strait,2019-02-04T00:00:00.000Z,37.142857142857146,73877.42857142857
Kerch Strait,2019-02-11T00:00:00.000Z,41.857142857142854,70795.57142857143
Kerch Strait,2019-07-08T00:00:00.000Z,69.57142857142857,143163.85714285713
Kerch Strait,2019-08-12T00:00:00.000Z,60.0,165504.57142857142
Kerch Strait,2019-09-30T00:00:00.000Z,65.28571428571429,126137.57142857143
Kerch Strait,2019-11-11T00:00:00.000Z,42.57142857142857,120977.42857142857
Kerch Strait,2021-03-29T00:00:00.000Z,43.0,83225.28571428571
Kerch Strait,2021-04-12T00:00:00.000Z,45.857142857142854,98453.14285714286
Kerch Strait,2021-09-06T00:00:00.000Z,59.857142857142854,129880.85714285714
Kerch Strait,2021-10-11T00:00:00.000Z,65.71428571428571,146835.14285714287
Kerch Strait,2022-01-03T00:00:00.000Z,14.714285714285714,36780.142857142855
Kerch Strait,2022-03-21T00:00:00.000Z,13.285714285714286,21131.714285714286
Kerch Strait,2022-07-18T00:00:00.000Z,19.714285714285715,31391.285714285714
Kerch Strait,2022-09-05T00:00:00.000Z,23.428571428571427,45531.71428571428
Kerch Strait,2022-11-28T00:00:00.000Z,8.142857142857142,16328.142857142857
Kerch Strait,2023-04-24T00:00:00.000Z,14.714285714285714,27291.428571428572
Kerch Strait,2023-05-15T00:00:00.000Z,13.0,25825.571428571428
Kerch Strait,2023-07-10T00:00:00.000Z,5.428571428571429,8942.57142857143
Kerch Strait,2023-11-06T00:00:00.000Z,2.0,3330.8571428571427
Kerch Strait,2024-08-26T00:00:00.000Z,0.42857142857142855,590.0
Kerch Strait,2024-10-21T00:00:00.000Z,0.2857142857142857,585.0
Kerch Strait,2025-03-17T00:00:00.000Z,11.428571428571429,59225.857142857145
Kerch Strait,2025-05-12T00:00:00.000Z,13.285714285714286,40741.142857142855
Kerch Strait,2025-08-18T00:00:00.000Z,25.142857142857142,112781.14285714286
Kerch Strait,2025-09-15T00:00:00.000Z,25.714285714285715,61614.71428571428
Gibraltar Strait,2019-04-15T00:00:00.000Z,109.0,3016753.1428571427
Gibraltar Strait,2019-09-30T00:00:00.000Z,119.57142857142857,3161136.285714286
Gibraltar Strait,2020-01-27T00:00:00.000Z,135.85714285714286,3169441.714285714
Gibraltar Strait,2020-04-27T00:00:00.000Z,118.71428571428571,3249722.1428571427
Gibraltar Strait,2020-10-19T00:00:00.000Z,120.28571428571429,3010898.1428571427
Gibraltar Strait,2021-04-05T00:00:00.000Z,128.14285714285714,3438139.5714285714
Gibraltar Strait,2021-04-19T00:00:00.000Z,128.42857142857142,3457125.714285714
Gibraltar Strait,2022-03-28T00:00:00.000Z,146.71428571428572,4051205.1428571427
Gibraltar Strait,2022-07-04T00:00:00.000Z,144.28571428571428,4042580.8571428573
Gibraltar Strait,2022-08-29T00:00:00.000Z,139.85714285714286,4032831.5714285714
Gibraltar Strait,2022-10-10T00:00:00.000Z,142.57142857142858,4056728.285714286
Gibraltar Strait,2023-01-16T00:00:00.000Z,128.71428571428572,3778840.1428571427
Gibraltar Strait,2023-04-24T00:00:00.000Z,155.0,4305488.0
Gibraltar Strait,2023-06-12T00:00:00.000Z,153.28571428571428,4300032.714285715
Gibraltar Strait,2024-02-12T00:00:00.000Z,141.71428571428572,3950910.714285714
Gibraltar Strait,2024-03-25T00:00:00.000Z,115.14285714285714,3047664.0
Gibraltar Strait,2024-06-03T00:00:00.000Z,136.0,3769339.1428571427
Gibraltar Strait,2024-08-12T00:00:00.000Z,135.28571428571428,3385034.1428571427
Gibraltar Strait,2024-10-14T00:00:00.000Z,134.28571428571428,3627019.285714286
Gibraltar Strait,2024-11-11T00:00:00.000Z,125.85714285714286,3237938.714285714
Gibraltar Strait,2025-02-03T00:00:00.000Z,146.14285714285714,3732068.285714286
Gibraltar Strait,2025-04-07T00:00:00.000Z,136.71428571428572,3571593.285714286
Gibraltar Strait,2025-06-23T00:00:00.000Z,128.14285714285714,3333007.8571428573
Gibraltar Strait,2025-07-21T00:00:00.000Z,139.28571428571428,3447127.285714286
Gibraltar Strait,2025-07-28T00:00:00.000Z,134.57142857142858,3427814.1428571427
Gibraltar Strait,2026-01-05T00:00:00.000Z,117.42857142857143,2879823.714285714
Gibraltar Strait,2026-05-11T00:00:00.000Z,129.0,3472848.714285714
Taiwan Strait,2019-01-21T00:00:00.000Z,248.0,5040393.857142857
Taiwan Strait,2019-03-25T00:00:00.000Z,246.85714285714286,4835203.428571428
Taiwan Strait,2019-08-12T00:00:00.000Z,269.2857142857143,5002300.428571428
Taiwan Strait,2019-09-02T00:00:00.000Z,272.0,6178176.714285715
Taiwan Strait,2020-02-17T00:00:00.000Z,198.57142857142858,3842530.4285714286
Taiwan Strait,2020-03-09T00:00:00.000Z,241.14285714285714,4675964.285714285
Taiwan Strait,2020-03-16T00:00:00.000Z,246.14285714285714,4872116.428571428
Taiwan Strait,2020-08-24T00:00:00.000Z,273.2857142857143,6168671.0
Taiwan Strait,2020-09-21T00:00:00.000Z,262.2857142857143,5697524.714285715
Taiwan Strait,2021-03-15T00:00:00.000Z,262.57142857142856,5509935.714285715
Taiwan Strait,2021-08-23T00:00:00.000Z,246.85714285714286,5514568.857142857
Taiwan Strait,2021-09-06T00:00:00.000Z,244.71428571428572,6040213.571428572
Taiwan Strait,2021-09-27T00:00:00.000Z,261.7142857142857,5790378.428571428
Taiwan Strait,2021-11-22T00:00:00.000Z,228.42857142857142,4939260.714285715
Taiwan Strait,2022-03-28T00:00:00.000Z,230.42857142857142,5337766.571428572
Taiwan Strait,2022-09-05T00:00:00.000Z,271.7142857142857,6718725.857142857
Taiwan Strait,2022-10-24T00:00:00.000Z,220.71428571428572,5248720.0
Taiwan Strait,2023-03-06T00:00:00.000Z,251.57142857142858,5505644.714285715
Taiwan Strait,2023-11-13T00:00:00.000Z,225.42857142857142,5324867.285714285
Taiwan Strait,2024-01-08T00:00:00.000Z,249.85714285714286,5561328.142857143
Taiwan Strait,2024-10-21T00:00:00.000Z,215.71428571428572,5132895.142857143
Taiwan Strait,2025-02-24T00:00:00.000Z,230.28571428571428,5468277.571428572
Taiwan Strait,2025-04-07T00:00:00.000Z,241.57142857142858,5672364.142857143
Taiwan Strait,2025-06-16T00:00:00.000Z,259.0,6446764.285714285
Taiwan Strait,2025-09-08T00:00:00.000Z,252.42857142857142,6236853.285714285
Taiwan Strait,2025-12-22T00:00:00.000Z,226.71428571428572,5876922.857142857
Taiwan Strait,2026-02-09T00:00:00.000Z,251.14285714285714,6336199.142857143
Taiwan Strait,2026-04-06T00:00:00.000Z,242.0,6278061.0
Bohai Strait,2019-02-18T00:00:00.000Z,145.85714285714286,4134457.5714285714
Bohai Strait,2019-03-11T00:00:00.000Z,128.71428571428572,3391851.8571428573
Bohai Strait,2019-09-30T00:00:00.000Z,120.57142857142857,3373728.285714286
Bohai Strait,2019-10-07T00:00:00.000Z,105.0,2920986.285714286
Bohai Strait,2020-01-27T00:00:00.000Z,169.42857142857142,4811972.714285715
Bohai Strait,2020-09-14T00:00:00.000Z,202.28571428571428,5457731.714285715
Bohai Strait,2021-04-19T00:00:00.000Z,204.28571428571428,5555788.142857143
Bohai Strait,2021-07-19T00:00:00.000Z,184.28571428571428,5039527.142857143
Bohai Strait,2021-08-30T00:00:00.000Z,188.14285714285714,5193837.142857143
Bohai Strait,2021-09-20T00:00:00.000Z,187.57142857142858,5680820.142857143
Bohai Strait,2021-12-06T00:00:00.000Z,199.85714285714286,5770417.428571428
Bohai Strait,2022-06-06T00:00:00.000Z,191.0,5388690.0
Bohai Strait,2022-11-21T00:00:00.000Z,195.14285714285714,6030311.0
Bohai Strait,2023-01-09T00:00:00.000Z,162.14285714285714,5373257.142857143
Bohai Strait,2023-02-27T00:00:00.000Z,189.0,5841485.142857143
Bohai Strait,2024-07-22T00:00:00.000Z,149.0,5224944.142857143
Bohai Strait,2025-05-19T00:00:00.000Z,182.71428571428572,6611376.857142857
Bohai Strait,2025-06-02T00:00:00.000Z,168.57142857142858,6355508.571428572
Bohai Strait,2025-06-09T00:00:00.000Z,172.71428571428572,6215085.571428572
Bohai Strait,2025-06-23T00:00:00.000Z,182.85714285714286,6490272.428571428
Sunda Strait,2019-02-11T00:00:00.000Z,23.428571428571427,633269.2857142857
Sunda Strait,2019-04-22T00:00:00.000Z,25.285714285714285,641414.0
Sunda Strait,2019-08-26T00:00:00.000Z,27.0,705445.0
Sunda Strait,2019-10-07T00:00:00.000Z,31.142857142857142,951497.5714285715
Sunda Strait,2019-12-09T00:00:00.000Z,29.428571428571427,778207.4285714285
Sunda Strait,2020-04-20T00:00:00.000Z,31.428571428571427,966216.8571428572
Sunda Strait,2021-01-04T00:00:00.000Z,25.428571428571427,957956.8571428572
Sunda Strait,2021-05-03T00:00:00.000Z,26.0,666212.0
Sunda Strait,2021-08-23T00:00:00.000Z,25.0,936619.5714285715
Sunda Strait,2022-03-07T00:00:00.000Z,26.0,1066943.142857143
Sunda Strait,2022-09-26T00:00:00.000Z,26.142857142857142,946349.2857142857
Sunda Strait,2022-10-17T00:00:00.000Z,31.142857142857142,1249949.2857142857
Sunda Strait,2023-09-04T00:00:00.000Z,29.571428571428573,1049576.7142857143
Sunda Strait,2023-11-20T00:00:00.000Z,30.142857142857142,951179.1428571428
Sunda Strait,2024-12-30T00:00:00.000Z,32.0,1173832.857142857
Sunda Strait,2025-03-10T00:00:00.000Z,30.285714285714285,883383.0
Sunda Strait,2025-04-21T00:00:00.000Z,27.714285714285715,960416.7142857143
Sunda Strait,2025-08-11T00:00:00.000Z,33.0,1326796.0
Sunda Strait,2025-08-18T00:00:00.000Z,36.142857142857146,1341412.5714285714
Sunda Strait,2026-05-18T00:00:00.000Z,32.714285714285715,1201171.142857143
Sunda Strait,2026-06-08T00:00:00.000Z,31.142857142857142,1275570.2857142857
Mona Passage,2019-04-08T00:00:00.000Z,11.142857142857142,250535.0
Mona Passage,2019-08-05T00:00:00.000Z,11.0,328434.85714285716
Mona Passage,2019-08-12T00:00:00.000Z,9.714285714285714,246408.42857142858
Mona Passage,2019-11-11T00:00:00.000Z,12.428571428571429,409865.85714285716
Mona Passage,2020-01-13T00:00:00.000Z,9.571428571428571,250303.7142857143
Mona Passage,2020-01-27T00:00:00.000Z,15.0,254949.7142857143
Mona Passage,2020-08-31T00:00:00.000Z,10.0,294092.28571428574
Mona Passage,2020-09-07T00:00:00.000Z,11.0,292797.14285714284
Mona Passage,2021-03-22T00:00:00.000Z,9.714285714285714,252946.2857142857
Mona Passage,2021-03-29T00:00:00.000Z,8.428571428571429,251358.2857142857
Mona Passage,2021-11-01T00:00:00.000Z,8.285714285714286,247873.57142857142
Mona Passage,2022-03-14T00:00:00.000Z,9.0,233164.57142857142
Mona Passage,2022-10-31T00:00:00.000Z,9.714285714285714,225979.0
Mona Passage,2022-12-05T00:00:00.000Z,9.428571428571429,212772.2857142857
Mona Passage,2023-08-14T00:00:00.000Z,10.285714285714286,202251.85714285713
Mona Passage,2023-09-04T00:00:00.000Z,10.714285714285714,327157.5714285714
Mona Passage,2023-09-11T00:00:00.000Z,8.285714285714286,173917.85714285713
Mona Passage,2024-02-12T00:00:00.000Z,10.571428571428571,234658.57142857142
Mona Passage,2024-11-25T00:00:00.000Z,10.0,320150.14285714284
Mona Passage,2024-12-23T00:00:00.000Z,12.142857142857142,357262.5714285714
Mona Passage,2025-03-17T00:00:00.000Z,10.571428571428571,372000.0
Mona Passage,2025-06-23T00:00:00.000Z,9.0,210695.85714285713
Mona Passage,2025-07-14T00:00:00.000Z,11.142857142857142,282807.85714285716
Mona Passage,2025-09-29T00:00:00.000Z,11.0,255306.85714285713
Bering Strait,2019-02-25T00:00:00.000Z,1.8571428571428572,35060.857142857145
Bering Strait,2019-08-19T00:00:00.000Z,1.5714285714285714,6712.714285714285
Bering Strait,2019-09-23T00:00:00.000Z,1.7142857142857142,15307.142857142857
Bering Strait,2019-10-28T00:00:00.000Z,0.5714285714285714,11493.57142857143
Bering Strait,2019-11-11T00:00:00.000Z,0.42857142857142855,505.2857142857143
Bering Strait,2020-06-29T00:00:00.000Z,0.7142857142857143,0.0
Bering Strait,2021-02-08T00:00:00.000Z,0.0,0.0
Bering Strait,2021-06-28T00:00:00.000Z,0.42857142857142855,0.0
Bering Strait,2021-07-05T00:00:00.000Z,0.7142857142857143,7376.142857142857
Bering Strait,2021-10-18T00:00:00.000Z,1.5714285714285714,17560.714285714286
Bering Strait,2022-01-17T00:00:00.000Z,0.2857142857142857,1762.857142857143
Bering Strait,2022-02-28T00:00:00.000Z,0.0,0.0
Bering Strait,2023-02-06T00:00:00.000Z,0.0,0.0
Bering Strait,2023-07-10T00:00:00.000Z,1.4285714285714286,7662.571428571428
Bering Strait,2023-10-02T00:00:00.000Z,1.7142857142857142,7839.857142857143
Bering Strait,2023-10-16T00:00:00.000Z,1.8571428571428572,6945.142857142857
Bering Strait,2024-01-08T00:00:00.000Z,0.0,0.0
Bering Strait,2024-03-18T00:00:00.000Z,0.0,0.0
Bering Strait,2024-08-19T00:00:00.000Z,2.142857142857143,21193.285714285714
Bering Strait,2024-10-21T00:00:00.000Z,2.142857142857143,7307.857142857143
Bering Strait,2024-10-28T00:00:00.000Z,1.8571428571428572,46805.857142857145
Bering Strait,2024-11-18T00:00:00.000Z,0.2857142857142857,1130.7142857142858
Bering Strait,2025-04-14T00:00:00.000Z,0.0,0.0
Bering Strait,2025-12-29T00:00:00.000Z,0.0,0.0
Bering Strait,2026-01-12T00:00:00.000Z,0.14285714285714285,11861.0
Bering Strait,2026-07-13T00:00:00.000Z,2.0,27049.428571428572
Strait of Hormuz,2019-02-04T00:00:00.000Z,56.714285714285715,1844716.5714285714
Strait of Hormuz,2019-05-06T00:00:00.000Z,76.14285714285714,2896040.8571428573
Strait of Hormuz,2019-06-24T00:00:00.000Z,89.14285714285714,3737119.714285714
Strait of Hormuz,2019-07-01T00:00:00.000Z,93.57142857142857,3734022.714285714
Strait of Hormuz,2019-07-22T00:00:00.000Z,74.14285714285714,3115605.714285714
Strait of Hormuz,2019-12-09T00:00:00.000Z,55.142857142857146,2211850.4285714286
Strait of Hormuz,2020-02-03T00:00:00.000Z,65.0,2600903.8571428573
Strait of Hormuz,2020-03-16T00:00:00.000Z,55.285714285714285,2268012.285714286
Strait of Hormuz,2020-04-20T00:00:00.000Z,70.28571428571429,2949729.4285714286
Strait of Hormuz,2020-05-11T00:00:00.000Z,84.57142857142857,3615135.285714286
Strait of Hormuz,2020-07-13T00:00:00.000Z,81.28571428571429,3249811.1428571427
Strait of Hormuz,2021-03-22T00:00:00.000Z,76.71428571428571,2795732.285714286
Strait of Hormuz,2021-07-05T00:00:00.000Z,87.0,3520339.714285714
Strait of Hormuz,2021-10-25T00:00:00.000Z,70.28571428571429,3254938.1428571427
Strait of Hormuz,2021-11-29T00:00:00.000Z,80.71428571428571,3655318.714285714
Strait of Hormuz,2022-02-14T00:00:00.000Z,95.42857142857143,3970988.5714285714
Strait of Hormuz,2022-08-15T00:00:00.000Z,105.0,4173717.714285714
Strait of Hormuz,2022-10-24T00:00:00.000Z,107.57142857142857,4414718.142857143
Strait of Hormuz,2022-11-14T00:00:00.000Z,79.71428571428571,3406527.714285714
Strait of Hormuz,2023-02-27T00:00:00.000Z,82.0,3855217.0
Strait of Hormuz,2023-05-22T00:00:00.000Z,108.85714285714286,3951315.8571428573
Strait of Hormuz,2024-04-22T00:00:00.000Z,98.57142857142857,3875789.1428571427
Strait of Hormuz,2024-06-10T00:00:00.000Z,108.71428571428571,3832133.4285714286
Strait of Hormuz,2024-08-05T00:00:00.000Z,91.28571428571429,3727924.4285714286
Strait of Hormuz,2024-08-12T00:00:00.000Z,78.57142857142857,3476367.285714286
Strait of Hormuz,2024-12-02T00:00:00.000Z,69.14285714285714,2479706.0
Strait of Hormuz,2025-01-27T00:00:00.000Z,69.71428571428571,2331633.8571428573
Strait of Hormuz,2025-03-03T00:00:00.000Z,81.85714285714286,3122423.285714286
Strait of Hormuz,2025-03-10T00:00:00.000Z,87.0,3497444.4285714286
Strait of Hormuz,2025-05-05T00:00:00.000Z,97.85714285714286,3255790.0
Strait of Hormuz,2025-12-01T00:00:00.000Z,56.57142857142857,2454531.0
Strait of Hormuz,2026-02-23T00:00:00.000Z,77.57142857142857,2661610.1428571427
Strait of Hormuz,2026-06-01T00:00:00.000Z,4.428571428571429,56757.71428571428
Cape of Good Hope,2019-01-07T00:00:00.000Z,51.0,2734639.714285714
Cape of Good Hope,2019-05-06T00:00:00.000Z,46.142857142857146,2535065.5714285714
Cape of Good Hope,2019-09-30T00:00:00.000Z,57.42857142857143,3320542.0
Cape of Good Hope,2020-08-31T00:00:00.000Z,57.42857142857143,3434343.4285714286
Cape of Good Hope,2020-10-19T00:00:00.000Z,49.857142857142854,3012212.5714285714
Cape of Good Hope,2021-02-08T00:00:00.000Z,46.857142857142854,2722976.1428571427
Cape of Good Hope,2021-03-01T00:00:00.000Z,50.42857142857143,2745738.8571428573
Cape of Good Hope,2021-03-22T00:00:00.000Z,47.285714285714285,2542746.1428571427
Cape of Good Hope,2021-08-09T00:00:00.000Z,43.57142857142857,2925220.714285714
Cape of Good Hope,2021-09-13T00:00:00.000Z,48.0,3048118.8571428573
Cape of Good Hope,2022-06-27T00:00:00.000Z,51.0,3430010.714285714
Cape of Good Hope,2022-08-08T00:00:00.000Z,46.857142857142854,3363703.1428571427
Cape of Good Hope,2022-08-29T00:00:00.000Z,43.714285714285715,3016184.5714285714
Cape of Good Hope,2022-10-31T00:00:00.000Z,42.0,2475743.714285714
Cape of Good Hope,2022-12-19T00:00:00.000Z,39.57142857142857,2510931.4285714286
Cape of Good Hope,2023-04-03T00:00:00.000Z,44.42857142857143,2529145.714285714
Cape of Good Hope,2023-04-17T00:00:00.000Z,49.857142857142854,3108380.0
Cape of Good Hope,2023-05-15T00:00:00.000Z,48.857142857142854,3166926.5714285714
Cape of Good Hope,2023-06-19T00:00:00.000Z,58.714285714285715,3738805.8571428573
Cape of Good Hope,2023-11-20T00:00:00.000Z,51.42857142857143,2908961.1428571427
Cape of Good Hope,2024-08-19T00:00:00.000Z,102.85714285714286,6005325.857142857
Cape of Good Hope,2024-11-11T00:00:00.000Z,88.57142857142857,5238179.714285715
Cape of Good Hope,2024-11-18T00:00:00.000Z,88.42857142857143,5550828.0
Cape of Good Hope,2024-12-09T00:00:00.000Z,76.0,4655856.285714285
Cape of Good Hope,2025-08-11T00:00:00.000Z,107.42857142857143,7141255.571428572
Cape of Good Hope,2025-09-01T00:00:00.000Z,92.0,5809142.0
Cape of Good Hope,2025-11-10T00:00:00.000Z,81.42857142857143,5365569.0
Suez Canal,2019-05-20T00:00:00.000Z,52.0,2484779.714285714
Suez Canal,2019-10-14T00:00:00.000Z,54.57142857142857,2517787.714285714
Suez Canal,2019-10-21T00:00:00.000Z,59.142857142857146,2750797.0
Suez Canal,2019-10-28T00:00:00.000Z,54.714285714285715,2412081.4285714286
Suez Canal,2019-12-09T00:00:00.000Z,55.285714285714285,2272401.1428571427
Suez Canal,2020-02-10T00:00:00.000Z,58.57142857142857,2575119.285714286
Suez Canal,2020-06-08T00:00:00.000Z,44.714285714285715,2115882.1428571427
Suez Canal,2020-12-28T00:00:00.000Z,52.42857142857143,2384490.0
Suez Canal,2021-04-12T00:00:00.000Z,49.42857142857143,2487564.5714285714
Suez Canal,2021-09-27T00:00:00.000Z,63.285714285714285,2644599.285714286
Suez Canal,2021-10-04T00:00:00.000Z,61.57142857142857,2838713.714285714
Suez Canal,2021-12-06T00:00:00.000Z,62.142857142857146,3090166.0
Suez Canal,2022-04-04T00:00:00.000Z,64.57142857142857,2684653.1428571427
Suez Canal,2022-06-06T00:00:00.000Z,65.28571428571429,3112897.714285714
Suez Canal,2022-12-26T00:00:00.000Z,69.85714285714286,2977969.1428571427
Suez Canal,2023-02-27T00:00:00.000Z,64.28571428571429,2950869.8571428573
Suez Canal,2023-04-03T00:00:00.000Z,75.71428571428571,3402879.4285714286
Suez Canal,2023-08-28T00:00:00.000Z,72.42857142857143,3253542.0
Suez Canal,2023-09-25T00:00:00.000Z,77.14285714285714,3555410.8571428573
Suez Canal,2023-11-06T00:00:00.000Z,75.14285714285714,3546110.1428571427
Suez Canal,2024-05-13T00:00:00.000Z,41.285714285714285,1394740.142857143
Suez Canal,2024-06-03T00:00:00.000Z,39.714285714285715,1387852.7142857143
Suez Canal,2024-07-29T00:00:00.000Z,40.42857142857143,1297661.5714285714
Suez Canal,2024-09-23T00:00:00.000Z,39.285714285714285,1206616.4285714286
Suez Canal,2025-01-20T00:00:00.000Z,36.714285714285715,1256915.5714285714
Suez Canal,2025-02-03T00:00:00.000Z,31.0,1122687.4285714286
Suez Canal,2025-02-17T00:00:00.000Z,33.57142857142857,1108366.7142857143
Suez Canal,2025-03-31T00:00:00.000Z,36.714285714285715,1326449.7142857143
Suez Canal,2025-05-26T00:00:00.000Z,36.57142857142857,1360839.857142857
Suez Canal,2025-08-18T00:00:00.000Z,41.857142857142854,1418070.4285714286
Suez Canal,2025-12-15T00:00:00.000Z,41.285714285714285,1614514.7142857143
Korea Strait,2019-08-26T00:00:00.000Z,225.0,2759381.5714285714
Korea Strait,2019-12-23T00:00:00.000Z,235.0,2940998.285714286
Korea Strait,2020-05-18T00:00:00.000Z,224.28571428571428,2996601.285714286
Korea Strait,2020-09-14T00:00:00.000Z,245.42857142857142,3176495.1428571427
Korea Strait,2021-02-22T00:00:00.000Z,238.28571428571428,3023255.8571428573
Korea Strait,2021-03-29T00:00:00.000Z,225.71428571428572,2849570.285714286
Korea Strait,2021-06-21T00:00:00.000Z,243.85714285714286,3138963.4285714286
Korea Strait,2022-08-22T00:00:00.000Z,243.71428571428572,3051840.0
Korea Strait,2022-09-05T00:00:00.000Z,252.85714285714286,2987477.1428571427
Korea Strait,2023-01-30T00:00:00.000Z,215.42857142857142,2492131.5714285714
Korea Strait,2023-02-13T00:00:00.000Z,215.71428571428572,2628836.4285714286
Korea Strait,2023-05-15T00:00:00.000Z,254.57142857142858,3184750.1428571427
Korea Strait,2023-08-14T00:00:00.000Z,234.0,3062948.0
Korea Strait,2023-11-20T00:00:00.000Z,232.71428571428572,2680991.714285714
Korea Strait,2024-01-15T00:00:00.000Z,225.85714285714286,2978368.1428571427
Korea Strait,2024-06-17T00:00:00.000Z,234.71428571428572,3156267.8571428573
Korea Strait,2024-07-01T00:00:00.000Z,230.71428571428572,3467257.1428571427
Korea Strait,2024-09-02T00:00:00.000Z,243.57142857142858,3423083.4285714286
Korea Strait,2025-01-13T00:00:00.000Z,229.42857142857142,3130356.8571428573
Korea Strait,2025-03-17T00:00:00.000Z,242.42857142857142,3143651.5714285714
Korea Strait,2025-04-14T00:00:00.000Z,232.0,3051037.714285714
Korea Strait,2025-06-16T00:00:00.000Z,227.28571428571428,3064707.714285714
Korea Strait,2025-06-30T00:00:00.000Z,228.57142857142858,3360866.8571428573
Korea Strait,2025-08-04T00:00:00.000Z,216.85714285714286,3294053.5714285714
Korea Strait,2025-09-22T00:00:00.000Z,229.14285714285714,3184363.4285714286
Korea Strait,2025-10-27T00:00:00.000Z,211.85714285714286,2773952.0
Korea Strait,2025-11-17T00:00:00.000Z,200.71428571428572,2917170.4285714286
Lombok Strait,2019-01-28T00:00:00.000Z,30.0,1919664.7142857143
Lombok Strait,2019-03-18T00:00:00.000Z,31.428571428571427,1665792.0
Lombok Strait,2019-05-27T00:00:00.000Z,32.714285714285715,2235990.8571428573
Lombok Strait,2019-09-30T00:00:00.000Z,33.714285714285715,1982537.7142857143
Lombok Strait,2019-11-11T00:00:00.000Z,34.285714285714285,2170127.8571428573
Lombok Strait,2020-01-27T00:00:00.000Z,64.42857142857143,2211189.285714286
Lombok Strait,2020-04-13T00:00:00.000Z,34.857142857142854,2328944.8571428573
Lombok Strait,2020-12-28T00:00:00.000Z,35.57142857142857,2922827.0
Lombok Strait,2021-01-11T00:00:00.000Z,34.714285714285715,2264753.1428571427
Lombok Strait,2021-08-09T00:00:00.000Z,31.428571428571427,2354886.285714286
Lombok Strait,2021-11-15T00:00:00.000Z,36.57142857142857,2548881.4285714286
Lombok Strait,2022-02-21T00:00:00.000Z,34.714285714285715,2478315.1428571427
Lombok Strait,2022-08-08T00:00:00.000Z,34.142857142857146,2379277.285714286
Lombok Strait,2022-09-12T00:00:00.000Z,36.57142857142857,2641951.1428571427
Lombok Strait,2022-09-26T00:00:00.000Z,35.57142857142857,2981615.285714286
Lombok Strait,2023-06-05T00:00:00.000Z,40.42857142857143,2718933.5714285714
Lombok Strait,2023-06-19T00:00:00.000Z,36.0,2983566.714285714
Lombok Strait,2023-12-11T00:00:00.000Z,41.0,2848521.1428571427
Lombok Strait,2024-02-26T00:00:00.000Z,33.857142857142854,2393207.0
Lombok Strait,2024-03-25T00:00:00.000Z,39.142857142857146,3199762.5714285714
Lombok Strait,2025-02-10T00:00:00.000Z,32.714285714285715,2242680.285714286
Lombok Strait,2025-03-03T00:00:00.000Z,38.57142857142857,3292822.1428571427
Lombok Strait,2025-05-05T00:00:00.000Z,34.285714285714285,3042659.5714285714
Lombok Strait,2025-07-14T00:00:00.000Z,34.285714285714285,2857386.5714285714
Lombok Strait,2025-12-01T00:00:00.000Z,37.142857142857146,3344191.714285714
Lombok Strait,2026-06-15T00:00:00.000Z,38.285714285714285,3005767.0
Lombok Strait,2026-07-20T00:00:00.000Z,29.714285714285715,2850376.0
Mindoro Strait,2019-01-28T00:00:00.000Z,36.285714285714285,1416783.2857142857
Mindoro Strait,2019-04-08T00:00:00.000Z,40.714285714285715,1514892.4285714286
Mindoro Strait,2019-05-20T00:00:00.000Z,46.142857142857146,2102615.8571428573
Mindoro Strait,2019-07-22T00:00:00.000Z,53.42857142857143,2471407.0
Mindoro Strait,2019-07-29T00:00:00.000Z,48.285714285714285,2106345.285714286
Mindoro Strait,2019-08-12T00:00:00.000Z,47.285714285714285,2234041.714285714
Mindoro Strait,2019-12-30T00:00:00.000Z,45.285714285714285,2298459.1428571427
Mindoro Strait,2020-03-23T00:00:00.000Z,37.142857142857146,1640354.0
Mindoro Strait,2020-04-27T00:00:00.000Z,36.857142857142854,1737238.7142857143
Mindoro Strait,2021-03-08T00:00:00.000Z,47.285714285714285,2138922.1428571427
Mindoro Strait,2021-07-26T00:00:00.000Z,51.0,2622179.8571428573
Mindoro Strait,2021-08-09T00:00:00.000Z,64.14285714285714,2798785.8571428573
Mindoro Strait,2021-11-22T00:00:00.000Z,44.0,2384036.4285714286
Mindoro Strait,2022-02-14T00:00:00.000Z,42.857142857142854,2067367.5714285714
Mindoro Strait,2022-06-27T00:00:00.000Z,47.285714285714285,3009790.714285714
Mindoro Strait,2022-09-12T00:00:00.000Z,50.285714285714285,2792290.5714285714
Mindoro Strait,2023-07-24T00:00:00.000Z,47.142857142857146,2756632.714285714
Mindoro Strait,2023-09-25T00:00:00.000Z,50.57142857142857,2446318.1428571427
Mindoro Strait,2024-05-27T00:00:00.000Z,43.714285714285715,2265887.285714286
Mindoro Strait,2024-07-08T00:00:00.000Z,42.714285714285715,2260401.4285714286
Mindoro Strait,2024-12-30T00:00:00.000Z,43.714285714285715,2216103.5714285714
Mindoro Strait,2025-01-20T00:00:00.000Z,34.42857142857143,1705598.5714285714
Mindoro Strait,2025-02-24T00:00:00.000Z,32.285714285714285,1872336.2857142857
Mindoro Strait,2025-05-26T00:00:00.000Z,31.857142857142858,2087895.5714285714
Mindoro Strait,2025-07-28T00:00:00.000Z,33.57142857142857,1867395.142857143
Mindoro Strait,2026-03-23T00:00:00.000Z,31.857142857142858,1698819.5714285714
Bosporus Strait,2019-02-18T00:00:00.000Z,84.71428571428571,1125158.4285714286
Bosporus Strait,2019-06-10T00:00:00.000Z,96.0,1001211.4285714285
Bosporus Strait,2019-08-12T00:00:00.000Z,106.42857142857143,1467843.7142857143
Bosporus Strait,2019-09-02T00:00:00.000Z,111.42857142857143,1463151.857142857
Bosporus Strait,2019-10-14T00:00:00.000Z,116.28571428571429,1392335.857142857
Bosporus Strait,2020-09-21T00:00:00.000Z,102.71428571428571,1201250.7142857143
Bosporus Strait,2020-10-05T00:00:00.000Z,97.57142857142857,1056406.0
Bosporus Strait,2021-04-05T00:00:00.000Z,93.57142857142857,922334.0
Bosporus Strait,2021-11-29T00:00:00.000Z,79.0,1013318.0
Bosporus Strait,2023-05-08T00:00:00.000Z,103.57142857142857,1407115.857142857
Bosporus Strait,2023-05-22T00:00:00.000Z,110.14285714285714,1149724.5714285714
Bosporus Strait,2023-07-10T00:00:00.000Z,105.42857142857143,1121481.4285714286
Bosporus Strait,2023-11-13T00:00:00.000Z,83.0,1139966.2857142857
Bosporus Strait,2024-05-27T00:00:00.000Z,98.28571428571429,1194786.5714285714
Bosporus Strait,2024-08-19T00:00:00.000Z,99.28571428571429,1060882.857142857
Bosporus Strait,2024-12-23T00:00:00.000Z,73.14285714285714,966695.1428571428
Bosporus Strait,2025-06-09T00:00:00.000Z,88.42857142857143,1020666.1428571428
Bosporus Strait,2025-06-23T00:00:00.000Z,89.85714285714286,1183003.142857143
Bosporus Strait,2025-08-18T00:00:00.000Z,98.57142857142857,1150887.142857143
Bosporus Strait,2025-09-15T00:00:00.000Z,89.85714285714286,1191361.2857142857
Bosporus Strait,2026-03-23T00:00:00.000Z,99.14285714285714,1458081.5714285714
Bab el-Mandeb Strait,2019-04-01T00:00:00.000Z,54.714285714285715,2681931.285714286
Bab el-Mandeb Strait,2019-06-10T00:00:00.000Z,50.285714285714285,2502298.285714286
Bab el-Mandeb Strait,2019-07-08T00:00:00.000Z,52.0,2370291.1428571427
Bab el-Mandeb Strait,2019-09-09T00:00:00.000Z,52.142857142857146,2435498.5714285714
Bab el-Mandeb Strait,2019-09-16T00:00:00.000Z,54.0,2452690.285714286
Bab el-Mandeb Strait,2020-01-13T00:00:00.000Z,52.857142857142854,2380061.5714285714
Bab el-Mandeb Strait,2020-01-27T00:00:00.000Z,69.85714285714286,2283082.1428571427
Bab el-Mandeb Strait,2020-02-17T00:00:00.000Z,55.285714285714285,2656654.285714286
Bab el-Mandeb Strait,2020-03-30T00:00:00.000Z,57.42857142857143,2538174.285714286
Bab el-Mandeb Strait,2021-11-01T00:00:00.000Z,64.14285714285714,2797625.0
Bab el-Mandeb Strait,2022-04-18T00:00:00.000Z,62.57142857142857,3038629.4285714286
Bab el-Mandeb Strait,2022-04-25T00:00:00.000Z,65.71428571428571,2673552.8571428573
Bab el-Mandeb Strait,2022-05-02T00:00:00.000Z,65.71428571428571,2967337.4285714286
Bab el-Mandeb Strait,2022-05-23T00:00:00.000Z,64.71428571428571,2858515.714285714
Bab el-Mandeb Strait,2022-07-04T00:00:00.000Z,68.42857142857143,3204495.0
Bab el-Mandeb Strait,2022-10-31T00:00:00.000Z,75.42857142857143,3084753.714285714
Bab el-Mandeb Strait,2024-01-15T00:00:00.000Z,37.142857142857146,1484101.2857142857
Bab el-Mandeb Strait,2024-02-12T00:00:00.000Z,35.42857142857143,1408938.142857143
Bab el-Mandeb Strait,2024-03-25T00:00:00.000Z,34.0,1313681.0
Bab el-Mandeb Strait,2024-09-30T00:00:00.000Z,30.857142857142858,1114935.142857143
Bab el-Mandeb Strait,2024-12-23T00:00:00.000Z,31.714285714285715,1055792.4285714286
Bab el-Mandeb Strait,2025-02-24T00:00:00.000Z,31.857142857142858,1048394.7142857143
Bab el-Mandeb Strait,2025-03-03T00:00:00.000Z,32.285714285714285,1228660.2857142857
Bab el-Mandeb Strait,2025-06-30T00:00:00.000Z,32.0,1230983.5714285714
Bab el-Mandeb Strait,2025-08-25T00:00:00.000Z,37.714285714285715,1423442.4285714286
Bab el-Mandeb Strait,2025-09-08T00:00:00.000Z,35.57142857142857,1307682.857142857
Bab el-Mandeb Strait,2026-05-04T00:00:00.000Z,34.0,1339675.2857142857
Bab el-Mandeb Strait,2026-06-29T00:00:00.000Z,34.42857142857143,1497284.0
Malacca Strait,2018-12-31T00:00:00.000Z,167.5,7323763.0
Malacca Strait,2019-08-05T00:00:00.000Z,154.71428571428572,5795934.857142857
Malacca Strait,2019-09-16T00:00:00.000Z,170.42857142857142,6762689.714285715
Malacca Strait,2019-11-11T00:00:00.000Z,173.0,7021074.285714285
Malacca Strait,2020-03-30T00:00:00.000Z,162.28571428571428,6445785.571428572
Malacca Strait,2020-06-08T00:00:00.000Z,155.57142857142858,6344173.142857143
Malacca Strait,2020-06-22T00:00:00.000Z,152.57142857142858,6087883.714285715
Malacca Strait,2020-07-06T00:00:00.000Z,165.85714285714286,6444080.571428572
Malacca Strait,2020-07-13T00:00:00.000Z,165.57142857142858,6594511.714285715
Malacca Strait,2020-09-21T00:00:00.000Z,162.14285714285714,6762531.428571428
Malacca Strait,2020-10-19T00:00:00.000Z,153.85714285714286,6154980.571428572
Malacca Strait,2021-02-22T00:00:00.000Z,169.0,6651205.857142857
Malacca Strait,2021-07-05T00:00:00.000Z,144.85714285714286,6108102.571428572
Malacca Strait,2021-08-16T00:00:00.000Z,156.14285714285714,5924662.142857143
Malacca Strait,2022-01-24T00:00:00.000Z,210.42857142857142,7799624.428571428
Malacca Strait,2022-03-14T00:00:00.000Z,206.85714285714286,7886976.0
Malacca Strait,2022-05-16T00:00:00.000Z,202.57142857142858,7046190.428571428
Malacca Strait,2022-11-28T00:00:00.000Z,211.28571428571428,7947139.857142857
Malacca Strait,2023-11-13T00:00:00.000Z,225.14285714285714,8771275.714285715
Malacca Strait,2024-03-25T00:00:00.000Z,226.85714285714286,8512194.285714285
Malacca Strait,2025-01-13T00:00:00.000Z,219.42857142857142,7789833.857142857
Malacca Strait,2025-02-24T00:00:00.000Z,223.0,8362759.714285715
Malacca Strait,2025-04-14T00:00:00.000Z,233.42857142857142,9232831.142857144
Malacca Strait,2025-06-16T00:00:00.000Z,234.0,9089932.0
Malacca Strait,2025-09-29T00:00:00.000Z,233.42857142857142,9012404.285714285
Malacca Strait,2025-12-29T00:00:00.000Z,241.71428571428572,9357562.57142857
Malacca Strait,2026-04-13T00:00:00.000Z,225.28571428571428,7813811.0
Oresund Strait,2019-01-21T00:00:00.000Z,52.714285714285715,144248.57142857142
Oresund Strait,2019-01-28T00:00:00.000Z,54.142857142857146,93773.71428571429
Oresund Strait,2019-02-11T00:00:00.000Z,54.142857142857146,104326.85714285714
Oresund Strait,2019-03-04T00:00:00.000Z,49.714285714285715,94513.71428571429
Oresund Strait,2019-04-08T00:00:00.000Z,56.57142857142857,122180.0
Oresund Strait,2019-07-08T00:00:00.000Z,57.0,103483.57142857143
Oresund Strait,2019-08-26T00:00:00.000Z,53.857142857142854,107832.0
Oresund Strait,2020-02-10T00:00:00.000Z,41.0,85488.28571428571
Oresund Strait,2020-04-20T00:00:00.000Z,67.14285714285714,128008.71428571429
Oresund Strait,2020-07-27T00:00:00.000Z,56.42857142857143,105387.14285714286
Oresund Strait,2021-02-01T00:00:00.000Z,52.142857142857146,99669.14285714286
Oresund Strait,2021-05-31T00:00:00.000Z,58.0,108192.0
Oresund Strait,2021-06-28T00:00:00.000Z,53.42857142857143,109027.71428571429
Oresund Strait,2021-07-05T00:00:00.000Z,53.42857142857143,101479.14285714286
Oresund Strait,2021-10-04T00:00:00.000Z,51.857142857142854,87752.14285714286
Oresund Strait,2021-11-15T00:00:00.000Z,51.714285714285715,92175.42857142857
Oresund Strait,2022-04-18T00:00:00.000Z,46.857142857142854,108008.0
Oresund Strait,2022-05-16T00:00:00.000Z,45.0,84962.0
Oresund Strait,2022-08-01T00:00:00.000Z,42.857142857142854,84497.85714285714
Oresund Strait,2022-09-26T00:00:00.000Z,39.714285714285715,90961.57142857143
Oresund Strait,2023-12-25T00:00:00.000Z,39.142857142857146,59118.57142857143
Oresund Strait,2024-04-08T00:00:00.000Z,42.714285714285715,101379.71428571429
Oresund Strait,2024-07-08T00:00:00.000Z,46.142857142857146,113524.57142857143
Oresund Strait,2025-03-24T00:00:00.000Z,49.285714285714285,107557.28571428571
Oresund Strait,2025-03-31T00:00:00.000Z,47.857142857142854,107303.71428571429
Oresund Strait,2025-06-16T00:00:00.000Z,47.714285714285715,109566.14285714286
Oresund Strait,2025-07-21T00:00:00.000Z,48.857142857142854,87880.14285714286
Oresund Strait,2025-08-11T00:00:00.000Z,48.57142857142857,97439.57142857143
Oresund Strait,2026-01-05T00:00:00.000Z,46.142857142857146,111240.0
Oresund Strait,2026-05-04T00:00:00.000Z,45.42857142857143,106276.85714285714
Luzon Strait,2019-01-21T00:00:00.000Z,67.57142857142857,3972123.714285714
Luzon Strait,2019-05-13T00:00:00.000Z,53.714285714285715,2815314.0
Luzon Strait,2020-05-04T00:00:00.000Z,68.14285714285714,4392395.142857143
Luzon Strait,2021-05-17T00:00:00.000Z,73.14285714285714,4582678.857142857
Luzon Strait,2021-08-02T00:00:00.000Z,72.42857142857143,4339287.857142857
Luzon Strait,2021-08-09T00:00:00.000Z,58.142857142857146,3938397.1428571427
Luzon Strait,2022-04-18T00:00:00.000Z,76.85714285714286,4561405.857142857
Luzon Strait,2022-05-16T00:00:00.000Z,77.57142857142857,4525823.571428572
Luzon Strait,2022-06-13T00:00:00.000Z,81.57142857142857,5289451.428571428
Luzon Strait,2022-10-03T00:00:00.000Z,87.71428571428571,5165311.142857143
Luzon Strait,2023-05-01T00:00:00.000Z,83.71428571428571,5170180.285714285
Luzon Strait,2023-06-12T00:00:00.000Z,68.71428571428571,3974401.8571428573
Luzon Strait,2024-02-26T00:00:00.000Z,82.0,4985622.571428572
Luzon Strait,2024-05-20T00:00:00.000Z,88.42857142857143,6342720.285714285
Luzon Strait,2024-06-10T00:00:00.000Z,93.14285714285714,6421629.142857143
Luzon Strait,2024-10-14T00:00:00.000Z,77.71428571428571,4710244.285714285
Luzon Strait,2024-10-21T00:00:00.000Z,63.285714285714285,3817906.0
Luzon Strait,2024-12-30T00:00:00.000Z,75.14285714285714,4707846.428571428
Luzon Strait,2025-04-07T00:00:00.000Z,63.57142857142857,3887596.0
Luzon Strait,2025-04-14T00:00:00.000Z,73.42857142857143,5319063.0
Luzon Strait,2025-05-19T00:00:00.000Z,61.142857142857146,3462273.4285714286
Luzon Strait,2025-09-01T00:00:00.000Z,67.14285714285714,4055317.8571428573
Luzon Strait,2025-10-20T00:00:00.000Z,94.0,5038810.0
Luzon Strait,2025-11-03T00:00:00.000Z,60.42857142857143,4005745.4285714286
Ombai Strait,2019-01-21T00:00:00.000Z,10.857142857142858,583041.0
Ombai Strait,2019-01-28T00:00:00.000Z,13.285714285714286,478106.4285714286
Ombai Strait,2019-04-01T00:00:00.000Z,13.857142857142858,546024.5714285715
Ombai Strait,2019-09-09T00:00:00.000Z,11.857142857142858,566246.8571428572
Ombai Strait,2020-02-03T00:00:00.000Z,13.857142857142858,749629.8571428572
Ombai Strait,2020-02-17T00:00:00.000Z,10.857142857142858,445438.4285714286
Ombai Strait,2021-07-12T00:00:00.000Z,12.0,407116.4285714286
Ombai Strait,2021-08-23T00:00:00.000Z,9.714285714285714,403473.85714285716
Ombai Strait,2022-01-24T00:00:00.000Z,11.285714285714286,376493.28571428574
Ombai Strait,2022-04-11T00:00:00.000Z,9.428571428571429,291993.71428571426
Ombai Strait,2022-07-04T00:00:00.000Z,11.0,352796.85714285716
Ombai Strait,2022-07-11T00:00:00.000Z,11.428571428571429,400318.85714285716
Ombai Strait,2022-10-31T00:00:00.000Z,11.571428571428571,328727.14285714284
Ombai Strait,2023-04-03T00:00:00.000Z,10.428571428571429,473703.0
Ombai Strait,2023-06-12T00:00:00.000Z,9.714285714285714,344439.14285714284
Ombai Strait,2023-08-21T00:00:00.000Z,12.0,476464.71428571426
Ombai Strait,2023-12-04T00:00:00.000Z,8.285714285714286,369868.85714285716
Ombai Strait,2024-06-03T00:00:00.000Z,10.857142857142858,445705.14285714284
Ombai Strait,2024-09-09T00:00:00.000Z,11.428571428571429,585617.4285714285
Ombai Strait,2025-01-27T00:00:00.000Z,10.0,1249226.7142857143
Ombai Strait,2025-02-24T00:00:00.000Z,10.571428571428571,671517.0
Ombai Strait,2025-04-28T00:00:00.000Z,9.285714285714286,729961.8571428572
Ombai Strait,2025-05-19T00:00:00.000Z,9.0,487350.4285714286
Ombai Strait,2025-08-11T00:00:00.000Z,10.428571428571429,629551.7142857143
Ombai Strait,2026-07-20T00:00:00.000Z,11.857142857142858,509400.4285714286
Ombai Strait,2026-08-03T00:00:00.000Z,8.857142857142858,584730.8571428572
Torres Strait,2019-09-16T00:00:00.000Z,8.571428571428571,154926.0
Torres Strait,2019-09-23T00:00:00.000Z,9.714285714285714,183857.57142857142
Torres Strait,2020-07-06T00:00:00.000Z,9.142857142857142,226025.2857142857
Torres Strait,2020-09-28T00:00:00.000Z,8.0,200952.42857142858
Torres Strait,2021-05-17T00:00:00.000Z,9.0,196444.14285714287
Torres Strait,2021-07-05T00:00:00.000Z,9.0,197601.2857142857
Torres Strait,2022-06-06T00:00:00.000Z,8.714285714285714,167894.7142857143
Torres Strait,2022-06-13T00:00:00.000Z,8.714285714285714,224694.7142857143
Torres Strait,2022-06-20T00:00:00.000Z,8.857142857142858,194984.57142857142
Torres Strait,2023-02-13T00:00:00.000Z,10.0,197519.42857142858
Torres Strait,2023-05-22T00:00:00.000Z,7.428571428571429,178278.14285714287
Torres Strait,2023-09-25T00:00:00.000Z,8.285714285714286,153332.85714285713
Torres Strait,2023-10-16T00:00:00.000Z,9.428571428571429,179782.42857142858
Torres Strait,2025-10-20T00:00:00.000Z,8.428571428571429,223851.7142857143
Torres Strait,2026-03-16T00:00:00.000Z,8.857142857142858,156119.42857142858
Torres Strait,2026-08-03T00:00:00.000Z,7.714285714285714,135353.7142857143
Magellan Strait,2019-02-11T00:00:00.000Z,4.0,79593.85714285714
Magellan Strait,2019-04-15T00:00:00.000Z,4.142857142857143,89448.85714285714
Magellan Strait,2019-07-15T00:00:00.000Z,3.7142857142857144,140560.85714285713
Magellan Strait,2020-09-28T00:00:00.000Z,2.7142857142857144,65875.0
Magellan Strait,2020-10-05T00:00:00.000Z,3.857142857142857,75511.85714285714
Magellan Strait,2020-12-14T00:00:00.000Z,3.142857142857143,76342.71428571429
Magellan Strait,2021-02-22T00:00:00.000Z,3.4285714285714284,67394.71428571429
Magellan Strait,2021-05-10T00:00:00.000Z,3.2857142857142856,98223.42857142857
Magellan Strait,2021-06-28T00:00:00.000Z,4.428571428571429,178581.0
Magellan Strait,2022-12-12T00:00:00.000Z,3.2857142857142856,139267.0
Magellan Strait,2023-03-20T00:00:00.000Z,3.4285714285714284,134140.0
Magellan Strait,2023-03-27T00:00:00.000Z,3.857142857142857,104804.42857142857
Magellan Strait,2024-08-12T00:00:00.000Z,4.142857142857143,107503.14285714286
Magellan Strait,2024-08-26T00:00:00.000Z,5.285714285714286,149210.14285714287
Magellan Strait,2024-10-14T00:00:00.000Z,4.142857142857143,171243.57142857142
Magellan Strait,2024-10-28T00:00:00.000Z,3.142857142857143,104721.0
Magellan Strait,2025-01-27T00:00:00.000Z,4.285714285714286,181578.42857142858
Magellan Strait,2025-11-10T00:00:00.000Z,3.0,93703.71428571429
Magellan Strait,2026-03-23T00:00:00.000Z,4.571428571428571,130324.57142857143
Magellan Strait,2026-04-06T00:00:00.000Z,3.5714285714285716,171281.42857142858
Magellan Strait,2026-07-13T00:00:00.000Z,5.428571428571429,173064.85714285713
Balabac Strait,2019-03-25T00:00:00.000Z,12.857142857142858,279723.0
Balabac Strait,2019-04-15T00:00:00.000Z,13.285714285714286,258752.14285714287
Balabac Strait,2019-05-27T00:00:00.000Z,10.285714285714286,291306.5714285714
Balabac Strait,2019-06-17T00:00:00.000Z,15.0,372796.85714285716
Balabac Strait,2019-06-24T00:00:00.000Z,12.428571428571429,308228.5714285714
Balabac Strait,2019-12-23T00:00:00.000Z,11.714285714285714,264866.28571428574
Balabac Strait,2020-03-09T00:00:00.000Z,10.714285714285714,333857.4285714286
Balabac Strait,2020-03-30T00:00:00.000Z,8.857142857142858,249861.42857142858
Balabac Strait,2020-05-11T00:00:00.000Z,8.714285714285714,151706.85714285713
Balabac Strait,2021-05-10T00:00:00.000Z,10.0,256954.14285714287
Balabac Strait,2021-11-01T00:00:00.000Z,9.285714285714286,256138.7142857143
Balabac Strait,2021-12-20T00:00:00.000Z,9.571428571428571,256586.2857142857
Balabac Strait,2022-03-21T00:00:00.000Z,11.0,252588.14285714287
Balabac Strait,2022-04-25T00:00:00.000Z,12.0,397592.71428571426
Balabac Strait,2022-06-06T00:00:00.000Z,9.571428571428571,266704.5714285714
Balabac Strait,2022-07-25T00:00:00.000Z,10.142857142857142,282099.0
Balabac Strait,2022-09-05T00:00:00.000Z,11.857142857142858,340171.5714285714
Balabac Strait,2022-09-12T00:00:00.000Z,11.0,322747.0
Balabac Strait,2022-11-28T00:00:00.000Z,11.428571428571429,335250.71428571426
Balabac Strait,2023-02-20T00:00:00.000Z,11.0,345506.71428571426
Balabac Strait,2023-04-10T00:00:00.000Z,9.571428571428571,257036.57142857142
Balabac Strait,2023-08-07T00:00:00.000Z,10.285714285714286,313317.4285714286
Balabac Strait,2024-03-18T00:00:00.000Z,9.0,177805.2857142857
Balabac Strait,2024-03-25T00:00:00.000Z,14.857142857142858,316312.5714285714
Balabac Strait,2024-12-16T00:00:00.000Z,9.428571428571429,262715.4285714286
Balabac Strait,2025-04-28T00:00:00.000Z,9.142857142857142,200801.0
Balabac Strait,2026-03-16T00:00:00.000Z,8.142857142857142,199384.14285714287
Balabac Strait,2026-08-03T00:00:00.000Z,13.0,273819.14285714284
Dover Strait,2019-03-04T00:00:00.000Z,156.71428571428572,2947826.285714286
Dover Strait,2019-05-06T00:00:00.000Z,156.14285714285714,2850744.714285714
Dover Strait,2019-07-01T00:00:00.000Z,160.85714285714286,2714803.285714286
Dover Strait,2019-11-18T00:00:00.000Z,165.42857142857142,2866667.285714286
Dover Strait,2019-12-09T00:00:00.000Z,140.28571428571428,2341511.285714286
Dover Strait,2020-03-02T00:00:00.000Z,174.85714285714286,3169254.714285714
Dover Strait,2020-03-09T00:00:00.000Z,171.0,2888716.8571428573
Dover Strait,2020-11-30T00:00:00.000Z,155.42857142857142,2905768.8571428573
Dover Strait,2021-01-18T00:00:00.000Z,160.42857142857142,2791080.0
Dover Strait,2021-08-02T00:00:00.000Z,154.71428571428572,2745025.285714286
Dover Strait,2022-02-21T00:00:00.000Z,168.71428571428572,3228328.5714285714
Dover Strait,2022-06-06T00:00:00.000Z,170.14285714285714,3282243.5714285714
Dover Strait,2022-08-29T00:00:00.000Z,169.42857142857142,3554191.0
Dover Strait,2022-09-26T00:00:00.000Z,173.71428571428572,3501673.714285714
Dover Strait,2022-11-07T00:00:00.000Z,181.0,3939928.1428571427
Dover Strait,2023-04-03T00:00:00.000Z,189.57142857142858,3996652.4285714286
Dover Strait,2023-05-15T00:00:00.000Z,182.42857142857142,3499098.0
Dover Strait,2023-06-05T00:00:00.000Z,178.57142857142858,3375171.5714285714
Dover Strait,2023-10-02T00:00:00.000Z,174.57142857142858,3435450.714285714
Dover Strait,2024-01-29T00:00:00.000Z,192.71428571428572,4154526.8571428573
Dover Strait,2025-08-18T00:00:00.000Z,171.57142857142858,3750508.5714285714
Dover Strait,2025-08-25T00:00:00.000Z,168.71428571428572,3432367.4285714286
Dover Strait,2026-05-25T00:00:00.000Z,161.14285714285714,3419074.1428571427
Dover Strait,2026-06-15T00:00:00.000Z,158.0,3065582.714285714
Tsugaru Strait,2019-11-11T00:00:00.000Z,36.857142857142854,841965.2857142857
Tsugaru Strait,2019-12-23T00:00:00.000Z,38.857142857142854,754051.7142857143
Tsugaru Strait,2020-02-03T00:00:00.000Z,41.285714285714285,699833.2857142857
Tsugaru Strait,2020-11-23T00:00:00.000Z,42.0,876952.5714285715
Tsugaru Strait,2021-01-25T00:00:00.000Z,32.42857142857143,628104.7142857143
Tsugaru Strait,2021-03-22T00:00:00.000Z,52.57142857142857,1024063.4285714285
Tsugaru Strait,2021-05-17T00:00:00.000Z,49.714285714285715,1165291.142857143
Tsugaru Strait,2021-05-24T00:00:00.000Z,52.0,1202723.0
Tsugaru Strait,2021-08-02T00:00:00.000Z,55.714285714285715,1151224.7142857143
Tsugaru Strait,2021-12-27T00:00:00.000Z,33.714285714285715,791138.7142857143
Tsugaru Strait,2022-02-21T00:00:00.000Z,32.714285714285715,693841.0
Tsugaru Strait,2022-03-07T00:00:00.000Z,54.0,934238.8571428572
Tsugaru Strait,2022-04-04T00:00:00.000Z,48.714285714285715,924436.5714285715
Tsugaru Strait,2022-07-11T00:00:00.000Z,49.857142857142854,1182324.857142857
Tsugaru Strait,2022-08-15T00:00:00.000Z,49.714285714285715,1256890.5714285714
Tsugaru Strait,2022-11-14T00:00:00.000Z,47.42857142857143,861898.2857142857
Tsugaru Strait,2022-11-28T00:00:00.000Z,32.285714285714285,739369.5714285715
Tsugaru Strait,2022-12-12T00:00:00.000Z,27.428571428571427,603661.1428571428
Tsugaru Strait,2023-03-27T00:00:00.000Z,46.857142857142854,908234.7142857143
Tsugaru Strait,2024-07-08T00:00:00.000Z,50.714285714285715,1089206.142857143
Tsugaru Strait,2024-10-21T00:00:00.000Z,53.285714285714285,1221960.142857143
Tsugaru Strait,2025-06-02T00:00:00.000Z,52.857142857142854,1192351.2857142857
Tsugaru Strait,2025-10-20T00:00:00.000Z,42.57142857142857,693462.0
Panama Canal,2019-10-14T00:00:00.000Z,33.0,837397.7142857143
Panama Canal,2019-11-25T00:00:00.000Z,35.714285714285715,999996.2857142857
Panama Canal,2020-04-20T00:00:00.000Z,29.857142857142858,862241.4285714285
Panama Canal,2020-08-24T00:00:00.000Z,30.714285714285715,786623.8571428572
Panama Canal,2020-11-30T00:00:00.000Z,33.42857142857143,1011268.0
Panama Canal,2021-01-11T00:00:00.000Z,33.0,1039064.2857142857
Panama Canal,2021-06-14T00:00:00.000Z,31.714285714285715,957434.8571428572
Panama Canal,2022-09-12T00:00:00.000Z,33.142857142857146,911196.7142857143
Panama Canal,2023-06-05T00:00:00.000Z,30.571428571428573,822639.0
Panama Canal,2023-09-25T00:00:00.000Z,30.142857142857142,852465.4285714285
Panama Canal,2024-09-09T00:00:00.000Z,31.142857142857142,835651.5714285715
Panama Canal,2024-09-30T00:00:00.000Z,29.571428571428573,885498.2857142857
Panama Canal,2024-10-21T00:00:00.000Z,30.857142857142858,858863.7142857143
Panama Canal,2024-11-11T00:00:00.000Z,32.57142857142857,948814.7142857143
Panama Canal,2024-12-02T00:00:00.000Z,32.285714285714285,846933.1428571428
Panama Canal,2025-04-28T00:00:00.000Z,31.428571428571427,810240.7142857143
Panama Canal,2025-05-12T00:00:00.000Z,29.142857142857142,792912.4285714285
Panama Canal,2025-12-29T00:00:00.000Z,28.285714285714285,815740.0
Panama Canal,2026-01-26T00:00:00.000Z,29.714285714285715,923461.1428571428
Panama Canal,2026-02-09T00:00:00.000Z,32.42857142857143,901915.5714285715
Panama Canal,2026-04-27T00:00:00.000Z,35.857142857142854,1032819.5714285715
Makassar Strait,2019-11-18T00:00:00.000Z,53.0,2667603.1428571427
Makassar Strait,2020-02-10T00:00:00.000Z,44.714285714285715,1383525.2857142857
Makassar Strait,2020-04-13T00:00:00.000Z,45.857142857142854,2196354.4285714286
Makassar Strait,2020-07-20T00:00:00.000Z,52.0,2357469.714285714
Makassar Strait,2020-09-14T00:00:00.000Z,47.714285714285715,2278422.4285714286
Makassar Strait,2020-10-19T00:00:00.000Z,48.0,2319903.285714286
Makassar Strait,2020-12-07T00:00:00.000Z,52.285714285714285,2410984.5714285714
Makassar Strait,2021-01-11T00:00:00.000Z,52.857142857142854,2374668.285714286
Makassar Strait,2021-01-18T00:00:00.000Z,52.714285714285715,2894124.1428571427
Makassar Strait,2021-03-01T00:00:00.000Z,50.714285714285715,2518258.285714286
Makassar Strait,2021-03-15T00:00:00.000Z,53.142857142857146,2720293.8571428573
Makassar Strait,2021-10-18T00:00:00.000Z,50.714285714285715,2608070.0
Makassar Strait,2022-05-02T00:00:00.000Z,47.0,2793683.1428571427
Makassar Strait,2022-05-09T00:00:00.000Z,51.142857142857146,2877051.5714285714
Makassar Strait,2022-05-23T00:00:00.000Z,50.57142857142857,2802063.0
Makassar Strait,2023-01-02T00:00:00.000Z,53.285714285714285,2952868.0
Makassar Strait,2023-06-26T00:00:00.000Z,60.57142857142857,3507992.0
Makassar Strait,2023-11-27T00:00:00.000Z,64.42857142857143,3355164.5714285714
Makassar Strait,2024-01-08T00:00:00.000Z,62.42857142857143,2910575.1428571427
Makassar Strait,2024-07-01T00:00:00.000Z,53.285714285714285,3227608.1428571427
Makassar Strait,2024-10-14T00:00:00.000Z,50.142857142857146,2787225.5714285714
Makassar Strait,2024-12-09T00:00:00.000Z,56.142857142857146,3456715.714285714
Makassar Strait,2025-03-31T00:00:00.000Z,45.285714285714285,2792993.285714286
Makassar Strait,2025-09-08T00:00:00.000Z,43.42857142857143,2927241.8571428573
Makassar Strait,2026-02-23T00:00:00.000Z,43.285714285714285,2698707.5714285714
Makassar Strait,2026-07-13T00:00:00.000Z,48.714285714285715,3323391.714285714
Yucatan Channel,2019-07-29T00:00:00.000Z,41.42857142857143,939273.1428571428
Yucatan Channel,2019-09-09T00:00:00.000Z,42.714285714285715,918076.0
Yucatan Channel,2019-10-28T00:00:00.000Z,42.714285714285715,938428.4285714285
Yucatan Channel,2020-08-17T00:00:00.000Z,45.857142857142854,965442.7142857143
Yucatan Channel,2020-09-14T00:00:00.000Z,44.285714285714285,1081702.857142857
Yucatan Channel,2021-04-05T00:00:00.000Z,43.42857142857143,1230082.857142857
Yucatan Channel,2021-05-17T00:00:00.000Z,42.714285714285715,869143.4285714285
Yucatan Channel,2021-08-23T00:00:00.000Z,41.714285714285715,947755.1428571428
Yucatan Channel,2021-09-13T00:00:00.000Z,40.142857142857146,755568.5714285715
Yucatan Channel,2022-04-11T00:00:00.000Z,46.285714285714285,1048434.0
Yucatan Channel,2022-06-20T00:00:00.000Z,46.857142857142854,1126761.142857143
Yucatan Channel,2022-07-25T00:00:00.000Z,44.0,1060987.142857143
Yucatan Channel,2022-09-12T00:00:00.000Z,43.857142857142854,1142213.2857142857
Yucatan Channel,2023-08-07T00:00:00.000Z,45.714285714285715,1123923.4285714286
Yucatan Channel,2023-11-06T00:00:00.000Z,45.42857142857143,1108875.2857142857
Yucatan Channel,2024-02-05T00:00:00.000Z,45.142857142857146,1174287.5714285714
Yucatan Channel,2024-04-01T00:00:00.000Z,44.285714285714285,1082488.857142857
Yucatan Channel,2024-07-29T00:00:00.000Z,50.42857142857143,1120529.142857143
Yucatan Channel,2024-08-26T00:00:00.000Z,52.285714285714285,1384852.5714285714
Yucatan Channel,2025-02-10T00:00:00.000Z,47.142857142857146,1049521.2857142857
Yucatan Channel,2025-05-26T00:00:00.000Z,44.57142857142857,1090987.0
Yucatan Channel,2025-10-20T00:00:00.000Z,48.857142857142854,1205687.0
Yucatan Channel,2026-02-02T00:00:00.000Z,53.857142857142854,1232776.4285714286
Yucatan Channel,2026-06-22T00:00:00.000Z,54.57142857142857,1699903.4285714286
Yucatan Channel,2026-07-20T00:00:00.000Z,56.142857142857146,1571591.4285714286
Windward Passage,2019-04-08T00:00:00.000Z,17.285714285714285,302252.0
Windward Passage,2019-06-24T00:00:00.000Z,17.571428571428573,283250.71428571426
Windward Passage,2019-08-12T00:00:00.000Z,18.714285714285715,300530.0
Windward Passage,2020-05-25T00:00:00.000Z,15.571428571428571,270835.14285714284
Windward Passage,2020-06-01T00:00:00.000Z,15.428571428571429,312931.4285714286
Windward Passage,2021-02-01T00:00:00.000Z,15.714285714285714,232348.57142857142
Windward Passage,2021-06-14T00:00:00.000Z,16.142857142857142,324328.0
Windward Passage,2022-04-04T00:00:00.000Z,16.714285714285715,330963.5714285714
Windward Passage,2022-05-09T00:00:00.000Z,15.428571428571429,299108.5714285714
Windward Passage,2022-10-24T00:00:00.000Z,16.0,337700.4285714286
Windward Passage,2022-11-14T00:00:00.000Z,14.428571428571429,235652.0
Windward Passage,2023-01-23T00:00:00.000Z,13.857142857142858,216387.0
Windward Passage,2023-02-20T00:00:00.000Z,14.857142857142858,277076.28571428574
Windward Passage,2023-05-15T00:00:00.000Z,12.857142857142858,197310.42857142858
Windward Passage,2023-06-26T00:00:00.000Z,14.857142857142858,255877.14285714287
Windward Passage,2023-11-20T00:00:00.000Z,13.714285714285714,229946.57142857142
Windward Passage,2024-03-11T00:00:00.000Z,14.714285714285714,221233.42857142858
Windward Passage,2024-05-13T00:00:00.000Z,15.857142857142858,269114.85714285716
Windward Passage,2025-02-03T00:00:00.000Z,18.857142857142858,393011.5714285714
Windward Passage,2025-03-24T00:00:00.000Z,16.142857142857142,240428.42857142858
Windward Passage,2025-05-05T00:00:00.000Z,15.571428571428571,283072.0
Windward Passage,2025-07-21T00:00:00.000Z,16.0,259857.7142857143
Windward Passage,2025-08-25T00:00:00.000Z,17.285714285714285,272016.5714285714
Windward Passage,2025-12-01T00:00:00.000Z,13.0,233107.42857142858
Windward Passage,2025-12-15T00:00:00.000Z,13.428571428571429,216864.0
Windward Passage,2026-04-13T00:00:00.000Z,16.571428571428573,328375.4285714286
Windward Passage,2026-06-22T00:00:00.000Z,15.571428571428571,248939.7142857143
Windward Passage,2026-07-27T00:00:00.000Z,14.857142857142858,253983.57142857142
Windward Passage,2026-08-17T00:00:00.000Z,16.285714285714285,218784.57142857142
Kerch Strait,2019-01-28T00:00:00.000Z,50.142857142857146,97994.85714285714
Kerch Strait,2019-06-24T00:00:00.000Z,49.714285714285715,110128.57142857143
Kerch Strait,2019-08-19T00:00:00.000Z,61.714285714285715,110911.14285714286
Kerch Strait,2020-09-21T00:00:00.000Z,72.28571428571429,145363.2857142857
Kerch Strait,2020-10-26T00:00:00.000Z,55.57142857142857,97175.28571428571
Kerch Strait,2020-12-14T00:00:00.000Z,53.42857142857143,95626.57142857143
Kerch Strait,2021-01-18T00:00:00.000Z,44.0,76607.57142857143
Kerch Strait,2022-01-17T00:00:00.000Z,18.285714285714285,40033.42857142857
Kerch Strait,2022-02-21T00:00:00.000Z,14.0,23318.85714285714
Kerch Strait,2022-09-12T00:00:00.000Z,27.571428571428573,54191.857142857145
Kerch Strait,2023-01-02T00:00:00.000Z,17.285714285714285,37483.28571428572
Kerch Strait,2023-05-01T00:00:00.000Z,14.142857142857142,30107.14285714286
Kerch Strait,2023-11-27T00:00:00.000Z,4.142857142857143,6707.142857142857
Kerch Strait,2025-08-25T00:00:00.000Z,20.142857142857142,132658.7142857143
Kerch Strait,2025-11-24T00:00:00.000Z,18.714285714285715,229241.42857142858
Kerch Strait,2025-12-01T00:00:00.000Z,11.428571428571429,148149.14285714287
Kerch Strait,2025-12-08T00:00:00.000Z,4.428571428571429,46275.42857142857
Kerch Strait,2026-08-10T00:00:00.000Z,0.2857142857142857,0.0
Gibraltar Strait,2019-01-07T00:00:00.000Z,97.0,2532814.0
Gibraltar Strait,2019-08-05T00:00:00.000Z,111.0,2877488.1428571427
Gibraltar Strait,2019-12-09T00:00:00.000Z,117.71428571428571,2729797.8571428573
Gibraltar Strait,2020-05-18T00:00:00.000Z,117.85714285714286,3000882.0
Gibraltar Strait,2020-07-20T00:00:00.000Z,112.14285714285714,2869350.0
Gibraltar Strait,2020-08-24T00:00:00.000Z,121.28571428571429,3228873.4285714286
Gibraltar Strait,2020-12-14T00:00:00.000Z,128.28571428571428,3160948.5714285714
Gibraltar Strait,2021-02-22T00:00:00.000Z,128.28571428571428,3372803.8571428573
Gibraltar Strait,2021-07-12T00:00:00.000Z,123.0,3186199.4285714286
Gibraltar Strait,2021-09-13T00:00:00.000Z,132.71428571428572,3622750.5714285714
Gibraltar Strait,2022-01-31T00:00:00.000Z,131.57142857142858,3380775.8571428573
Gibraltar Strait,2022-03-14T00:00:00.000Z,128.42857142857142,3447278.0
Gibraltar Strait,2022-05-09T00:00:00.000Z,138.28571428571428,3566036.0
Gibraltar Strait,2022-05-16T00:00:00.000Z,144.14285714285714,3628418.714285714
Gibraltar Strait,2022-11-07T00:00:00.000Z,147.0,3795659.1428571427
Gibraltar Strait,2022-12-05T00:00:00.000Z,138.28571428571428,4136331.714285714
Gibraltar Strait,2024-01-29T00:00:00.000Z,141.28571428571428,3587038.1428571427
Gibraltar Strait,2024-03-18T00:00:00.000Z,145.0,3950442.4285714286
Gibraltar Strait,2024-06-17T00:00:00.000Z,137.71428571428572,3665212.8571428573
Gibraltar Strait,2024-07-15T00:00:00.000Z,127.42857142857143,2978327.4285714286
Gibraltar Strait,2024-07-22T00:00:00.000Z,134.71428571428572,3399959.5714285714
Gibraltar Strait,2024-11-04T00:00:00.000Z,127.85714285714286,3186032.285714286
Gibraltar Strait,2025-03-10T00:00:00.000Z,139.14285714285714,3772400.0
Gibraltar Strait,2025-07-07T00:00:00.000Z,135.71428571428572,3401400.0
Gibraltar Strait,2026-01-12T00:00:00.000Z,135.57142857142858,3516565.5714285714
Gibraltar Strait,2026-05-25T00:00:00.000Z,140.14285714285714,3820827.714285714
Gibraltar Strait,2026-08-17T00:00:00.000Z,123.28571428571429,3314784.0
Taiwan Strait,2019-07-22T00:00:00.000Z,256.7142857142857,5273881.142857143
Taiwan Strait,2019-08-05T00:00:00.000Z,249.85714285714286,5577892.0
Taiwan Strait,2020-07-13T00:00:00.000Z,275.85714285714283,5317760.0
Taiwan Strait,2020-07-27T00:00:00.000Z,263.42857142857144,5624557.428571428
Taiwan Strait,2020-11-02T00:00:00.000Z,258.7142857142857,6393907.857142857
Taiwan Strait,2021-10-18T00:00:00.000Z,244.57142857142858,5361184.428571428
Taiwan Strait,2022-02-28T00:00:00.000Z,225.0,5096363.857142857
Taiwan Strait,2022-05-30T00:00:00.000Z,247.57142857142858,5598630.714285715
Taiwan Strait,2022-07-04T00:00:00.000Z,242.42857142857142,5468726.0
Taiwan Strait,2022-08-01T00:00:00.000Z,238.57142857142858,5256616.571428572
Taiwan Strait,2022-08-29T00:00:00.000Z,273.2857142857143,6886615.571428572
Taiwan Strait,2023-02-27T00:00:00.000Z,251.42857142857142,5544741.285714285
Taiwan Strait,2023-05-01T00:00:00.000Z,253.0,5898621.428571428
Taiwan Strait,2023-12-11T00:00:00.000Z,213.57142857142858,4832948.857142857
Taiwan Strait,2024-04-15T00:00:00.000Z,244.0,5995450.571428572
Taiwan Strait,2024-05-13T00:00:00.000Z,250.0,6346098.0
Taiwan Strait,2024-09-09T00:00:00.000Z,245.14285714285714,5511265.571428572
Taiwan Strait,2025-11-24T00:00:00.000Z,221.0,6304637.285714285
Taiwan Strait,2026-01-05T00:00:00.000Z,220.85714285714286,5695147.571428572
Bohai Strait,2020-08-17T00:00:00.000Z,203.0,6065646.428571428
Bohai Strait,2020-09-28T00:00:00.000Z,187.71428571428572,5714725.285714285
Bohai Strait,2020-12-14T00:00:00.000Z,211.71428571428572,5975709.428571428
Bohai Strait,2020-12-21T00:00:00.000Z,220.28571428571428,5920830.428571428
Bohai Strait,2021-02-15T00:00:00.000Z,182.14285714285714,5590744.428571428
Bohai Strait,2021-11-29T00:00:00.000Z,190.0,6124671.142857143
Bohai Strait,2022-02-07T00:00:00.000Z,174.42857142857142,4899179.142857143
Bohai Strait,2022-04-04T00:00:00.000Z,168.85714285714286,5142898.285714285
Bohai Strait,2022-04-18T00:00:00.000Z,190.71428571428572,5510292.0
Bohai Strait,2022-10-03T00:00:00.000Z,165.42857142857142,5248327.714285715
Bohai Strait,2022-10-24T00:00:00.000Z,196.71428571428572,6494841.142857143
Bohai Strait,2023-02-13T00:00:00.000Z,191.28571428571428,5951295.0
Bohai Strait,2023-04-03T00:00:00.000Z,178.42857142857142,5531508.428571428
Bohai Strait,2023-08-14T00:00:00.000Z,156.14285714285714,4814868.571428572
Bohai Strait,2024-01-15T00:00:00.000Z,171.85714285714286,5792813.571428572
Bohai Strait,2024-04-22T00:00:00.000Z,177.28571428571428,6691138.142857143
Bohai Strait,2024-05-20T00:00:00.000Z,178.71428571428572,6333031.0
Bohai Strait,2024-05-27T00:00:00.000Z,172.71428571428572,5925653.857142857
Bohai Strait,2024-08-19T00:00:00.000Z,162.28571428571428,5716520.285714285
Bohai Strait,2024-08-26T00:00:00.000Z,158.28571428571428,5493696.714285715
Bohai Strait,2024-09-09T00:00:00.000Z,166.42857142857142,5744007.571428572
Bohai Strait,2024-12-02T00:00:00.000Z,188.14285714285714,7229005.142857143
Bohai Strait,2025-02-17T00:00:00.000Z,170.42857142857142,6516120.714285715
Bohai Strait,2025-04-07T00:00:00.000Z,141.28571428571428,5343611.571428572
Bohai Strait,2025-05-05T00:00:00.000Z,170.85714285714286,6200103.428571428
Bohai Strait,2025-06-30T00:00:00.000Z,174.57142857142858,7542174.571428572
Bohai Strait,2025-10-06T00:00:00.000Z,151.0,6253130.285714285
Bohai Strait,2025-11-10T00:00:00.000Z,167.57142857142858,6086317.0
Bohai Strait,2026-07-06T00:00:00.000Z,144.85714285714286,5694177.714285715
Sunda Strait,2019-09-30T00:00:00.000Z,28.857142857142858,921540.5714285715
Sunda Strait,2019-12-23T00:00:00.000Z,27.0,859244.4285714285
Sunda Strait,2020-03-30T00:00:00.000Z,26.857142857142858,721373.5714285715
Sunda Strait,2020-05-25T00:00:00.000Z,25.0,974549.1428571428
Sunda Strait,2020-06-15T00:00:00.000Z,28.0,884548.0
Sunda Strait,2020-09-07T00:00:00.000Z,30.428571428571427,962889.8571428572
Sunda Strait,2020-12-28T00:00:00.000Z,28.571428571428573,1176929.857142857
Sunda Strait,2021-03-08T00:00:00.000Z,28.0,917611.4285714285
Sunda Strait,2021-08-30T00:00:00.000Z,26.571428571428573,984260.7142857143
Sunda Strait,2021-12-06T00:00:00.000Z,27.571428571428573,909186.1428571428
Sunda Strait,2021-12-13T00:00:00.000Z,31.285714285714285,1401227.7142857143
Sunda Strait,2021-12-27T00:00:00.000Z,26.428571428571427,891737.5714285715
Sunda Strait,2022-08-08T00:00:00.000Z,30.428571428571427,1272139.0
Sunda Strait,2024-12-16T00:00:00.000Z,30.857142857142858,1055736.857142857
Sunda Strait,2024-12-23T00:00:00.000Z,39.57142857142857,1469716.857142857
Sunda Strait,2025-10-06T00:00:00.000Z,28.428571428571427,1369352.857142857
Sunda Strait,2025-10-27T00:00:00.000Z,28.428571428571427,1063022.7142857143
Sunda Strait,2025-11-17T00:00:00.000Z,33.285714285714285,1354134.5714285714
Sunda Strait,2026-02-02T00:00:00.000Z,37.285714285714285,1458300.142857143
Sunda Strait,2026-04-20T00:00:00.000Z,34.857142857142854,1611080.142857143
Mona Passage,2019-04-01T00:00:00.000Z,12.142857142857142,388751.71428571426
Mona Passage,2019-05-27T00:00:00.000Z,10.0,261337.42857142858
Mona Passage,2019-12-02T00:00:00.000Z,10.571428571428571,292392.0
Mona Passage,2020-06-29T00:00:00.000Z,11.142857142857142,254879.42857142858
Mona Passage,2021-03-08T00:00:00.000Z,10.857142857142858,339618.28571428574
Mona Passage,2021-07-12T00:00:00.000Z,9.857142857142858,265021.4285714286
Mona Passage,2022-01-31T00:00:00.000Z,10.714285714285714,214166.42857142858
Mona Passage,2022-09-12T00:00:00.000Z,10.0,304572.14285714284
Mona Passage,2022-11-21T00:00:00.000Z,10.142857142857142,229247.85714285713
Mona Passage,2023-01-16T00:00:00.000Z,8.285714285714286,164527.0
Mona Passage,2024-03-25T00:00:00.000Z,11.0,320444.14285714284
Mona Passage,2024-04-22T00:00:00.000Z,8.142857142857142,173801.42857142858
Mona Passage,2024-05-06T00:00:00.000Z,9.428571428571429,200770.85714285713
Mona Passage,2024-07-01T00:00:00.000Z,14.571428571428571,320643.0
Mona Passage,2024-09-09T00:00:00.000Z,11.571428571428571,230389.85714285713
Mona Passage,2025-01-06T00:00:00.000Z,10.285714285714286,294369.71428571426
Mona Passage,2026-01-26T00:00:00.000Z,9.714285714285714,276258.85714285716
Mona Passage,2026-03-09T00:00:00.000Z,13.714285714285714,419624.5714285714
Mona Passage,2026-04-27T00:00:00.000Z,12.857142857142858,343490.0
Bering Strait,2019-01-14T00:00:00.000Z,2.4285714285714284,80195.57142857143
Bering Strait,2019-08-12T00:00:00.000Z,1.0,13613.857142857143
Bering Strait,2019-10-14T00:00:00.000Z,2.0,40075.0
Bering Strait,2019-12-09T00:00:00.000Z,0.0,0.0
Bering Strait,2019-12-30T00:00:00.000Z,0.0,0.0
Bering Strait,2020-04-27T00:00:00.000Z,0.0,0.0
Bering Strait,2020-05-11T00:00:00.000Z,0.0,0.0
Bering Strait,2020-08-10T00:00:00.000Z,1.7142857142857142,18084.428571428572
Bering Strait,2020-12-14T00:00:00.000Z,0.14285714285714285,0.0
Bering Strait,2021-04-26T00:00:00.000Z,0.0,0.0
Bering Strait,2021-09-13T00:00:00.000Z,2.5714285714285716,41273.57142857143
Bering Strait,2021-12-13T00:00:00.000Z,0.0,0.0
Bering Strait,2022-07-11T00:00:00.000Z,1.0,6850.142857142857
Bering Strait,2022-07-25T00:00:00.000Z,1.0,8083.714285714285
Bering Strait,2023-02-20T00:00:00.000Z,0.0,0.0
Bering Strait,2023-03-20T00:00:00.000Z,0.0,0.0
Bering Strait,2023-04-24T00:00:00.000Z,0.14285714285714285,0.0
Bering Strait,2023-05-29T00:00:00.000Z,0.0,0.0
Bering Strait,2023-09-25T00:00:00.000Z,2.857142857142857,10992.714285714286
Bering Strait,2024-05-27T00:00:00.000Z,0.0,0.0
Bering Strait,2025-01-06T00:00:00.000Z,0.14285714285714285,0.0
Bering Strait,2025-02-03T00:00:00.000Z,0.0,0.0
Bering Strait,2025-06-16T00:00:00.000Z,0.0,0.0
Bering Strait,2026-01-26T00:00:00.000Z,0.14285714285714285,0.0
Bering Strait,2026-07-06T00:00:00.000Z,1.2857142857142858,10378.57142857143
Strait of Hormuz,2019-01-28T00:00:00.000Z,53.42857142857143,2106493.8571428573
Strait of Hormuz,2019-05-27T00:00:00.000Z,79.42857142857143,3080839.8571428573
Strait of Hormuz,2020-02-10T00:00:00.000Z,50.714285714285715,1462412.5714285714
Strait of Hormuz,2020-03-02T00:00:00.000Z,61.714285714285715,2376898.1428571427
Strait of Hormuz,2020-04-06T00:00:00.000Z,76.57142857142857,3405736.285714286
Strait of Hormuz,2020-06-29T00:00:00.000Z,84.28571428571429,3127079.5714285714
Strait of Hormuz,2020-10-05T00:00:00.000Z,91.14285714285714,3468221.4285714286
Strait of Hormuz,2021-11-08T00:00:00.000Z,81.28571428571429,3489440.8571428573
Strait of Hormuz,2022-01-17T00:00:00.000Z,75.85714285714286,3461731.714285714
Strait of Hormuz,2022-03-07T00:00:00.000Z,98.14285714285714,4259929.285714285
Strait of Hormuz,2022-05-30T00:00:00.000Z,99.85714285714286,3943336.285714286
Strait of Hormuz,2022-09-19T00:00:00.000Z,98.71428571428571,4011151.8571428573
Strait of Hormuz,2023-08-14T00:00:00.000Z,103.57142857142857,4048500.0
Strait of Hormuz,2024-04-15T00:00:00.000Z,89.28571428571429,3671318.8571428573
Strait of Hormuz,2024-05-06T00:00:00.000Z,104.0,3860079.8571428573
Strait of Hormuz,2024-11-04T00:00:00.000Z,103.0,4185222.0
Strait of Hormuz,2024-12-30T00:00:00.000Z,70.57142857142857,2700492.0
Strait of Hormuz,2025-11-03T00:00:00.000Z,75.28571428571429,2805745.4285714286
Strait of Hormuz,2026-04-13T00:00:00.000Z,7.428571428571429,212739.7142857143
Cape of Good Hope,2019-01-21T00:00:00.000Z,45.285714285714285,2470723.0
Cape of Good Hope,2019-03-11T00:00:00.000Z,43.42857142857143,2309142.8571428573
Cape of Good Hope,2020-02-17T00:00:00.000Z,45.714285714285715,2189061.5714285714
Cape of Good Hope,2020-05-18T00:00:00.000Z,59.714285714285715,3423313.8571428573
Cape of Good Hope,2020-08-10T00:00:00.000Z,53.142857142857146,3474575.8571428573
Cape of Good Hope,2020-09-28T00:00:00.000Z,49.142857142857146,2914859.8571428573
Cape of Good Hope,2021-04-05T00:00:00.000Z,52.142857142857146,2992720.0
Cape of Good Hope,2021-04-26T00:00:00.000Z,45.42857142857143,3063541.5714285714
Cape of Good Hope,2021-05-17T00:00:00.000Z,46.142857142857146,2745044.4285714286
Cape of Good Hope,2021-07-19T00:00:00.000Z,49.285714285714285,3343093.285714286
Cape of Good Hope,2022-05-02T00:00:00.000Z,47.57142857142857,2519146.0
Cape of Good Hope,2022-07-18T00:00:00.000Z,43.57142857142857,2926322.1428571427
Cape of Good Hope,2022-10-10T00:00:00.000Z,41.285714285714285,3003286.714285714
Cape of Good Hope,2022-11-14T00:00:00.000Z,40.857142857142854,3092744.285714286
Cape of Good Hope,2022-12-12T00:00:00.000Z,40.57142857142857,2229367.5714285714
Cape of Good Hope,2023-09-11T00:00:00.000Z,42.0,2705232.714285714
Cape of Good Hope,2023-09-25T00:00:00.000Z,55.285714285714285,4017382.714285714
Cape of Good Hope,2023-10-30T00:00:00.000Z,48.57142857142857,3058929.5714285714
Cape of Good Hope,2023-12-25T00:00:00.000Z,59.714285714285715,3752381.285714286
Cape of Good Hope,2024-02-19T00:00:00.000Z,87.42857142857143,4552123.428571428
Cape of Good Hope,2024-04-01T00:00:00.000Z,77.71428571428571,4318957.142857143
Cape of Good Hope,2024-09-30T00:00:00.000Z,95.42857142857143,5793738.285714285
Cape of Good Hope,2025-01-13T00:00:00.000Z,80.71428571428571,5132665.428571428
Cape of Good Hope,2025-02-24T00:00:00.000Z,87.71428571428571,5067119.142857143
Cape of Good Hope,2025-07-14T00:00:00.000Z,99.28571428571429,5886345.857142857
Cape of Good Hope,2025-09-22T00:00:00.000Z,90.85714285714286,5762700.0
Cape of Good Hope,2025-12-22T00:00:00.000Z,84.71428571428571,5302711.571428572
Cape of Good Hope,2026-01-26T00:00:00.000Z,90.28571428571429,4898986.285714285
Cape of Good Hope,2026-06-01T00:00:00.000Z,91.57142857142857,5918386.0
Suez Canal,2019-04-29T00:00:00.000Z,51.142857142857146,2516505.4285714286
Suez Canal,2020-01-06T00:00:00.000Z,58.0,2635094.4285714286
Suez Canal,2020-03-02T00:00:00.000Z,51.0,2402208.1428571427
Suez Canal,2020-03-23T00:00:00.000Z,54.285714285714285,2245475.5714285714
Suez Canal,2020-05-04T00:00:00.000Z,54.57142857142857,2887215.714285714
Suez Canal,2020-06-29T00:00:00.000Z,47.857142857142854,2220956.0
Suez Canal,2021-01-04T00:00:00.000Z,53.714285714285715,2733309.5714285714
Suez Canal,2021-01-11T00:00:00.000Z,51.57142857142857,2190545.8571428573
Suez Canal,2021-03-15T00:00:00.000Z,52.857142857142854,2343433.1428571427
Suez Canal,2021-04-19T00:00:00.000Z,57.857142857142854,2678920.5714285714
Suez Canal,2021-06-14T00:00:00.000Z,55.714285714285715,2693539.8571428573
Suez Canal,2022-10-31T00:00:00.000Z,76.71428571428571,3207445.285714286
Suez Canal,2023-01-16T00:00:00.000Z,73.14285714285714,3279353.5714285714
Suez Canal,2024-01-01T00:00:00.000Z,54.0,2107148.5714285714
Suez Canal,2024-04-22T00:00:00.000Z,39.42857142857143,1233744.4285714286
Suez Canal,2024-06-10T00:00:00.000Z,39.857142857142854,1294153.5714285714
Suez Canal,2024-08-05T00:00:00.000Z,38.42857142857143,1261706.5714285714
Suez Canal,2024-08-26T00:00:00.000Z,39.57142857142857,1214820.0
Suez Canal,2024-10-21T00:00:00.000Z,38.0,1089197.0
Suez Canal,2024-12-02T00:00:00.000Z,35.57142857142857,1192675.4285714286
Suez Canal,2024-12-30T00:00:00.000Z,33.285714285714285,1053102.0
Suez Canal,2025-10-20T00:00:00.000Z,42.714285714285715,1600280.7142857143
Korea Strait,2019-04-08T00:00:00.000Z,228.14285714285714,2823136.0
Korea Strait,2020-01-20T00:00:00.000Z,231.0,2695147.4285714286
Korea Strait,2020-10-19T00:00:00.000Z,237.28571428571428,3132337.4285714286
Korea Strait,2020-11-02T00:00:00.000Z,229.28571428571428,2883612.4285714286
Korea Strait,2020-12-14T00:00:00.000Z,217.28571428571428,2553058.4285714286
Korea Strait,2021-01-04T00:00:00.000Z,193.14285714285714,2590134.1428571427
Korea Strait,2021-02-01T00:00:00.000Z,223.0,2620475.8571428573
Korea Strait,2021-05-03T00:00:00.000Z,224.28571428571428,2709856.4285714286
Korea Strait,2021-07-05T00:00:00.000Z,235.57142857142858,3304747.1428571427
Korea Strait,2021-08-30T00:00:00.000Z,238.0,3091342.5714285714
Korea Strait,2021-10-04T00:00:00.000Z,243.28571428571428,3040574.285714286
Korea Strait,2021-11-08T00:00:00.000Z,219.71428571428572,2816942.285714286
Korea Strait,2022-01-03T00:00:00.000Z,226.57142857142858,2867513.0
Korea Strait,2022-10-10T00:00:00.000Z,244.14285714285714,3021118.285714286
Korea Strait,2022-12-12T00:00:00.000Z,222.14285714285714,2460505.0
Korea Strait,2024-09-16T00:00:00.000Z,202.85714285714286,3172225.285714286
Korea Strait,2024-12-09T00:00:00.000Z,221.71428571428572,3074354.5714285714
Korea Strait,2025-03-10T00:00:00.000Z,220.71428571428572,2870391.4285714286
Korea Strait,2026-01-05T00:00:00.000Z,172.85714285714286,2729071.8571428573
Korea Strait,2026-02-16T00:00:00.000Z,183.85714285714286,2956649.1428571427
Korea Strait,2026-03-16T00:00:00.000Z,200.42857142857142,3034833.285714286
Korea Strait,2026-05-11T00:00:00.000Z,213.57142857142858,3252036.4285714286
Lombok Strait,2019-03-04T00:00:00.000Z,32.857142857142854,1911389.0
Lombok Strait,2019-09-23T00:00:00.000Z,34.142857142857146,1992369.0
Lombok Strait,2019-11-18T00:00:00.000Z,36.0,2464155.0
Lombok Strait,2020-03-02T00:00:00.000Z,36.714285714285715,1934101.5714285714
Lombok Strait,2020-05-11T00:00:00.000Z,32.857142857142854,2197803.1428571427
Lombok Strait,2020-07-06T00:00:00.000Z,33.0,1918455.2857142857
Lombok Strait,2020-07-20T00:00:00.000Z,33.0,2222205.1428571427
Lombok Strait,2020-11-23T00:00:00.000Z,33.857142857142854,2198241.714285714
Lombok Strait,2021-05-10T00:00:00.000Z,39.0,2470567.714285714
Lombok Strait,2021-06-28T00:00:00.000Z,38.0,3076436.714285714
Lombok Strait,2022-02-07T00:00:00.000Z,35.285714285714285,2184034.714285714
Lombok Strait,2022-03-28T00:00:00.000Z,33.142857142857146,2423344.8571428573
Lombok Strait,2022-06-13T00:00:00.000Z,38.57142857142857,2933510.714285714
Lombok Strait,2022-06-20T00:00:00.000Z,39.714285714285715,2851531.1428571427
Lombok Strait,2022-10-24T00:00:00.000Z,34.285714285714285,2654683.1428571427
Lombok Strait,2022-11-21T00:00:00.000Z,36.57142857142857,2760402.8571428573
Lombok Strait,2022-12-19T00:00:00.000Z,37.0,2708332.0
Lombok Strait,2023-08-21T00:00:00.000Z,35.285714285714285,2616661.0
Lombok Strait,2023-11-27T00:00:00.000Z,39.142857142857146,2879461.285714286
Lombok Strait,2024-07-22T00:00:00.000Z,34.42857142857143,2643546.1428571427
Lombok Strait,2025-12-29T00:00:00.000Z,38.714285714285715,3012478.0
Mindoro Strait,2019-03-25T00:00:00.000Z,33.42857142857143,1249979.5714285714
Mindoro Strait,2019-09-30T00:00:00.000Z,48.714285714285715,2211537.8571428573
Mindoro Strait,2019-12-16T00:00:00.000Z,41.714285714285715,1930959.5714285714
Mindoro Strait,2020-02-03T00:00:00.000Z,46.42857142857143,2307373.4285714286
Mindoro Strait,2020-06-01T00:00:00.000Z,45.42857142857143,2160183.714285714
Mindoro Strait,2020-09-21T00:00:00.000Z,53.142857142857146,2646552.1428571427
Mindoro Strait,2021-01-04T00:00:00.000Z,55.285714285714285,2856945.4285714286
Mindoro Strait,2021-10-18T00:00:00.000Z,53.42857142857143,2773247.714285714
Mindoro Strait,2022-09-19T00:00:00.000Z,47.57142857142857,2785310.5714285714
Mindoro Strait,2022-12-05T00:00:00.000Z,51.42857142857143,2858244.0
Mindoro Strait,2022-12-19T00:00:00.000Z,49.857142857142854,3224369.8571428573
Mindoro Strait,2023-02-13T00:00:00.000Z,50.57142857142857,2090686.857142857
Mindoro Strait,2023-03-06T00:00:00.000Z,52.42857142857143,2798593.5714285714
Mindoro Strait,2023-03-20T00:00:00.000Z,55.42857142857143,3011100.8571428573
Mindoro Strait,2023-05-01T00:00:00.000Z,53.142857142857146,2980637.0
Mindoro Strait,2023-10-16T00:00:00.000Z,51.714285714285715,2536523.4285714286
Mindoro Strait,2023-11-27T00:00:00.000Z,52.714285714285715,2967941.0
Mindoro Strait,2024-07-22T00:00:00.000Z,39.57142857142857,2316119.1428571427
Mindoro Strait,2025-06-09T00:00:00.000Z,28.571428571428573,1600396.142857143
Mindoro Strait,2025-09-01T00:00:00.000Z,32.714285714285715,1780697.5714285714
Mindoro Strait,2025-12-22T00:00:00.000Z,33.714285714285715,2094069.7142857143
Mindoro Strait,2026-02-09T00:00:00.000Z,30.285714285714285,1555393.4285714286
Mindoro Strait,2026-04-27T00:00:00.000Z,43.0,2613175.285714286
Mindoro Strait,2026-06-01T00:00:00.000Z,62.0,3917601.1428571427
Mindoro Strait,2026-08-03T00:00:00.000Z,51.57142857142857,3400772.0
Mindoro Strait,2026-08-10T00:00:00.000Z,47.42857142857143,3288084.0
Bosporus Strait,2019-04-15T00:00:00.000Z,92.85714285714286,957648.1428571428
Bosporus Strait,2019-09-09T00:00:00.000Z,91.85714285714286,974162.8571428572
Bosporus Strait,2020-01-27T00:00:00.000Z,116.42857142857143,1300742.142857143
Bosporus Strait,2020-03-23T00:00:00.000Z,90.14285714285714,1197491.142857143
Bosporus Strait,2020-05-25T00:00:00.000Z,89.28571428571429,1241815.0
Bosporus Strait,2020-08-10T00:00:00.000Z,96.28571428571429,1224385.142857143
Bosporus Strait,2020-09-14T00:00:00.000Z,96.28571428571429,1127556.857142857
Bosporus Strait,2020-11-02T00:00:00.000Z,96.42857142857143,1103480.7142857143
Bosporus Strait,2021-01-18T00:00:00.000Z,106.28571428571429,1203117.5714285714
Bosporus Strait,2021-05-03T00:00:00.000Z,103.85714285714286,1269902.4285714286
Bosporus Strait,2021-05-10T00:00:00.000Z,97.57142857142857,1231592.2857142857
Bosporus Strait,2021-11-08T00:00:00.000Z,106.14285714285714,1436818.5714285714
Bosporus Strait,2021-12-27T00:00:00.000Z,106.28571428571429,1391731.2857142857
Bosporus Strait,2022-05-30T00:00:00.000Z,89.71428571428571,1038231.7142857143
Bosporus Strait,2024-03-11T00:00:00.000Z,114.0,1383622.7142857143
Bosporus Strait,2024-03-25T00:00:00.000Z,104.14285714285714,1140603.5714285714
Bosporus Strait,2024-04-22T00:00:00.000Z,110.14285714285714,1191431.2857142857
Bosporus Strait,2024-07-01T00:00:00.000Z,96.0,1153636.2857142857
Bosporus Strait,2024-12-02T00:00:00.000Z,99.0,1188362.7142857143
Bosporus Strait,2025-03-03T00:00:00.000Z,84.28571428571429,1166794.0
Bosporus Strait,2025-09-08T00:00:00.000Z,90.71428571428571,1069677.0
Bosporus Strait,2025-09-22T00:00:00.000Z,91.42857142857143,1306995.4285714286
Bosporus Strait,2025-11-10T00:00:00.000Z,103.0,1033651.7142857143
Bosporus Strait,2026-01-12T00:00:00.000Z,83.71428571428571,926388.2857142857
Bosporus Strait,2026-05-25T00:00:00.000Z,84.71428571428571,1093684.7142857143
Bab el-Mandeb Strait,2019-11-25T00:00:00.000Z,51.714285714285715,2437603.714285714
Bab el-Mandeb Strait,2019-12-09T00:00:00.000Z,54.857142857142854,2332272.5714285714
Bab el-Mandeb Strait,2019-12-16T00:00:00.000Z,57.42857142857143,2579643.4285714286
Bab el-Mandeb Strait,2020-02-10T00:00:00.000Z,51.285714285714285,2195576.5714285714
Bab el-Mandeb Strait,2020-03-16T00:00:00.000Z,54.42857142857143,2539702.8571428573
Bab el-Mandeb Strait,2021-01-25T00:00:00.000Z,60.42857142857143,2483533.1428571427
Bab el-Mandeb Strait,2021-03-15T00:00:00.000Z,61.0,2823268.714285714
Bab el-Mandeb Strait,2021-07-05T00:00:00.000Z,55.285714285714285,2547134.1428571427
Bab el-Mandeb Strait,2022-10-17T00:00:00.000Z,70.85714285714286,3074436.1428571427
Bab el-Mandeb Strait,2022-12-05T00:00:00.000Z,72.0,3297703.0
Bab el-Mandeb Strait,2023-01-30T00:00:00.000Z,74.42857142857143,3514441.1428571427
Bab el-Mandeb Strait,2023-03-20T00:00:00.000Z,70.28571428571429,3461246.0
Bab el-Mandeb Strait,2023-04-03T00:00:00.000Z,72.14285714285714,3301695.0
Bab el-Mandeb Strait,2023-04-10T00:00:00.000Z,72.71428571428571,3473052.714285714
Bab el-Mandeb Strait,2023-07-31T00:00:00.000Z,74.28571428571429,3171232.0
Bab el-Mandeb Strait,2023-08-28T00:00:00.000Z,77.85714285714286,3441972.285714286
Bab el-Mandeb Strait,2023-12-11T00:00:00.000Z,73.57142857142857,3121562.5714285714
Bab el-Mandeb Strait,2023-12-25T00:00:00.000Z,52.857142857142854,2048676.5714285714
Bab el-Mandeb Strait,2024-01-29T00:00:00.000Z,32.57142857142857,1139172.7142857143
Bab el-Mandeb Strait,2024-07-08T00:00:00.000Z,31.857142857142858,1161939.142857143
Bab el-Mandeb Strait,2024-09-02T00:00:00.000Z,31.571428571428573,1007553.0
Bab el-Mandeb Strait,2025-03-17T00:00:00.000Z,34.142857142857146,1229617.5714285714
Bab el-Mandeb Strait,2025-09-29T00:00:00.000Z,33.714285714285715,1285426.4285714286
Bab el-Mandeb Strait,2026-01-05T00:00:00.000Z,33.857142857142854,1233626.7142857143
Bab el-Mandeb Strait,2026-06-15T00:00:00.000Z,37.142857142857146,1332222.5714285714
Malacca Strait,2019-01-28T00:00:00.000Z,168.14285714285714,6878041.857142857
Malacca Strait,2019-03-04T00:00:00.000Z,168.57142857142858,6177270.285714285
Malacca Strait,2019-09-23T00:00:00.000Z,168.42857142857142,6534927.857142857
Malacca Strait,2020-01-20T00:00:00.000Z,171.42857142857142,5983568.571428572
Malacca Strait,2020-01-27T00:00:00.000Z,203.42857142857142,7189245.571428572
Malacca Strait,2021-03-08T00:00:00.000Z,149.57142857142858,5746237.571428572
Malacca Strait,2021-05-10T00:00:00.000Z,155.42857142857142,6300461.857142857
Malacca Strait,2021-06-14T00:00:00.000Z,142.85714285714286,5689520.0
Malacca Strait,2021-07-26T00:00:00.000Z,134.14285714285714,5821629.714285715
Malacca Strait,2022-02-28T00:00:00.000Z,208.85714285714286,7598359.428571428
Malacca Strait,2022-12-12T00:00:00.000Z,220.28571428571428,8209060.428571428
Malacca Strait,2022-12-19T00:00:00.000Z,204.14285714285714,7804607.857142857
Malacca Strait,2022-12-26T00:00:00.000Z,204.14285714285714,7460440.0
Malacca Strait,2023-01-02T00:00:00.000Z,218.14285714285714,7906070.428571428
Malacca Strait,2023-02-27T00:00:00.000Z,211.28571428571428,7800497.571428572
Malacca Strait,2023-07-24T00:00:00.000Z,233.85714285714286,8260018.428571428
Malacca Strait,2023-07-31T00:00:00.000Z,223.57142857142858,8684509.142857144
Malacca Strait,2023-08-07T00:00:00.000Z,218.28571428571428,8368690.142857143
Malacca Strait,2023-08-14T00:00:00.000Z,213.85714285714286,8052250.0
Malacca Strait,2023-09-11T00:00:00.000Z,222.28571428571428,8238908.857142857
Malacca Strait,2023-11-27T00:00:00.000Z,220.28571428571428,8539861.42857143
Malacca Strait,2024-02-19T00:00:00.000Z,217.57142857142858,8056787.857142857
Malacca Strait,2024-04-22T00:00:00.000Z,210.85714285714286,8017966.857142857
Malacca Strait,2024-08-26T00:00:00.000Z,221.42857142857142,8203072.571428572
Malacca Strait,2024-09-02T00:00:00.000Z,224.71428571428572,8386203.571428572
Malacca Strait,2025-05-12T00:00:00.000Z,234.42857142857142,9736901.57142857
Malacca Strait,2025-07-07T00:00:00.000Z,229.85714285714286,8969103.714285715
Malacca Strait,2026-02-23T00:00:00.000Z,240.14285714285714,9290170.0
Malacca Strait,2026-03-30T00:00:00.000Z,218.28571428571428,8047507.285714285
Malacca Strait,2026-06-15T00:00:00.000Z,219.57142857142858,7927592.285714285
Malacca Strait,2026-08-10T00:00:00.000Z,214.28571428571428,7351322.142857143
Oresund Strait,2019-03-25T00:00:00.000Z,54.714285714285715,107505.85714285714
Oresund Strait,2019-06-17T00:00:00.000Z,57.714285714285715,110282.57142857143
Oresund Strait,2019-11-18T00:00:00.000Z,57.42857142857143,116832.85714285714
Oresund Strait,2020-07-13T00:00:00.000Z,59.285714285714285,123483.85714285714
Oresund Strait,2021-01-11T00:00:00.000Z,53.285714285714285,97647.57142857143
Oresund Strait,2021-02-15T00:00:00.000Z,55.57142857142857,103281.14285714286
Oresund Strait,2021-02-22T00:00:00.000Z,57.57142857142857,116788.57142857143
Oresund Strait,2021-04-26T00:00:00.000Z,59.142857142857146,136013.2857142857
Oresund Strait,2021-06-21T00:00:00.000Z,53.857142857142854,101960.0
Oresund Strait,2021-07-26T00:00:00.000Z,51.857142857142854,120604.71428571429
Oresund Strait,2022-11-07T00:00:00.000Z,45.42857142857143,98552.28571428571
Oresund Strait,2023-10-09T00:00:00.000Z,44.857142857142854,76163.0
Oresund Strait,2024-11-04T00:00:00.000Z,53.57142857142857,101210.0
Oresund Strait,2025-02-17T00:00:00.000Z,39.57142857142857,91578.42857142857
Oresund Strait,2025-03-03T00:00:00.000Z,48.57142857142857,137706.0
Oresund Strait,2025-06-23T00:00:00.000Z,43.42857142857143,95638.28571428571
Oresund Strait,2026-01-12T00:00:00.000Z,50.142857142857146,114857.85714285714
Oresund Strait,2026-04-27T00:00:00.000Z,45.57142857142857,85042.0
Oresund Strait,2026-07-13T00:00:00.000Z,39.42857142857143,100548.14285714286
Oresund Strait,2026-08-17T00:00:00.000Z,42.0,129041.28571428571
Luzon Strait,2019-03-04T00:00:00.000Z,61.857142857142854,3469343.714285714
Luzon Strait,2019-03-25T00:00:00.000Z,50.857142857142854,2878628.0
Luzon Strait,2019-07-01T00:00:00.000Z,64.28571428571429,3807223.0
Luzon Strait,2020-01-13T00:00:00.000Z,71.71428571428571,4544727.0
Luzon Strait,2020-01-20T00:00:00.000Z,78.85714285714286,4317218.857142857
Luzon Strait,2020-04-20T00:00:00.000Z,57.714285714285715,3471242.4285714286
Luzon Strait,2020-05-18T00:00:00.000Z,63.285714285714285,4559111.0
Luzon Strait,2020-10-26T00:00:00.000Z,61.857142857142854,3706583.5714285714
Luzon Strait,2020-11-30T00:00:00.000Z,61.142857142857146,3545718.4285714286
Luzon Strait,2021-01-04T00:00:00.000Z,72.0,4876155.571428572
Luzon Strait,2021-07-12T00:00:00.000Z,68.0,3955319.285714286
Luzon Strait,2021-09-20T00:00:00.000Z,61.714285714285715,3586528.714285714
Luzon Strait,2021-10-25T00:00:00.000Z,64.57142857142857,3829053.4285714286
Luzon Strait,2022-03-21T00:00:00.000Z,86.14285714285714,5240444.285714285
Luzon Strait,2022-04-11T00:00:00.000Z,74.57142857142857,4350322.714285715
Luzon Strait,2022-07-18T00:00:00.000Z,84.57142857142857,4806852.0
Luzon Strait,2022-09-12T00:00:00.000Z,84.57142857142857,5966380.857142857
Luzon Strait,2022-11-28T00:00:00.000Z,87.85714285714286,5607146.285714285
Luzon Strait,2022-12-26T00:00:00.000Z,90.14285714285714,5455894.142857143
Luzon Strait,2023-05-15T00:00:00.000Z,76.14285714285714,4680599.142857143
Luzon Strait,2023-09-18T00:00:00.000Z,67.42857142857143,3872878.5714285714
Luzon Strait,2024-05-13T00:00:00.000Z,93.57142857142857,6739906.285714285
Luzon Strait,2024-12-09T00:00:00.000Z,82.85714285714286,5290714.142857143
Luzon Strait,2024-12-16T00:00:00.000Z,78.0,5493324.142857143
Luzon Strait,2025-01-20T00:00:00.000Z,64.28571428571429,3799012.714285714
Luzon Strait,2025-02-03T00:00:00.000Z,56.142857142857146,3315110.0
Luzon Strait,2025-04-28T00:00:00.000Z,68.0,3850462.285714286
Luzon Strait,2025-06-16T00:00:00.000Z,74.42857142857143,4114784.4285714286
Luzon Strait,2025-06-23T00:00:00.000Z,71.14285714285714,4946396.857142857
Luzon Strait,2026-03-16T00:00:00.000Z,64.85714285714286,3601016.714285714
Luzon Strait,2026-05-04T00:00:00.000Z,77.71428571428571,4832114.142857143
Luzon Strait,2026-05-18T00:00:00.000Z,101.85714285714286,6344181.428571428
Ombai Strait,2019-12-23T00:00:00.000Z,13.142857142857142,769347.1428571428
Ombai Strait,2020-03-23T00:00:00.000Z,10.857142857142858,613665.7142857143
Ombai Strait,2021-05-17T00:00:00.000Z,9.857142857142858,514378.85714285716
Ombai Strait,2021-11-22T00:00:00.000Z,10.857142857142858,320395.85714285716
Ombai Strait,2023-01-23T00:00:00.000Z,12.571428571428571,460100.71428571426
Ombai Strait,2023-04-10T00:00:00.000Z,9.142857142857142,236440.7142857143
Ombai Strait,2023-06-26T00:00:00.000Z,10.142857142857142,410387.5714285714
Ombai Strait,2023-07-24T00:00:00.000Z,9.714285714285714,399306.28571428574
Ombai Strait,2023-11-06T00:00:00.000Z,11.285714285714286,317065.85714285716
Ombai Strait,2024-03-04T00:00:00.000Z,12.0,505668.5714285714
Ombai Strait,2024-03-11T00:00:00.000Z,12.285714285714286,688805.8571428572
Ombai Strait,2024-06-24T00:00:00.000Z,10.714285714285714,537606.2857142857
Ombai Strait,2024-07-15T00:00:00.000Z,9.571428571428571,446575.5714285714
Ombai Strait,2024-10-14T00:00:00.000Z,10.285714285714286,529791.4285714285
Ombai Strait,2025-05-05T00:00:00.000Z,9.714285714285714,760462.0
Ombai Strait,2025-11-03T00:00:00.000Z,10.428571428571429,858421.2857142857
Ombai Strait,2026-06-22T00:00:00.000Z,9.0,949214.7142857143
Torres Strait,2019-07-29T00:00:00.000Z,8.857142857142858,166985.14285714287
Torres Strait,2019-08-19T00:00:00.000Z,6.714285714285714,145778.0
Torres Strait,2019-10-28T00:00:00.000Z,7.857142857142857,139495.85714285713
Torres Strait,2020-05-18T00:00:00.000Z,8.714285714285714,153727.0
Torres Strait,2020-08-03T00:00:00.000Z,10.857142857142858,197629.0
Torres Strait,2021-01-18T00:00:00.000Z,8.0,165237.7142857143
Torres Strait,2021-06-21T00:00:00.000Z,7.0,171090.2857142857
Torres Strait,2021-09-27T00:00:00.000Z,8.0,175237.85714285713
Torres Strait,2022-01-03T00:00:00.000Z,7.285714285714286,185403.57142857142
Torres Strait,2022-01-10T00:00:00.000Z,9.714285714285714,177304.85714285713
Torres Strait,2022-05-16T00:00:00.000Z,8.571428571428571,208725.0
Torres Strait,2022-07-25T00:00:00.000Z,8.571428571428571,216941.14285714287
Torres Strait,2022-09-19T00:00:00.000Z,9.714285714285714,193313.14285714287
Torres Strait,2022-11-21T00:00:00.000Z,10.428571428571429,245521.7142857143
Torres Strait,2023-03-27T00:00:00.000Z,6.857142857142857,131554.57142857142
Torres Strait,2023-06-05T00:00:00.000Z,10.142857142857142,166471.42857142858
Torres Strait,2023-06-26T00:00:00.000Z,9.285714285714286,192409.42857142858
Torres Strait,2024-07-15T00:00:00.000Z,8.428571428571429,176377.57142857142
Torres Strait,2024-10-21T00:00:00.000Z,9.571428571428571,190303.57142857142
Torres Strait,2025-04-14T00:00:00.000Z,9.857142857142858,224637.14285714287
Torres Strait,2025-11-17T00:00:00.000Z,9.142857142857142,202564.14285714287
Torres Strait,2026-02-02T00:00:00.000Z,9.0,213031.57142857142
Magellan Strait,2019-01-14T00:00:00.000Z,4.571428571428571,102311.28571428571
Magellan Strait,2019-07-22T00:00:00.000Z,3.857142857142857,124252.14285714286
Magellan Strait,2019-10-07T00:00:00.000Z,3.4285714285714284,47552.28571428572
Magellan Strait,2019-12-09T00:00:00.000Z,4.142857142857143,121219.42857142857
Magellan Strait,2020-06-08T00:00:00.000Z,3.0,44006.857142857145
Magellan Strait,2020-10-19T00:00:00.000Z,2.7142857142857144,47469.0
Magellan Strait,2020-12-07T00:00:00.000Z,1.8571428571428572,72648.57142857143
Magellan Strait,2021-02-08T00:00:00.000Z,3.142857142857143,80119.71428571429
Magellan Strait,2021-05-03T00:00:00.000Z,4.428571428571429,145472.42857142858
Magellan Strait,2021-09-13T00:00:00.000Z,3.7142857142857144,117025.71428571429
Magellan Strait,2022-03-14T00:00:00.000Z,4.428571428571429,136904.2857142857
Magellan Strait,2022-06-27T00:00:00.000Z,4.571428571428571,172527.7142857143
Magellan Strait,2022-09-12T00:00:00.000Z,3.7142857142857144,165605.2857142857
Magellan Strait,2023-04-17T00:00:00.000Z,5.0,192612.2857142857
Magellan Strait,2023-10-16T00:00:00.000Z,4.714285714285714,172570.14285714287
Magellan Strait,2023-11-13T00:00:00.000Z,4.714285714285714,185467.42857142858
Magellan Strait,2024-01-29T00:00:00.000Z,5.857142857142857,176429.0
Magellan Strait,2024-02-26T00:00:00.000Z,4.857142857142857,160859.85714285713
Magellan Strait,2025-04-07T00:00:00.000Z,3.2857142857142856,127331.14285714286
Magellan Strait,2025-06-09T00:00:00.000Z,4.428571428571429,191586.0
Magellan Strait,2025-07-21T00:00:00.000Z,5.428571428571429,191889.2857142857
Magellan Strait,2025-08-18T00:00:00.000Z,4.428571428571429,187944.14285714287
Magellan Strait,2025-08-25T00:00:00.000Z,3.5714285714285716,157967.2857142857
Magellan Strait,2026-04-13T00:00:00.000Z,3.142857142857143,114876.71428571429
Magellan Strait,2026-04-27T00:00:00.000Z,4.285714285714286,130753.0
Magellan Strait,2026-07-06T00:00:00.000Z,5.714285714285714,214516.14285714287
Balabac Strait,2019-08-19T00:00:00.000Z,12.714285714285714,237966.7142857143
Balabac Strait,2019-09-09T00:00:00.000Z,11.428571428571429,174550.0
Balabac Strait,2019-09-23T00:00:00.000Z,12.285714285714286,278694.14285714284
Balabac Strait,2020-02-24T00:00:00.000Z,9.285714285714286,226256.14285714287
Balabac Strait,2021-05-03T00:00:00.000Z,10.714285714285714,341912.14285714284
Balabac Strait,2021-08-16T00:00:00.000Z,7.857142857142857,182027.85714285713
Balabac Strait,2021-09-13T00:00:00.000Z,8.285714285714286,247661.85714285713
Balabac Strait,2022-08-08T00:00:00.000Z,11.714285714285714,330051.85714285716
Balabac Strait,2022-08-22T00:00:00.000Z,12.285714285714286,256638.7142857143
Balabac Strait,2022-08-29T00:00:00.000Z,12.571428571428571,340866.85714285716
Balabac Strait,2022-12-26T00:00:00.000Z,14.0,453370.5714285714
Balabac Strait,2023-02-13T00:00:00.000Z,10.285714285714286,253820.42857142858
Balabac Strait,2023-06-19T00:00:00.000Z,12.142857142857142,384775.85714285716
Balabac Strait,2023-11-13T00:00:00.000Z,11.428571428571429,263298.5714285714
Balabac Strait,2024-01-08T00:00:00.000Z,11.285714285714286,294889.28571428574
Balabac Strait,2025-03-31T00:00:00.000Z,9.285714285714286,232297.85714285713
Balabac Strait,2026-01-26T00:00:00.000Z,9.571428571428571,214260.57142857142
Balabac Strait,2026-02-09T00:00:00.000Z,10.714285714285714,207223.0
Balabac Strait,2026-05-18T00:00:00.000Z,12.857142857142858,320413.28571428574
Dover Strait,2019-05-20T00:00:00.000Z,163.14285714285714,3225535.5714285714
Dover Strait,2019-06-17T00:00:00.000Z,157.0,2715734.5714285714
Dover Strait,2020-05-04T00:00:00.000Z,151.42857142857142,2854248.1428571427
Dover Strait,2021-03-15T00:00:00.000Z,178.42857142857142,3056217.714285714
Dover Strait,2021-07-05T00:00:00.000Z,159.57142857142858,3000750.285714286
Dover Strait,2021-09-13T00:00:00.000Z,161.85714285714286,2749289.8571428573
Dover Strait,2023-07-10T00:00:00.000Z,177.85714285714286,3719295.1428571427
Dover Strait,2023-08-14T00:00:00.000Z,168.14285714285714,3167814.8571428573
Dover Strait,2024-06-17T00:00:00.000Z,177.57142857142858,3731199.4285714286
Dover Strait,2024-10-14T00:00:00.000Z,177.42857142857142,3578900.5714285714
Dover Strait,2025-04-28T00:00:00.000Z,176.0,3445744.4285714286
Dover Strait,2025-10-20T00:00:00.000Z,155.42857142857142,3401177.8571428573
Dover Strait,2025-11-03T00:00:00.000Z,191.14285714285714,3834155.0
Dover Strait,2025-12-15T00:00:00.000Z,180.0,3455906.8571428573
Dover Strait,2026-03-09T00:00:00.000Z,177.85714285714286,3728710.8571428573
Dover Strait,2026-06-29T00:00:00.000Z,155.85714285714286,3121734.1428571427
Tsugaru Strait,2019-01-14T00:00:00.000Z,39.857142857142854,967260.5714285715
Tsugaru Strait,2019-05-13T00:00:00.000Z,50.142857142857146,896254.5714285715
Tsugaru Strait,2019-08-12T00:00:00.000Z,37.714285714285715,983501.0
Tsugaru Strait,2019-10-07T00:00:00.000Z,47.0,1047347.5714285715
Tsugaru Strait,2020-02-24T00:00:00.000Z,51.142857142857146,874774.5714285715
Tsugaru Strait,2020-11-09T00:00:00.000Z,53.42857142857143,1044810.7142857143
Tsugaru Strait,2021-08-09T00:00:00.000Z,37.0,816496.7142857143
Tsugaru Strait,2022-02-14T00:00:00.000Z,37.142857142857146,567706.7142857143
Tsugaru Strait,2022-06-06T00:00:00.000Z,53.285714285714285,1149549.7142857143
Tsugaru Strait,2022-09-26T00:00:00.000Z,50.714285714285715,1057496.7142857143
Tsugaru Strait,2022-11-07T00:00:00.000Z,36.42857142857143,669698.8571428572
Tsugaru Strait,2023-04-10T00:00:00.000Z,35.714285714285715,730815.5714285715
Tsugaru Strait,2023-08-28T00:00:00.000Z,50.285714285714285,1146939.4285714286
Tsugaru Strait,2024-03-25T00:00:00.000Z,45.714285714285715,939873.1428571428
Tsugaru Strait,2024-05-06T00:00:00.000Z,47.857142857142854,1081322.2857142857
Tsugaru Strait,2024-06-17T00:00:00.000Z,50.57142857142857,1183492.4285714286
Tsugaru Strait,2024-08-12T00:00:00.000Z,47.285714285714285,1096339.5714285714
Tsugaru Strait,2024-09-02T00:00:00.000Z,55.285714285714285,1302453.142857143
Tsugaru Strait,2024-12-09T00:00:00.000Z,44.714285714285715,1041703.1428571428
Tsugaru Strait,2025-09-15T00:00:00.000Z,52.142857142857146,1239625.857142857
Tsugaru Strait,2026-03-09T00:00:00.000Z,50.42857142857143,1067758.2857142857
Tsugaru Strait,2026-03-16T00:00:00.000Z,52.42857142857143,991728.4285714285
Tsugaru Strait,2026-07-27T00:00:00.000Z,53.57142857142857,1199337.5714285714
Panama Canal,2019-07-01T00:00:00.000Z,29.571428571428573,792915.5714285715
Panama Canal,2019-11-04T00:00:00.000Z,33.857142857142854,862423.8571428572
Panama Canal,2020-03-02T00:00:00.000Z,33.285714285714285,844950.0
Panama Canal,2020-03-09T00:00:00.000Z,32.57142857142857,856592.0
Panama Canal,2020-05-25T00:00:00.000Z,25.285714285714285,711465.2857142857
Panama Canal,2020-07-06T00:00:00.000Z,27.0,772161.1428571428
Panama Canal,2020-08-03T00:00:00.000Z,29.571428571428573,795907.2857142857
Panama Canal,2021-07-26T00:00:00.000Z,36.142857142857146,1078595.2857142857
Panama Canal,2021-11-08T00:00:00.000Z,33.285714285714285,973723.5714285715
Panama Canal,2022-01-03T00:00:00.000Z,32.714285714285715,954198.4285714285
Panama Canal,2022-01-10T00:00:00.000Z,33.142857142857146,920435.4285714285
Panama Canal,2022-03-07T00:00:00.000Z,33.57142857142857,888785.4285714285
Panama Canal,2022-03-21T00:00:00.000Z,31.571428571428573,948901.2857142857
Panama Canal,2022-05-23T00:00:00.000Z,34.0,926445.1428571428
Panama Canal,2022-05-30T00:00:00.000Z,34.57142857142857,909564.5714285715
Panama Canal,2022-09-26T00:00:00.000Z,31.0,898785.8571428572
Panama Canal,2022-10-10T00:00:00.000Z,33.142857142857146,910918.1428571428
Panama Canal,2022-10-17T00:00:00.000Z,33.714285714285715,905052.2857142857
Panama Canal,2022-12-12T00:00:00.000Z,32.714285714285715,901602.1428571428
Panama Canal,2022-12-19T00:00:00.000Z,35.57142857142857,930684.5714285715
Panama Canal,2023-05-01T00:00:00.000Z,31.428571428571427,882219.7142857143
Panama Canal,2023-07-17T00:00:00.000Z,29.0,777660.7142857143
Panama Canal,2023-09-18T00:00:00.000Z,31.142857142857142,897840.7142857143
Panama Canal,2024-02-26T00:00:00.000Z,20.428571428571427,538798.2857142857
Panama Canal,2024-04-15T00:00:00.000Z,23.285714285714285,588258.8571428572
Panama Canal,2024-05-27T00:00:00.000Z,25.571428571428573,711564.2857142857
Panama Canal,2024-07-29T00:00:00.000Z,24.857142857142858,656073.2857142857
Panama Canal,2024-10-14T00:00:00.000Z,28.0,796912.8571428572
Panama Canal,2024-12-09T00:00:00.000Z,30.142857142857142,891360.5714285715
Panama Canal,2025-01-06T00:00:00.000Z,30.571428571428573,883934.7142857143
Panama Canal,2025-03-10T00:00:00.000Z,29.571428571428573,874608.5714285715
Panama Canal,2026-02-16T00:00:00.000Z,34.714285714285715,1216259.857142857
Panama Canal,2026-05-11T00:00:00.000Z,33.857142857142854,973703.0
Panama Canal,2026-07-06T00:00:00.000Z,30.571428571428573,882731.2857142857
Panama Canal,2026-08-03T00:00:00.000Z,30.0,854584.2857142857
Makassar Strait,2019-05-06T00:00:00.000Z,49.142857142857146,2163341.0
Makassar Strait,2020-03-30T00:00:00.000Z,49.142857142857146,2383994.8571428573
Makassar Strait,2020-04-20T00:00:00.000Z,50.142857142857146,2457293.714285714
Makassar Strait,2020-05-18T00:00:00.000Z,52.714285714285715,2726730.285714286
Makassar Strait,2020-06-22T00:00:00.000Z,54.285714285714285,2733923.4285714286
Makassar Strait,2020-06-29T00:00:00.000Z,56.0,2810437.5714285714
Makassar Strait,2020-08-31T00:00:00.000Z,46.857142857142854,2177573.8571428573
Makassar Strait,2021-02-22T00:00:00.000Z,49.714285714285715,2435730.5714285714
Makassar Strait,2021-04-19T00:00:00.000Z,54.142857142857146,2634095.714285714
Makassar Strait,2022-05-30T00:00:00.000Z,55.42857142857143,3116712.4285714286
Makassar Strait,2022-06-20T00:00:00.000Z,54.57142857142857,3560746.0
Makassar Strait,2022-07-18T00:00:00.000Z,57.285714285714285,3432244.714285714
Makassar Strait,2023-08-21T00:00:00.000Z,54.857142857142854,3059317.285714286
Makassar Strait,2023-09-04T00:00:00.000Z,53.857142857142854,3133795.4285714286
Makassar Strait,2023-09-25T00:00:00.000Z,54.857142857142854,2720230.285714286
Makassar Strait,2024-06-24T00:00:00.000Z,60.285714285714285,3449706.714285714
Makassar Strait,2025-01-13T00:00:00.000Z,54.142857142857146,3311761.0
Makassar Strait,2025-03-03T00:00:00.000Z,43.57142857142857,2898462.1428571427
Makassar Strait,2025-05-26T00:00:00.000Z,45.0,2772612.1428571427
Makassar Strait,2025-08-11T00:00:00.000Z,45.857142857142854,2588741.1428571427
Makassar Strait,2025-09-01T00:00:00.000Z,46.714285714285715,2835149.714285714
Makassar Strait,2026-05-04T00:00:00.000Z,36.714285714285715,2430216.1428571427
Yucatan Channel,2019-08-05T00:00:00.000Z,40.0,869303.5714285715
Yucatan Channel,2020-10-19T00:00:00.000Z,48.0,1188792.2857142857
Yucatan Channel,2021-01-11T00:00:00.000Z,47.285714285714285,1158313.0
Yucatan Channel,2021-02-08T00:00:00.000Z,44.0,1015841.2857142857
Yucatan Channel,2021-08-30T00:00:00.000Z,39.0,750855.4285714285
Yucatan Channel,2021-10-11T00:00:00.000Z,43.714285714285715,1002599.5714285715
Yucatan Channel,2022-06-13T00:00:00.000Z,44.57142857142857,1124551.0
Yucatan Channel,2022-10-17T00:00:00.000Z,45.285714285714285,1280103.142857143
Yucatan Channel,2022-11-14T00:00:00.000Z,43.142857142857146,893879.1428571428
Yucatan Channel,2024-01-01T00:00:00.000Z,43.714285714285715,1027927.0
Yucatan Channel,2024-09-23T00:00:00.000Z,46.0,1204863.4285714286
Yucatan Channel,2024-12-23T00:00:00.000Z,47.714285714285715,1199049.5714285714
Yucatan Channel,2024-12-30T00:00:00.000Z,47.42857142857143,1095595.0
Yucatan Channel,2025-06-02T00:00:00.000Z,49.285714285714285,1159754.4285714286
Yucatan Channel,2025-07-07T00:00:00.000Z,45.142857142857146,1140375.5714285714
Yucatan Channel,2025-08-04T00:00:00.000Z,48.42857142857143,1106014.857142857
Yucatan Channel,2025-08-25T00:00:00.000Z,50.142857142857146,1233033.2857142857
Yucatan Channel,2025-10-13T00:00:00.000Z,47.57142857142857,1197496.857142857
Yucatan Channel,2025-11-10T00:00:00.000Z,46.714285714285715,1114447.857142857
Yucatan Channel,2026-06-08T00:00:00.000Z,51.714285714285715,1403448.142857143
Windward Passage,2018-12-31T00:00:00.000Z,15.833333333333334,235667.83333333334
Windward Passage,2019-02-25T00:00:00.000Z,16.0,285298.4285714286
Windward Passage,2019-05-06T00:00:00.000Z,17.285714285714285,291062.5714285714
Windward Passage,2019-07-29T00:00:00.000Z,18.142857142857142,294530.14285714284
Windward Passage,2020-01-13T00:00:00.000Z,16.428571428571427,237840.42857142858
Windward Passage,2020-04-06T00:00:00.000Z,16.142857142857142,290446.71428571426
Windward Passage,2020-09-28T00:00:00.000Z,16.428571428571427,256425.57142857142
Windward Passage,2021-04-19T00:00:00.000Z,16.714285714285715,299124.71428571426
Windward Passage,2021-04-26T00:00:00.000Z,16.142857142857142,324805.85714285716
Windward Passage,2021-05-24T00:00:00.000Z,18.571428571428573,333370.14285714284
Windward Passage,2021-09-13T00:00:00.000Z,16.142857142857142,338152.28571428574
Windward Passage,2021-09-27T00:00:00.000Z,16.714285714285715,320147.0
Windward Passage,2022-01-17T00:00:00.000Z,16.142857142857142,309853.5714285714
Windward Passage,2022-02-14T00:00:00.000Z,15.285714285714286,266501.14285714284
Windward Passage,2022-09-12T00:00:00.000Z,15.857142857142858,267981.4285714286
Windward Passage,2023-01-30T00:00:00.000Z,13.142857142857142,232497.14285714287
Windward Passage,2023-05-01T00:00:00.000Z,15.0,243696.42857142858
Windward Passage,2023-07-17T00:00:00.000Z,16.0,259567.2857142857
Windward Passage,2024-10-07T00:00:00.000Z,14.285714285714286,222566.57142857142
Windward Passage,2025-06-02T00:00:00.000Z,16.0,224703.14285714287
Windward Passage,2026-01-12T00:00:00.000Z,14.0,286638.85714285716
Windward Passage,2026-05-11T00:00:00.000Z,19.428571428571427,361749.71428571426
Kerch Strait,2019-01-14T00:00:00.000Z,44.57142857142857,102471.42857142857
Kerch Strait,2019-03-25T00:00:00.000Z,44.42857142857143,75392.0
Kerch Strait,2019-04-15T00:00:00.000Z,34.0,76342.14285714286
Kerch Strait,2019-09-09T00:00:00.000Z,52.57142857142857,85669.85714285714
Kerch Strait,2019-10-07T00:00:00.000Z,66.42857142857143,164159.7142857143
Kerch Strait,2019-11-04T00:00:00.000Z,63.57142857142857,189427.42857142858
Kerch Strait,2019-11-18T00:00:00.000Z,31.428571428571427,58951.857142857145
Kerch Strait,2020-05-18T00:00:00.000Z,45.285714285714285,102138.14285714286
Kerch Strait,2021-03-22T00:00:00.000Z,43.57142857142857,103170.0
Kerch Strait,2021-05-10T00:00:00.000Z,48.285714285714285,109286.0
Kerch Strait,2021-09-20T00:00:00.000Z,55.57142857142857,123025.28571428571
Kerch Strait,2021-11-01T00:00:00.000Z,53.714285714285715,113711.28571428571
Kerch Strait,2022-05-23T00:00:00.000Z,25.0,39908.57142857143
Kerch Strait,2023-06-19T00:00:00.000Z,4.857142857142857,6578.0
Kerch Strait,2023-07-24T00:00:00.000Z,4.714285714285714,8475.57142857143
Kerch Strait,2023-11-13T00:00:00.000Z,2.142857142857143,3086.5714285714284
Kerch Strait,2024-02-19T00:00:00.000Z,0.8571428571428571,1360.857142857143
Kerch Strait,2025-02-03T00:00:00.000Z,0.8571428571428571,10360.285714285714
Kerch Strait,2025-02-24T00:00:00.000Z,13.285714285714286,65149.42857142857
Kerch Strait,2026-01-05T00:00:00.000Z,12.0,33217.0
Kerch Strait,2026-02-02T00:00:00.000Z,13.285714285714286,36786.28571428572
Gibraltar Strait,2019-04-01T00:00:00.000Z,114.85714285714286,3120382.0
Gibraltar Strait,2019-05-13T00:00:00.000Z,115.28571428571429,3159766.8571428573
Gibraltar Strait,2019-08-19T00:00:00.000Z,109.0,3148471.4285714286
Gibraltar Strait,2019-10-14T00:00:00.000Z,125.14285714285714,3461299.0
Gibraltar Strait,2020-10-05T00:00:00.000Z,121.57142857142857,3105893.1428571427
Gibraltar Strait,2020-11-23T00:00:00.000Z,124.28571428571429,3190069.0
Gibraltar Strait,2021-03-01T00:00:00.000Z,136.14285714285714,3430772.285714286
Gibraltar Strait,2021-03-15T00:00:00.000Z,134.71428571428572,3544151.285714286
Gibraltar Strait,2022-01-03T00:00:00.000Z,127.28571428571429,3182854.714285714
Gibraltar Strait,2022-01-10T00:00:00.000Z,129.28571428571428,3436801.8571428573
Gibraltar Strait,2022-01-17T00:00:00.000Z,139.28571428571428,3668910.1428571427
Gibraltar Strait,2022-05-02T00:00:00.000Z,146.14285714285714,4274598.428571428
Gibraltar Strait,2022-08-08T00:00:00.000Z,140.0,3740986.714285714
Gibraltar Strait,2023-01-02T00:00:00.000Z,140.28571428571428,3803835.0
Gibraltar Strait,2023-03-20T00:00:00.000Z,144.71428571428572,4298625.0
Gibraltar Strait,2023-08-28T00:00:00.000Z,148.71428571428572,4227317.0
Gibraltar Strait,2025-02-24T00:00:00.000Z,138.85714285714286,3604550.5714285714
Gibraltar Strait,2025-03-03T00:00:00.000Z,131.42857142857142,3636034.8571428573
Gibraltar Strait,2025-10-13T00:00:00.000Z,139.14285714285714,3913159.285714286
Gibraltar Strait,2025-12-22T00:00:00.000Z,146.85714285714286,3669855.4285714286
Gibraltar Strait,2026-03-30T00:00:00.000Z,125.57142857142857,3351927.4285714286
Gibraltar Strait,2026-07-27T00:00:00.000Z,128.14285714285714,3334535.714285714
Taiwan Strait,2019-04-15T00:00:00.000Z,258.2857142857143,5359494.714285715
Taiwan Strait,2020-04-27T00:00:00.000Z,270.42857142857144,5507108.857142857
Taiwan Strait,2020-05-25T00:00:00.000Z,261.85714285714283,5745138.714285715
Taiwan Strait,2020-06-01T00:00:00.000Z,263.14285714285717,5555543.714285715
Taiwan Strait,2020-06-15T00:00:00.000Z,270.0,5491049.714285715
Taiwan Strait,2021-06-07T00:00:00.000Z,268.42857142857144,6142609.285714285
Taiwan Strait,2021-07-05T00:00:00.000Z,255.28571428571428,5802280.428571428
Taiwan Strait,2021-08-16T00:00:00.000Z,268.14285714285717,5915181.0
Taiwan Strait,2021-11-15T00:00:00.000Z,254.85714285714286,5487963.428571428
Taiwan Strait,2022-06-06T00:00:00.000Z,247.85714285714286,5422596.714285715
Taiwan Strait,2023-04-17T00:00:00.000Z,245.14285714285714,5811300.428571428
Taiwan Strait,2023-05-15T00:00:00.000Z,214.57142857142858,5207815.0
Taiwan Strait,2023-07-10T00:00:00.000Z,253.71428571428572,5999121.142857143
Taiwan Strait,2023-12-04T00:00:00.000Z,259.0,5897498.285714285
Taiwan Strait,2024-11-25T00:00:00.000Z,226.85714285714286,5709625.428571428
Taiwan Strait,2025-10-06T00:00:00.000Z,236.28571428571428,5842704.857142857
Bohai Strait,2019-02-11T00:00:00.000Z,97.0,2828240.5714285714
Bohai Strait,2019-02-25T00:00:00.000Z,144.57142857142858,4428544.428571428
Bohai Strait,2019-04-22T00:00:00.000Z,113.28571428571429,3399144.0
Bohai Strait,2019-06-24T00:00:00.000Z,171.57142857142858,4681087.0
Bohai Strait,2019-07-08T00:00:00.000Z,181.28571428571428,4814823.857142857
Bohai Strait,2019-07-22T00:00:00.000Z,173.0,4878122.857142857
Bohai Strait,2019-09-02T00:00:00.000Z,163.14285714285714,4497357.714285715
Bohai Strait,2019-12-16T00:00:00.000Z,198.71428571428572,5594571.285714285
Bohai Strait,2020-03-16T00:00:00.000Z,174.14285714285714,4721273.142857143
Bohai Strait,2020-06-01T00:00:00.000Z,199.28571428571428,6042320.0
Bohai Strait,2020-08-10T00:00:00.000Z,207.28571428571428,6036639.428571428
Bohai Strait,2020-11-16T00:00:00.000Z,212.71428571428572,6400805.142857143
Bohai Strait,2021-01-11T00:00:00.000Z,213.71428571428572,6820531.714285715
Bohai Strait,2022-01-03T00:00:00.000Z,206.85714285714286,6013056.142857143
Bohai Strait,2022-08-29T00:00:00.000Z,183.57142857142858,5874210.571428572
Bohai Strait,2022-10-10T00:00:00.000Z,193.85714285714286,5642633.285714285
Bohai Strait,2022-11-14T00:00:00.000Z,204.42857142857142,5666490.428571428
Bohai Strait,2023-06-26T00:00:00.000Z,187.71428571428572,6005008.285714285
Bohai Strait,2023-10-09T00:00:00.000Z,178.0,5637251.428571428
Bohai Strait,2024-02-05T00:00:00.000Z,171.14285714285714,5749436.571428572
Bohai Strait,2024-04-08T00:00:00.000Z,182.0,7139773.0
Bohai Strait,2025-07-21T00:00:00.000Z,176.28571428571428,5773345.142857143
Bohai Strait,2025-10-13T00:00:00.000Z,169.42857142857142,6577893.571428572
Bohai Strait,2026-03-23T00:00:00.000Z,173.71428571428572,6699699.0
Bohai Strait,2026-05-04T00:00:00.000Z,163.42857142857142,6106942.428571428
Bohai Strait,2026-06-08T00:00:00.000Z,167.85714285714286,6137027.285714285
Sunda Strait,2019-03-11T00:00:00.000Z,28.285714285714285,836996.1428571428
Sunda Strait,2019-04-08T00:00:00.000Z,25.142857142857142,953261.5714285715
Sunda Strait,2019-05-06T00:00:00.000Z,25.714285714285715,730249.8571428572
Sunda Strait,2019-08-05T00:00:00.000Z,25.571428571428573,812532.0
Sunda Strait,2020-02-24T00:00:00.000Z,31.571428571428573,1074433.5714285714
Sunda Strait,2020-04-06T00:00:00.000Z,26.0,669626.7142857143
Sunda Strait,2020-05-11T00:00:00.000Z,28.0,872064.2857142857
Sunda Strait,2021-04-05T00:00:00.000Z,26.0,700161.1428571428
Sunda Strait,2021-04-19T00:00:00.000Z,25.857142857142858,783117.1428571428
Sunda Strait,2021-10-25T00:00:00.000Z,24.285714285714285,907934.0
Sunda Strait,2021-11-08T00:00:00.000Z,25.0,633752.7142857143
Sunda Strait,2021-11-15T00:00:00.000Z,27.0,983252.1428571428
Sunda Strait,2022-01-31T00:00:00.000Z,21.571428571428573,930084.4285714285
Sunda Strait,2022-02-28T00:00:00.000Z,24.285714285714285,790358.4285714285
Sunda Strait,2022-07-11T00:00:00.000Z,23.571428571428573,780840.1428571428
Sunda Strait,2022-09-19T00:00:00.000Z,25.857142857142858,812177.0
Sunda Strait,2022-10-24T00:00:00.000Z,29.714285714285715,1271550.7142857143
Sunda Strait,2023-02-06T00:00:00.000Z,24.142857142857142,863027.4285714285
Sunda Strait,2023-07-24T00:00:00.000Z,29.857142857142858,1002996.7142857143
Sunda Strait,2024-03-11T00:00:00.000Z,31.428571428571427,1090281.857142857
Sunda Strait,2024-09-09T00:00:00.000Z,32.857142857142854,1215615.857142857
Sunda Strait,2024-11-11T00:00:00.000Z,30.857142857142858,1140439.857142857
Sunda Strait,2025-01-06T00:00:00.000Z,32.0,1270889.2857142857
Sunda Strait,2025-12-08T00:00:00.000Z,33.857142857142854,1506449.5714285714
Sunda Strait,2026-02-16T00:00:00.000Z,36.42857142857143,1327754.5714285714
Sunda Strait,2026-07-06T00:00:00.000Z,31.571428571428573,1251910.142857143
Mona Passage,2018-12-31T00:00:00.000Z,10.666666666666666,215435.0
Mona Passage,2019-01-21T00:00:00.000Z,11.428571428571429,224573.85714285713
Mona Passage,2019-05-13T00:00:00.000Z,12.0,360108.0
Mona Passage,2019-11-18T00:00:00.000Z,10.0,252963.14285714287
Mona Passage,2020-05-11T00:00:00.000Z,9.0,223988.42857142858
Mona Passage,2020-06-01T00:00:00.000Z,9.142857142857142,261198.85714285713
Mona Passage,2021-02-15T00:00:00.000Z,9.714285714285714,219278.42857142858
Mona Passage,2021-04-05T00:00:00.000Z,10.857142857142858,258833.2857142857
Mona Passage,2021-06-07T00:00:00.000Z,12.142857142857142,330033.85714285716
Mona Passage,2021-11-22T00:00:00.000Z,11.0,305127.14285714284
Mona Passage,2022-04-11T00:00:00.000Z,11.714285714285714,273173.4285714286
Mona Passage,2022-10-17T00:00:00.000Z,11.285714285714286,231843.7142857143
Mona Passage,2022-11-07T00:00:00.000Z,11.285714285714286,316083.4285714286
Mona Passage,2023-01-30T00:00:00.000Z,11.571428571428571,279353.28571428574
Mona Passage,2023-07-10T00:00:00.000Z,11.714285714285714,305968.0
Mona Passage,2024-06-24T00:00:00.000Z,9.571428571428571,222421.57142857142
Mona Passage,2025-07-28T00:00:00.000Z,10.714285714285714,264261.0
Mona Passage,2025-09-01T00:00:00.000Z,10.0,251216.0
Mona Passage,2025-10-27T00:00:00.000Z,13.857142857142858,390714.85714285716
Mona Passage,2026-02-23T00:00:00.000Z,11.571428571428571,362181.4285714286
Mona Passage,2026-03-30T00:00:00.000Z,13.428571428571429,399426.5714285714
Mona Passage,2026-04-20T00:00:00.000Z,13.428571428571429,422963.85714285716
Mona Passage,2026-06-08T00:00:00.000Z,10.142857142857142,313982.5714285714
Bering Strait,2019-01-21T00:00:00.000Z,3.857142857142857,86813.28571428571
Bering Strait,2019-04-22T00:00:00.000Z,0.0,0.0
Bering Strait,2019-05-20T00:00:00.000Z,0.0,0.0
Bering Strait,2019-12-02T00:00:00.000Z,0.14285714285714285,343.7142857142857
Bering Strait,2019-12-16T00:00:00.000Z,0.0,0.0
Bering Strait,2020-06-01T00:00:00.000Z,0.14285714285714285,0.0
Bering Strait,2020-07-27T00:00:00.000Z,2.0,9086.57142857143
Bering Strait,2020-12-28T00:00:00.000Z,0.0,0.0
Bering Strait,2021-04-12T00:00:00.000Z,0.0,0.0
Bering Strait,2021-08-09T00:00:00.000Z,2.7142857142857144,27981.714285714286
Bering Strait,2022-09-12T00:00:00.000Z,1.7142857142857142,14233.57142857143
Bering Strait,2022-11-21T00:00:00.000Z,0.2857142857142857,549.1428571428571
Bering Strait,2023-02-13T00:00:00.000Z,0.0,0.0
Bering Strait,2023-05-08T00:00:00.000Z,0.0,0.0
Bering Strait,2023-05-22T00:00:00.000Z,0.0,0.0
Bering Strait,2023-06-19T00:00:00.000Z,0.14285714285714285,6418.857142857143
Bering Strait,2024-03-11T00:00:00.000Z,0.0,0.0
Bering Strait,2024-04-22T00:00:00.000Z,0.0,0.0
Bering Strait,2024-04-29T00:00:00.000Z,0.14285714285714285,1898.2857142857142
Bering Strait,2024-09-23T00:00:00.000Z,2.0,45137.28571428572
Bering Strait,2025-02-10T00:00:00.000Z,0.14285714285714285,285.57142857142856
Bering Strait,2025-04-07T00:00:00.000Z,0.0,0.0
Bering Strait,2025-06-02T00:00:00.000Z,0.0,0.0
Bering Strait,2025-07-21T00:00:00.000Z,1.2857142857142858,3525.4285714285716
Bering Strait,2025-09-15T00:00:00.000Z,2.857142857142857,28315.0
Bering Strait,2025-12-08T00:00:00.000Z,0.5714285714285714,22212.285714285714
Strait of Hormuz,2019-03-18T00:00:00.000Z,60.57142857142857,1985761.2857142857
Strait of Hormuz,2019-03-25T00:00:00.000Z,66.71428571428571,2700163.4285714286
Strait of Hormuz,2019-04-29T00:00:00.000Z,73.28571428571429,3161552.5714285714
Strait of Hormuz,2019-05-13T00:00:00.000Z,74.57142857142857,3262266.4285714286
Strait of Hormuz,2019-06-03T00:00:00.000Z,81.57142857142857,3247011.4285714286
Strait of Hormuz,2019-07-29T00:00:00.000Z,83.14285714285714,3348557.0
Strait of Hormuz,2019-08-05T00:00:00.000Z,81.57142857142857,3385636.8571428573
Strait of Hormuz,2019-08-12T00:00:00.000Z,77.0,3291621.714285714
Strait of Hormuz,2019-10-28T00:00:00.000Z,68.28571428571429,2655371.714285714
Strait of Hormuz,2020-04-13T00:00:00.000Z,63.57142857142857,2870198.1428571427
Strait of Hormuz,2020-09-07T00:00:00.000Z,92.85714285714286,3678614.5714285714
Strait of Hormuz,2020-11-16T00:00:00.000Z,56.714285714285715,1828680.7142857143
Strait of Hormuz,2021-01-11T00:00:00.000Z,65.57142857142857,2285611.0
Strait of Hormuz,2021-02-01T00:00:00.000Z,68.28571428571429,2879455.5714285714
Strait of Hormuz,2021-04-05T00:00:00.000Z,89.14285714285714,3186374.5714285714
Strait of Hormuz,2021-05-10T00:00:00.000Z,88.42857142857143,3747063.1428571427
Strait of Hormuz,2021-08-23T00:00:00.000Z,84.42857142857143,3279402.5714285714
Strait of Hormuz,2022-01-10T00:00:00.000Z,81.14285714285714,3524920.4285714286
Strait of Hormuz,2022-07-18T00:00:00.000Z,93.0,3958915.5714285714
Strait of Hormuz,2022-08-22T00:00:00.000Z,108.14285714285714,4362470.714285715
Strait of Hormuz,2022-10-10T00:00:00.000Z,101.85714285714286,4054022.4285714286
Strait of Hormuz,2022-11-07T00:00:00.000Z,90.14285714285714,3905534.8571428573
Strait of Hormuz,2023-05-01T00:00:00.000Z,96.57142857142857,4048957.8571428573
Strait of Hormuz,2024-01-29T00:00:00.000Z,65.28571428571429,2991057.8571428573
Strait of Hormuz,2024-06-03T00:00:00.000Z,105.71428571428571,4117204.4285714286
Strait of Hormuz,2024-07-15T00:00:00.000Z,102.57142857142857,3857574.8571428573
Strait of Hormuz,2026-05-04T00:00:00.000Z,1.4285714285714286,81269.0
Cape of Good Hope,2021-06-14T00:00:00.000Z,52.42857142857143,3380071.714285714
Cape of Good Hope,2021-06-21T00:00:00.000Z,44.57142857142857,2885527.8571428573
Cape of Good Hope,2021-08-16T00:00:00.000Z,48.57142857142857,3464209.714285714
Cape of Good Hope,2021-11-29T00:00:00.000Z,45.857142857142854,2475274.0
Cape of Good Hope,2022-01-03T00:00:00.000Z,42.285714285714285,2548970.4285714286
Cape of Good Hope,2022-01-17T00:00:00.000Z,41.285714285714285,2311427.1428571427
Cape of Good Hope,2022-01-24T00:00:00.000Z,42.857142857142854,2543320.4285714286
Cape of Good Hope,2022-02-14T00:00:00.000Z,48.42857142857143,2514270.714285714
Cape of Good Hope,2022-09-05T00:00:00.000Z,52.285714285714285,3375215.714285714
Cape of Good Hope,2023-05-22T00:00:00.000Z,49.57142857142857,3215465.285714286
Cape of Good Hope,2024-01-08T00:00:00.000Z,72.57142857142857,3968871.4285714286
Cape of Good Hope,2024-01-15T00:00:00.000Z,70.14285714285714,3522527.714285714
Cape of Good Hope,2024-09-16T00:00:00.000Z,87.85714285714286,5399306.142857143
Cape of Good Hope,2026-03-16T00:00:00.000Z,92.0,5316203.428571428
Cape of Good Hope,2026-03-23T00:00:00.000Z,90.14285714285714,5081719.142857143
Suez Canal,2019-01-28T00:00:00.000Z,48.142857142857146,2200178.5714285714
Suez Canal,2019-02-25T00:00:00.000Z,50.0,2341856.0
Suez Canal,2019-05-13T00:00:00.000Z,51.857142857142854,2475285.0
Suez Canal,2019-07-29T00:00:00.000Z,56.42857142857143,2626384.714285714
Suez Canal,2019-09-30T00:00:00.000Z,57.42857142857143,2557017.4285714286
Suez Canal,2020-07-06T00:00:00.000Z,43.857142857142854,2013828.0
Suez Canal,2020-10-05T00:00:00.000Z,54.285714285714285,2324913.4285714286
Suez Canal,2020-11-23T00:00:00.000Z,53.857142857142854,2447285.5714285714
Suez Canal,2022-09-19T00:00:00.000Z,66.28571428571429,2982706.5714285714
Suez Canal,2023-05-29T00:00:00.000Z,72.57142857142857,3361853.714285714
Suez Canal,2023-11-20T00:00:00.000Z,75.85714285714286,3416596.0
Suez Canal,2023-11-27T00:00:00.000Z,75.0,3458798.0
Suez Canal,2023-12-18T00:00:00.000Z,70.85714285714286,2958416.714285714
Suez Canal,2023-12-25T00:00:00.000Z,60.285714285714285,2601466.0
Suez Canal,2024-05-06T00:00:00.000Z,42.714285714285715,1356913.142857143
Suez Canal,2025-03-03T00:00:00.000Z,37.57142857142857,1422488.5714285714
Suez Canal,2026-02-16T00:00:00.000Z,40.285714285714285,1396433.7142857143
Suez Canal,2026-03-16T00:00:00.000Z,39.714285714285715,1250657.857142857
Suez Canal,2026-07-20T00:00:00.000Z,41.57142857142857,1342099.4285714286
Korea Strait,2019-03-18T00:00:00.000Z,227.71428571428572,2531109.714285714
Korea Strait,2019-04-22T00:00:00.000Z,222.14285714285714,2564035.714285714
Korea Strait,2019-05-27T00:00:00.000Z,229.85714285714286,3007445.1428571427
Korea Strait,2020-01-27T00:00:00.000Z,275.14285714285717,2733784.8571428573
Korea Strait,2020-03-30T00:00:00.000Z,227.28571428571428,3100147.714285714
Korea Strait,2020-05-25T00:00:00.000Z,234.14285714285714,2838928.714285714
Korea Strait,2020-10-12T00:00:00.000Z,242.28571428571428,3162780.8571428573
Korea Strait,2021-04-05T00:00:00.000Z,244.42857142857142,2754134.4285714286
Korea Strait,2021-04-19T00:00:00.000Z,242.0,2835036.285714286
Korea Strait,2021-06-07T00:00:00.000Z,228.0,2779661.8571428573
Korea Strait,2021-06-14T00:00:00.000Z,231.57142857142858,2826988.4285714286
Korea Strait,2021-07-19T00:00:00.000Z,244.14285714285714,3324894.714285714
Korea Strait,2021-07-26T00:00:00.000Z,225.0,3041563.0
Korea Strait,2022-06-20T00:00:00.000Z,228.28571428571428,3028395.285714286
Korea Strait,2022-11-07T00:00:00.000Z,231.0,2704924.714285714
Korea Strait,2023-01-02T00:00:00.000Z,229.0,3153796.714285714
Korea Strait,2023-04-03T00:00:00.000Z,250.85714285714286,3239415.714285714
Korea Strait,2023-12-04T00:00:00.000Z,240.42857142857142,3170234.714285714
Korea Strait,2024-01-29T00:00:00.000Z,238.71428571428572,3108860.285714286
Korea Strait,2025-05-19T00:00:00.000Z,223.28571428571428,3043412.714285714
Korea Strait,2025-09-08T00:00:00.000Z,210.28571428571428,3180079.5714285714
Korea Strait,2025-10-06T00:00:00.000Z,216.28571428571428,2983616.0
Korea Strait,2026-01-19T00:00:00.000Z,180.42857142857142,2837816.285714286
Korea Strait,2026-03-23T00:00:00.000Z,208.71428571428572,2788380.714285714
Lombok Strait,2019-05-20T00:00:00.000Z,31.285714285714285,1913079.7142857143
Lombok Strait,2019-08-12T00:00:00.000Z,35.42857142857143,2255656.5714285714
Lombok Strait,2019-09-02T00:00:00.000Z,35.714285714285715,2217802.8571428573
Lombok Strait,2019-11-25T00:00:00.000Z,33.0,1852383.0
Lombok Strait,2020-08-03T00:00:00.000Z,32.857142857142854,2257504.8571428573
Lombok Strait,2020-11-02T00:00:00.000Z,35.42857142857143,2408904.285714286
Lombok Strait,2021-03-22T00:00:00.000Z,37.714285714285715,2629520.1428571427
Lombok Strait,2021-05-24T00:00:00.000Z,34.857142857142854,2563500.8571428573
Lombok Strait,2021-11-29T00:00:00.000Z,35.42857142857143,2557807.714285714
Lombok Strait,2022-01-10T00:00:00.000Z,42.42857142857143,2880369.285714286
Lombok Strait,2022-03-21T00:00:00.000Z,37.142857142857146,2694293.5714285714
Lombok Strait,2022-04-25T00:00:00.000Z,36.0,2504654.8571428573
Lombok Strait,2022-05-02T00:00:00.000Z,39.714285714285715,2481478.4285714286
Lombok Strait,2022-07-11T00:00:00.000Z,34.857142857142854,2504005.0
Lombok Strait,2022-07-18T00:00:00.000Z,34.0,2714959.4285714286
Lombok Strait,2022-10-03T00:00:00.000Z,39.0,2387077.0
Lombok Strait,2022-12-05T00:00:00.000Z,39.57142857142857,2955902.0
Lombok Strait,2024-03-11T00:00:00.000Z,34.142857142857146,2333777.8571428573
Lombok Strait,2024-05-06T00:00:00.000Z,39.42857142857143,3076914.5714285714
Lombok Strait,2024-06-10T00:00:00.000Z,37.142857142857146,2983779.714285714
Lombok Strait,2024-09-16T00:00:00.000Z,42.57142857142857,3108083.714285714
Lombok Strait,2025-04-07T00:00:00.000Z,37.42857142857143,2695929.285714286
Lombok Strait,2025-07-28T00:00:00.000Z,38.42857142857143,3062066.4285714286
Lombok Strait,2026-01-26T00:00:00.000Z,37.42857142857143,3361982.714285714
Lombok Strait,2026-04-06T00:00:00.000Z,34.857142857142854,2789848.5714285714
Mindoro Strait,2019-08-19T00:00:00.000Z,53.142857142857146,2344540.8571428573
Mindoro Strait,2019-09-23T00:00:00.000Z,48.42857142857143,1984275.0
Mindoro Strait,2019-10-07T00:00:00.000Z,54.285714285714285,1897361.7142857143
Mindoro Strait,2020-02-17T00:00:00.000Z,45.0,1821216.142857143
Mindoro Strait,2020-08-24T00:00:00.000Z,46.142857142857146,2379154.285714286
Mindoro Strait,2021-03-15T00:00:00.000Z,58.714285714285715,2719684.0
Mindoro Strait,2021-04-19T00:00:00.000Z,70.28571428571429,2991139.1428571427
Mindoro Strait,2022-01-24T00:00:00.000Z,43.57142857142857,2419332.285714286
Mindoro Strait,2022-01-31T00:00:00.000Z,43.714285714285715,2545456.285714286
Mindoro Strait,2022-04-04T00:00:00.000Z,49.0,2525982.0
Mindoro Strait,2022-06-13T00:00:00.000Z,50.714285714285715,3007249.4285714286
Mindoro Strait,2022-10-31T00:00:00.000Z,44.857142857142854,3073995.1428571427
Mindoro Strait,2023-02-06T00:00:00.000Z,49.142857142857146,2766529.714285714
Mindoro Strait,2023-04-03T00:00:00.000Z,48.42857142857143,2604073.1428571427
Mindoro Strait,2023-06-26T00:00:00.000Z,49.142857142857146,2943108.4285714286
Mindoro Strait,2023-08-07T00:00:00.000Z,43.285714285714285,1945229.7142857143
Mindoro Strait,2024-02-12T00:00:00.000Z,47.714285714285715,2169292.714285714
Mindoro Strait,2024-04-15T00:00:00.000Z,42.714285714285715,1797735.857142857
Mindoro Strait,2024-06-03T00:00:00.000Z,39.857142857142854,2062107.4285714286
Mindoro Strait,2024-08-05T00:00:00.000Z,43.0,2155506.1428571427
Mindoro Strait,2024-10-07T00:00:00.000Z,45.285714285714285,1998187.0
Bosporus Strait,2019-02-04T00:00:00.000Z,103.0,1259503.7142857143
Bosporus Strait,2019-04-29T00:00:00.000Z,84.42857142857143,1038365.1428571428
Bosporus Strait,2019-08-26T00:00:00.000Z,96.0,1285183.4285714286
Bosporus Strait,2019-12-30T00:00:00.000Z,99.28571428571429,1432191.4285714286
Bosporus Strait,2020-06-22T00:00:00.000Z,82.28571428571429,895941.4285714285
Bosporus Strait,2021-03-01T00:00:00.000Z,108.0,1455439.4285714286
Bosporus Strait,2021-06-28T00:00:00.000Z,97.42857142857143,1319851.5714285714
Bosporus Strait,2021-09-06T00:00:00.000Z,92.14285714285714,1100655.7142857143
Bosporus Strait,2021-12-13T00:00:00.000Z,101.28571428571429,1749976.2857142857
Bosporus Strait,2022-01-10T00:00:00.000Z,93.0,1371828.2857142857
Bosporus Strait,2022-05-16T00:00:00.000Z,84.14285714285714,853485.0
Bosporus Strait,2022-08-01T00:00:00.000Z,85.42857142857143,940109.4285714285
Bosporus Strait,2023-05-01T00:00:00.000Z,101.28571428571429,1165797.857142857
Bosporus Strait,2023-10-23T00:00:00.000Z,81.71428571428571,896295.2857142857
Bosporus Strait,2024-05-06T00:00:00.000Z,93.71428571428571,1186615.7142857143
Bosporus Strait,2024-05-13T00:00:00.000Z,101.42857142857143,1255562.857142857
Bosporus Strait,2024-10-21T00:00:00.000Z,106.28571428571429,1204402.7142857143
Bosporus Strait,2025-02-24T00:00:00.000Z,103.0,1464047.142857143
Bosporus Strait,2025-12-01T00:00:00.000Z,84.71428571428571,1387236.5714285714
Bosporus Strait,2026-01-19T00:00:00.000Z,86.71428571428571,967273.4285714285
Bosporus Strait,2026-04-27T00:00:00.000Z,81.42857142857143,1311624.5714285714
Bosporus Strait,2026-06-15T00:00:00.000Z,81.0,1208800.142857143
Bosporus Strait,2026-08-10T00:00:00.000Z,55.0,736256.7142857143
Bab el-Mandeb Strait,2019-02-18T00:00:00.000Z,52.57142857142857,2435958.285714286
Bab el-Mandeb Strait,2019-04-29T00:00:00.000Z,53.0,2684504.5714285714
Bab el-Mandeb Strait,2019-05-13T00:00:00.000Z,53.714285714285715,2504424.714285714
Bab el-Mandeb Strait,2019-10-28T00:00:00.000Z,54.42857142857143,2569477.4285714286
Bab el-Mandeb Strait,2019-12-02T00:00:00.000Z,50.714285714285715,2512681.0
Bab el-Mandeb Strait,2020-04-20T00:00:00.000Z,54.0,2539217.4285714286
Bab el-Mandeb Strait,2020-05-11T00:00:00.000Z,49.857142857142854,2509495.0
Bab el-Mandeb Strait,2020-06-29T00:00:00.000Z,50.57142857142857,2217923.5714285714
Bab el-Mandeb Strait,2021-10-25T00:00:00.000Z,59.285714285714285,2680143.285714286
Bab el-Mandeb Strait,2022-01-03T00:00:00.000Z,62.42857142857143,2741649.4285714286
Bab el-Mandeb Strait,2022-02-07T00:00:00.000Z,68.28571428571429,3056205.4285714286
Bab el-Mandeb Strait,2022-06-20T00:00:00.000Z,64.42857142857143,2936724.1428571427
Bab el-Mandeb Strait,2022-06-27T00:00:00.000Z,69.85714285714286,3052504.714285714
Bab el-Mandeb Strait,2023-03-27T00:00:00.000Z,75.57142857142857,3573061.4285714286
Bab el-Mandeb Strait,2023-05-01T00:00:00.000Z,75.57142857142857,3819598.285714286
Bab el-Mandeb Strait,2023-07-10T00:00:00.000Z,73.85714285714286,3319025.0
Bab el-Mandeb Strait,2023-10-23T00:00:00.000Z,74.42857142857143,3515934.714285714
Bab el-Mandeb Strait,2023-10-30T00:00:00.000Z,79.57142857142857,3472933.5714285714
Bab el-Mandeb Strait,2024-03-11T00:00:00.000Z,33.0,1381391.7142857143
Bab el-Mandeb Strait,2024-04-15T00:00:00.000Z,32.714285714285715,1185016.857142857
Bab el-Mandeb Strait,2024-06-24T00:00:00.000Z,28.0,1118766.7142857143
Bab el-Mandeb Strait,2024-12-02T00:00:00.000Z,29.428571428571427,828609.7142857143
Bab el-Mandeb Strait,2025-01-20T00:00:00.000Z,32.142857142857146,1056188.2857142857
Bab el-Mandeb Strait,2025-02-10T00:00:00.000Z,31.571428571428573,1123169.5714285714
Bab el-Mandeb Strait,2025-07-14T00:00:00.000Z,27.571428571428573,1024145.7142857143
Bab el-Mandeb Strait,2025-08-11T00:00:00.000Z,35.285714285714285,1145233.5714285714
Bab el-Mandeb Strait,2025-10-06T00:00:00.000Z,34.0,1304446.5714285714
Bab el-Mandeb Strait,2026-08-03T00:00:00.000Z,25.428571428571427,833419.0
Malacca Strait,2019-12-02T00:00:00.000Z,164.42857142857142,6545354.714285715
Malacca Strait,2020-02-03T00:00:00.000Z,169.28571428571428,6601306.857142857
Malacca Strait,2020-02-10T00:00:00.000Z,166.85714285714286,5831731.857142857
Malacca Strait,2021-06-07T00:00:00.000Z,146.57142857142858,5748340.857142857
Malacca Strait,2021-08-30T00:00:00.000Z,147.85714285714286,5560140.714285715
Malacca Strait,2022-02-07T00:00:00.000Z,211.14285714285714,7369035.285714285
Malacca Strait,2022-04-25T00:00:00.000Z,209.28571428571428,8026473.714285715
Malacca Strait,2022-07-25T00:00:00.000Z,208.42857142857142,7542630.285714285
Malacca Strait,2022-08-29T00:00:00.000Z,210.85714285714286,7959547.571428572
Malacca Strait,2022-09-26T00:00:00.000Z,210.42857142857142,7507631.142857143
Malacca Strait,2023-04-03T00:00:00.000Z,225.14285714285714,8536623.0
Malacca Strait,2023-04-24T00:00:00.000Z,218.71428571428572,8529199.142857144
Malacca Strait,2023-06-26T00:00:00.000Z,220.28571428571428,8231404.857142857
Malacca Strait,2023-07-10T00:00:00.000Z,222.0,7675303.857142857
Malacca Strait,2024-01-22T00:00:00.000Z,227.42857142857142,8720136.714285715
Malacca Strait,2024-07-08T00:00:00.000Z,228.28571428571428,8839003.0
Malacca Strait,2025-07-21T00:00:00.000Z,235.57142857142858,9394842.285714285
Malacca Strait,2025-08-25T00:00:00.000Z,238.28571428571428,8979299.57142857
Malacca Strait,2026-08-03T00:00:00.000Z,217.42857142857142,7482207.571428572
