date,origin_ma28,alt_ma28,origin,alternative,corridor,substitution_ratio
2019-01-31,48.92857142857143,47.67857142857143,Suez Canal,Cape of Good Hope,asia_europe,0.9744525547445255
2019-02-07,49.82142857142857,47.107142857142854,Suez Canal,Cape of Good Hope,asia_europe,0.9455197132616487
2019-03-06,50.57142857142857,51.535714285714285,Suez Canal,Cape of Good Hope,asia_europe,1.0190677966101696
2019-03-17,50.535714285714285,48.17857142857143,Suez Canal,Cape of Good Hope,asia_europe,0.953356890459364
2019-03-20,50.82142857142857,47.285714285714285,Suez Canal,Cape of Good Hope,asia_europe,0.9304286718200984
2019-03-24,49.964285714285715,45.25,Suez Canal,Cape of Good Hope,asia_europe,0.9056468906361687
2019-04-28,52.107142857142854,45.642857142857146,Suez Canal,Cape of Good Hope,asia_europe,0.875942426319397
2019-05-08,51.17857142857143,45.607142857142854,Suez Canal,Cape of Good Hope,asia_europe,0.8911374738311234
2019-05-18,51.642857142857146,45.0,Suez Canal,Cape of Good Hope,asia_europe,0.871369294605809
2019-05-29,51.25,45.035714285714285,Suez Canal,Cape of Good Hope,asia_europe,0.8787456445993032
2019-06-14,51.392857142857146,48.25,Suez Canal,Cape of Good Hope,asia_europe,0.9388464211257818
2019-07-24,51.464285714285715,50.107142857142854,Suez Canal,Cape of Good Hope,asia_europe,0.9736294240111033
2019-08-05,53.5,52.107142857142854,Suez Canal,Cape of Good Hope,asia_europe,0.9739652870493991
2019-09-04,54.32142857142857,50.035714285714285,Suez Canal,Cape of Good Hope,asia_europe,0.9211045364891519
2019-09-11,53.82142857142857,50.5,Suez Canal,Cape of Good Hope,asia_europe,0.9382879893828799
2019-09-24,52.714285714285715,51.67857142857143,Suez Canal,Cape of Good Hope,asia_europe,0.9803523035230353
2019-10-11,54.42857142857143,53.75,Suez Canal,Cape of Good Hope,asia_europe,0.9875328083989501
2019-11-16,54.857142857142854,48.32142857142857,Suez Canal,Cape of Good Hope,asia_europe,0.880859375
2019-12-03,53.67857142857143,46.035714285714285,Suez Canal,Cape of Good Hope,asia_europe,0.8576180971390551
2019-12-14,54.82142857142857,44.107142857142854,Suez Canal,Cape of Good Hope,asia_europe,0.8045602605863192
2019-12-18,54.714285714285715,43.82142857142857,Suez Canal,Cape of Good Hope,asia_europe,0.8009138381201044
2019-12-29,54.32142857142857,41.17857142857143,Suez Canal,Cape of Good Hope,asia_europe,0.7580539119000658
2020-02-12,56.357142857142854,79.39285714285714,Suez Canal,Cape of Good Hope,asia_europe,1.408745247148289
2020-02-18,58.964285714285715,80.96428571428571,Suez Canal,Cape of Good Hope,asia_europe,1.373107207752877
2020-02-19,59.214285714285715,81.03571428571429,Suez Canal,Cape of Good Hope,asia_europe,1.3685162846803378
2020-03-17,52.92857142857143,41.964285714285715,Suez Canal,Cape of Good Hope,asia_europe,0.7928475033738192
2020-04-03,54.67857142857143,44.107142857142854,Suez Canal,Cape of Good Hope,asia_europe,0.806662312214239
2020-04-13,56.214285714285715,46.214285714285715,Suez Canal,Cape of Good Hope,asia_europe,0.8221092757306226
2020-06-21,46.357142857142854,55.32142857142857,Suez Canal,Cape of Good Hope,asia_europe,1.1933744221879816
2020-07-02,46.32142857142857,53.42857142857143,Suez Canal,Cape of Good Hope,asia_europe,1.15343099460293
2020-07-16,45.607142857142854,54.607142857142854,Suez Canal,Cape of Good Hope,asia_europe,1.197337509788567
2020-08-01,46.892857142857146,60.82142857142857,Suez Canal,Cape of Good Hope,asia_europe,1.2970297029702968
2020-08-03,47.75,61.92857142857143,Suez Canal,Cape of Good Hope,asia_europe,1.2969334330590876
2020-09-01,51.57142857142857,54.642857142857146,Suez Canal,Cape of Good Hope,asia_europe,1.0595567867036013
2020-10-22,51.964285714285715,50.5,Suez Canal,Cape of Good Hope,asia_europe,0.9718213058419244
2020-12-12,53.57142857142857,47.57142857142857,Suez Canal,Cape of Good Hope,asia_europe,0.888
2020-12-13,53.464285714285715,47.17857142857143,Suez Canal,Cape of Good Hope,asia_europe,0.8824315297261189
2021-01-20,52.214285714285715,42.67857142857143,Suez Canal,Cape of Good Hope,asia_europe,0.8173734610123119
2021-01-28,52.285714285714285,42.964285714285715,Suez Canal,Cape of Good Hope,asia_europe,0.8217213114754098
2021-02-10,52.607142857142854,42.892857142857146,Suez Canal,Cape of Good Hope,asia_europe,0.8153428377460965
2021-03-17,57.964285714285715,48.17857142857143,Suez Canal,Cape of Good Hope,asia_europe,0.8311768330252619
2021-03-22,57.17857142857143,48.5,Suez Canal,Cape of Good Hope,asia_europe,0.8482198625858838
2021-03-28,47.642857142857146,48.785714285714285,Suez Canal,Cape of Good Hope,asia_europe,1.0239880059970015
2021-04-02,48.214285714285715,47.92857142857143,Suez Canal,Cape of Good Hope,asia_europe,0.9940740740740741
2021-04-03,49.42857142857143,48.357142857142854,Suez Canal,Cape of Good Hope,asia_europe,0.9783236994219652
2021-04-23,58.357142857142854,51.75,Suez Canal,Cape of Good Hope,asia_europe,0.886780905752754
2021-05-03,57.535714285714285,51.5,Suez Canal,Cape of Good Hope,asia_europe,0.8950962135319678
2021-05-11,54.357142857142854,49.25,Suez Canal,Cape of Good Hope,asia_europe,0.9060446780551906
2021-06-11,55.0,50.607142857142854,Suez Canal,Cape of Good Hope,asia_europe,0.92012987012987
2021-06-16,54.57142857142857,49.964285714285715,Suez Canal,Cape of Good Hope,asia_europe,0.9155759162303665
2021-06-19,55.142857142857146,51.142857142857146,Suez Canal,Cape of Good Hope,asia_europe,0.927461139896373
2021-06-23,55.75,50.357142857142854,Suez Canal,Cape of Good Hope,asia_europe,0.9032671364509929
2021-06-29,56.464285714285715,50.75,Suez Canal,Cape of Good Hope,asia_europe,0.898798228969007
2021-07-08,55.25,50.25,Suez Canal,Cape of Good Hope,asia_europe,0.9095022624434389
2021-07-09,55.32142857142857,50.035714285714285,Suez Canal,Cape of Good Hope,asia_europe,0.9044544867656553
2021-07-18,54.92857142857143,50.285714285714285,Suez Canal,Cape of Good Hope,asia_europe,0.9154746423927178
2021-08-21,62.0,48.67857142857143,Suez Canal,Cape of Good Hope,asia_europe,0.7851382488479263
2021-08-25,62.357142857142854,48.285714285714285,Suez Canal,Cape of Good Hope,asia_europe,0.7743413516609393
2021-08-27,62.32142857142857,47.57142857142857,Suez Canal,Cape of Good Hope,asia_europe,0.763323782234957
2021-09-19,62.035714285714285,48.32142857142857,Suez Canal,Cape of Good Hope,asia_europe,0.7789291882556131
2021-10-08,62.285714285714285,45.785714285714285,Suez Canal,Cape of Good Hope,asia_europe,0.7350917431192661
2021-11-03,61.857142857142854,41.5,Suez Canal,Cape of Good Hope,asia_europe,0.6709006928406467
2021-11-13,60.32142857142857,41.82142857142857,Suez Canal,Cape of Good Hope,asia_europe,0.6933096506808762
2021-11-23,62.107142857142854,41.464285714285715,Suez Canal,Cape of Good Hope,asia_europe,0.6676250718803911
2021-12-18,60.67857142857143,43.607142857142854,Suez Canal,Cape of Good Hope,asia_europe,0.718658034137728
2021-12-23,60.42857142857143,42.535714285714285,Suez Canal,Cape of Good Hope,asia_europe,0.7039007092198581
2022-01-01,59.214285714285715,42.035714285714285,Suez Canal,Cape of Good Hope,asia_europe,0.7098914354644149
2022-02-19,62.32142857142857,43.75,Suez Canal,Cape of Good Hope,asia_europe,0.7020057306590258
2022-02-25,62.07142857142857,42.892857142857146,Suez Canal,Cape of Good Hope,asia_europe,0.6910241657077101
2022-03-02,62.67857142857143,41.82142857142857,Suez Canal,Cape of Good Hope,asia_europe,0.6672364672364672
2022-03-14,61.142857142857146,42.035714285714285,Suez Canal,Cape of Good Hope,asia_europe,0.6875
2022-03-28,59.92857142857143,41.0,Suez Canal,Cape of Good Hope,asia_europe,0.6841477949940405
2022-03-29,59.785714285714285,41.142857142857146,Suez Canal,Cape of Good Hope,asia_europe,0.6881720430107527
2022-04-04,60.964285714285715,40.107142857142854,Suez Canal,Cape of Good Hope,asia_europe,0.6578793204452255
2022-04-27,65.64285714285714,40.785714285714285,Suez Canal,Cape of Good Hope,asia_europe,0.6213275299238302
2022-05-04,63.785714285714285,42.392857142857146,Suez Canal,Cape of Good Hope,asia_europe,0.6646136618141097
2022-05-20,63.642857142857146,45.32142857142857,Suez Canal,Cape of Good Hope,asia_europe,0.712121212121212
2022-05-21,63.57142857142857,45.32142857142857,Suez Canal,Cape of Good Hope,asia_europe,0.7129213483146067
2022-05-31,64.0,45.0,Suez Canal,Cape of Good Hope,asia_europe,0.703125
2022-06-15,65.07142857142857,45.392857142857146,Suez Canal,Cape of Good Hope,asia_europe,0.6975850713501647
2022-07-03,68.82142857142857,48.5,Suez Canal,Cape of Good Hope,asia_europe,0.7047223663725999
2022-07-06,69.21428571428571,47.07142857142857,Suez Canal,Cape of Good Hope,asia_europe,0.6800825593395253
2022-08-09,73.5,47.92857142857143,Suez Canal,Cape of Good Hope,asia_europe,0.652089407191448
2022-10-25,70.0,43.25,Suez Canal,Cape of Good Hope,asia_europe,0.6178571428571429
2022-10-28,70.32142857142857,42.964285714285715,Suez Canal,Cape of Good Hope,asia_europe,0.6109700355510411
2022-11-16,73.75,41.67857142857143,Suez Canal,Cape of Good Hope,asia_europe,0.565133171912833
2022-12-19,70.85714285714286,41.464285714285715,Suez Canal,Cape of Good Hope,asia_europe,0.5851814516129032
2023-02-03,70.64285714285714,42.142857142857146,Suez Canal,Cape of Good Hope,asia_europe,0.596562184024267
2023-02-11,70.64285714285714,42.392857142857146,Suez Canal,Cape of Good Hope,asia_europe,0.6001011122345805
2023-02-17,70.64285714285714,42.642857142857146,Suez Canal,Cape of Good Hope,asia_europe,0.6036400404448939
2023-02-24,70.10714285714286,42.285714285714285,Suez Canal,Cape of Good Hope,asia_europe,0.6031584309730005
2023-03-21,71.78571428571429,43.25,Suez Canal,Cape of Good Hope,asia_europe,0.6024875621890546
2023-04-23,75.75,44.035714285714285,Suez Canal,Cape of Good Hope,asia_europe,0.5813295615275813
2023-05-04,78.42857142857143,44.75,Suez Canal,Cape of Good Hope,asia_europe,0.5705828779599271
2023-05-05,78.53571428571429,44.75,Suez Canal,Cape of Good Hope,asia_europe,0.5698044565711686
2023-05-29,77.42857142857143,48.892857142857146,Suez Canal,Cape of Good Hope,asia_europe,0.6314575645756457
2023-06-03,76.17857142857143,51.57142857142857,Suez Canal,Cape of Good Hope,asia_europe,0.676980778246601
2023-06-22,75.57142857142857,50.607142857142854,Suez Canal,Cape of Good Hope,asia_europe,0.6696597353497165
2023-07-15,74.32142857142857,51.82142857142857,Suez Canal,Cape of Good Hope,asia_europe,0.6972609322441135
2023-08-01,71.21428571428571,51.535714285714285,Suez Canal,Cape of Good Hope,asia_europe,0.7236710130391174
2023-08-05,70.64285714285714,54.892857142857146,Suez Canal,Cape of Good Hope,asia_europe,0.7770475227502529
2023-08-12,69.57142857142857,54.964285714285715,Suez Canal,Cape of Good Hope,asia_europe,0.790041067761807
2023-08-18,70.07142857142857,54.32142857142857,Suez Canal,Cape of Good Hope,asia_europe,0.7752293577981652
2023-08-27,71.17857142857143,54.285714285714285,Suez Canal,Cape of Good Hope,asia_europe,0.7626693426994481
2023-10-04,74.46428571428571,56.82142857142857,Suez Canal,Cape of Good Hope,asia_europe,0.7630695443645085
2023-10-09,74.35714285714286,56.142857142857146,Suez Canal,Cape of Good Hope,asia_europe,0.7550432276657061
2023-10-26,76.96428571428571,52.285714285714285,Suez Canal,Cape of Good Hope,asia_europe,0.6793503480278422
2023-11-14,76.07142857142857,48.285714285714285,Suez Canal,Cape of Good Hope,asia_europe,0.6347417840375587
2023-11-17,77.21428571428571,47.964285714285715,Suez Canal,Cape of Good Hope,asia_europe,0.6211840888066605
2023-11-28,76.82142857142857,49.57142857142857,Suez Canal,Cape of Good Hope,asia_europe,0.6452812645281264
2023-12-19,76.10714285714286,48.75,Suez Canal,Cape of Good Hope,asia_europe,0.6405443453777568
2023-12-20,75.89285714285714,48.642857142857146,Suez Canal,Cape of Good Hope,asia_europe,0.6409411764705883
2024-01-06,66.35714285714286,58.214285714285715,Suez Canal,Cape of Good Hope,asia_europe,0.8772874058127018
2024-01-20,53.964285714285715,67.42857142857143,Suez Canal,Cape of Good Hope,asia_europe,1.2495036399735275
2024-02-22,41.107142857142854,83.85714285714286,Suez Canal,Cape of Good Hope,asia_europe,2.0399652476107737
2024-03-11,41.214285714285715,90.42857142857143,Suez Canal,Cape of Good Hope,asia_europe,2.194107452339688
2024-03-26,39.607142857142854,87.14285714285714,Suez Canal,Cape of Good Hope,asia_europe,2.200180342651037
2024-04-11,39.42857142857143,79.5,Suez Canal,Cape of Good Hope,asia_europe,2.016304347826087
2024-04-18,39.964285714285715,84.85714285714286,Suez Canal,Cape of Good Hope,asia_europe,2.123324396782842
2024-05-13,41.214285714285715,91.03571428571429,Suez Canal,Cape of Good Hope,asia_europe,2.208838821490468
2024-06-11,40.714285714285715,92.60714285714286,Suez Canal,Cape of Good Hope,asia_europe,2.274561403508772
2024-06-16,40.82142857142857,93.78571428571429,Suez Canal,Cape of Good Hope,asia_europe,2.297462817147857
2024-06-28,39.214285714285715,95.78571428571429,Suez Canal,Cape of Good Hope,asia_europe,2.4426229508196724
2024-06-30,38.5,97.03571428571429,Suez Canal,Cape of Good Hope,asia_europe,2.5204081632653064
2024-07-16,37.42857142857143,93.82142857142857,Suez Canal,Cape of Good Hope,asia_europe,2.506679389312977
2024-07-24,37.07142857142857,95.53571428571429,Suez Canal,Cape of Good Hope,asia_europe,2.5770712909441236
2024-07-28,37.964285714285715,90.0,Suez Canal,Cape of Good Hope,asia_europe,2.370649106302916
2024-09-14,37.857142857142854,91.28571428571429,Suez Canal,Cape of Good Hope,asia_europe,2.4113207547169817
2024-10-09,38.57142857142857,88.64285714285714,Suez Canal,Cape of Good Hope,asia_europe,2.2981481481481483
2024-10-16,38.0,87.32142857142857,Suez Canal,Cape of Good Hope,asia_europe,2.297932330827068
2024-10-17,37.714285714285715,87.25,Suez Canal,Cape of Good Hope,asia_europe,2.3134469696969697
2024-11-07,38.0,85.5,Suez Canal,Cape of Good Hope,asia_europe,2.25
2024-11-16,37.357142857142854,85.57142857142857,Suez Canal,Cape of Good Hope,asia_europe,2.2906309751434035
2024-12-02,35.892857142857146,83.17857142857143,Suez Canal,Cape of Good Hope,asia_europe,2.3174129353233828
2024-12-06,35.5,83.82142857142857,Suez Canal,Cape of Good Hope,asia_europe,2.3611670020120723
2024-12-24,36.32142857142857,80.53571428571429,Suez Canal,Cape of Good Hope,asia_europe,2.217305801376598
2024-12-31,36.0,79.85714285714286,Suez Canal,Cape of Good Hope,asia_europe,2.2182539682539684
2025-01-10,36.5,81.25,Suez Canal,Cape of Good Hope,asia_europe,2.2260273972602738
2025-01-11,36.75,81.89285714285714,Suez Canal,Cape of Good Hope,asia_europe,2.2283770651117587
2025-02-03,36.142857142857146,84.60714285714286,Suez Canal,Cape of Good Hope,asia_europe,2.340909090909091
2025-02-08,34.714285714285715,84.71428571428571,Suez Canal,Cape of Good Hope,asia_europe,2.4403292181069958
2025-02-16,35.535714285714285,87.5,Suez Canal,Cape of Good Hope,asia_europe,2.462311557788945
2025-02-18,35.82142857142857,86.92857142857143,Suez Canal,Cape of Good Hope,asia_europe,2.4267198404785644
2025-02-20,35.535714285714285,87.03571428571429,Suez Canal,Cape of Good Hope,asia_europe,2.449246231155779
2025-02-23,34.75,87.10714285714286,Suez Canal,Cape of Good Hope,asia_europe,2.5066803699897227
2025-03-02,34.392857142857146,88.67857142857143,Suez Canal,Cape of Good Hope,asia_europe,2.578400830737279
2025-03-16,36.142857142857146,85.39285714285714,Suez Canal,Cape of Good Hope,asia_europe,2.362648221343873
2025-03-17,36.285714285714285,84.89285714285714,Suez Canal,Cape of Good Hope,asia_europe,2.3395669291338583
2025-03-19,35.57142857142857,83.60714285714286,Suez Canal,Cape of Good Hope,asia_europe,2.350401606425703
2025-03-24,37.17857142857143,81.42857142857143,Suez Canal,Cape of Good Hope,asia_europe,2.190201729106628
2025-04-04,37.67857142857143,80.57142857142857,Suez Canal,Cape of Good Hope,asia_europe,2.138388625592417
2025-04-06,37.42857142857143,78.64285714285714,Suez Canal,Cape of Good Hope,asia_europe,2.101145038167939
2025-04-11,37.5,81.28571428571429,Suez Canal,Cape of Good Hope,asia_europe,2.167619047619048
2025-07-20,36.964285714285715,96.17857142857143,Suez Canal,Cape of Good Hope,asia_europe,2.6019323671497583
2025-07-24,38.464285714285715,99.28571428571429,Suez Canal,Cape of Good Hope,asia_europe,2.5812441968430826
2025-08-06,37.714285714285715,94.96428571428571,Suez Canal,Cape of Good Hope,asia_europe,2.517992424242424
2025-08-16,38.5,97.25,Suez Canal,Cape of Good Hope,asia_europe,2.5259740259740258
2025-08-22,38.42857142857143,97.07142857142857,Suez Canal,Cape of Good Hope,asia_europe,2.5260223048327135
2025-09-11,40.32142857142857,97.07142857142857,Suez Canal,Cape of Good Hope,asia_europe,2.407440212577502
2025-09-20,41.32142857142857,96.78571428571429,Suez Canal,Cape of Good Hope,asia_europe,2.342264477095938
2025-10-10,40.964285714285715,96.96428571428571,Suez Canal,Cape of Good Hope,asia_europe,2.367044463818657
2025-10-28,41.892857142857146,94.89285714285714,Suez Canal,Cape of Good Hope,asia_europe,2.2651321398124464
2025-10-30,41.392857142857146,93.89285714285714,Suez Canal,Cape of Good Hope,asia_europe,2.2683347713546156
2025-11-13,42.75,89.35714285714286,Suez Canal,Cape of Good Hope,asia_europe,2.0902255639097747
2025-12-12,41.07142857142857,87.64285714285714,Suez Canal,Cape of Good Hope,asia_europe,2.1339130434782607
2025-12-21,41.67857142857143,85.64285714285714,Suez Canal,Cape of Good Hope,asia_europe,2.05484147386461
2025-12-31,39.857142857142854,84.89285714285714,Suez Canal,Cape of Good Hope,asia_europe,2.1299283154121866
2026-01-24,37.464285714285715,86.92857142857143,Suez Canal,Cape of Good Hope,asia_europe,2.3203050524308866
2026-01-30,39.785714285714285,88.60714285714286,Suez Canal,Cape of Good Hope,asia_europe,2.2271095152603233
2026-02-09,40.642857142857146,85.60714285714286,Suez Canal,Cape of Good Hope,asia_europe,2.1063268892794373
2026-02-13,41.5,85.17857142857143,Suez Canal,Cape of Good Hope,asia_europe,2.0524956970740105
2026-02-28,41.357142857142854,87.03571428571429,Suez Canal,Cape of Good Hope,asia_europe,2.1044905008635584
2026-05-05,40.0,95.57142857142857,Suez Canal,Cape of Good Hope,asia_europe,2.3892857142857142
2026-05-13,39.892857142857146,89.35714285714286,Suez Canal,Cape of Good Hope,asia_europe,2.2399283795881826
2026-05-16,40.42857142857143,94.64285714285714,Suez Canal,Cape of Good Hope,asia_europe,2.340989399293286
2026-06-08,40.357142857142854,99.17857142857143,Suez Canal,Cape of Good Hope,asia_europe,2.4575221238938054
2026-06-11,40.75,99.17857142857143,Suez Canal,Cape of Good Hope,asia_europe,2.433829973707274
2026-06-28,40.392857142857146,92.60714285714286,Suez Canal,Cape of Good Hope,asia_europe,2.292661361626879
2026-07-05,40.607142857142854,93.75,Suez Canal,Cape of Good Hope,asia_europe,2.3087071240105543
2026-07-10,40.714285714285715,93.5,Suez Canal,Cape of Good Hope,asia_europe,2.2964912280701753
2026-07-20,41.75,91.89285714285714,Suez Canal,Cape of Good Hope,asia_europe,2.201026518391788
2026-07-21,41.464285714285715,92.0,Suez Canal,Cape of Good Hope,asia_europe,2.218776916451335
2026-08-01,41.857142857142854,91.21428571428571,Suez Canal,Cape of Good Hope,asia_europe,2.1791808873720138
2019-01-03,57.666666666666664,46.0,Suez Canal,Cape of Good Hope,asia_europe,0.7976878612716763
2019-01-20,49.25,47.55,Suez Canal,Cape of Good Hope,asia_europe,0.965482233502538
2019-01-24,50.166666666666664,46.625,Suez Canal,Cape of Good Hope,asia_europe,0.9294019933554818
2019-01-26,49.88461538461539,46.42307692307692,Suez Canal,Cape of Good Hope,asia_europe,0.9306090979182728
2019-02-20,49.964285714285715,49.714285714285715,Suez Canal,Cape of Good Hope,asia_europe,0.9949964260185847
2019-04-01,50.107142857142854,43.17857142857143,Suez Canal,Cape of Good Hope,asia_europe,0.8617248752672845
2019-04-10,50.535714285714285,44.392857142857146,Suez Canal,Cape of Good Hope,asia_europe,0.8784452296819789
2019-04-27,51.607142857142854,45.67857142857143,Suez Canal,Cape of Good Hope,asia_europe,0.8851211072664361
2019-05-10,51.214285714285715,44.285714285714285,Suez Canal,Cape of Good Hope,asia_europe,0.8647140864714086
2019-05-28,51.57142857142857,44.92857142857143,Suez Canal,Cape of Good Hope,asia_europe,0.8711911357340721
2019-06-12,51.57142857142857,47.892857142857146,Suez Canal,Cape of Good Hope,asia_europe,0.9286703601108034
2019-07-23,51.5,50.67857142857143,Suez Canal,Cape of Good Hope,asia_europe,0.9840499306518724
2019-08-09,54.25,52.535714285714285,Suez Canal,Cape of Good Hope,asia_europe,0.9684002633311389
2019-08-27,55.535714285714285,50.857142857142854,Suez Canal,Cape of Good Hope,asia_europe,0.9157556270096463
2019-09-27,52.67857142857143,51.714285714285715,Suez Canal,Cape of Good Hope,asia_europe,0.9816949152542372
2019-10-04,53.392857142857146,54.32142857142857,Suez Canal,Cape of Good Hope,asia_europe,1.017391304347826
2019-11-11,55.607142857142854,49.17857142857143,Suez Canal,Cape of Good Hope,asia_europe,0.8843930635838151
2019-11-18,55.107142857142854,47.785714285714285,Suez Canal,Cape of Good Hope,asia_europe,0.8671419313026572
2019-11-23,53.964285714285715,48.392857142857146,Suez Canal,Cape of Good Hope,asia_europe,0.8967571144937128
2020-02-28,54.92857142857143,52.5,Suez Canal,Cape of Good Hope,asia_europe,0.9557867360208062
2020-02-29,54.214285714285715,48.892857142857146,Suez Canal,Cape of Good Hope,asia_europe,0.9018445322793149
2020-03-21,53.464285714285715,42.32142857142857,Suez Canal,Cape of Good Hope,asia_europe,0.7915831663326652
2020-03-22,53.57142857142857,42.32142857142857,Suez Canal,Cape of Good Hope,asia_europe,0.79
2020-03-30,53.857142857142854,44.07142857142857,Suez Canal,Cape of Good Hope,asia_europe,0.8183023872679045
2020-04-14,56.535714285714285,46.857142857142854,Suez Canal,Cape of Good Hope,asia_europe,0.8288060644346178
2020-04-29,58.07142857142857,51.07142857142857,Suez Canal,Cape of Good Hope,asia_europe,0.8794587945879458
2020-05-19,55.67857142857143,53.642857142857146,Suez Canal,Cape of Good Hope,asia_europe,0.9634381013470174
2020-06-12,50.0,54.607142857142854,Suez Canal,Cape of Good Hope,asia_europe,1.092142857142857
2020-06-22,46.035714285714285,56.142857142857146,Suez Canal,Cape of Good Hope,asia_europe,1.2195500387897595
2020-07-18,45.892857142857146,56.42857142857143,Suez Canal,Cape of Good Hope,asia_europe,1.2295719844357977
2020-07-30,46.5,60.25,Suez Canal,Cape of Good Hope,asia_europe,1.2956989247311828
2020-09-02,52.0,54.285714285714285,Suez Canal,Cape of Good Hope,asia_europe,1.043956043956044
2020-10-13,52.464285714285715,51.42857142857143,Suez Canal,Cape of Good Hope,asia_europe,0.9802586793737237
2020-10-24,52.07142857142857,51.07142857142857,Suez Canal,Cape of Good Hope,asia_europe,0.9807956104252401
2020-10-29,53.07142857142857,50.285714285714285,Suez Canal,Cape of Good Hope,asia_europe,0.9475100942126514
2020-11-12,53.142857142857146,48.857142857142854,Suez Canal,Cape of Good Hope,asia_europe,0.9193548387096773
2020-11-23,55.785714285714285,48.214285714285715,Suez Canal,Cape of Good Hope,asia_europe,0.8642765685019207
2020-12-25,52.92857142857143,44.92857142857143,Suez Canal,Cape of Good Hope,asia_europe,0.8488529014844804
2021-01-19,52.17857142857143,42.964285714285715,Suez Canal,Cape of Good Hope,asia_europe,0.8234086242299794
2021-01-31,51.92857142857143,42.92857142857143,Suez Canal,Cape of Good Hope,asia_europe,0.8266850068775791
2021-02-21,54.5,44.42857142857143,Suez Canal,Cape of Good Hope,asia_europe,0.8152031454783749
2021-03-23,56.32142857142857,48.964285714285715,Suez Canal,Cape of Good Hope,asia_europe,0.8693722257450857
2021-04-13,52.857142857142854,50.714285714285715,Suez Canal,Cape of Good Hope,asia_europe,0.9594594594594595
2021-04-28,61.357142857142854,53.285714285714285,Suez Canal,Cape of Good Hope,asia_europe,0.8684516880093132
2021-05-15,54.714285714285715,50.357142857142854,Suez Canal,Cape of Good Hope,asia_europe,0.9203655352480417
2021-05-23,54.357142857142854,48.607142857142854,Suez Canal,Cape of Good Hope,asia_europe,0.8942181340341656
2021-05-30,56.464285714285715,50.464285714285715,Suez Canal,Cape of Good Hope,asia_europe,0.8937381404174574
2021-06-03,55.32142857142857,50.285714285714285,Suez Canal,Cape of Good Hope,asia_europe,0.9089735313105229
2021-06-13,55.107142857142854,50.035714285714285,Suez Canal,Cape of Good Hope,asia_europe,0.9079714841218406
2021-06-28,55.392857142857146,50.285714285714285,Suez Canal,Cape of Good Hope,asia_europe,0.9078014184397163
2021-07-07,55.07142857142857,50.0,Suez Canal,Cape of Good Hope,asia_europe,0.9079118028534371
2021-07-12,54.964285714285715,49.464285714285715,Suez Canal,Cape of Good Hope,asia_europe,0.8999350227420403
2021-07-16,55.035714285714285,50.357142857142854,Suez Canal,Cape of Good Hope,asia_europe,0.9149902660609993
2021-07-24,54.535714285714285,51.25,Suez Canal,Cape of Good Hope,asia_europe,0.939751146037983
2021-08-06,57.75,51.75,Suez Canal,Cape of Good Hope,asia_europe,0.8961038961038961
2021-10-02,63.107142857142854,48.107142857142854,Suez Canal,Cape of Good Hope,asia_europe,0.7623089983022071
2021-10-03,62.57142857142857,47.142857142857146,Suez Canal,Cape of Good Hope,asia_europe,0.7534246575342467
2021-11-02,61.75,41.535714285714285,Suez Canal,Cape of Good Hope,asia_europe,0.6726431463273569
2021-11-19,60.92857142857143,41.42857142857143,Suez Canal,Cape of Good Hope,asia_europe,0.6799531066822978
2021-11-26,62.642857142857146,40.857142857142854,Suez Canal,Cape of Good Hope,asia_europe,0.6522234891676167
2022-01-17,59.17857142857143,41.32142857142857,Suez Canal,Cape of Good Hope,asia_europe,0.6982498491249245
2022-02-11,60.357142857142854,40.75,Suez Canal,Cape of Good Hope,asia_europe,0.6751479289940828
2022-02-13,61.285714285714285,41.82142857142857,Suez Canal,Cape of Good Hope,asia_europe,0.6824009324009324
2022-02-24,61.857142857142854,43.107142857142854,Suez Canal,Cape of Good Hope,asia_europe,0.6968822170900693
2022-03-25,60.32142857142857,40.42857142857143,Suez Canal,Cape of Good Hope,asia_europe,0.670219064535228
2022-03-31,59.964285714285715,40.25,Suez Canal,Cape of Good Hope,asia_europe,0.6712328767123288
2022-04-01,60.464285714285715,40.035714285714285,Suez Canal,Cape of Good Hope,asia_europe,0.6621382161842883
2022-04-05,61.57142857142857,40.642857142857146,Suez Canal,Cape of Good Hope,asia_europe,0.6600928074245941
2022-04-07,61.392857142857146,39.714285714285715,Suez Canal,Cape of Good Hope,asia_europe,0.6468877254217568
2022-04-25,66.0,40.392857142857146,Suez Canal,Cape of Good Hope,asia_europe,0.612012987012987
2022-05-07,64.46428571428571,43.035714285714285,Suez Canal,Cape of Good Hope,asia_europe,0.6675900277008311
2022-05-10,64.82142857142857,43.75,Suez Canal,Cape of Good Hope,asia_europe,0.6749311294765841
2022-05-13,64.5,44.964285714285715,Suez Canal,Cape of Good Hope,asia_europe,0.6971207087486158
2022-06-16,65.46428571428571,46.035714285714285,Suez Canal,Cape of Good Hope,asia_europe,0.7032187670485543
2022-08-10,73.39285714285714,48.17857142857143,Suez Canal,Cape of Good Hope,asia_europe,0.656447688564477
2022-09-02,71.25,46.357142857142854,Suez Canal,Cape of Good Hope,asia_europe,0.6506265664160401
2022-09-06,70.17857142857143,46.142857142857146,Suez Canal,Cape of Good Hope,asia_europe,0.6575063613231552
2022-09-17,70.60714285714286,47.67857142857143,Suez Canal,Cape of Good Hope,asia_europe,0.6752655538694993
2022-10-06,69.25,45.464285714285715,Suez Canal,Cape of Good Hope,asia_europe,0.6565239814337287
2022-10-10,68.89285714285714,45.642857142857146,Suez Canal,Cape of Good Hope,asia_europe,0.6625194401244169
2022-10-31,70.60714285714286,42.142857142857146,Suez Canal,Cape of Good Hope,asia_europe,0.5968639352554376
2022-11-29,71.89285714285714,41.785714285714285,Suez Canal,Cape of Good Hope,asia_europe,0.5812220566318927
2022-12-31,71.64285714285714,39.892857142857146,Suez Canal,Cape of Good Hope,asia_europe,0.5568295114656032
2023-01-08,70.71428571428571,40.035714285714285,Suez Canal,Cape of Good Hope,asia_europe,0.5661616161616162
2023-02-19,69.92857142857143,42.464285714285715,Suez Canal,Cape of Good Hope,asia_europe,0.6072522982635342
2023-04-10,73.53571428571429,43.642857142857146,Suez Canal,Cape of Good Hope,asia_europe,0.5934919864011656
2023-04-18,73.85714285714286,43.714285714285715,Suez Canal,Cape of Good Hope,asia_europe,0.5918762088974855
2023-05-01,76.92857142857143,45.107142857142854,Suez Canal,Cape of Good Hope,asia_europe,0.586350974930362
2023-05-02,78.5,44.57142857142857,Suez Canal,Cape of Good Hope,asia_europe,0.56778889899909
2023-05-06,78.35714285714286,44.92857142857143,Suez Canal,Cape of Good Hope,asia_europe,0.5733819507748404
2023-05-11,78.57142857142857,47.285714285714285,Suez Canal,Cape of Good Hope,asia_europe,0.6018181818181818
2023-05-12,78.21428571428571,46.857142857142854,Suez Canal,Cape of Good Hope,asia_europe,0.5990867579908676
2023-05-17,78.39285714285714,46.92857142857143,Suez Canal,Cape of Good Hope,asia_europe,0.5986332574031892
2023-06-06,75.25,50.464285714285715,Suez Canal,Cape of Good Hope,asia_europe,0.6706217370669199
2023-06-24,75.92857142857143,52.642857142857146,Suez Canal,Cape of Good Hope,asia_europe,0.6933207902163688
2023-06-28,75.82142857142857,51.92857142857143,Suez Canal,Cape of Good Hope,asia_europe,0.6848798869524259
2023-09-26,73.5,56.785714285714285,Suez Canal,Cape of Good Hope,asia_europe,0.7725947521865889
2023-10-13,74.78571428571429,56.142857142857146,Suez Canal,Cape of Good Hope,asia_europe,0.7507163323782234
2023-10-21,75.75,52.357142857142854,Suez Canal,Cape of Good Hope,asia_europe,0.6911834040546911
2023-10-23,76.75,52.285714285714285,Suez Canal,Cape of Good Hope,asia_europe,0.6812470916705444
2023-11-03,76.96428571428571,49.857142857142854,Suez Canal,Cape of Good Hope,asia_europe,0.6477958236658933
2023-11-08,76.67857142857143,49.964285714285715,Suez Canal,Cape of Good Hope,asia_europe,0.6516068933395436
2023-11-20,76.71428571428571,48.92857142857143,Suez Canal,Cape of Good Hope,asia_europe,0.6378026070763502
2023-12-05,76.39285714285714,48.142857142857146,Suez Canal,Cape of Good Hope,asia_europe,0.6302010285179991
2023-12-11,75.71428571428571,48.464285714285715,Suez Canal,Cape of Good Hope,asia_europe,0.6400943396226416
2023-12-31,70.78571428571429,52.0,Suez Canal,Cape of Good Hope,asia_europe,0.7346115035317861
2024-01-17,56.142857142857146,65.32142857142857,Suez Canal,Cape of Good Hope,asia_europe,1.1634860050890585
2024-01-21,53.642857142857146,68.71428571428571,Suez Canal,Cape of Good Hope,asia_europe,1.280958721704394
2024-01-26,50.357142857142854,70.92857142857143,Suez Canal,Cape of Good Hope,asia_europe,1.4085106382978725
2024-02-14,43.0,77.89285714285714,Suez Canal,Cape of Good Hope,asia_europe,1.8114617940199336
2024-03-03,42.0,87.71428571428571,Suez Canal,Cape of Good Hope,asia_europe,2.0884353741496597
2024-03-07,40.785714285714285,89.67857142857143,Suez Canal,Cape of Good Hope,asia_europe,2.1987740805604203
2024-06-12,41.0,93.0,Suez Canal,Cape of Good Hope,asia_europe,2.268292682926829
2024-06-24,39.535714285714285,95.17857142857143,Suez Canal,Cape of Good Hope,asia_europe,2.4074074074074074
2024-06-26,39.57142857142857,94.67857142857143,Suez Canal,Cape of Good Hope,asia_europe,2.3925992779783396
2024-07-10,37.107142857142854,86.5,Suez Canal,Cape of Good Hope,asia_europe,2.331087584215592
2024-07-13,37.214285714285715,92.89285714285714,Suez Canal,Cape of Good Hope,asia_europe,2.4961612284069097
2024-08-02,38.392857142857146,94.89285714285714,Suez Canal,Cape of Good Hope,asia_europe,2.4716279069767437
2024-08-09,39.142857142857146,94.17857142857143,Suez Canal,Cape of Good Hope,asia_europe,2.406021897810219
2024-08-10,39.07142857142857,91.64285714285714,Suez Canal,Cape of Good Hope,asia_europe,2.3455210237659965
2024-09-03,40.035714285714285,93.75,Suez Canal,Cape of Good Hope,asia_europe,2.3416592328278325
2024-09-08,39.75,94.17857142857143,Suez Canal,Cape of Good Hope,asia_europe,2.3692722371967654
2024-10-07,37.75,89.10714285714286,Suez Canal,Cape of Good Hope,asia_europe,2.360454115421003
2024-10-10,38.32142857142857,88.60714285714286,Suez Canal,Cape of Good Hope,asia_europe,2.312208760484623
2024-10-14,38.535714285714285,87.10714285714286,Suez Canal,Cape of Good Hope,asia_europe,2.2604263206672845
2024-10-26,37.0,86.64285714285714,Suez Canal,Cape of Good Hope,asia_europe,2.341698841698842
2024-11-13,37.67857142857143,86.14285714285714,Suez Canal,Cape of Good Hope,asia_europe,2.2862559241706157
2024-11-18,36.857142857142854,86.39285714285714,Suez Canal,Cape of Good Hope,asia_europe,2.3439922480620154
2024-12-01,35.82142857142857,82.60714285714286,Suez Canal,Cape of Good Hope,asia_europe,2.306081754735793
2024-12-15,35.17857142857143,80.64285714285714,Suez Canal,Cape of Good Hope,asia_europe,2.29238578680203
2025-01-04,36.035714285714285,80.71428571428571,Suez Canal,Cape of Good Hope,asia_europe,2.2398414271555995
2025-01-13,36.714285714285715,82.07142857142857,Suez Canal,Cape of Good Hope,asia_europe,2.235408560311284
2025-01-21,35.214285714285715,82.21428571428571,Suez Canal,Cape of Good Hope,asia_europe,2.334685598377282
2025-01-27,36.357142857142854,83.5,Suez Canal,Cape of Good Hope,asia_europe,2.2966601178781927
2025-02-06,35.5,86.0,Suez Canal,Cape of Good Hope,asia_europe,2.4225352112676055
2025-02-27,34.392857142857146,87.32142857142857,Suez Canal,Cape of Good Hope,asia_europe,2.538940809968847
2025-05-09,36.535714285714285,86.64285714285714,Suez Canal,Cape of Good Hope,asia_europe,2.3714565004887587
2025-05-19,36.32142857142857,91.92857142857143,Suez Canal,Cape of Good Hope,asia_europe,2.530973451327434
2025-05-23,36.214285714285715,87.75,Suez Canal,Cape of Good Hope,asia_europe,2.423076923076923
2025-06-28,36.642857142857146,89.10714285714286,Suez Canal,Cape of Good Hope,asia_europe,2.4317738791423
2025-08-01,38.464285714285715,93.10714285714286,Suez Canal,Cape of Good Hope,asia_europe,2.4206128133704734
2025-08-23,38.714285714285715,95.71428571428571,Suez Canal,Cape of Good Hope,asia_europe,2.4723247232472323
2025-08-25,38.464285714285715,96.17857142857143,Suez Canal,Cape of Good Hope,asia_europe,2.500464252553389
2025-09-07,39.607142857142854,98.85714285714286,Suez Canal,Cape of Good Hope,asia_europe,2.4959422903516684
2025-09-17,40.392857142857146,92.21428571428571,Suez Canal,Cape of Good Hope,asia_europe,2.2829354553492482
2025-09-27,42.25,93.21428571428571,Suez Canal,Cape of Good Hope,asia_europe,2.20625528317836
2025-10-06,42.107142857142854,95.39285714285714,Suez Canal,Cape of Good Hope,asia_europe,2.265479219677693
2025-10-09,41.5,96.39285714285714,Suez Canal,Cape of Good Hope,asia_europe,2.322719449225473
2025-10-29,41.57142857142857,93.75,Suez Canal,Cape of Good Hope,asia_europe,2.2551546391752577
2025-11-04,41.714285714285715,93.71428571428571,Suez Canal,Cape of Good Hope,asia_europe,2.246575342465753
2025-11-18,42.25,87.25,Suez Canal,Cape of Good Hope,asia_europe,2.06508875739645
2025-12-04,43.07142857142857,87.10714285714286,Suez Canal,Cape of Good Hope,asia_europe,2.022388059701493
2025-12-06,42.714285714285715,87.07142857142857,Suez Canal,Cape of Good Hope,asia_europe,2.0384615384615383
2025-12-07,42.214285714285715,87.17857142857143,Suez Canal,Cape of Good Hope,asia_europe,2.0651438240270727
2025-12-08,42.107142857142854,86.10714285714286,Suez Canal,Cape of Good Hope,asia_europe,2.044953350296862
2025-12-11,41.214285714285715,86.75,Suez Canal,Cape of Good Hope,asia_europe,2.104852686308492
2025-12-20,41.642857142857146,86.89285714285714,Suez Canal,Cape of Good Hope,asia_europe,2.0866209262435675
2026-01-02,38.964285714285715,84.53571428571429,Suez Canal,Cape of Good Hope,asia_europe,2.169569202566453
2026-02-06,39.392857142857146,87.39285714285714,Suez Canal,Cape of Good Hope,asia_europe,2.2184950135992745
2026-03-01,41.25,87.17857142857143,Suez Canal,Cape of Good Hope,asia_europe,2.1134199134199134
2026-04-20,41.892857142857146,91.67857142857143,Suez Canal,Cape of Good Hope,asia_europe,2.1884057971014492
2026-05-14,39.892857142857146,90.21428571428571,Suez Canal,Cape of Good Hope,asia_europe,2.2614145031333925
2026-05-19,39.607142857142854,95.89285714285714,Suez Canal,Cape of Good Hope,asia_europe,2.4211000901713255
2026-05-23,39.5,94.07142857142857,Suez Canal,Cape of Good Hope,asia_europe,2.3815551537070525
2026-05-25,39.82142857142857,96.10714285714286,Suez Canal,Cape of Good Hope,asia_europe,2.4134529147982065
2026-05-26,39.785714285714285,96.53571428571429,Suez Canal,Cape of Good Hope,asia_europe,2.4263913824057455
2026-06-01,40.17857142857143,96.78571428571429,Suez Canal,Cape of Good Hope,asia_europe,2.408888888888889
2026-06-15,40.5,93.85714285714286,Suez Canal,Cape of Good Hope,asia_europe,2.3174603174603177
2026-08-05,41.357142857142854,90.67857142857143,Suez Canal,Cape of Good Hope,asia_europe,2.1925734024179624
2026-08-15,41.142857142857146,89.17857142857143,Suez Canal,Cape of Good Hope,asia_europe,2.1675347222222223
2026-08-20,40.964285714285715,89.42857142857143,Suez Canal,Cape of Good Hope,asia_europe,2.18308631211857
2019-01-01,61.0,50.0,Suez Canal,Cape of Good Hope,asia_europe,0.819672131147541
2019-01-10,51.5,47.0,Suez Canal,Cape of Good Hope,asia_europe,0.912621359223301
2019-02-26,50.714285714285715,51.464285714285715,Suez Canal,Cape of Good Hope,asia_europe,1.0147887323943663
2019-03-02,50.964285714285715,50.642857142857146,Suez Canal,Cape of Good Hope,asia_europe,0.9936930623686056
2019-03-08,50.392857142857146,49.892857142857146,Suez Canal,Cape of Good Hope,asia_europe,0.9900779588944011
2019-03-19,50.964285714285715,48.357142857142854,Suez Canal,Cape of Good Hope,asia_europe,0.9488437281009109
2019-05-17,51.357142857142854,44.92857142857143,Suez Canal,Cape of Good Hope,asia_europe,0.8748261474269821
2019-06-15,51.607142857142854,48.392857142857146,Suez Canal,Cape of Good Hope,asia_europe,0.9377162629757787
2019-06-21,50.392857142857146,49.392857142857146,Suez Canal,Cape of Good Hope,asia_europe,0.9801559177888023
2019-06-26,49.92857142857143,50.892857142857146,Suez Canal,Cape of Good Hope,asia_europe,1.01931330472103
2019-06-29,50.32142857142857,50.5,Suez Canal,Cape of Good Hope,asia_europe,1.0035486160397444
2019-07-07,49.142857142857146,49.107142857142854,Suez Canal,Cape of Good Hope,asia_europe,0.9992732558139533
2019-07-16,50.67857142857143,50.642857142857146,Suez Canal,Cape of Good Hope,asia_europe,0.9992952783650458
2019-07-27,51.25,50.392857142857146,Suez Canal,Cape of Good Hope,asia_europe,0.9832752613240419
2019-08-11,54.535714285714285,51.75,Suez Canal,Cape of Good Hope,asia_europe,0.9489194499017682
2019-08-22,54.17857142857143,52.285714285714285,Suez Canal,Cape of Good Hope,asia_europe,0.9650626235992089
2019-08-29,54.785714285714285,51.67857142857143,Suez Canal,Cape of Good Hope,asia_europe,0.9432855280312908
2019-09-09,53.857142857142854,49.714285714285715,Suez Canal,Cape of Good Hope,asia_europe,0.9230769230769231
2019-10-19,56.107142857142854,53.857142857142854,Suez Canal,Cape of Good Hope,asia_europe,0.9598981540420115
2019-10-29,56.892857142857146,50.035714285714285,Suez Canal,Cape of Good Hope,asia_europe,0.879472693032015
2019-11-10,55.535714285714285,49.107142857142854,Suez Canal,Cape of Good Hope,asia_europe,0.8842443729903536
2019-12-17,54.857142857142854,44.035714285714285,Suez Canal,Cape of Good Hope,asia_europe,0.802734375
2020-01-09,54.07142857142857,39.17857142857143,Suez Canal,Cape of Good Hope,asia_europe,0.7245706737120212
2020-02-05,58.357142857142854,77.07142857142857,Suez Canal,Cape of Good Hope,asia_europe,1.320685434516524
2020-02-24,58.57142857142857,75.75,Suez Canal,Cape of Good Hope,asia_europe,1.2932926829268294
2020-03-11,53.357142857142854,42.392857142857146,Suez Canal,Cape of Good Hope,asia_europe,0.7945113788487284
2020-04-16,56.642857142857146,47.642857142857146,Suez Canal,Cape of Good Hope,asia_europe,0.8411097099621689
2020-04-18,57.0,49.0,Suez Canal,Cape of Good Hope,asia_europe,0.8596491228070176
2020-04-30,58.17857142857143,51.57142857142857,Suez Canal,Cape of Good Hope,asia_europe,0.8864333947206875
2020-05-01,58.32142857142857,52.25,Suez Canal,Cape of Good Hope,asia_europe,0.8958971218616044
2020-05-17,55.92857142857143,52.5,Suez Canal,Cape of Good Hope,asia_europe,0.9386973180076628
2020-06-09,50.25,56.17857142857143,Suez Canal,Cape of Good Hope,asia_europe,1.1179815209665955
2020-06-10,50.42857142857143,56.392857142857146,Suez Canal,Cape of Good Hope,asia_europe,1.118271954674221
2020-06-20,47.0,54.964285714285715,Suez Canal,Cape of Good Hope,asia_europe,1.169452887537994
2020-06-29,46.214285714285715,50.285714285714285,Suez Canal,Cape of Good Hope,asia_europe,1.0880989180834622
2020-07-09,45.32142857142857,55.07142857142857,Suez Canal,Cape of Good Hope,asia_europe,1.215130023640662
2020-07-12,45.535714285714285,55.0,Suez Canal,Cape of Good Hope,asia_europe,1.2078431372549019
2020-07-13,45.214285714285715,53.357142857142854,Suez Canal,Cape of Good Hope,asia_europe,1.1800947867298577
2020-07-25,46.67857142857143,61.32142857142857,Suez Canal,Cape of Good Hope,asia_europe,1.3136954858454475
2020-08-11,49.0,63.785714285714285,Suez Canal,Cape of Good Hope,asia_europe,1.3017492711370262
2020-08-18,49.42857142857143,55.57142857142857,Suez Canal,Cape of Good Hope,asia_europe,1.1242774566473988
2020-08-28,50.75,55.892857142857146,Suez Canal,Cape of Good Hope,asia_europe,1.1013370865587615
2020-09-23,52.82142857142857,54.142857142857146,Suez Canal,Cape of Good Hope,asia_europe,1.0250169033130494
2020-10-09,52.142857142857146,53.0,Suez Canal,Cape of Good Hope,asia_europe,1.0164383561643835
2020-10-17,52.285714285714285,50.857142857142854,Suez Canal,Cape of Good Hope,asia_europe,0.9726775956284153
2020-10-21,52.17857142857143,50.785714285714285,Suez Canal,Cape of Good Hope,asia_europe,0.973305954825462
2020-11-19,55.107142857142854,48.75,Suez Canal,Cape of Good Hope,asia_europe,0.8846403110823072
2021-02-02,51.857142857142854,43.357142857142854,Suez Canal,Cape of Good Hope,asia_europe,0.8360881542699724
2021-03-01,56.75,46.785714285714285,Suez Canal,Cape of Good Hope,asia_europe,0.8244178728760226
2021-03-02,56.785714285714285,47.07142857142857,Suez Canal,Cape of Good Hope,asia_europe,0.8289308176100628
2021-03-15,57.5,48.107142857142854,Suez Canal,Cape of Good Hope,asia_europe,0.8366459627329192
2021-03-30,47.035714285714285,47.892857142857146,Suez Canal,Cape of Good Hope,asia_europe,1.0182232346241458
2021-04-08,51.25,49.07142857142857,Suez Canal,Cape of Good Hope,asia_europe,0.9574912891986063
2021-05-01,58.25,51.464285714285715,Suez Canal,Cape of Good Hope,asia_europe,0.8835070508890251
2021-05-27,56.0,49.785714285714285,Suez Canal,Cape of Good Hope,asia_europe,0.889030612244898
2021-07-03,55.785714285714285,50.357142857142854,Suez Canal,Cape of Good Hope,asia_europe,0.9026888604353392
2021-07-06,55.32142857142857,50.285714285714285,Suez Canal,Cape of Good Hope,asia_europe,0.9089735313105229
2021-07-15,54.714285714285715,49.392857142857146,Suez Canal,Cape of Good Hope,asia_europe,0.9027415143603134
2021-07-25,54.92857142857143,51.464285714285715,Suez Canal,Cape of Good Hope,asia_europe,0.9369310793237972
2021-07-31,56.035714285714285,52.42857142857143,Suez Canal,Cape of Good Hope,asia_europe,0.935627788400255
2021-08-05,57.75,51.82142857142857,Suez Canal,Cape of Good Hope,asia_europe,0.8973407544836116
2021-08-08,57.857142857142854,51.857142857142854,Suez Canal,Cape of Good Hope,asia_europe,0.8962962962962963
2021-08-10,58.642857142857146,51.785714285714285,Suez Canal,Cape of Good Hope,asia_europe,0.8830694275274056
2021-08-28,62.535714285714285,46.785714285714285,Suez Canal,Cape of Good Hope,asia_europe,0.7481439177612793
2021-09-13,61.67857142857143,48.0,Suez Canal,Cape of Good Hope,asia_europe,0.7782281412854661
2021-09-26,61.82142857142857,48.892857142857146,Suez Canal,Cape of Good Hope,asia_europe,0.7908723281340266
2021-10-07,62.0,46.17857142857143,Suez Canal,Cape of Good Hope,asia_europe,0.744815668202765
2021-10-24,62.535714285714285,42.07142857142857,Suez Canal,Cape of Good Hope,asia_europe,0.6727584237578527
2021-11-04,61.892857142857146,40.892857142857146,Suez Canal,Cape of Good Hope,asia_europe,0.6607039815349106
2021-12-28,59.0,42.32142857142857,Suez Canal,Cape of Good Hope,asia_europe,0.7173123486682809
2022-01-27,59.357142857142854,42.035714285714285,Suez Canal,Cape of Good Hope,asia_europe,0.7081829121540313
2022-03-07,62.57142857142857,42.0,Suez Canal,Cape of Good Hope,asia_europe,0.6712328767123288
2022-03-24,60.607142857142854,40.857142857142854,Suez Canal,Cape of Good Hope,asia_europe,0.6741308190925162
2022-04-15,62.392857142857146,38.892857142857146,Suez Canal,Cape of Good Hope,asia_europe,0.6233543216943331
2022-04-18,62.67857142857143,39.035714285714285,Suez Canal,Cape of Good Hope,asia_europe,0.6227920227920227
2022-04-20,63.857142857142854,38.964285714285715,Suez Canal,Cape of Good Hope,asia_europe,0.610178970917226
2022-04-23,65.71428571428571,40.07142857142857,Suez Canal,Cape of Good Hope,asia_europe,0.6097826086956522
2022-05-11,64.85714285714286,43.892857142857146,Suez Canal,Cape of Good Hope,asia_europe,0.676762114537445
2022-07-02,69.25,49.0,Suez Canal,Cape of Good Hope,asia_europe,0.7075812274368231
2022-07-05,69.25,47.42857142857143,Suez Canal,Cape of Good Hope,asia_europe,0.6848891181021145
2022-07-09,69.17857142857143,46.82142857142857,Suez Canal,Cape of Good Hope,asia_europe,0.6768198244708311
2022-07-15,69.71428571428571,47.32142857142857,Suez Canal,Cape of Good Hope,asia_europe,0.6787909836065574
2022-08-11,73.39285714285714,48.464285714285715,Suez Canal,Cape of Good Hope,asia_europe,0.6603406326034064
2022-08-15,71.71428571428571,46.464285714285715,Suez Canal,Cape of Good Hope,asia_europe,0.6479083665338646
2022-08-17,71.89285714285714,46.535714285714285,Suez Canal,Cape of Good Hope,asia_europe,0.6472925981122702
2022-08-20,71.85714285714286,46.964285714285715,Suez Canal,Cape of Good Hope,asia_europe,0.6535785288270377
2022-08-22,72.10714285714286,46.285714285714285,Suez Canal,Cape of Good Hope,asia_europe,0.6419019316493313
2022-09-04,70.0,46.785714285714285,Suez Canal,Cape of Good Hope,asia_europe,0.6683673469387755
2022-09-12,70.85714285714286,47.964285714285715,Suez Canal,Cape of Good Hope,asia_europe,0.6769153225806451
2022-09-15,71.25,48.32142857142857,Suez Canal,Cape of Good Hope,asia_europe,0.6781954887218045
2022-10-18,69.67857142857143,43.57142857142857,Suez Canal,Cape of Good Hope,asia_europe,0.6253203485392106
2022-11-10,73.10714285714286,42.107142857142854,Suez Canal,Cape of Good Hope,asia_europe,0.5759648265754762
2022-11-26,72.64285714285714,42.0,Suez Canal,Cape of Good Hope,asia_europe,0.5781710914454278
2022-12-26,72.42857142857143,40.92857142857143,Suez Canal,Cape of Good Hope,asia_europe,0.5650887573964497
2023-01-20,71.0,41.642857142857146,Suez Canal,Cape of Good Hope,asia_europe,0.5865191146881288
2023-02-04,70.78571428571429,42.607142857142854,Suez Canal,Cape of Good Hope,asia_europe,0.601917255297679
2023-02-16,71.03571428571429,42.714285714285715,Suez Canal,Cape of Good Hope,asia_europe,0.6013071895424836
2023-03-18,71.5,42.464285714285715,Suez Canal,Cape of Good Hope,asia_europe,0.593906093906094
2023-03-28,72.75,43.82142857142857,Suez Canal,Cape of Good Hope,asia_europe,0.6023564064801178
2023-03-30,72.67857142857143,44.0,Suez Canal,Cape of Good Hope,asia_europe,0.6054054054054054
2023-04-21,74.46428571428571,44.32142857142857,Suez Canal,Cape of Good Hope,asia_europe,0.5952038369304556
2023-04-29,76.60714285714286,45.57142857142857,Suez Canal,Cape of Good Hope,asia_europe,0.5948717948717949
2023-05-24,78.46428571428571,47.5,Suez Canal,Cape of Good Hope,asia_europe,0.6053709604005463
2023-06-18,75.03571428571429,51.07142857142857,Suez Canal,Cape of Good Hope,asia_europe,0.6806282722513088
2023-06-29,75.35714285714286,50.785714285714285,Suez Canal,Cape of Good Hope,asia_europe,0.6739336492890995
2023-07-02,76.10714285714286,51.67857142857143,Suez Canal,Cape of Good Hope,asia_europe,0.679023932426091
2023-07-21,73.75,51.464285714285715,Suez Canal,Cape of Good Hope,asia_europe,0.6978208232445521
2023-07-30,71.10714285714286,52.392857142857146,Suez Canal,Cape of Good Hope,asia_europe,0.736815670517328
2023-08-09,71.03571428571429,54.464285714285715,Suez Canal,Cape of Good Hope,asia_europe,0.7667169431875314
2023-09-01,71.71428571428571,54.82142857142857,Suez Canal,Cape of Good Hope,asia_europe,0.7644422310756972
2023-09-05,71.71428571428571,54.857142857142854,Suez Canal,Cape of Good Hope,asia_europe,0.7649402390438247
2023-09-07,72.85714285714286,55.107142857142854,Suez Canal,Cape of Good Hope,asia_europe,0.7563725490196077
2023-09-12,74.57142857142857,53.82142857142857,Suez Canal,Cape of Good Hope,asia_europe,0.7217432950191571
2023-11-13,75.71428571428571,48.285714285714285,Suez Canal,Cape of Good Hope,asia_europe,0.6377358490566039
2023-12-02,76.25,48.92857142857143,Suez Canal,Cape of Good Hope,asia_europe,0.6416861826697893
2023-12-06,75.67857142857143,48.5,Suez Canal,Cape of Good Hope,asia_europe,0.6408683341198679
2023-12-09,76.0,47.92857142857143,Suez Canal,Cape of Good Hope,asia_europe,0.6306390977443609
2023-12-12,75.89285714285714,48.214285714285715,Suez Canal,Cape of Good Hope,asia_europe,0.6352941176470589
2023-12-18,75.89285714285714,48.75,Suez Canal,Cape of Good Hope,asia_europe,0.6423529411764706
2024-02-07,44.17857142857143,74.92857142857143,Suez Canal,Cape of Good Hope,asia_europe,1.6960388035569927
2024-03-08,41.142857142857146,90.14285714285714,Suez Canal,Cape of Good Hope,asia_europe,2.190972222222222
2024-04-02,40.107142857142854,83.28571428571429,Suez Canal,Cape of Good Hope,asia_europe,2.0765805877114873
2024-04-08,39.67857142857143,79.78571428571429,Suez Canal,Cape of Good Hope,asia_europe,2.0108010801080107
2024-04-30,40.5,88.46428571428571,Suez Canal,Cape of Good Hope,asia_europe,2.1843033509700174
2024-05-16,41.0,90.89285714285714,Suez Canal,Cape of Good Hope,asia_europe,2.2168989547038325
2024-05-25,40.857142857142854,91.17857142857143,Suez Canal,Cape of Good Hope,asia_europe,2.2316433566433567
2024-05-26,41.107142857142854,90.78571428571429,Suez Canal,Cape of Good Hope,asia_europe,2.2085143353605563
2024-06-03,42.07142857142857,90.82142857142857,Suez Canal,Cape of Good Hope,asia_europe,2.1587436332767402
2024-07-31,38.42857142857143,90.60714285714286,Suez Canal,Cape of Good Hope,asia_europe,2.357806691449814
2024-09-12,38.214285714285715,93.17857142857143,Suez Canal,Cape of Good Hope,asia_europe,2.438317757009346
2024-09-20,38.357142857142854,88.96428571428571,Suez Canal,Cape of Good Hope,asia_europe,2.319366852886406
2024-10-24,37.0,85.53571428571429,Suez Canal,Cape of Good Hope,asia_europe,2.311776061776062
2024-11-02,38.07142857142857,86.25,Suez Canal,Cape of Good Hope,asia_europe,2.2654784240150097
2024-11-04,37.5,85.78571428571429,Suez Canal,Cape of Good Hope,asia_europe,2.2876190476190477
2024-11-25,36.714285714285715,87.46428571428571,Suez Canal,Cape of Good Hope,asia_europe,2.382295719844358
2024-12-13,35.17857142857143,80.85714285714286,Suez Canal,Cape of Good Hope,asia_europe,2.298477157360406
2025-01-05,35.642857142857146,80.5,Suez Canal,Cape of Good Hope,asia_europe,2.258517034068136
2025-01-07,36.5,80.71428571428571,Suez Canal,Cape of Good Hope,asia_europe,2.211350293542074
2025-01-09,36.57142857142857,80.42857142857143,Suez Canal,Cape of Good Hope,asia_europe,2.19921875
2025-01-22,35.714285714285715,82.67857142857143,Suez Canal,Cape of Good Hope,asia_europe,2.315
2025-03-03,34.57142857142857,88.39285714285714,Suez Canal,Cape of Good Hope,asia_europe,2.5568181818181817
2025-04-01,37.17857142857143,79.78571428571429,Suez Canal,Cape of Good Hope,asia_europe,2.1460134486071087
2025-04-18,38.285714285714285,82.71428571428571,Suez Canal,Cape of Good Hope,asia_europe,2.1604477611940296
2025-04-26,37.25,83.35714285714286,Suez Canal,Cape of Good Hope,asia_europe,2.2377756471716204
2025-04-27,37.0,83.92857142857143,Suez Canal,Cape of Good Hope,asia_europe,2.2683397683397684
2025-06-18,37.42857142857143,92.35714285714286,Suez Canal,Cape of Good Hope,asia_europe,2.467557251908397
2025-06-20,37.607142857142854,91.78571428571429,Suez Canal,Cape of Good Hope,asia_europe,2.440645773979108
2025-07-29,38.357142857142854,96.07142857142857,Suez Canal,Cape of Good Hope,asia_europe,2.5046554934823093
2025-08-03,38.357142857142854,96.85714285714286,Suez Canal,Cape of Good Hope,asia_europe,2.5251396648044695
2025-08-17,38.392857142857146,95.85714285714286,Suez Canal,Cape of Good Hope,asia_europe,2.4967441860465116
2025-08-29,38.607142857142854,101.03571428571429,Suez Canal,Cape of Good Hope,asia_europe,2.6170212765957452
2025-09-04,39.67857142857143,97.25,Suez Canal,Cape of Good Hope,asia_europe,2.450945094509451
2025-10-17,41.17857142857143,96.17857142857143,Suez Canal,Cape of Good Hope,asia_europe,2.3356461405030355
2025-11-01,41.32142857142857,92.60714285714286,Suez Canal,Cape of Good Hope,asia_europe,2.24114088159032
2025-11-06,41.714285714285715,90.57142857142857,Suez Canal,Cape of Good Hope,asia_europe,2.171232876712329
2025-11-20,42.642857142857146,86.03571428571429,Suez Canal,Cape of Good Hope,asia_europe,2.0175879396984926
2025-11-22,42.357142857142854,85.71428571428571,Suez Canal,Cape of Good Hope,asia_europe,2.0236087689713322
2026-01-29,39.32142857142857,88.17857142857143,Suez Canal,Cape of Good Hope,asia_europe,2.242506811989101
2026-02-22,41.535714285714285,87.67857142857143,Suez Canal,Cape of Good Hope,asia_europe,2.1109200343938093
2026-02-27,41.535714285714285,87.10714285714286,Suez Canal,Cape of Good Hope,asia_europe,2.0971625107480656
2026-03-08,41.82142857142857,90.71428571428571,Suez Canal,Cape of Good Hope,asia_europe,2.1690862510674638
2026-04-14,42.035714285714285,92.53571428571429,Suez Canal,Cape of Good Hope,asia_europe,2.2013593882752764
2026-04-18,41.785714285714285,92.35714285714286,Suez Canal,Cape of Good Hope,asia_europe,2.2102564102564104
2026-05-03,40.17857142857143,94.42857142857143,Suez Canal,Cape of Good Hope,asia_europe,2.350222222222222
2026-06-30,40.142857142857146,92.46428571428571,Suez Canal,Cape of Good Hope,asia_europe,2.303380782918149
2026-08-04,41.392857142857146,89.71428571428571,Suez Canal,Cape of Good Hope,asia_europe,2.167385677308024
2019-02-08,49.607142857142854,46.785714285714285,Suez Canal,Cape of Good Hope,asia_europe,0.9431245500359972
2019-03-04,51.392857142857146,51.25,Suez Canal,Cape of Good Hope,asia_europe,0.9972202918693537
2019-03-15,51.107142857142854,48.17857142857143,Suez Canal,Cape of Good Hope,asia_europe,0.9426974143955277
2019-03-30,50.17857142857143,44.107142857142854,Suez Canal,Cape of Good Hope,asia_europe,0.8790035587188612
2019-05-02,51.714285714285715,46.285714285714285,Suez Canal,Cape of Good Hope,asia_europe,0.8950276243093922
2019-05-03,51.357142857142854,46.035714285714285,Suez Canal,Cape of Good Hope,asia_europe,0.8963838664812239
2019-05-12,51.357142857142854,44.392857142857146,Suez Canal,Cape of Good Hope,asia_europe,0.8643949930458972
2019-05-27,51.17857142857143,45.25,Suez Canal,Cape of Good Hope,asia_europe,0.884159106769016
2019-06-23,50.32142857142857,49.67857142857143,Suez Canal,Cape of Good Hope,asia_europe,0.9872249822569199
2019-07-08,49.035714285714285,49.107142857142854,Suez Canal,Cape of Good Hope,asia_europe,1.001456664238893
2019-07-28,51.857142857142854,50.714285714285715,Suez Canal,Cape of Good Hope,asia_europe,0.9779614325068872
2019-07-29,51.82142857142857,51.607142857142854,Suez Canal,Cape of Good Hope,asia_europe,0.9958649207443142
2019-07-31,52.214285714285715,51.285714285714285,Suez Canal,Cape of Good Hope,asia_europe,0.9822161422708618
2019-08-18,54.57142857142857,52.214285714285715,Suez Canal,Cape of Good Hope,asia_europe,0.9568062827225131
2019-08-21,54.607142857142854,52.25,Suez Canal,Cape of Good Hope,asia_europe,0.9568345323741008
2019-08-28,55.714285714285715,51.464285714285715,Suez Canal,Cape of Good Hope,asia_europe,0.9237179487179488
2019-09-07,54.107142857142854,49.285714285714285,Suez Canal,Cape of Good Hope,asia_europe,0.9108910891089109
2019-09-13,53.714285714285715,50.107142857142854,Suez Canal,Cape of Good Hope,asia_europe,0.932845744680851
2019-10-13,55.07142857142857,53.464285714285715,Suez Canal,Cape of Good Hope,asia_europe,0.9708171206225682
2019-11-15,55.285714285714285,48.535714285714285,Suez Canal,Cape of Good Hope,asia_europe,0.877906976744186
2019-12-13,54.75,44.57142857142857,Suez Canal,Cape of Good Hope,asia_europe,0.8140900195694716
2020-02-21,59.0,81.32142857142857,Suez Canal,Cape of Good Hope,asia_europe,1.3783292978208233
2020-02-26,57.214285714285715,64.64285714285714,Suez Canal,Cape of Good Hope,asia_europe,1.1298377028714106
2020-03-12,52.67857142857143,42.785714285714285,Suez Canal,Cape of Good Hope,asia_europe,0.8122033898305084
2020-03-26,53.25,42.67857142857143,Suez Canal,Cape of Good Hope,asia_europe,0.801475519785379
2020-04-09,56.535714285714285,44.892857142857146,Suez Canal,Cape of Good Hope,asia_europe,0.7940619077700569
2020-04-19,56.67857142857143,49.107142857142854,Suez Canal,Cape of Good Hope,asia_europe,0.8664146187775676
2020-04-27,58.17857142857143,50.785714285714285,Suez Canal,Cape of Good Hope,asia_europe,0.8729281767955801
2020-05-06,58.964285714285715,54.0,Suez Canal,Cape of Good Hope,asia_europe,0.9158086008479709
2020-06-03,50.57142857142857,55.57142857142857,Suez Canal,Cape of Good Hope,asia_europe,1.0988700564971752
2020-06-11,50.107142857142854,55.42857142857143,Suez Canal,Cape of Good Hope,asia_europe,1.1062009978617249
2020-07-01,46.392857142857146,52.75,Suez Canal,Cape of Good Hope,asia_europe,1.1370284834488067
2020-07-07,45.5,53.75,Suez Canal,Cape of Good Hope,asia_europe,1.1813186813186813
2020-07-08,45.035714285714285,54.107142857142854,Suez Canal,Cape of Good Hope,asia_europe,1.2014274385408406
2020-07-10,45.07142857142857,56.642857142857146,Suez Canal,Cape of Good Hope,asia_europe,1.2567353407290016
2020-07-23,46.75,59.857142857142854,Suez Canal,Cape of Good Hope,asia_europe,1.2803666921313979
2020-09-09,53.07142857142857,56.17857142857143,Suez Canal,Cape of Good Hope,asia_europe,1.0585464333781966
2020-09-12,53.285714285714285,55.535714285714285,Suez Canal,Cape of Good Hope,asia_europe,1.042225201072386
2020-09-17,53.464285714285715,56.32142857142857,Suez Canal,Cape of Good Hope,asia_europe,1.053440213760855
2020-09-21,53.25,53.5,Suez Canal,Cape of Good Hope,asia_europe,1.0046948356807512
2020-10-04,51.57142857142857,52.535714285714285,Suez Canal,Cape of Good Hope,asia_europe,1.0186980609418284
2020-10-19,51.92857142857143,51.82142857142857,Suez Canal,Cape of Good Hope,asia_europe,0.9979367262723521
2020-11-04,52.642857142857146,48.964285714285715,Suez Canal,Cape of Good Hope,asia_europe,0.9301221166892808
2020-11-08,52.857142857142854,48.607142857142854,Suez Canal,Cape of Good Hope,asia_europe,0.9195945945945946
2020-11-24,55.17857142857143,48.285714285714285,Suez Canal,Cape of Good Hope,asia_europe,0.8750809061488672
2021-01-03,52.857142857142854,43.714285714285715,Suez Canal,Cape of Good Hope,asia_europe,0.8270270270270271
2021-02-04,52.857142857142854,42.607142857142854,Suez Canal,Cape of Good Hope,asia_europe,0.8060810810810811
2021-02-24,55.25,45.607142857142854,Suez Canal,Cape of Good Hope,asia_europe,0.8254686489980607
2021-03-03,56.82142857142857,47.75,Suez Canal,Cape of Good Hope,asia_europe,0.8403519798868636
2021-03-08,58.107142857142854,48.214285714285715,Suez Canal,Cape of Good Hope,asia_europe,0.8297480024585127
2021-03-13,57.32142857142857,47.964285714285715,Suez Canal,Cape of Good Hope,asia_europe,0.8367601246105919
2021-03-25,52.785714285714285,48.57142857142857,Suez Canal,Cape of Good Hope,asia_europe,0.9201623815967523
2021-03-26,50.785714285714285,48.357142857142854,Suez Canal,Cape of Good Hope,asia_europe,0.9521800281293952
2021-04-07,50.5,49.25,Suez Canal,Cape of Good Hope,asia_europe,0.9752475247524752
2021-05-07,54.42857142857143,50.142857142857146,Suez Canal,Cape of Good Hope,asia_europe,0.9212598425196851
2021-05-16,55.25,50.857142857142854,Suez Canal,Cape of Good Hope,asia_europe,0.9204912734324499
2021-07-11,55.357142857142854,49.67857142857143,Suez Canal,Cape of Good Hope,asia_europe,0.8974193548387097
2021-07-20,54.42857142857143,50.142857142857146,Suez Canal,Cape of Good Hope,asia_europe,0.9212598425196851
2021-07-26,54.857142857142854,50.92857142857143,Suez Canal,Cape of Good Hope,asia_europe,0.9283854166666667
2021-07-30,55.857142857142854,51.714285714285715,Suez Canal,Cape of Good Hope,asia_europe,0.9258312020460359
2021-08-03,57.035714285714285,52.107142857142854,Suez Canal,Cape of Good Hope,asia_europe,0.9135879774577332
2021-09-04,62.142857142857146,46.464285714285715,Suez Canal,Cape of Good Hope,asia_europe,0.7477011494252873
2021-09-10,62.82142857142857,48.57142857142857,Suez Canal,Cape of Good Hope,asia_europe,0.7731665719158612
2021-09-14,61.892857142857146,47.67857142857143,Suez Canal,Cape of Good Hope,asia_europe,0.770340450086555
2021-09-22,61.92857142857143,47.964285714285715,Suez Canal,Cape of Good Hope,asia_europe,0.7745098039215687
2021-11-07,61.714285714285715,40.67857142857143,Suez Canal,Cape of Good Hope,asia_europe,0.6591435185185185
2021-11-18,60.857142857142854,42.464285714285715,Suez Canal,Cape of Good Hope,asia_europe,0.6977699530516432
2021-11-24,62.107142857142854,42.07142857142857,Suez Canal,Cape of Good Hope,asia_europe,0.6774008050603795
2021-12-12,62.214285714285715,42.42857142857143,Suez Canal,Cape of Good Hope,asia_europe,0.6819747416762343
2021-12-16,61.142857142857146,43.107142857142854,Suez Canal,Cape of Good Hope,asia_europe,0.7050233644859812
2022-01-28,59.25,41.67857142857143,Suez Canal,Cape of Good Hope,asia_europe,0.7034358047016275
2022-01-30,59.035714285714285,41.42857142857143,Suez Canal,Cape of Good Hope,asia_europe,0.7017543859649124
2022-02-12,60.785714285714285,41.17857142857143,Suez Canal,Cape of Good Hope,asia_europe,0.6774383078730906
2022-02-22,61.357142857142854,43.285714285714285,Suez Canal,Cape of Good Hope,asia_europe,0.7054714784633295
2022-03-08,61.392857142857146,42.107142857142854,Suez Canal,Cape of Good Hope,asia_europe,0.6858638743455496
2022-04-30,64.25,41.714285714285715,Suez Canal,Cape of Good Hope,asia_europe,0.6492495831017232
2022-05-26,64.21428571428571,45.25,Suez Canal,Cape of Good Hope,asia_europe,0.7046718576195774
2022-06-03,63.75,44.607142857142854,Suez Canal,Cape of Good Hope,asia_europe,0.699719887955182
2022-06-22,64.42857142857143,46.57142857142857,Suez Canal,Cape of Good Hope,asia_europe,0.7228381374722838
2022-06-25,66.0,45.67857142857143,Suez Canal,Cape of Good Hope,asia_europe,0.6920995670995671
2022-07-25,71.03571428571429,47.785714285714285,Suez Canal,Cape of Good Hope,asia_europe,0.6726998491704373
2022-07-29,70.71428571428571,46.714285714285715,Suez Canal,Cape of Good Hope,asia_europe,0.6606060606060606
2022-08-06,72.14285714285714,47.392857142857146,Suez Canal,Cape of Good Hope,asia_europe,0.656930693069307
2022-08-19,72.21428571428571,46.92857142857143,Suez Canal,Cape of Good Hope,asia_europe,0.6498516320474779
2022-09-16,70.46428571428571,47.357142857142854,Suez Canal,Cape of Good Hope,asia_europe,0.6720729853015712
2022-10-04,68.82142857142857,47.75,Suez Canal,Cape of Good Hope,asia_europe,0.6938245978204464
2022-10-11,69.03571428571429,45.964285714285715,Suez Canal,Cape of Good Hope,asia_europe,0.6658044490429383
2022-10-12,68.85714285714286,45.285714285714285,Suez Canal,Cape of Good Hope,asia_europe,0.6576763485477178
2022-11-12,73.53571428571429,42.17857142857143,Suez Canal,Cape of Good Hope,asia_europe,0.5735794074793589
2022-11-14,72.89285714285714,41.964285714285715,Suez Canal,Cape of Good Hope,asia_europe,0.5756981871631554
2022-11-19,73.14285714285714,41.892857142857146,Suez Canal,Cape of Good Hope,asia_europe,0.5727539062500001
2022-11-30,71.57142857142857,41.535714285714285,Suez Canal,Cape of Good Hope,asia_europe,0.5803393213572854
2022-12-21,71.17857142857143,40.607142857142854,Suez Canal,Cape of Good Hope,asia_europe,0.5704967385850476
2023-01-02,70.92857142857143,40.17857142857143,Suez Canal,Cape of Good Hope,asia_europe,0.5664652567975831
2023-01-13,71.17857142857143,41.5,Suez Canal,Cape of Good Hope,asia_europe,0.5830406422478676
2023-03-11,70.46428571428571,40.892857142857146,Suez Canal,Cape of Good Hope,asia_europe,0.5803345159655348
2023-04-09,73.0,44.142857142857146,Suez Canal,Cape of Good Hope,asia_europe,0.6046966731898239
2023-04-15,73.75,43.17857142857143,Suez Canal,Cape of Good Hope,asia_europe,0.5854721549636804
2023-04-19,73.46428571428571,44.392857142857146,Suez Canal,Cape of Good Hope,asia_europe,0.6042780748663102
2023-04-30,77.46428571428571,45.32142857142857,Suez Canal,Cape of Good Hope,asia_europe,0.5850622406639004
2023-06-12,76.17857142857143,51.25,Suez Canal,Cape of Good Hope,asia_europe,0.6727613689639006
2023-06-25,75.92857142857143,53.357142857142854,Suez Canal,Cape of Good Hope,asia_europe,0.702728127939793
2023-06-26,75.60714285714286,52.607142857142854,Suez Canal,Cape of Good Hope,asia_europe,0.6957959376476145
2023-07-09,74.14285714285714,50.75,Suez Canal,Cape of Good Hope,asia_europe,0.6844894026974953
2023-07-16,73.92857142857143,52.0,Suez Canal,Cape of Good Hope,asia_europe,0.7033816425120772
2023-07-22,72.96428571428571,51.42857142857143,Suez Canal,Cape of Good Hope,asia_europe,0.7048458149779736
2023-08-06,70.03571428571429,55.464285714285715,Suez Canal,Cape of Good Hope,asia_europe,0.7919428862825089
2023-08-11,70.32142857142857,54.75,Suez Canal,Cape of Good Hope,asia_europe,0.7785678009141697
2023-08-19,70.5,54.25,Suez Canal,Cape of Good Hope,asia_europe,0.7695035460992907
2023-08-20,70.75,55.035714285714285,Suez Canal,Cape of Good Hope,asia_europe,0.7778899545683998
2023-09-03,72.82142857142857,54.785714285714285,Suez Canal,Cape of Good Hope,asia_europe,0.7523295733202551
2023-09-16,73.32142857142857,52.57142857142857,Suez Canal,Cape of Good Hope,asia_europe,0.7169995129079396
2023-09-24,73.64285714285714,57.714285714285715,Suez Canal,Cape of Good Hope,asia_europe,0.7837051406401553
2023-09-28,73.85714285714286,55.92857142857143,Suez Canal,Cape of Good Hope,asia_europe,0.7572533849129593
2023-09-29,74.35714285714286,56.142857142857146,Suez Canal,Cape of Good Hope,asia_europe,0.7550432276657061
2023-10-19,75.5,53.892857142857146,Suez Canal,Cape of Good Hope,asia_europe,0.7138126773888364
2023-11-06,76.5,49.92857142857143,Suez Canal,Cape of Good Hope,asia_europe,0.6526610644257703
2023-11-18,77.67857142857143,48.5,Suez Canal,Cape of Good Hope,asia_europe,0.624367816091954
2023-12-17,75.71428571428571,48.892857142857146,Suez Canal,Cape of Good Hope,asia_europe,0.6457547169811322
2024-01-29,48.92857142857143,72.17857142857143,Suez Canal,Cape of Good Hope,asia_europe,1.4751824817518249
2024-02-01,46.714285714285715,72.21428571428571,Suez Canal,Cape of Good Hope,asia_europe,1.5458715596330275
2024-02-08,44.07142857142857,74.92857142857143,Suez Canal,Cape of Good Hope,asia_europe,1.7001620745542951
2024-02-19,41.107142857142854,82.07142857142857,Suez Canal,Cape of Good Hope,asia_europe,1.9965247610773242
2024-02-29,42.535714285714285,85.71428571428571,Suez Canal,Cape of Good Hope,asia_europe,2.0151133501259446
2024-03-14,41.32142857142857,90.21428571428571,Suez Canal,Cape of Good Hope,asia_europe,2.1832324978392394
2024-04-10,38.964285714285715,80.10714285714286,Suez Canal,Cape of Good Hope,asia_europe,2.055912007332722
2024-05-03,39.964285714285715,88.96428571428571,Suez Canal,Cape of Good Hope,asia_europe,2.2260947274352096
2024-05-14,40.857142857142854,90.71428571428571,Suez Canal,Cape of Good Hope,asia_europe,2.2202797202797204
2024-06-09,41.17857142857143,92.85714285714286,Suez Canal,Cape of Good Hope,asia_europe,2.2549869904596704
2024-06-14,40.714285714285715,94.42857142857143,Suez Canal,Cape of Good Hope,asia_europe,2.319298245614035
2024-07-06,38.5,94.03571428571429,Suez Canal,Cape of Good Hope,asia_europe,2.442486085343228
2024-07-09,37.67857142857143,87.60714285714286,Suez Canal,Cape of Good Hope,asia_europe,2.3251184834123224
2024-07-25,37.464285714285715,95.42857142857143,Suez Canal,Cape of Good Hope,asia_europe,2.5471877979027644
2024-09-01,40.42857142857143,91.67857142857143,Suez Canal,Cape of Good Hope,asia_europe,2.2676678445229683
2024-09-25,37.75,93.53571428571429,Suez Canal,Cape of Good Hope,asia_europe,2.4777672658467362
2024-10-03,38.142857142857146,87.03571428571429,Suez Canal,Cape of Good Hope,asia_europe,2.2818352059925093
2024-10-28,37.535714285714285,87.92857142857143,Suez Canal,Cape of Good Hope,asia_europe,2.3425309229305427
2024-11-03,37.67857142857143,85.89285714285714,Suez Canal,Cape of Good Hope,asia_europe,2.2796208530805684
2024-11-17,37.107142857142854,86.03571428571429,Suez Canal,Cape of Good Hope,asia_europe,2.318575553416747
2024-12-03,35.75,83.75,Suez Canal,Cape of Good Hope,asia_europe,2.3426573426573425
2024-12-23,35.964285714285715,79.53571428571429,Suez Canal,Cape of Good Hope,asia_europe,2.211519364448858
2025-01-12,36.642857142857146,81.75,Suez Canal,Cape of Good Hope,asia_europe,2.2309941520467835
2025-02-12,35.642857142857146,86.17857142857143,Suez Canal,Cape of Good Hope,asia_europe,2.417835671342685
2025-03-14,35.42857142857143,85.71428571428571,Suez Canal,Cape of Good Hope,asia_europe,2.419354838709677
2025-04-19,37.92857142857143,82.28571428571429,Suez Canal,Cape of Good Hope,asia_europe,2.169491525423729
2025-04-22,37.607142857142854,82.92857142857143,Suez Canal,Cape of Good Hope,asia_europe,2.2051282051282053
2025-05-07,37.107142857142854,85.96428571428571,Suez Canal,Cape of Good Hope,asia_europe,2.31665062560154
2025-05-24,36.67857142857143,88.5,Suez Canal,Cape of Good Hope,asia_europe,2.412852969814995
2025-06-15,37.32142857142857,89.10714285714286,Suez Canal,Cape of Good Hope,asia_europe,2.3875598086124405
2025-06-19,37.67857142857143,92.28571428571429,Suez Canal,Cape of Good Hope,asia_europe,2.4492890995260663
2025-07-02,37.17857142857143,93.96428571428571,Suez Canal,Cape of Good Hope,asia_europe,2.5273775216138326
2025-07-16,36.82142857142857,94.82142857142857,Suez Canal,Cape of Good Hope,asia_europe,2.5751697381183316
2025-07-21,37.42857142857143,97.57142857142857,Suez Canal,Cape of Good Hope,asia_europe,2.6068702290076335
2025-08-04,37.92857142857143,96.75,Suez Canal,Cape of Good Hope,asia_europe,2.5508474576271185
2025-08-18,38.5,95.96428571428571,Suez Canal,Cape of Good Hope,asia_europe,2.4925788497217067
2025-10-24,41.07142857142857,95.42857142857143,Suez Canal,Cape of Good Hope,asia_europe,2.323478260869565
2025-11-23,42.035714285714285,86.07142857142857,Suez Canal,Cape of Good Hope,asia_europe,2.0475785896346643
2025-12-05,42.5,87.25,Suez Canal,Cape of Good Hope,asia_europe,2.052941176470588
2025-12-17,41.5,88.03571428571429,Suez Canal,Cape of Good Hope,asia_europe,2.121342512908778
2025-12-30,39.92857142857143,84.71428571428571,Suez Canal,Cape of Good Hope,asia_europe,2.1216457960644006
2026-01-10,38.75,84.17857142857143,Suez Canal,Cape of Good Hope,asia_europe,2.1723502304147466
2026-01-20,37.714285714285715,86.57142857142857,Suez Canal,Cape of Good Hope,asia_europe,2.2954545454545454
2026-01-28,38.642857142857146,87.67857142857143,Suez Canal,Cape of Good Hope,asia_europe,2.2689463955637708
2026-02-16,41.464285714285715,86.21428571428571,Suez Canal,Cape of Good Hope,asia_europe,2.0792420327304044
2026-02-20,41.642857142857146,86.10714285714286,Suez Canal,Cape of Good Hope,asia_europe,2.067753001715266
2026-03-07,42.32142857142857,90.64285714285714,Suez Canal,Cape of Good Hope,asia_europe,2.141772151898734
2026-03-13,41.5,92.25,Suez Canal,Cape of Good Hope,asia_europe,2.2228915662650603
2026-04-03,41.285714285714285,90.42857142857143,Suez Canal,Cape of Good Hope,asia_europe,2.190311418685121
2026-04-05,41.785714285714285,91.32142857142857,Suez Canal,Cape of Good Hope,asia_europe,2.1854700854700853
2026-04-07,41.67857142857143,89.25,Suez Canal,Cape of Good Hope,asia_europe,2.1413881748071977
2026-04-26,42.07142857142857,94.39285714285714,Suez Canal,Cape of Good Hope,asia_europe,2.243633276740238
2026-04-29,41.57142857142857,92.53571428571429,Suez Canal,Cape of Good Hope,asia_europe,2.2259450171821307
2026-05-30,39.964285714285715,96.28571428571429,Suez Canal,Cape of Good Hope,asia_europe,2.409294012511171
2026-06-04,39.964285714285715,96.32142857142857,Suez Canal,Cape of Good Hope,asia_europe,2.4101876675603218
2026-06-12,40.285714285714285,96.14285714285714,Suez Canal,Cape of Good Hope,asia_europe,2.3865248226950353
2026-06-20,39.285714285714285,93.39285714285714,Suez Canal,Cape of Good Hope,asia_europe,2.3772727272727274
2026-07-15,41.964285714285715,94.17857142857143,Suez Canal,Cape of Good Hope,asia_europe,2.244255319148936
2026-08-02,41.32142857142857,90.57142857142857,Suez Canal,Cape of Good Hope,asia_europe,2.191875540190147
2019-01-02,55.5,37.0,Suez Canal,Cape of Good Hope,asia_europe,0.6666666666666666
2019-01-18,48.888888888888886,48.0,Suez Canal,Cape of Good Hope,asia_europe,0.9818181818181819
2019-02-01,48.964285714285715,47.42857142857143,Suez Canal,Cape of Good Hope,asia_europe,0.9686360320933626
2019-02-22,50.392857142857146,50.964285714285715,Suez Canal,Cape of Good Hope,asia_europe,1.0113394755492557
2019-02-23,50.857142857142854,50.67857142857143,Suez Canal,Cape of Good Hope,asia_europe,0.9964887640449439
2019-02-24,50.642857142857146,51.107142857142854,Suez Canal,Cape of Good Hope,asia_europe,1.0091678420310295
2019-02-27,50.07142857142857,50.035714285714285,Suez Canal,Cape of Good Hope,asia_europe,0.9992867332382311
2019-04-05,50.75,42.92857142857143,Suez Canal,Cape of Good Hope,asia_europe,0.8458831808585504
2019-04-22,51.392857142857146,44.142857142857146,Suez Canal,Cape of Good Hope,asia_europe,0.8589298123697012
2019-05-06,51.285714285714285,45.642857142857146,Suez Canal,Cape of Good Hope,asia_europe,0.8899721448467968
2019-05-07,51.035714285714285,45.392857142857146,Suez Canal,Cape of Good Hope,asia_europe,0.8894331700489854
2019-06-01,51.642857142857146,46.75,Suez Canal,Cape of Good Hope,asia_europe,0.9052558782849238
2019-06-05,51.75,46.785714285714285,Suez Canal,Cape of Good Hope,asia_europe,0.904071773636991
2019-07-13,50.142857142857146,51.0,Suez Canal,Cape of Good Hope,asia_europe,1.017094017094017
2019-07-26,51.214285714285715,49.892857142857146,Suez Canal,Cape of Good Hope,asia_europe,0.9741980474198048
2019-08-04,53.82142857142857,52.5,Suez Canal,Cape of Good Hope,asia_europe,0.9754479097544791
2019-08-06,53.75,52.892857142857146,Suez Canal,Cape of Good Hope,asia_europe,0.9840531561461795
2019-08-19,54.642857142857146,51.785714285714285,Suez Canal,Cape of Good Hope,asia_europe,0.9477124183006536
2019-09-03,54.92857142857143,50.32142857142857,Suez Canal,Cape of Good Hope,asia_europe,0.9161248374512353
2019-10-03,53.357142857142854,54.0,Suez Canal,Cape of Good Hope,asia_europe,1.0120481927710845
2019-12-09,54.357142857142854,44.75,Suez Canal,Cape of Good Hope,asia_europe,0.8232588699080158
2019-12-12,55.0,45.357142857142854,Suez Canal,Cape of Good Hope,asia_europe,0.8246753246753247
2019-12-19,54.642857142857146,43.392857142857146,Suez Canal,Cape of Good Hope,asia_europe,0.7941176470588236
2019-12-21,54.92857142857143,42.642857142857146,Suez Canal,Cape of Good Hope,asia_europe,0.776332899869961
2019-12-28,54.035714285714285,41.392857142857146,Suez Canal,Cape of Good Hope,asia_europe,0.7660277594183742
2019-12-31,54.5,40.892857142857146,Suez Canal,Cape of Good Hope,asia_europe,0.7503276539973788
2020-01-07,53.92857142857143,40.07142857142857,Suez Canal,Cape of Good Hope,asia_europe,0.743046357615894
2020-01-16,54.82142857142857,40.392857142857146,Suez Canal,Cape of Good Hope,asia_europe,0.7368078175895766
2020-02-08,57.07142857142857,78.60714285714286,Suez Canal,Cape of Good Hope,asia_europe,1.377346683354193
2020-03-13,52.57142857142857,42.714285714285715,Suez Canal,Cape of Good Hope,asia_europe,0.8125
2020-04-07,54.92857142857143,44.785714285714285,Suez Canal,Cape of Good Hope,asia_europe,0.8153446033810142
2020-04-22,57.535714285714285,49.892857142857146,Suez Canal,Cape of Good Hope,asia_europe,0.867163252638113
2020-05-08,57.535714285714285,54.17857142857143,Suez Canal,Cape of Good Hope,asia_europe,0.941651148355059
2020-05-10,57.285714285714285,54.785714285714285,Suez Canal,Cape of Good Hope,asia_europe,0.956359102244389
2020-05-21,54.535714285714285,54.57142857142857,Suez Canal,Cape of Good Hope,asia_europe,1.0006548788474132
2020-05-27,53.214285714285715,54.67857142857143,Suez Canal,Cape of Good Hope,asia_europe,1.02751677852349
2020-05-28,52.535714285714285,54.75,Suez Canal,Cape of Good Hope,asia_europe,1.0421481985044188
2020-06-19,47.07142857142857,55.07142857142857,Suez Canal,Cape of Good Hope,asia_europe,1.1699544764795144
2020-06-28,46.464285714285715,50.892857142857146,Suez Canal,Cape of Good Hope,asia_europe,1.0953112990007687
2020-07-11,45.17857142857143,56.142857142857146,Suez Canal,Cape of Good Hope,asia_europe,1.242687747035573
2020-07-21,47.0,58.67857142857143,Suez Canal,Cape of Good Hope,asia_europe,1.2484802431610942
2020-08-02,47.25,61.857142857142854,Suez Canal,Cape of Good Hope,asia_europe,1.309145880574452
2020-09-24,52.964285714285715,54.285714285714285,Suez Canal,Cape of Good Hope,asia_europe,1.0249494268374915
2020-11-15,54.785714285714285,48.392857142857146,Suez Canal,Cape of Good Hope,asia_europe,0.8833116036505868
2020-12-18,52.714285714285715,45.82142857142857,Suez Canal,Cape of Good Hope,asia_europe,0.8692411924119241
2020-12-22,53.107142857142854,45.0,Suez Canal,Cape of Good Hope,asia_europe,0.8473436449226631
2020-12-23,52.67857142857143,45.57142857142857,Suez Canal,Cape of Good Hope,asia_europe,0.8650847457627118
2021-01-14,52.82142857142857,42.57142857142857,Suez Canal,Cape of Good Hope,asia_europe,0.8059499661933739
2021-02-01,51.75,43.142857142857146,Suez Canal,Cape of Good Hope,asia_europe,0.8336783988957902
2021-02-03,52.285714285714285,42.92857142857143,Suez Canal,Cape of Good Hope,asia_europe,0.8210382513661203
2021-02-13,53.785714285714285,43.642857142857146,Suez Canal,Cape of Good Hope,asia_europe,0.8114209827357238
2021-02-18,53.964285714285715,43.32142857142857,Suez Canal,Cape of Good Hope,asia_europe,0.8027796161482461
2021-03-04,56.857142857142854,47.92857142857143,Suez Canal,Cape of Good Hope,asia_europe,0.8429648241206031
2021-03-16,58.07142857142857,48.17857142857143,Suez Canal,Cape of Good Hope,asia_europe,0.8296432964329644
2021-03-18,57.67857142857143,49.07142857142857,Suez Canal,Cape of Good Hope,asia_europe,0.8507739938080495
2021-03-31,46.964285714285715,47.464285714285715,Suez Canal,Cape of Good Hope,asia_europe,1.0106463878326997
2021-04-01,47.642857142857146,47.464285714285715,Suez Canal,Cape of Good Hope,asia_europe,0.9962518740629684
2021-04-06,50.214285714285715,48.75,Suez Canal,Cape of Good Hope,asia_europe,0.9708392603129445
2021-04-11,53.5,49.82142857142857,Suez Canal,Cape of Good Hope,asia_europe,0.9312416555407209
2021-04-16,52.642857142857146,49.964285714285715,Suez Canal,Cape of Good Hope,asia_europe,0.9491180461329715
2021-04-20,53.285714285714285,51.42857142857143,Suez Canal,Cape of Good Hope,asia_europe,0.96514745308311
2021-04-27,61.892857142857146,52.92857142857143,Suez Canal,Cape of Good Hope,asia_europe,0.8551644547028274
2021-05-04,56.607142857142854,51.857142857142854,Suez Canal,Cape of Good Hope,asia_europe,0.9160883280757097
2021-05-09,53.92857142857143,50.32142857142857,Suez Canal,Cape of Good Hope,asia_europe,0.9331125827814569
2021-06-17,55.07142857142857,50.42857142857143,Suez Canal,Cape of Good Hope,asia_europe,0.9156939040207523
2021-08-07,58.0,51.892857142857146,Suez Canal,Cape of Good Hope,asia_europe,0.894704433497537
2021-08-17,60.892857142857146,49.535714285714285,Suez Canal,Cape of Good Hope,asia_europe,0.8134897360703812
2021-08-22,61.82142857142857,48.857142857142854,Suez Canal,Cape of Good Hope,asia_europe,0.7902946273830156
2021-08-23,61.892857142857146,49.17857142857143,Suez Canal,Cape of Good Hope,asia_europe,0.7945758799769186
2021-10-19,62.75,43.214285714285715,Suez Canal,Cape of Good Hope,asia_europe,0.688673875924872
2021-11-05,62.035714285714285,41.07142857142857,Suez Canal,Cape of Good Hope,asia_europe,0.6620610247553252
2021-11-06,61.92857142857143,41.035714285714285,Suez Canal,Cape of Good Hope,asia_europe,0.6626297577854671
2021-12-25,59.642857142857146,42.785714285714285,Suez Canal,Cape of Good Hope,asia_europe,0.7173652694610778
2022-01-02,59.285714285714285,41.785714285714285,Suez Canal,Cape of Good Hope,asia_europe,0.7048192771084337
2022-01-06,59.642857142857146,42.107142857142854,Suez Canal,Cape of Good Hope,asia_europe,0.7059880239520957
2022-01-12,59.607142857142854,40.57142857142857,Suez Canal,Cape of Good Hope,asia_europe,0.6806470940683044
2022-02-17,61.107142857142854,43.25,Suez Canal,Cape of Good Hope,asia_europe,0.7077732320280538
2022-02-18,61.607142857142854,43.107142857142854,Suez Canal,Cape of Good Hope,asia_europe,0.6997101449275362
2022-02-23,61.857142857142854,43.285714285714285,Suez Canal,Cape of Good Hope,asia_europe,0.6997690531177829
2022-03-13,60.785714285714285,42.25,Suez Canal,Cape of Good Hope,asia_europe,0.6950646298472386
2022-04-13,61.42857142857143,39.285714285714285,Suez Canal,Cape of Good Hope,asia_europe,0.6395348837209301
2022-04-29,64.78571428571429,41.42857142857143,Suez Canal,Cape of Good Hope,asia_europe,0.639470782800441
2022-05-18,64.35714285714286,45.82142857142857,Suez Canal,Cape of Good Hope,asia_europe,0.7119866814650387
2022-06-26,66.57142857142857,46.142857142857146,Suez Canal,Cape of Good Hope,asia_europe,0.6931330472103004
2022-06-27,66.46428571428571,47.07142857142857,Suez Canal,Cape of Good Hope,asia_europe,0.708221386351424
2022-07-22,70.5,48.642857142857146,Suez Canal,Cape of Good Hope,asia_europe,0.6899696048632219
2022-07-26,70.85714285714286,47.67857142857143,Suez Canal,Cape of Good Hope,asia_europe,0.672883064516129
2022-07-28,70.85714285714286,47.42857142857143,Suez Canal,Cape of Good Hope,asia_europe,0.6693548387096774
2022-08-13,72.25,47.67857142857143,Suez Canal,Cape of Good Hope,asia_europe,0.6599110232328226
2022-08-18,71.96428571428571,46.5,Suez Canal,Cape of Good Hope,asia_europe,0.6461538461538462
2022-08-28,71.53571428571429,48.25,Suez Canal,Cape of Good Hope,asia_europe,0.674488267598602
2022-09-05,70.17857142857143,46.035714285714285,Suez Canal,Cape of Good Hope,asia_europe,0.6559796437659032
2022-09-11,70.82142857142857,48.142857142857146,Suez Canal,Cape of Good Hope,asia_europe,0.6797781139687343
2022-09-20,70.07142857142857,48.642857142857146,Suez Canal,Cape of Good Hope,asia_europe,0.6941896024464832
2022-11-02,71.10714285714286,41.964285714285715,Suez Canal,Cape of Good Hope,asia_europe,0.5901557006529382
2022-11-03,71.32142857142857,42.214285714285715,Suez Canal,Cape of Good Hope,asia_europe,0.5918878317476215
2022-11-20,72.75,42.07142857142857,Suez Canal,Cape of Good Hope,asia_europe,0.5783014236622483
2022-11-21,73.0,41.964285714285715,Suez Canal,Cape of Good Hope,asia_europe,0.574853228962818
2022-12-23,71.85714285714286,40.5,Suez Canal,Cape of Good Hope,asia_europe,0.5636182902584492
2023-01-23,70.75,41.142857142857146,Suez Canal,Cape of Good Hope,asia_europe,0.5815244825845532
2023-02-08,70.0,42.892857142857146,Suez Canal,Cape of Good Hope,asia_europe,0.6127551020408164
2023-02-28,70.07142857142857,41.964285714285715,Suez Canal,Cape of Good Hope,asia_europe,0.5988786952089705
2023-03-05,69.07142857142857,40.5,Suez Canal,Cape of Good Hope,asia_europe,0.5863495346432265
2023-03-06,70.17857142857143,40.5,Suez Canal,Cape of Good Hope,asia_europe,0.5770992366412213
2023-03-10,70.53571428571429,41.07142857142857,Suez Canal,Cape of Good Hope,asia_europe,0.5822784810126581
2023-03-27,72.53571428571429,43.714285714285715,Suez Canal,Cape of Good Hope,asia_europe,0.6026587887740029
2023-04-17,73.64285714285714,42.75,Suez Canal,Cape of Good Hope,asia_europe,0.5805043646944714
2023-04-20,74.71428571428571,44.67857142857143,Suez Canal,Cape of Good Hope,asia_europe,0.5979923518164437
2023-04-26,75.85714285714286,45.142857142857146,Suez Canal,Cape of Good Hope,asia_europe,0.5951035781544256
2023-05-09,78.78571428571429,47.214285714285715,Suez Canal,Cape of Good Hope,asia_europe,0.599274705349048
2023-05-13,78.17857142857143,47.17857142857143,Suez Canal,Cape of Good Hope,asia_europe,0.6034719049794427
2023-05-14,78.03571428571429,47.535714285714285,Suez Canal,Cape of Good Hope,asia_europe,0.6091533180778032
2023-05-15,78.39285714285714,47.535714285714285,Suez Canal,Cape of Good Hope,asia_europe,0.606378132118451
2023-06-05,75.35714285714286,50.535714285714285,Suez Canal,Cape of Good Hope,asia_europe,0.6706161137440758
2023-06-20,73.78571428571429,48.964285714285715,Suez Canal,Cape of Good Hope,asia_europe,0.6636011616650532
2023-07-01,75.46428571428571,50.892857142857146,Suez Canal,Cape of Good Hope,asia_europe,0.67439659252248
2023-07-04,75.42857142857143,51.67857142857143,Suez Canal,Cape of Good Hope,asia_europe,0.6851325757575758
2023-07-12,73.28571428571429,52.67857142857143,Suez Canal,Cape of Good Hope,asia_europe,0.7188109161793372
2023-08-25,70.96428571428571,52.892857142857146,Suez Canal,Cape of Good Hope,asia_europe,0.7453447408152996
2023-08-26,71.03571428571429,53.464285714285715,Suez Canal,Cape of Good Hope,asia_europe,0.7526395173453997
2023-09-08,73.17857142857143,55.464285714285715,Suez Canal,Cape of Good Hope,asia_europe,0.7579306979014153
2023-09-10,73.5,54.035714285714285,Suez Canal,Cape of Good Hope,asia_europe,0.7351797862001943
2023-09-25,73.07142857142857,56.92857142857143,Suez Canal,Cape of Good Hope,asia_europe,0.7790811339198437
2023-10-14,75.53571428571429,57.857142857142854,Suez Canal,Cape of Good Hope,asia_europe,0.7659574468085105
2023-10-17,76.10714285714286,55.32142857142857,Suez Canal,Cape of Good Hope,asia_europe,0.7268887846081651
2023-11-12,75.78571428571429,48.75,Suez Canal,Cape of Good Hope,asia_europe,0.6432610744580584
2023-12-03,76.32142857142857,48.67857142857143,Suez Canal,Cape of Good Hope,asia_europe,0.6378100140383716
2023-12-14,75.71428571428571,48.32142857142857,Suez Canal,Cape of Good Hope,asia_europe,0.6382075471698113
2023-12-16,74.82142857142857,48.42857142857143,Suez Canal,Cape of Good Hope,asia_europe,0.647255369928401
2024-01-02,69.35714285714286,53.964285714285715,Suez Canal,Cape of Good Hope,asia_europe,0.778063851699279
2024-01-24,52.07142857142857,69.67857142857143,Suez Canal,Cape of Good Hope,asia_europe,1.3381344307270233
2024-02-16,41.67857142857143,78.5,Suez Canal,Cape of Good Hope,asia_europe,1.8834618680377033
2024-02-25,41.5,84.42857142857143,Suez Canal,Cape of Good Hope,asia_europe,2.0344234079173837
2024-02-26,41.892857142857146,85.07142857142857,Suez Canal,Cape of Good Hope,asia_europe,2.0306905370843986
2024-03-05,41.357142857142854,87.96428571428571,Suez Canal,Cape of Good Hope,asia_europe,2.126943005181347
2024-03-12,40.892857142857146,89.92857142857143,Suez Canal,Cape of Good Hope,asia_europe,2.199126637554585
2024-03-18,40.92857142857143,89.17857142857143,Suez Canal,Cape of Good Hope,asia_europe,2.1788830715532286
2024-03-19,41.0,88.28571428571429,Suez Canal,Cape of Good Hope,asia_europe,2.153310104529617
2024-03-20,40.82142857142857,87.53571428571429,Suez Canal,Cape of Good Hope,asia_europe,2.1443569553805775
2024-04-01,39.642857142857146,83.35714285714286,Suez Canal,Cape of Good Hope,asia_europe,2.1027027027027025
2024-04-12,39.642857142857146,79.57142857142857,Suez Canal,Cape of Good Hope,asia_europe,2.007207207207207
2024-04-27,40.964285714285715,88.14285714285714,Suez Canal,Cape of Good Hope,asia_europe,2.151700087183958
2024-06-02,41.92857142857143,90.0,Suez Canal,Cape of Good Hope,asia_europe,2.1465076660988074
2024-06-07,41.285714285714285,93.28571428571429,Suez Canal,Cape of Good Hope,asia_europe,2.2595155709342563
2024-06-10,40.642857142857146,93.03571428571429,Suez Canal,Cape of Good Hope,asia_europe,2.289103690685413
2024-07-01,38.67857142857143,96.17857142857143,Suez Canal,Cape of Good Hope,asia_europe,2.486611265004617
2024-07-02,38.67857142857143,96.5,Suez Canal,Cape of Good Hope,asia_europe,2.4949215143120957
2024-07-14,37.357142857142854,93.42857142857143,Suez Canal,Cape of Good Hope,asia_europe,2.500956022944551
2024-08-18,40.035714285714285,92.5,Suez Canal,Cape of Good Hope,asia_europe,2.3104371097234613
2024-09-26,38.142857142857146,94.89285714285714,Suez Canal,Cape of Good Hope,asia_europe,2.487827715355805
2024-09-27,38.17857142857143,93.89285714285714,Suez Canal,Cape of Good Hope,asia_europe,2.4593077642656684
2024-09-29,37.57142857142857,87.78571428571429,Suez Canal,Cape of Good Hope,asia_europe,2.336501901140685
2024-11-27,36.142857142857146,84.53571428571429,Suez Canal,Cape of Good Hope,asia_europe,2.338932806324111
2024-12-10,35.07142857142857,82.5,Suez Canal,Cape of Good Hope,asia_europe,2.3523421588594706
2025-03-12,35.5,87.64285714285714,Suez Canal,Cape of Good Hope,asia_europe,2.4688128772635816
2025-03-15,35.642857142857146,85.92857142857143,Suez Canal,Cape of Good Hope,asia_europe,2.410821643286573
2025-04-17,38.17857142857143,82.17857142857143,Suez Canal,Cape of Good Hope,asia_europe,2.1524789522918617
2025-05-30,36.392857142857146,91.60714285714286,Suez Canal,Cape of Good Hope,asia_europe,2.5171736997055936
2025-06-04,36.892857142857146,90.60714285714286,Suez Canal,Cape of Good Hope,asia_europe,2.4559535333978704
2025-06-24,36.892857142857146,90.14285714285714,Suez Canal,Cape of Good Hope,asia_europe,2.443368828654404
2025-07-31,38.0,94.21428571428571,Suez Canal,Cape of Good Hope,asia_europe,2.4793233082706765
2025-08-24,38.82142857142857,94.92857142857143,Suez Canal,Cape of Good Hope,asia_europe,2.4452621895124196
2025-09-10,40.107142857142854,97.17857142857143,Suez Canal,Cape of Good Hope,asia_europe,2.4229741763134465
2025-10-19,41.642857142857146,94.96428571428571,Suez Canal,Cape of Good Hope,asia_europe,2.280445969125214
2025-10-27,41.857142857142854,95.0,Suez Canal,Cape of Good Hope,asia_europe,2.26962457337884
2025-11-11,42.57142857142857,89.10714285714286,Suez Canal,Cape of Good Hope,asia_europe,2.0931208053691277
2025-11-14,42.642857142857146,88.07142857142857,Suez Canal,Cape of Good Hope,asia_europe,2.065326633165829
2025-11-24,42.17857142857143,86.42857142857143,Suez Canal,Cape of Good Hope,asia_europe,2.0491109229466553
2025-12-02,43.035714285714285,86.5,Suez Canal,Cape of Good Hope,asia_europe,2.0099585062240664
2025-12-09,41.75,85.35714285714286,Suez Canal,Cape of Good Hope,asia_europe,2.0444824636441403
2026-01-04,39.107142857142854,84.25,Suez Canal,Cape of Good Hope,asia_europe,2.1543378995433793
2026-01-22,37.285714285714285,87.64285714285714,Suez Canal,Cape of Good Hope,asia_europe,2.3505747126436782
2026-02-01,39.75,88.14285714285714,Suez Canal,Cape of Good Hope,asia_europe,2.2174303683737646
2026-02-24,41.07142857142857,87.64285714285714,Suez Canal,Cape of Good Hope,asia_europe,2.1339130434782607
2026-03-14,40.82142857142857,92.32142857142857,Suez Canal,Cape of Good Hope,asia_europe,2.2615923009623797
2026-04-06,41.607142857142854,89.85714285714286,Suez Canal,Cape of Good Hope,asia_europe,2.1596566523605154
2026-04-16,41.82142857142857,92.10714285714286,Suez Canal,Cape of Good Hope,asia_europe,2.2023911187019642
2026-05-29,39.214285714285715,96.35714285714286,Suez Canal,Cape of Good Hope,asia_europe,2.4571948998178508
2026-06-26,40.107142857142854,93.89285714285714,Suez Canal,Cape of Good Hope,asia_europe,2.341050756901158
2026-07-09,40.17857142857143,93.07142857142857,Suez Canal,Cape of Good Hope,asia_europe,2.316444444444444
2026-08-13,41.57142857142857,88.07142857142857,Suez Canal,Cape of Good Hope,asia_europe,2.118556701030928
2019-01-04,55.0,45.0,Suez Canal,Cape of Good Hope,asia_europe,0.8181818181818182
2019-03-26,49.75,44.142857142857146,Suez Canal,Cape of Good Hope,asia_europe,0.8872936109117014
2019-04-02,50.214285714285715,42.42857142857143,Suez Canal,Cape of Good Hope,asia_europe,0.8449502133712661
2019-04-08,49.964285714285715,43.67857142857143,Suez Canal,Cape of Good Hope,asia_europe,0.8741958541815583
2019-04-15,50.75,44.785714285714285,Suez Canal,Cape of Good Hope,asia_europe,0.8824771287825475
2019-05-30,51.92857142857143,46.0,Suez Canal,Cape of Good Hope,asia_europe,0.8858321870701513
2019-06-08,51.75,46.892857142857146,Suez Canal,Cape of Good Hope,asia_europe,0.9061421670117323
2019-06-09,52.142857142857146,48.0,Suez Canal,Cape of Good Hope,asia_europe,0.9205479452054794
2019-07-11,49.964285714285715,50.42857142857143,Suez Canal,Cape of Good Hope,asia_europe,1.0092923516797714
2019-07-17,50.67857142857143,50.785714285714285,Suez Canal,Cape of Good Hope,asia_europe,1.0021141649048626
2019-08-13,54.57142857142857,51.642857142857146,Suez Canal,Cape of Good Hope,asia_europe,0.9463350785340315
2019-09-05,54.32142857142857,49.857142857142854,Suez Canal,Cape of Good Hope,asia_europe,0.9178172255095332
2019-09-10,53.92857142857143,49.92857142857143,Suez Canal,Cape of Good Hope,asia_europe,0.9258278145695364
2019-10-01,52.5,53.285714285714285,Suez Canal,Cape of Good Hope,asia_europe,1.0149659863945577
2019-10-12,55.07142857142857,53.42857142857143,Suez Canal,Cape of Good Hope,asia_europe,0.9701686121919586
2019-10-14,55.07142857142857,53.67857142857143,Suez Canal,Cape of Good Hope,asia_europe,0.9747081712062258
2019-11-14,55.285714285714285,48.892857142857146,Suez Canal,Cape of Good Hope,asia_europe,0.8843669250645996
2019-12-10,54.642857142857146,45.32142857142857,Suez Canal,Cape of Good Hope,asia_europe,0.8294117647058823
2019-12-20,54.785714285714285,43.17857142857143,Suez Canal,Cape of Good Hope,asia_europe,0.788135593220339
2020-01-11,54.67857142857143,39.17857142857143,Suez Canal,Cape of Good Hope,asia_europe,0.7165251469627695
2020-01-23,54.42857142857143,39.285714285714285,Suez Canal,Cape of Good Hope,asia_europe,0.7217847769028871
2020-02-13,56.964285714285715,79.07142857142857,Suez Canal,Cape of Good Hope,asia_europe,1.388087774294671
2020-02-16,58.42857142857143,80.03571428571429,Suez Canal,Cape of Good Hope,asia_europe,1.3698044009779953
2020-03-04,53.5,44.67857142857143,Suez Canal,Cape of Good Hope,asia_europe,0.835113484646195
2020-03-18,52.92857142857143,42.142857142857146,Suez Canal,Cape of Good Hope,asia_europe,0.7962213225371121
2020-03-23,53.464285714285715,42.642857142857146,Suez Canal,Cape of Good Hope,asia_europe,0.7975951903807615
2020-04-02,54.607142857142854,44.035714285714285,Suez Canal,Cape of Good Hope,asia_europe,0.8064094179202093
2020-04-24,57.464285714285715,50.357142857142854,Suez Canal,Cape of Good Hope,asia_europe,0.8763206960845245
2020-05-14,55.607142857142854,52.607142857142854,Suez Canal,Cape of Good Hope,asia_europe,0.9460500963391136
2020-05-16,55.535714285714285,52.392857142857146,Suez Canal,Cape of Good Hope,asia_europe,0.9434083601286174
2020-05-22,54.5,54.57142857142857,Suez Canal,Cape of Good Hope,asia_europe,1.001310615989515
2020-08-06,48.464285714285715,61.42857142857143,Suez Canal,Cape of Good Hope,asia_europe,1.2675018422991895
2020-08-12,49.142857142857146,62.214285714285715,Suez Canal,Cape of Good Hope,asia_europe,1.2659883720930232
2020-08-16,49.17857142857143,57.5,Suez Canal,Cape of Good Hope,asia_europe,1.1692084241103848
2020-08-17,49.642857142857146,56.67857142857143,Suez Canal,Cape of Good Hope,asia_europe,1.141726618705036
2020-08-30,51.142857142857146,54.535714285714285,Suez Canal,Cape of Good Hope,asia_europe,1.066340782122905
2020-08-31,51.17857142857143,54.142857142857146,Suez Canal,Cape of Good Hope,asia_europe,1.057920446615492
2020-09-03,52.142857142857146,54.392857142857146,Suez Canal,Cape of Good Hope,asia_europe,1.0431506849315069
2020-09-14,52.857142857142854,55.17857142857143,Suez Canal,Cape of Good Hope,asia_europe,1.043918918918919
2020-09-18,53.464285714285715,55.82142857142857,Suez Canal,Cape of Good Hope,asia_europe,1.0440881763527055
2020-09-19,53.357142857142854,55.285714285714285,Suez Canal,Cape of Good Hope,asia_europe,1.036144578313253
2020-10-31,53.67857142857143,50.5,Suez Canal,Cape of Good Hope,asia_europe,0.9407850964737192
2020-11-09,53.535714285714285,48.5,Suez Canal,Cape of Good Hope,asia_europe,0.9059372915276851
2020-12-01,54.57142857142857,48.285714285714285,Suez Canal,Cape of Good Hope,asia_europe,0.8848167539267016
2020-12-02,54.714285714285715,47.5,Suez Canal,Cape of Good Hope,asia_europe,0.8681462140992167
2020-12-04,54.892857142857146,46.714285714285715,Suez Canal,Cape of Good Hope,asia_europe,0.8510084580351334
2020-12-21,52.67857142857143,45.107142857142854,Suez Canal,Cape of Good Hope,asia_europe,0.8562711864406779
2021-01-13,53.142857142857146,42.214285714285715,Suez Canal,Cape of Good Hope,asia_europe,0.7943548387096774
2021-02-12,53.535714285714285,43.214285714285715,Suez Canal,Cape of Good Hope,asia_europe,0.8072048032021348
2021-03-29,46.535714285714285,48.535714285714285,Suez Canal,Cape of Good Hope,asia_europe,1.0429777436684573
2021-04-19,52.642857142857146,50.964285714285715,Suez Canal,Cape of Good Hope,asia_europe,0.9681139755766621
2021-04-21,54.75,51.642857142857146,Suez Canal,Cape of Good Hope,asia_europe,0.9432485322896282
2021-04-25,62.07142857142857,52.57142857142857,Suez Canal,Cape of Good Hope,asia_europe,0.8469505178365938
2021-05-14,55.07142857142857,50.75,Suez Canal,Cape of Good Hope,asia_europe,0.9215304798962387
2021-05-17,55.32142857142857,51.07142857142857,Suez Canal,Cape of Good Hope,asia_europe,0.9231762427372499
2021-06-02,55.535714285714285,50.607142857142854,Suez Canal,Cape of Good Hope,asia_europe,0.9112540192926044
2021-06-18,55.214285714285715,50.75,Suez Canal,Cape of Good Hope,asia_europe,0.9191461836998707
2021-06-26,55.285714285714285,49.642857142857146,Suez Canal,Cape of Good Hope,asia_europe,0.8979328165374678
2021-07-14,55.035714285714285,48.785714285714285,Suez Canal,Cape of Good Hope,asia_europe,0.8864373783257625
2021-07-22,55.035714285714285,49.535714285714285,Suez Canal,Cape of Good Hope,asia_europe,0.900064892926671
2021-08-01,56.25,53.25,Suez Canal,Cape of Good Hope,asia_europe,0.9466666666666667
2021-08-02,56.714285714285715,52.607142857142854,Suez Canal,Cape of Good Hope,asia_europe,0.9275818639798488
2021-09-02,61.785714285714285,46.5,Suez Canal,Cape of Good Hope,asia_europe,0.7526011560693642
2021-09-08,62.67857142857143,48.535714285714285,Suez Canal,Cape of Good Hope,asia_europe,0.7743589743589743
2021-09-15,61.964285714285715,47.892857142857146,Suez Canal,Cape of Good Hope,asia_europe,0.7729106628242075
2021-09-25,61.75,48.82142857142857,Suez Canal,Cape of Good Hope,asia_europe,0.7906304222093695
2021-09-29,63.75,49.42857142857143,Suez Canal,Cape of Good Hope,asia_europe,0.7753501400560224
2021-10-23,62.142857142857146,42.67857142857143,Suez Canal,Cape of Good Hope,asia_europe,0.6867816091954023
2021-11-15,60.92857142857143,42.5,Suez Canal,Cape of Good Hope,asia_europe,0.6975381008206331
2021-11-29,62.785714285714285,42.035714285714285,Suez Canal,Cape of Good Hope,asia_europe,0.6695108077360638
2021-12-17,60.82142857142857,43.285714285714285,Suez Canal,Cape of Good Hope,asia_europe,0.7116852613035819
2022-01-03,59.107142857142854,41.857142857142854,Suez Canal,Cape of Good Hope,asia_europe,0.7081570996978852
2022-02-07,59.785714285714285,41.92857142857143,Suez Canal,Cape of Good Hope,asia_europe,0.7013142174432497
2022-03-30,60.107142857142854,40.785714285714285,Suez Canal,Cape of Good Hope,asia_europe,0.6785502079619727
2022-04-09,62.32142857142857,39.75,Suez Canal,Cape of Good Hope,asia_europe,0.6378223495702006
2022-05-03,64.10714285714286,42.25,Suez Canal,Cape of Good Hope,asia_europe,0.6590529247910863
2022-05-22,63.57142857142857,45.0,Suez Canal,Cape of Good Hope,asia_europe,0.7078651685393259
2022-05-30,63.857142857142854,45.75,Suez Canal,Cape of Good Hope,asia_europe,0.7164429530201343
2022-06-02,63.892857142857146,44.607142857142854,Suez Canal,Cape of Good Hope,asia_europe,0.6981553940749021
2022-06-21,64.85714285714286,46.07142857142857,Suez Canal,Cape of Good Hope,asia_europe,0.7103524229074889
2022-06-23,64.82142857142857,46.285714285714285,Suez Canal,Cape of Good Hope,asia_europe,0.7140495867768595
2022-07-21,70.78571428571429,48.964285714285715,Suez Canal,Cape of Good Hope,asia_europe,0.6917255297679111
2022-09-10,70.32142857142857,48.75,Suez Canal,Cape of Good Hope,asia_europe,0.6932453021838497
2022-09-28,69.64285714285714,47.785714285714285,Suez Canal,Cape of Good Hope,asia_europe,0.6861538461538462
2022-10-01,69.25,46.857142857142854,Suez Canal,Cape of Good Hope,asia_europe,0.6766374419804022
2022-10-07,69.28571428571429,44.642857142857146,Suez Canal,Cape of Good Hope,asia_europe,0.6443298969072165
2022-10-16,68.57142857142857,44.892857142857146,Suez Canal,Cape of Good Hope,asia_europe,0.6546875000000001
2022-10-29,70.28571428571429,43.142857142857146,Suez Canal,Cape of Good Hope,asia_europe,0.6138211382113821
2022-11-01,71.03571428571429,42.107142857142854,Suez Canal,Cape of Good Hope,asia_europe,0.592760180995475
2022-11-25,72.42857142857143,42.214285714285715,Suez Canal,Cape of Good Hope,asia_europe,0.5828402366863905
2022-12-05,71.75,41.392857142857146,Suez Canal,Cape of Good Hope,asia_europe,0.5769039323046292
2023-01-03,70.71428571428571,39.642857142857146,Suez Canal,Cape of Good Hope,asia_europe,0.5606060606060607
2023-01-26,71.60714285714286,41.714285714285715,Suez Canal,Cape of Good Hope,asia_europe,0.5825436408977556
2023-01-30,71.60714285714286,42.25,Suez Canal,Cape of Good Hope,asia_europe,0.5900249376558603
2023-02-10,70.5,42.214285714285715,Suez Canal,Cape of Good Hope,asia_europe,0.5987841945288754
2023-03-15,71.07142857142857,41.214285714285715,Suez Canal,Cape of Good Hope,asia_europe,0.5798994974874372
2023-03-16,71.03571428571429,41.17857142857143,Suez Canal,Cape of Good Hope,asia_europe,0.5796882855706385
2023-04-25,75.32142857142857,44.82142857142857,Suez Canal,Cape of Good Hope,asia_europe,0.5950687529634898
2023-05-26,77.46428571428571,48.5,Suez Canal,Cape of Good Hope,asia_europe,0.6260949746426925
2023-05-28,77.57142857142857,48.57142857142857,Suez Canal,Cape of Good Hope,asia_europe,0.6261510128913443
2023-06-02,76.60714285714286,51.42857142857143,Suez Canal,Cape of Good Hope,asia_europe,0.6713286713286714
2023-07-05,75.25,51.5,Suez Canal,Cape of Good Hope,asia_europe,0.6843853820598007
2023-07-24,72.57142857142857,52.392857142857146,Suez Canal,Cape of Good Hope,asia_europe,0.7219488188976378
2023-08-07,69.71428571428571,55.57142857142857,Suez Canal,Cape of Good Hope,asia_europe,0.7971311475409837
2023-08-16,69.89285714285714,55.785714285714285,Suez Canal,Cape of Good Hope,asia_europe,0.798160449667859
2023-08-30,71.5,56.285714285714285,Suez Canal,Cape of Good Hope,asia_europe,0.7872127872127872
2023-09-04,72.35714285714286,54.57142857142857,Suez Canal,Cape of Good Hope,asia_europe,0.7541954590325765
2023-10-05,74.35714285714286,56.57142857142857,Suez Canal,Cape of Good Hope,asia_europe,0.7608069164265129
2023-10-20,76.46428571428571,53.392857142857146,Suez Canal,Cape of Good Hope,asia_europe,0.6982718355908455
2023-10-25,77.17857142857143,51.964285714285715,Suez Canal,Cape of Good Hope,asia_europe,0.6732993984266543
2023-11-02,77.0,49.42857142857143,Suez Canal,Cape of Good Hope,asia_europe,0.6419294990723562
2023-11-24,76.42857142857143,48.57142857142857,Suez Canal,Cape of Good Hope,asia_europe,0.6355140186915887
2023-11-29,76.64285714285714,48.892857142857146,Suez Canal,Cape of Good Hope,asia_europe,0.6379310344827587
2024-01-01,69.89285714285714,52.57142857142857,Suez Canal,Cape of Good Hope,asia_europe,0.7521716913643332
2024-01-25,51.107142857142854,70.64285714285714,Suez Canal,Cape of Good Hope,asia_europe,1.382250174703005
2024-02-21,41.035714285714285,83.85714285714286,Suez Canal,Cape of Good Hope,asia_europe,2.0435161009573544
2024-03-16,41.214285714285715,90.10714285714286,Suez Canal,Cape of Good Hope,asia_europe,2.18630849220104
2024-05-24,40.714285714285715,90.5,Suez Canal,Cape of Good Hope,asia_europe,2.2228070175438597
2024-06-01,41.32142857142857,91.25,Suez Canal,Cape of Good Hope,asia_europe,2.2082973206568712
2024-07-12,37.285714285714285,91.57142857142857,Suez Canal,Cape of Good Hope,asia_europe,2.4559386973180075
2024-10-02,38.07142857142857,86.03571428571429,Suez Canal,Cape of Good Hope,asia_europe,2.25984990619137
2024-10-31,37.107142857142854,86.92857142857143,Suez Canal,Cape of Good Hope,asia_europe,2.3426371511068336
2024-11-05,37.357142857142854,86.46428571428571,Suez Canal,Cape of Good Hope,asia_europe,2.31453154875717
2024-11-19,36.82142857142857,86.57142857142857,Suez Canal,Cape of Good Hope,asia_europe,2.3511154219204657
2024-12-12,34.714285714285715,81.42857142857143,Suez Canal,Cape of Good Hope,asia_europe,2.345679012345679
2025-01-01,36.035714285714285,79.5,Suez Canal,Cape of Good Hope,asia_europe,2.2061446977205152
2025-01-24,35.714285714285715,82.60714285714286,Suez Canal,Cape of Good Hope,asia_europe,2.313
2025-02-05,35.714285714285715,85.35714285714286,Suez Canal,Cape of Good Hope,asia_europe,2.39
2025-02-09,35.25,84.67857142857143,Suez Canal,Cape of Good Hope,asia_europe,2.402228976697062
2025-02-17,35.357142857142854,87.25,Suez Canal,Cape of Good Hope,asia_europe,2.467676767676768
2025-03-13,35.5,86.60714285714286,Suez Canal,Cape of Good Hope,asia_europe,2.439637826961771
2025-04-05,37.75,80.10714285714286,Suez Canal,Cape of Good Hope,asia_europe,2.122043519394513
2025-04-07,37.32142857142857,78.92857142857143,Suez Canal,Cape of Good Hope,asia_europe,2.1148325358851676
2025-04-09,37.107142857142854,79.32142857142857,Suez Canal,Cape of Good Hope,asia_europe,2.1376323387872955
2025-04-13,37.67857142857143,80.67857142857143,Suez Canal,Cape of Good Hope,asia_europe,2.1412322274881515
2025-04-21,37.32142857142857,82.17857142857143,Suez Canal,Cape of Good Hope,asia_europe,2.2019138755980863
2025-04-28,36.92857142857143,83.92857142857143,Suez Canal,Cape of Good Hope,asia_europe,2.2727272727272725
2025-04-30,37.07142857142857,84.28571428571429,Suez Canal,Cape of Good Hope,asia_europe,2.273603082851638
2025-06-11,37.67857142857143,90.46428571428571,Suez Canal,Cape of Good Hope,asia_europe,2.400947867298578
2025-06-16,37.32142857142857,90.10714285714286,Suez Canal,Cape of Good Hope,asia_europe,2.4143540669856463
2025-07-30,38.392857142857146,95.60714285714286,Suez Canal,Cape of Good Hope,asia_europe,2.490232558139535
2025-08-05,38.07142857142857,96.10714285714286,Suez Canal,Cape of Good Hope,asia_europe,2.524390243902439
2025-08-21,38.464285714285715,96.89285714285714,Suez Canal,Cape of Good Hope,asia_europe,2.5190343546889506
2025-09-15,41.32142857142857,94.64285714285714,Suez Canal,Cape of Good Hope,asia_europe,2.2904062229904927
2025-09-18,40.82142857142857,92.39285714285714,Suez Canal,Cape of Good Hope,asia_europe,2.26334208223972
2025-09-21,40.82142857142857,97.5,Suez Canal,Cape of Good Hope,asia_europe,2.388451443569554
2025-09-28,42.32142857142857,93.78571428571429,Suez Canal,Cape of Good Hope,asia_europe,2.2160337552742617
2025-09-29,42.035714285714285,93.96428571428571,Suez Canal,Cape of Good Hope,asia_europe,2.235344095157179
2025-11-19,42.607142857142854,87.39285714285714,Suez Canal,Cape of Good Hope,asia_europe,2.0511316010058676
2025-11-26,42.607142857142854,85.57142857142857,Suez Canal,Cape of Good Hope,asia_europe,2.008382229673093
2025-12-24,41.107142857142854,85.82142857142857,Suez Canal,Cape of Good Hope,asia_europe,2.0877497827975673
2026-04-17,41.892857142857146,92.35714285714286,Suez Canal,Cape of Good Hope,asia_europe,2.20460358056266
2026-04-19,41.642857142857146,92.35714285714286,Suez Canal,Cape of Good Hope,asia_europe,2.2178387650085765
2026-04-27,41.964285714285715,93.92857142857143,Suez Canal,Cape of Good Hope,asia_europe,2.2382978723404254
2026-05-06,40.0,93.82142857142857,Suez Canal,Cape of Good Hope,asia_europe,2.345535714285714
2026-05-10,39.892857142857146,93.28571428571429,Suez Canal,Cape of Good Hope,asia_europe,2.3384064458370637
2026-05-24,39.285714285714285,95.03571428571429,Suez Canal,Cape of Good Hope,asia_europe,2.4190909090909094
2026-06-14,40.464285714285715,93.82142857142857,Suez Canal,Cape of Good Hope,asia_europe,2.3186231244483673
2026-06-24,40.035714285714285,94.03571428571429,Suez Canal,Cape of Good Hope,asia_europe,2.3487957181088315
2026-07-12,40.964285714285715,93.57142857142857,Suez Canal,Cape of Good Hope,asia_europe,2.284219703574542
2026-07-26,41.642857142857146,92.78571428571429,Suez Canal,Cape of Good Hope,asia_europe,2.228130360205832
2026-07-28,41.92857142857143,90.85714285714286,Suez Canal,Cape of Good Hope,asia_europe,2.1669505962521294
2026-07-30,42.214285714285715,89.92857142857143,Suez Canal,Cape of Good Hope,asia_europe,2.1302876480541455
2026-08-06,41.42857142857143,90.67857142857143,Suez Canal,Cape of Good Hope,asia_europe,2.1887931034482757
2019-01-05,52.6,48.8,Suez Canal,Cape of Good Hope,asia_europe,0.9277566539923954
2019-01-07,51.285714285714285,46.714285714285715,Suez Canal,Cape of Good Hope,asia_europe,0.9108635097493036
2019-01-11,51.72727272727273,49.63636363636363,Suez Canal,Cape of Good Hope,asia_europe,0.9595782073813708
2019-01-22,49.81818181818182,47.13636363636363,Suez Canal,Cape of Good Hope,asia_europe,0.9461678832116788
2019-02-05,49.607142857142854,47.392857142857146,Suez Canal,Cape of Good Hope,asia_europe,0.955363570914327
2019-02-06,49.535714285714285,46.607142857142854,Suez Canal,Cape of Good Hope,asia_europe,0.9408795962509012
2019-02-12,51.035714285714285,47.5,Suez Canal,Cape of Good Hope,asia_europe,0.9307207837648706
2019-02-21,50.035714285714285,49.785714285714285,Suez Canal,Cape of Good Hope,asia_europe,0.9950035688793719
2019-03-11,50.535714285714285,48.82142857142857,Suez Canal,Cape of Good Hope,asia_europe,0.9660777385159011
2019-04-20,50.92857142857143,44.785714285714285,Suez Canal,Cape of Good Hope,asia_europe,0.879382889200561
2019-05-09,50.464285714285715,44.892857142857146,Suez Canal,Cape of Good Hope,asia_europe,0.8895966029723992
2019-05-23,52.07142857142857,45.285714285714285,Suez Canal,Cape of Good Hope,asia_europe,0.869684499314129
2019-06-17,51.285714285714285,48.857142857142854,Suez Canal,Cape of Good Hope,asia_europe,0.9526462395543175
2019-08-12,54.392857142857146,51.607142857142854,Suez Canal,Cape of Good Hope,asia_europe,0.948785292186474
2019-09-12,53.714285714285715,50.892857142857146,Suez Canal,Cape of Good Hope,asia_europe,0.9474734042553192
2019-09-20,53.464285714285715,49.857142857142854,Suez Canal,Cape of Good Hope,asia_europe,0.9325317301269205
2019-09-25,52.75,51.32142857142857,Suez Canal,Cape of Good Hope,asia_europe,0.97291807718348
2019-10-06,53.857142857142854,54.285714285714285,Suez Canal,Cape of Good Hope,asia_europe,1.0079575596816976
2019-10-28,56.785714285714285,50.714285714285715,Suez Canal,Cape of Good Hope,asia_europe,0.8930817610062893
2019-11-02,56.607142857142854,50.035714285714285,Suez Canal,Cape of Good Hope,asia_europe,0.8839116719242902
2019-12-22,54.57142857142857,43.0,Suez Canal,Cape of Good Hope,asia_europe,0.7879581151832461
2019-12-27,53.57142857142857,41.357142857142854,Suez Canal,Cape of Good Hope,asia_europe,0.772
2020-01-14,55.0,39.892857142857146,Suez Canal,Cape of Good Hope,asia_europe,0.7253246753246754
2020-01-18,54.5,39.785714285714285,Suez Canal,Cape of Good Hope,asia_europe,0.7300131061598951
2020-02-20,59.035714285714285,81.5,Suez Canal,Cape of Good Hope,asia_europe,1.380520266182698
2020-03-08,53.464285714285715,43.32142857142857,Suez Canal,Cape of Good Hope,asia_europe,0.8102872411489646
2020-04-06,55.107142857142854,45.214285714285715,Suez Canal,Cape of Good Hope,asia_europe,0.8204795852235904
2020-04-15,56.57142857142857,47.535714285714285,Suez Canal,Cape of Good Hope,asia_europe,0.8402777777777778
2020-04-20,57.142857142857146,48.892857142857146,Suez Canal,Cape of Good Hope,asia_europe,0.855625
2020-05-04,59.464285714285715,52.607142857142854,Suez Canal,Cape of Good Hope,asia_europe,0.8846846846846846
2020-05-09,57.464285714285715,54.285714285714285,Suez Canal,Cape of Good Hope,asia_europe,0.944686140459913
2020-05-11,56.857142857142854,54.214285714285715,Suez Canal,Cape of Good Hope,asia_europe,0.9535175879396985
2020-05-12,56.107142857142854,53.535714285714285,Suez Canal,Cape of Good Hope,asia_europe,0.954169318905156
2020-07-15,45.107142857142854,52.535714285714285,Suez Canal,Cape of Good Hope,asia_europe,1.1646872525732384
2020-08-20,49.92857142857143,55.392857142857146,Suez Canal,Cape of Good Hope,asia_europe,1.109442060085837
2020-09-10,53.17857142857143,56.285714285714285,Suez Canal,Cape of Good Hope,asia_europe,1.058428475486904
2020-09-22,53.0,53.714285714285715,Suez Canal,Cape of Good Hope,asia_europe,1.0134770889487872
2020-09-25,52.92857142857143,54.642857142857146,Suez Canal,Cape of Good Hope,asia_europe,1.0323886639676114
2020-10-11,52.82142857142857,51.892857142857146,Suez Canal,Cape of Good Hope,asia_europe,0.9824205544286682
2020-10-16,51.75,50.42857142857143,Suez Canal,Cape of Good Hope,asia_europe,0.9744651483781919
2020-10-28,52.92857142857143,50.107142857142854,Suez Canal,Cape of Good Hope,asia_europe,0.9466936572199729
2020-11-01,53.035714285714285,50.142857142857146,Suez Canal,Cape of Good Hope,asia_europe,0.9454545454545455
2020-12-16,52.75,46.17857142857143,Suez Canal,Cape of Good Hope,asia_europe,0.8754231550440081
2020-12-31,52.75,43.714285714285715,Suez Canal,Cape of Good Hope,asia_europe,0.8287068381855112
2021-01-05,52.42857142857143,43.285714285714285,Suez Canal,Cape of Good Hope,asia_europe,0.8256130790190735
2021-01-08,52.357142857142854,42.464285714285715,Suez Canal,Cape of Good Hope,asia_europe,0.8110504774897681
2021-02-20,55.25,44.42857142857143,Suez Canal,Cape of Good Hope,asia_europe,0.8041370394311571
2021-02-27,55.607142857142854,46.464285714285715,Suez Canal,Cape of Good Hope,asia_europe,0.8355812459858704
2021-03-24,55.035714285714285,48.607142857142854,Suez Canal,Cape of Good Hope,asia_europe,0.8831927319922128
2021-06-08,55.25,51.214285714285715,Suez Canal,Cape of Good Hope,asia_europe,0.9269553975436329
2021-08-29,62.785714285714285,46.607142857142854,Suez Canal,Cape of Good Hope,asia_europe,0.7423208191126279
2021-09-18,61.57142857142857,48.714285714285715,Suez Canal,Cape of Good Hope,asia_europe,0.7911832946635732
2021-10-12,63.357142857142854,45.142857142857146,Suez Canal,Cape of Good Hope,asia_europe,0.7125140924464488
2021-10-13,63.214285714285715,44.607142857142854,Suez Canal,Cape of Good Hope,asia_europe,0.7056497175141242
2021-10-25,62.42857142857143,41.785714285714285,Suez Canal,Cape of Good Hope,asia_europe,0.6693363844393593
2021-10-31,61.57142857142857,41.92857142857143,Suez Canal,Cape of Good Hope,asia_europe,0.6809744779582367
2021-11-17,61.214285714285715,42.857142857142854,Suez Canal,Cape of Good Hope,asia_europe,0.7001166861143523
2021-12-10,62.214285714285715,42.607142857142854,Suez Canal,Cape of Good Hope,asia_europe,0.6848450057405281
2022-02-10,59.714285714285715,41.392857142857146,Suez Canal,Cape of Good Hope,asia_europe,0.6931818181818182
2022-02-26,62.42857142857143,43.0,Suez Canal,Cape of Good Hope,asia_europe,0.6887871853546911
2022-03-05,63.07142857142857,42.107142857142854,Suez Canal,Cape of Good Hope,asia_europe,0.6676104190260476
2022-03-15,61.07142857142857,41.75,Suez Canal,Cape of Good Hope,asia_europe,0.683625730994152
2022-04-03,60.42857142857143,39.892857142857146,Suez Canal,Cape of Good Hope,asia_europe,0.6601654846335697
2022-05-02,64.5,42.07142857142857,Suez Canal,Cape of Good Hope,asia_europe,0.6522702104097453
2022-05-17,64.60714285714286,45.714285714285715,Suez Canal,Cape of Good Hope,asia_europe,0.7075732448866777
2022-08-04,70.78571428571429,47.642857142857146,Suez Canal,Cape of Good Hope,asia_europe,0.6730575176589304
2022-08-29,72.03571428571429,47.5,Suez Canal,Cape of Good Hope,asia_europe,0.6593951412989588
2022-08-30,72.07142857142857,47.25,Suez Canal,Cape of Good Hope,asia_europe,0.655599603567889
2022-09-14,70.64285714285714,48.107142857142854,Suez Canal,Cape of Good Hope,asia_europe,0.6809908998988877
2022-09-26,69.32142857142857,46.357142857142854,Suez Canal,Cape of Good Hope,asia_europe,0.6687274600721278
2022-10-27,70.10714285714286,42.57142857142857,Suez Canal,Cape of Good Hope,asia_europe,0.607233825776872
2022-11-17,73.75,41.714285714285715,Suez Canal,Cape of Good Hope,asia_europe,0.5656174334140436
2022-12-09,72.03571428571429,41.535714285714285,Suez Canal,Cape of Good Hope,asia_europe,0.5765989092711947
2023-01-05,70.96428571428571,39.5,Suez Canal,Cape of Good Hope,asia_europe,0.556618017111223
2023-02-06,71.35714285714286,43.464285714285715,Suez Canal,Cape of Good Hope,asia_europe,0.6091091091091091
2023-03-12,70.82142857142857,40.964285714285715,Suez Canal,Cape of Good Hope,asia_europe,0.578416540595058
2023-04-01,73.35714285714286,43.464285714285715,Suez Canal,Cape of Good Hope,asia_europe,0.5925024342745862
2023-04-08,73.57142857142857,44.17857142857143,Suez Canal,Cape of Good Hope,asia_europe,0.6004854368932039
2023-05-16,78.42857142857143,47.035714285714285,Suez Canal,Cape of Good Hope,asia_europe,0.5997267759562841
2023-05-27,77.42857142857143,48.785714285714285,Suez Canal,Cape of Good Hope,asia_europe,0.6300738007380073
2023-07-03,75.85714285714286,52.357142857142854,Suez Canal,Cape of Good Hope,asia_europe,0.6902071563088511
2023-07-08,74.28571428571429,51.32142857142857,Suez Canal,Cape of Good Hope,asia_europe,0.6908653846153845
2023-07-18,74.35714285714286,54.142857142857146,Suez Canal,Cape of Good Hope,asia_europe,0.7281460134486071
2023-07-20,73.75,52.25,Suez Canal,Cape of Good Hope,asia_europe,0.7084745762711865
2023-08-15,69.78571428571429,55.392857142857146,Suez Canal,Cape of Good Hope,asia_europe,0.7937563971340839
2023-08-22,70.85714285714286,53.285714285714285,Suez Canal,Cape of Good Hope,asia_europe,0.752016129032258
2023-09-06,72.17857142857143,54.92857142857143,Suez Canal,Cape of Good Hope,asia_europe,0.7610094012864919
2023-09-11,74.25,53.82142857142857,Suez Canal,Cape of Good Hope,asia_europe,0.7248677248677249
2023-10-02,74.96428571428571,56.464285714285715,Suez Canal,Cape of Good Hope,asia_europe,0.7532158170557409
2023-11-30,76.46428571428571,48.67857142857143,Suez Canal,Cape of Good Hope,asia_europe,0.6366184026156002
2023-12-08,75.78571428571429,48.285714285714285,Suez Canal,Cape of Good Hope,asia_europe,0.6371347785108388
2024-01-05,67.21428571428571,57.0,Suez Canal,Cape of Good Hope,asia_europe,0.8480340063761956
2024-01-11,62.25,61.67857142857143,Suez Canal,Cape of Good Hope,asia_europe,0.9908204245553643
2024-02-09,44.32142857142857,74.5,Suez Canal,Cape of Good Hope,asia_europe,1.6809024979854956
2024-02-13,43.714285714285715,77.5,Suez Canal,Cape of Good Hope,asia_europe,1.772875816993464
2024-02-18,41.035714285714285,80.82142857142857,Suez Canal,Cape of Good Hope,asia_europe,1.969538729329852
2024-02-20,41.035714285714285,82.78571428571429,Suez Canal,Cape of Good Hope,asia_europe,2.017406440382942
2024-03-27,39.75,86.57142857142857,Suez Canal,Cape of Good Hope,asia_europe,2.177897574123989
2024-04-14,39.5,80.96428571428571,Suez Canal,Cape of Good Hope,asia_europe,2.0497287522603975
2024-05-12,40.642857142857146,92.64285714285714,Suez Canal,Cape of Good Hope,asia_europe,2.2794376098418274
2024-06-29,39.07142857142857,96.35714285714286,Suez Canal,Cape of Good Hope,asia_europe,2.4661791590493602
2024-07-08,37.535714285714285,89.67857142857143,Suez Canal,Cape of Good Hope,asia_europe,2.3891531874405327
2024-07-26,37.607142857142854,94.14285714285714,Suez Canal,Cape of Good Hope,asia_europe,2.50332383665717
2024-08-08,39.107142857142854,100.10714285714286,Suez Canal,Cape of Good Hope,asia_europe,2.559817351598174
2024-09-11,38.285714285714285,93.39285714285714,Suez Canal,Cape of Good Hope,asia_europe,2.439365671641791
2024-09-23,37.714285714285715,88.60714285714286,Suez Canal,Cape of Good Hope,asia_europe,2.3494318181818183
2024-10-04,37.892857142857146,86.82142857142857,Suez Canal,Cape of Good Hope,asia_europe,2.291234684260132
2024-11-08,37.464285714285715,85.17857142857143,Suez Canal,Cape of Good Hope,asia_europe,2.273593898951382
2024-11-10,37.42857142857143,84.64285714285714,Suez Canal,Cape of Good Hope,asia_europe,2.261450381679389
2024-11-26,36.357142857142854,85.57142857142857,Suez Canal,Cape of Good Hope,asia_europe,2.3536345776031435
2024-12-07,35.357142857142854,83.89285714285714,Suez Canal,Cape of Good Hope,asia_europe,2.372727272727273
2024-12-11,35.785714285714285,81.71428571428571,Suez Canal,Cape of Good Hope,asia_europe,2.283433133732535
2025-01-14,36.464285714285715,82.28571428571429,Suez Canal,Cape of Good Hope,asia_europe,2.256611165523996
2025-03-01,34.42857142857143,88.35714285714286,Suez Canal,Cape of Good Hope,asia_europe,2.5663900414937757
2025-03-21,35.964285714285715,82.64285714285714,Suez Canal,Cape of Good Hope,asia_europe,2.297914597815293
2025-04-23,37.535714285714285,83.10714285714286,Suez Canal,Cape of Good Hope,asia_europe,2.214081826831589
2025-05-03,36.892857142857146,82.32142857142857,Suez Canal,Cape of Good Hope,asia_europe,2.2313649564375604
2025-05-04,36.92857142857143,83.64285714285714,Suez Canal,Cape of Good Hope,asia_europe,2.2649903288201156
2025-05-11,35.714285714285715,85.21428571428571,Suez Canal,Cape of Good Hope,asia_europe,2.3859999999999997
2025-05-13,35.785714285714285,86.17857142857143,Suez Canal,Cape of Good Hope,asia_europe,2.408183632734531
2025-06-09,37.642857142857146,92.89285714285714,Suez Canal,Cape of Good Hope,asia_europe,2.4677419354838706
2025-06-17,37.142857142857146,91.0,Suez Canal,Cape of Good Hope,asia_europe,2.4499999999999997
2025-06-30,36.785714285714285,92.14285714285714,Suez Canal,Cape of Good Hope,asia_europe,2.5048543689320386
2025-07-03,37.42857142857143,93.67857142857143,Suez Canal,Cape of Good Hope,asia_europe,2.502862595419847
2025-07-04,37.035714285714285,93.10714285714286,Suez Canal,Cape of Good Hope,asia_europe,2.513982642237223
2025-07-07,37.57142857142857,91.53571428571429,Suez Canal,Cape of Good Hope,asia_europe,2.4363117870722437
2025-07-10,37.57142857142857,95.0,Suez Canal,Cape of Good Hope,asia_europe,2.5285171102661597
2025-08-07,37.464285714285715,95.03571428571429,Suez Canal,Cape of Good Hope,asia_europe,2.5367016205910393
2025-08-15,38.535714285714285,97.85714285714286,Suez Canal,Cape of Good Hope,asia_europe,2.539388322520853
2025-09-09,39.714285714285715,97.64285714285714,Suez Canal,Cape of Good Hope,asia_europe,2.45863309352518
2025-09-23,41.214285714285715,94.85714285714286,Suez Canal,Cape of Good Hope,asia_europe,2.3015597920277298
2025-09-24,41.857142857142854,93.82142857142857,Suez Canal,Cape of Good Hope,asia_europe,2.241467576791809
2025-09-26,42.107142857142854,93.14285714285714,Suez Canal,Cape of Good Hope,asia_europe,2.2120441051738764
2025-10-01,42.0,95.35714285714286,Suez Canal,Cape of Good Hope,asia_europe,2.2704081632653064
2025-10-02,41.92857142857143,95.57142857142857,Suez Canal,Cape of Good Hope,asia_europe,2.2793867120954
2025-10-03,42.25,94.78571428571429,Suez Canal,Cape of Good Hope,asia_europe,2.2434488588334744
2025-11-12,43.0,89.21428571428571,Suez Canal,Cape of Good Hope,asia_europe,2.074750830564784
2025-11-16,42.714285714285715,87.07142857142857,Suez Canal,Cape of Good Hope,asia_europe,2.0384615384615383
2025-11-30,43.107142857142854,87.21428571428571,Suez Canal,Cape of Good Hope,asia_europe,2.0231980115990056
2025-12-28,40.464285714285715,83.78571428571429,Suez Canal,Cape of Good Hope,asia_europe,2.0706090026478376
2026-01-05,39.07142857142857,85.07142857142857,Suez Canal,Cape of Good Hope,asia_europe,2.177330895795247
2026-01-08,39.17857142857143,83.75,Suez Canal,Cape of Good Hope,asia_europe,2.137648131267092
2026-01-09,39.035714285714285,84.07142857142857,Suez Canal,Cape of Good Hope,asia_europe,2.153705397987191
2026-01-17,37.75,86.17857142857143,Suez Canal,Cape of Good Hope,asia_europe,2.282876064333018
2026-02-15,41.07142857142857,85.21428571428571,Suez Canal,Cape of Good Hope,asia_europe,2.074782608695652
2026-02-25,41.32142857142857,87.03571428571429,Suez Canal,Cape of Good Hope,asia_europe,2.106309420916163
2026-03-09,41.75,91.42857142857143,Suez Canal,Cape of Good Hope,asia_europe,2.189905902480753
2026-03-11,41.892857142857146,91.78571428571429,Suez Canal,Cape of Good Hope,asia_europe,2.1909633418584824
2026-04-22,42.07142857142857,90.89285714285714,Suez Canal,Cape of Good Hope,asia_europe,2.16044142614601
2026-04-23,42.285714285714285,91.53571428571429,Suez Canal,Cape of Good Hope,asia_europe,2.164695945945946
2026-04-24,41.92857142857143,93.17857142857143,Suez Canal,Cape of Good Hope,asia_europe,2.2223168654173766
2026-04-30,41.607142857142854,93.21428571428571,Suez Canal,Cape of Good Hope,asia_europe,2.240343347639485
2026-05-11,40.07142857142857,90.82142857142857,Suez Canal,Cape of Good Hope,asia_europe,2.266488413547237
2026-06-06,39.857142857142854,95.53571428571429,Suez Canal,Cape of Good Hope,asia_europe,2.3969534050179213
2026-06-18,39.392857142857146,93.10714285714286,Suez Canal,Cape of Good Hope,asia_europe,2.3635539437896647
2026-07-16,42.0,94.21428571428571,Suez Canal,Cape of Good Hope,asia_europe,2.2431972789115644
2026-08-03,41.607142857142854,90.0,Suez Canal,Cape of Good Hope,asia_europe,2.163090128755365
2026-08-08,40.92857142857143,90.28571428571429,Suez Canal,Cape of Good Hope,asia_europe,2.205933682373473
2026-08-09,41.25,89.78571428571429,Suez Canal,Cape of Good Hope,asia_europe,2.1766233766233767
2026-08-14,41.392857142857146,87.78571428571429,Suez Canal,Cape of Good Hope,asia_europe,2.1207937877480587
2026-08-19,41.42857142857143,89.21428571428571,Suez Canal,Cape of Good Hope,asia_europe,2.1534482758620688
2019-01-19,48.94736842105263,46.94736842105263,Suez Canal,Cape of Good Hope,asia_europe,0.9591397849462365
2019-01-27,49.96296296296296,46.96296296296296,Suez Canal,Cape of Good Hope,asia_europe,0.9399555226093402
2019-02-10,50.32142857142857,47.642857142857146,Suez Canal,Cape of Good Hope,asia_europe,0.9467707594038326
2019-02-16,51.17857142857143,48.642857142857146,Suez Canal,Cape of Good Hope,asia_europe,0.950453593859037
2019-02-19,50.32142857142857,48.892857142857146,Suez Canal,Cape of Good Hope,asia_europe,0.9716110716820441
2019-03-10,50.75,49.214285714285715,Suez Canal,Cape of Good Hope,asia_europe,0.9697396199859254
2019-04-03,50.17857142857143,42.57142857142857,Suez Canal,Cape of Good Hope,asia_europe,0.8483985765124554
2019-04-24,52.17857142857143,44.607142857142854,Suez Canal,Cape of Good Hope,asia_europe,0.8548939082819985
2019-04-25,51.464285714285715,44.857142857142854,Suez Canal,Cape of Good Hope,asia_europe,0.8716169326856349
2019-05-21,51.464285714285715,45.285714285714285,Suez Canal,Cape of Good Hope,asia_europe,0.879944482997918
2019-06-03,51.607142857142854,47.0,Suez Canal,Cape of Good Hope,asia_europe,0.910726643598616
2019-06-28,50.0,50.035714285714285,Suez Canal,Cape of Good Hope,asia_europe,1.0007142857142857
2019-07-02,50.07142857142857,49.25,Suez Canal,Cape of Good Hope,asia_europe,0.9835948644793153
2019-07-12,49.75,50.357142857142854,Suez Canal,Cape of Good Hope,asia_europe,1.0122038765254846
2019-08-23,54.82142857142857,53.285714285714285,Suez Canal,Cape of Good Hope,asia_europe,0.971986970684039
2019-09-17,53.785714285714285,51.285714285714285,Suez Canal,Cape of Good Hope,asia_europe,0.953519256308101
2019-09-18,53.857142857142854,50.714285714285715,Suez Canal,Cape of Good Hope,asia_europe,0.9416445623342176
2019-09-28,52.892857142857146,52.285714285714285,Suez Canal,Cape of Good Hope,asia_europe,0.988521269412559
2019-10-05,53.714285714285715,54.142857142857146,Suez Canal,Cape of Good Hope,asia_europe,1.0079787234042554
2019-10-16,55.17857142857143,53.464285714285715,Suez Canal,Cape of Good Hope,asia_europe,0.9689320388349515
2019-11-26,54.214285714285715,48.107142857142854,Suez Canal,Cape of Good Hope,asia_europe,0.8873517786561264
2019-11-28,53.785714285714285,47.035714285714285,Suez Canal,Cape of Good Hope,asia_europe,0.8745019920318725
2019-12-15,54.607142857142854,44.0,Suez Canal,Cape of Good Hope,asia_europe,0.8057553956834533
2019-12-24,54.642857142857146,42.607142857142854,Suez Canal,Cape of Good Hope,asia_europe,0.7797385620915032
2020-01-02,54.035714285714285,41.07142857142857,Suez Canal,Cape of Good Hope,asia_europe,0.7600793126239259
2020-01-15,54.964285714285715,40.285714285714285,Suez Canal,Cape of Good Hope,asia_europe,0.732943469785575
2020-01-24,54.464285714285715,39.82142857142857,Suez Canal,Cape of Good Hope,asia_europe,0.7311475409836065
2020-01-30,56.25,62.392857142857146,Suez Canal,Cape of Good Hope,asia_europe,1.1092063492063493
2020-02-01,58.142857142857146,72.28571428571429,Suez Canal,Cape of Good Hope,asia_europe,1.2432432432432432
2020-02-11,56.357142857142854,79.10714285714286,Suez Canal,Cape of Good Hope,asia_europe,1.4036755386565274
2020-03-19,53.357142857142854,42.42857142857143,Suez Canal,Cape of Good Hope,asia_europe,0.7951807228915664
2020-04-05,55.035714285714285,44.642857142857146,Suez Canal,Cape of Good Hope,asia_europe,0.8111615833874108
2020-05-29,52.107142857142854,54.32142857142857,Suez Canal,Cape of Good Hope,asia_europe,1.0424948594928034
2020-06-04,50.964285714285715,55.32142857142857,Suez Canal,Cape of Good Hope,asia_europe,1.0854940434477924
2020-06-15,48.0,54.67857142857143,Suez Canal,Cape of Good Hope,asia_europe,1.1391369047619049
2020-06-17,48.035714285714285,54.607142857142854,Suez Canal,Cape of Good Hope,asia_europe,1.136802973977695
2020-06-18,47.392857142857146,54.392857142857146,Suez Canal,Cape of Good Hope,asia_europe,1.1477015825169554
2020-06-26,46.32142857142857,54.785714285714285,Suez Canal,Cape of Good Hope,asia_europe,1.1827293754818813
2020-06-30,46.035714285714285,51.357142857142854,Suez Canal,Cape of Good Hope,asia_europe,1.1155934833204033
2020-07-03,45.82142857142857,53.214285714285715,Suez Canal,Cape of Good Hope,asia_europe,1.161340607950117
2020-08-26,50.857142857142854,56.535714285714285,Suez Canal,Cape of Good Hope,asia_europe,1.1116573033707866
2020-09-06,53.25,55.32142857142857,Suez Canal,Cape of Good Hope,asia_europe,1.0389000670690811
2020-09-08,53.0,55.25,Suez Canal,Cape of Good Hope,asia_europe,1.0424528301886793
2020-09-28,52.392857142857146,54.785714285714285,Suez Canal,Cape of Good Hope,asia_europe,1.045671438309475
2020-09-29,52.107142857142854,54.17857142857143,Suez Canal,Cape of Good Hope,asia_europe,1.0397532556545581
2020-10-20,52.0,51.42857142857143,Suez Canal,Cape of Good Hope,asia_europe,0.989010989010989
2020-11-11,53.357142857142854,48.785714285714285,Suez Canal,Cape of Good Hope,asia_europe,0.9143239625167336
2020-11-21,55.42857142857143,48.035714285714285,Suez Canal,Cape of Good Hope,asia_europe,0.8666237113402061
2020-12-11,54.357142857142854,47.535714285714285,Suez Canal,Cape of Good Hope,asia_europe,0.8745072273324573
2020-12-14,53.535714285714285,46.67857142857143,Suez Canal,Cape of Good Hope,asia_europe,0.8719146097398266
2020-12-19,52.67857142857143,45.142857142857146,Suez Canal,Cape of Good Hope,asia_europe,0.8569491525423729
2021-01-02,52.92857142857143,43.75,Suez Canal,Cape of Good Hope,asia_europe,0.8265856950067476
2021-01-12,53.07142857142857,42.17857142857143,Suez Canal,Cape of Good Hope,asia_europe,0.7947510094212652
2021-01-23,51.82142857142857,42.42857142857143,Suez Canal,Cape of Good Hope,asia_europe,0.8187456926257753
2021-01-24,52.392857142857146,42.535714285714285,Suez Canal,Cape of Good Hope,asia_europe,0.8118609406952965
2021-02-09,52.07142857142857,43.17857142857143,Suez Canal,Cape of Good Hope,asia_europe,0.8292181069958848
2021-03-06,57.17857142857143,47.964285714285715,Suez Canal,Cape of Good Hope,asia_europe,0.8388507183010618
2021-04-10,53.142857142857146,50.035714285714285,Suez Canal,Cape of Good Hope,asia_europe,0.941532258064516
2021-05-19,55.857142857142854,50.964285714285715,Suez Canal,Cape of Good Hope,asia_europe,0.9124040920716113
2021-05-20,55.392857142857146,50.17857142857143,Suez Canal,Cape of Good Hope,asia_europe,0.9058671824629271
2021-06-10,54.75,50.785714285714285,Suez Canal,Cape of Good Hope,asia_europe,0.9275929549902152
2021-06-20,55.464285714285715,51.607142857142854,Suez Canal,Cape of Good Hope,asia_europe,0.9304571796522858
2021-06-24,54.785714285714285,50.25,Suez Canal,Cape of Good Hope,asia_europe,0.9172099087353325
2021-06-27,54.785714285714285,49.535714285714285,Suez Canal,Cape of Good Hope,asia_europe,0.9041720990873533
2021-07-13,54.964285714285715,48.92857142857143,Suez Canal,Cape of Good Hope,asia_europe,0.8901884340480832
2021-08-24,62.25,48.285714285714285,Suez Canal,Cape of Good Hope,asia_europe,0.7756741250717154
2021-09-07,62.714285714285715,48.035714285714285,Suez Canal,Cape of Good Hope,asia_europe,0.7659453302961275
2021-09-16,61.82142857142857,48.25,Suez Canal,Cape of Good Hope,asia_europe,0.780473714615829
2021-09-24,61.892857142857146,48.535714285714285,Suez Canal,Cape of Good Hope,asia_europe,0.7841892671667627
2021-09-27,61.67857142857143,49.535714285714285,Suez Canal,Cape of Good Hope,asia_europe,0.8031268094962362
2021-10-10,62.785714285714285,45.57142857142857,Suez Canal,Cape of Good Hope,asia_europe,0.7258248009101251
2021-10-30,61.357142857142854,41.82142857142857,Suez Canal,Cape of Good Hope,asia_europe,0.6816065192083819
2021-12-03,61.535714285714285,43.142857142857146,Suez Canal,Cape of Good Hope,asia_europe,0.7011027278003483
2021-12-22,60.392857142857146,42.67857142857143,Suez Canal,Cape of Good Hope,asia_europe,0.706682436428149
2022-01-09,59.142857142857146,41.535714285714285,Suez Canal,Cape of Good Hope,asia_europe,0.7022946859903381
2022-02-21,61.892857142857146,43.17857142857143,Suez Canal,Cape of Good Hope,asia_europe,0.6976341604154646
2022-02-28,62.857142857142854,42.357142857142854,Suez Canal,Cape of Good Hope,asia_europe,0.6738636363636363
2022-03-10,62.107142857142854,42.57142857142857,Suez Canal,Cape of Good Hope,asia_europe,0.6854514088556641
2022-03-23,60.75,40.892857142857146,Suez Canal,Cape of Good Hope,asia_europe,0.6731334509112288
2022-05-05,64.32142857142857,42.75,Suez Canal,Cape of Good Hope,asia_europe,0.6646307606885065
2022-06-28,66.78571428571429,47.642857142857146,Suez Canal,Cape of Good Hope,asia_europe,0.7133689839572193
2022-07-18,70.39285714285714,49.214285714285715,Suez Canal,Cape of Good Hope,asia_europe,0.6991374936580417
2022-08-03,70.85714285714286,48.107142857142854,Suez Canal,Cape of Good Hope,asia_europe,0.6789314516129031
2022-08-31,71.53571428571429,46.285714285714285,Suez Canal,Cape of Good Hope,asia_europe,0.6470294558162755
2022-09-24,69.92857142857143,46.5,Suez Canal,Cape of Good Hope,asia_europe,0.6649642492339122
2022-09-27,69.53571428571429,47.0,Suez Canal,Cape of Good Hope,asia_europe,0.6759116589625064
2022-09-30,69.21428571428571,47.607142857142854,Suez Canal,Cape of Good Hope,asia_europe,0.6878224974200207
2022-10-30,70.39285714285714,42.714285714285715,Suez Canal,Cape of Good Hope,asia_europe,0.6067985794013192
2022-11-18,73.28571428571429,41.892857142857146,Suez Canal,Cape of Good Hope,asia_europe,0.5716374269005848
2022-11-24,73.0,42.75,Suez Canal,Cape of Good Hope,asia_europe,0.5856164383561644
2022-12-06,72.28571428571429,41.82142857142857,Suez Canal,Cape of Good Hope,asia_europe,0.5785573122529644
2022-12-14,71.60714285714286,42.107142857142854,Suez Canal,Cape of Good Hope,asia_europe,0.5880299251870323
2022-12-18,71.10714285714286,41.607142857142854,Suez Canal,Cape of Good Hope,asia_europe,0.5851330989452536
2023-01-22,71.07142857142857,41.392857142857146,Suez Canal,Cape of Good Hope,asia_europe,0.5824120603015076
2023-03-22,72.71428571428571,43.214285714285715,Suez Canal,Cape of Good Hope,asia_europe,0.594302554027505
2023-03-24,72.32142857142857,43.0,Suez Canal,Cape of Good Hope,asia_europe,0.5945679012345679
2023-04-28,77.25,45.392857142857146,Suez Canal,Cape of Good Hope,asia_europe,0.5876098012020342
2023-05-10,78.17857142857143,47.42857142857143,Suez Canal,Cape of Good Hope,asia_europe,0.6066697121973504
2023-05-18,78.42857142857143,47.17857142857143,Suez Canal,Cape of Good Hope,asia_europe,0.6015482695810564
2023-06-08,75.92857142857143,50.607142857142854,Suez Canal,Cape of Good Hope,asia_europe,0.6665098777046096
2023-06-10,76.42857142857143,50.857142857142854,Suez Canal,Cape of Good Hope,asia_europe,0.6654205607476635
2023-06-15,74.89285714285714,50.285714285714285,Suez Canal,Cape of Good Hope,asia_europe,0.6714353838817358
2023-08-10,70.75,54.92857142857143,Suez Canal,Cape of Good Hope,asia_europe,0.7763755678950025
2023-08-14,70.57142857142857,55.357142857142854,Suez Canal,Cape of Good Hope,asia_europe,0.784412955465587
2023-10-01,74.82142857142857,56.17857142857143,Suez Canal,Cape of Good Hope,asia_europe,0.7508353221957041
2023-11-09,76.57142857142857,49.642857142857146,Suez Canal,Cape of Good Hope,asia_europe,0.6483208955223881
2023-12-04,76.07142857142857,48.5,Suez Canal,Cape of Good Hope,asia_europe,0.6375586854460094
2023-12-07,75.35714285714286,48.214285714285715,Suez Canal,Cape of Good Hope,asia_europe,0.6398104265402843
2024-01-09,64.32142857142857,60.285714285714285,Suez Canal,Cape of Good Hope,asia_europe,0.9372570794003332
2024-01-12,60.964285714285715,62.857142857142854,Suez Canal,Cape of Good Hope,asia_europe,1.0310486233157585
2024-01-16,56.892857142857146,64.75,Suez Canal,Cape of Good Hope,asia_europe,1.138104205900816
2024-01-23,52.535714285714285,69.25,Suez Canal,Cape of Good Hope,asia_europe,1.318150917743032
2024-01-30,47.964285714285715,72.25,Suez Canal,Cape of Good Hope,asia_europe,1.5063291139240507
2024-02-03,45.92857142857143,73.32142857142857,Suez Canal,Cape of Good Hope,asia_europe,1.5964230171073093
2024-02-12,43.535714285714285,76.57142857142857,Suez Canal,Cape of Good Hope,asia_europe,1.7588187038556193
2024-02-27,42.17857142857143,84.57142857142857,Suez Canal,Cape of Good Hope,asia_europe,2.0050804403048264
2024-04-15,39.607142857142854,82.0,Suez Canal,Cape of Good Hope,asia_europe,2.0703336339044185
2024-04-17,40.07142857142857,84.21428571428571,Suez Canal,Cape of Good Hope,asia_europe,2.1016042780748663
2024-04-21,40.82142857142857,86.92857142857143,Suez Canal,Cape of Good Hope,asia_europe,2.129483814523185
2024-05-17,40.964285714285715,89.78571428571429,Suez Canal,Cape of Good Hope,asia_europe,2.1918047079337404
2024-06-17,40.464285714285715,93.75,Suez Canal,Cape of Good Hope,asia_europe,2.316857899382171
2024-06-21,39.392857142857146,95.25,Suez Canal,Cape of Good Hope,asia_europe,2.4179510426110604
2024-07-07,38.035714285714285,92.21428571428571,Suez Canal,Cape of Good Hope,asia_europe,2.424413145539906
2024-07-15,37.25,93.46428571428571,Suez Canal,Cape of Good Hope,asia_europe,2.509108341323106
2024-07-22,37.0,93.96428571428571,Suez Canal,Cape of Good Hope,asia_europe,2.539575289575289
2024-08-07,39.392857142857146,102.64285714285714,Suez Canal,Cape of Good Hope,asia_europe,2.6056210335448773
2024-08-15,40.107142857142854,89.42857142857143,Suez Canal,Cape of Good Hope,asia_europe,2.2297417631344616
2024-08-20,40.25,92.71428571428571,Suez Canal,Cape of Good Hope,asia_europe,2.303460514640639
2024-08-23,40.42857142857143,92.92857142857143,Suez Canal,Cape of Good Hope,asia_europe,2.2985865724381624
2024-08-24,40.5,95.5,Suez Canal,Cape of Good Hope,asia_europe,2.3580246913580245
2024-09-22,37.642857142857146,87.25,Suez Canal,Cape of Good Hope,asia_europe,2.3178368121442126
2024-10-23,36.964285714285715,85.28571428571429,Suez Canal,Cape of Good Hope,asia_europe,2.3072463768115945
2024-11-11,37.392857142857146,85.46428571428571,Suez Canal,Cape of Good Hope,asia_europe,2.2855778414517665
2024-11-21,36.42857142857143,86.39285714285714,Suez Canal,Cape of Good Hope,asia_europe,2.37156862745098
2024-12-14,35.0,81.03571428571429,Suez Canal,Cape of Good Hope,asia_europe,2.31530612244898
2024-12-19,36.214285714285715,80.25,Suez Canal,Cape of Good Hope,asia_europe,2.2159763313609466
2024-12-22,35.82142857142857,79.32142857142857,Suez Canal,Cape of Good Hope,asia_europe,2.214356929212363
2025-01-03,36.214285714285715,80.35714285714286,Suez Canal,Cape of Good Hope,asia_europe,2.2189349112426036
2025-01-06,36.25,80.53571428571429,Suez Canal,Cape of Good Hope,asia_europe,2.221674876847291
2025-02-10,35.17857142857143,85.0,Suez Canal,Cape of Good Hope,asia_europe,2.4162436548223347
2025-02-21,35.32142857142857,87.14285714285714,Suez Canal,Cape of Good Hope,asia_europe,2.467138523761375
2025-03-08,36.42857142857143,88.28571428571429,Suez Canal,Cape of Good Hope,asia_europe,2.4235294117647057
2025-03-30,37.642857142857146,80.39285714285714,Suez Canal,Cape of Good Hope,asia_europe,2.1356736242884247
2025-05-06,37.32142857142857,85.39285714285714,Suez Canal,Cape of Good Hope,asia_europe,2.2880382775119616
2025-05-10,36.607142857142854,85.92857142857143,Suez Canal,Cape of Good Hope,asia_europe,2.347317073170732
2025-05-14,35.857142857142854,87.60714285714286,Suez Canal,Cape of Good Hope,asia_europe,2.4432270916334664
2025-05-17,36.357142857142854,90.39285714285714,Suez Canal,Cape of Good Hope,asia_europe,2.486247544204322
2025-06-21,37.357142857142854,92.0,Suez Canal,Cape of Good Hope,asia_europe,2.4627151051625242
2025-07-14,37.25,93.75,Suez Canal,Cape of Good Hope,asia_europe,2.5167785234899327
2025-07-15,37.0,94.71428571428571,Suez Canal,Cape of Good Hope,asia_europe,2.55984555984556
2025-07-22,37.964285714285715,97.60714285714286,Suez Canal,Cape of Good Hope,asia_europe,2.571025399811853
2025-07-25,38.107142857142854,99.67857142857143,Suez Canal,Cape of Good Hope,asia_europe,2.615745079662606
2025-07-27,38.17857142857143,99.21428571428571,Suez Canal,Cape of Good Hope,asia_europe,2.5986903648269406
2025-08-08,37.642857142857146,96.53571428571429,Suez Canal,Cape of Good Hope,asia_europe,2.564516129032258
2025-08-10,38.285714285714285,93.82142857142857,Suez Canal,Cape of Good Hope,asia_europe,2.4505597014925375
2025-08-13,37.892857142857146,95.0,Suez Canal,Cape of Good Hope,asia_europe,2.5070688030160224
2025-08-28,38.607142857142854,99.71428571428571,Suez Canal,Cape of Good Hope,asia_europe,2.5827937095282145
2025-09-22,41.214285714285715,96.42857142857143,Suez Canal,Cape of Good Hope,asia_europe,2.339688041594454
2025-10-05,41.964285714285715,96.07142857142857,Suez Canal,Cape of Good Hope,asia_europe,2.2893617021276595
2025-10-11,40.607142857142854,97.03571428571429,Suez Canal,Cape of Good Hope,asia_europe,2.3896218117854007
2025-10-25,41.5,95.67857142857143,Suez Canal,Cape of Good Hope,asia_europe,2.3055077452667816
2025-11-10,42.392857142857146,88.64285714285714,Suez Canal,Cape of Good Hope,asia_europe,2.090985678180286
2025-11-17,42.392857142857146,86.85714285714286,Suez Canal,Cape of Good Hope,asia_europe,2.048862679022746
2025-11-29,42.82142857142857,87.10714285714286,Suez Canal,Cape of Good Hope,asia_europe,2.03419516263553
2025-12-29,39.67857142857143,83.82142857142857,Suez Canal,Cape of Good Hope,asia_europe,2.1125112511251123
2026-01-12,37.785714285714285,84.14285714285714,Suez Canal,Cape of Good Hope,asia_europe,2.226843100189036
2026-01-21,37.357142857142854,87.07142857142857,Suez Canal,Cape of Good Hope,asia_europe,2.3307839388145317
2026-01-25,37.857142857142854,87.25,Suez Canal,Cape of Good Hope,asia_europe,2.3047169811320756
2026-02-04,39.42857142857143,88.82142857142857,Suez Canal,Cape of Good Hope,asia_europe,2.2527173913043477
2026-02-08,40.357142857142854,86.10714285714286,Suez Canal,Cape of Good Hope,asia_europe,2.133628318584071
2026-02-21,41.82142857142857,86.82142857142857,Suez Canal,Cape of Good Hope,asia_europe,2.07600341588386
2026-03-03,42.17857142857143,88.35714285714286,Suez Canal,Cape of Good Hope,asia_europe,2.0948348856900934
2026-03-24,41.07142857142857,90.17857142857143,Suez Canal,Cape of Good Hope,asia_europe,2.1956521739130435
2026-05-15,40.17857142857143,92.53571428571429,Suez Canal,Cape of Good Hope,asia_europe,2.3031111111111113
2026-06-21,39.67857142857143,93.28571428571429,Suez Canal,Cape of Good Hope,asia_europe,2.351035103510351
2026-07-13,41.107142857142854,93.82142857142857,Suez Canal,Cape of Good Hope,asia_europe,2.2823631624674197
2026-07-18,42.07142857142857,93.5,Suez Canal,Cape of Good Hope,asia_europe,2.2224108658743633
2026-08-17,41.42857142857143,89.57142857142857,Suez Canal,Cape of Good Hope,asia_europe,2.1620689655172414
2019-01-14,50.57142857142857,49.214285714285715,Suez Canal,Cape of Good Hope,asia_europe,0.9731638418079097
2019-01-29,49.42857142857143,47.17857142857143,Suez Canal,Cape of Good Hope,asia_europe,0.9544797687861272
2019-01-30,49.714285714285715,48.5,Suez Canal,Cape of Good Hope,asia_europe,0.9755747126436781
2019-02-18,50.785714285714285,48.892857142857146,Suez Canal,Cape of Good Hope,asia_europe,0.9627285513361463
2019-03-07,50.464285714285715,50.964285714285715,Suez Canal,Cape of Good Hope,asia_europe,1.0099079971691436
2019-03-14,50.642857142857146,48.035714285714285,Suez Canal,Cape of Good Hope,asia_europe,0.9485190409026798
2019-04-26,51.107142857142854,45.214285714285715,Suez Canal,Cape of Good Hope,asia_europe,0.8846960167714886
2019-05-05,51.535714285714285,45.32142857142857,Suez Canal,Cape of Good Hope,asia_europe,0.8794178794178794
2019-05-13,51.535714285714285,44.285714285714285,Suez Canal,Cape of Good Hope,asia_europe,0.8593208593208593
2019-05-24,51.92857142857143,45.357142857142854,Suez Canal,Cape of Good Hope,asia_europe,0.873452544704264
2019-05-31,51.892857142857146,46.75,Suez Canal,Cape of Good Hope,asia_europe,0.900894700619408
2019-06-04,51.357142857142854,47.42857142857143,Suez Canal,Cape of Good Hope,asia_europe,0.9235048678720446
2019-06-18,50.892857142857146,49.392857142857146,Suez Canal,Cape of Good Hope,asia_europe,0.9705263157894737
2019-07-22,51.392857142857146,50.535714285714285,Suez Canal,Cape of Good Hope,asia_europe,0.9833217512161222
2019-07-30,52.035714285714285,51.75,Suez Canal,Cape of Good Hope,asia_europe,0.9945092656142759
2019-08-03,54.0,51.82142857142857,Suez Canal,Cape of Good Hope,asia_europe,0.9596560846560847
2019-08-26,55.464285714285715,51.17857142857143,Suez Canal,Cape of Good Hope,asia_europe,0.922730199613651
2019-09-02,55.142857142857146,51.0,Suez Canal,Cape of Good Hope,asia_europe,0.9248704663212435
2019-09-15,53.67857142857143,50.07142857142857,Suez Canal,Cape of Good Hope,asia_europe,0.9328010645375914
2019-10-18,55.57142857142857,53.785714285714285,Suez Canal,Cape of Good Hope,asia_europe,0.9678663239074551
2019-10-27,57.142857142857146,51.857142857142854,Suez Canal,Cape of Good Hope,asia_europe,0.9074999999999999
2019-10-31,56.892857142857146,50.392857142857146,Suez Canal,Cape of Good Hope,asia_europe,0.8857501569365976
2019-11-08,55.285714285714285,49.57142857142857,Suez Canal,Cape of Good Hope,asia_europe,0.896640826873385
2020-01-08,53.785714285714285,39.75,Suez Canal,Cape of Good Hope,asia_europe,0.7390438247011952
2020-01-26,53.57142857142857,41.25,Suez Canal,Cape of Good Hope,asia_europe,0.77
2020-01-27,54.0,45.357142857142854,Suez Canal,Cape of Good Hope,asia_europe,0.8399470899470899
2020-02-25,58.357142857142854,69.78571428571429,Suez Canal,Cape of Good Hope,asia_europe,1.1958384332925338
2020-03-09,53.42857142857143,42.82142857142857,Suez Canal,Cape of Good Hope,asia_europe,0.801470588235294
2020-03-20,53.714285714285715,42.5,Suez Canal,Cape of Good Hope,asia_europe,0.7912234042553191
2020-03-25,53.535714285714285,42.57142857142857,Suez Canal,Cape of Good Hope,asia_europe,0.7951967978652434
2020-03-29,54.107142857142854,44.142857142857146,Suez Canal,Cape of Good Hope,asia_europe,0.8158415841584159
2020-04-12,56.285714285714285,45.607142857142854,Suez Canal,Cape of Good Hope,asia_europe,0.8102791878172588
2020-05-02,58.642857142857146,52.285714285714285,Suez Canal,Cape of Good Hope,asia_europe,0.8915956151035322
2020-05-25,53.714285714285715,53.92857142857143,Suez Canal,Cape of Good Hope,asia_europe,1.0039893617021276
2020-06-23,45.714285714285715,56.357142857142854,Suez Canal,Cape of Good Hope,asia_europe,1.2328124999999999
2020-07-05,45.75,53.142857142857146,Suez Canal,Cape of Good Hope,asia_europe,1.161592505854801
2020-07-14,45.25,51.857142857142854,Suez Canal,Cape of Good Hope,asia_europe,1.1460142067876873
2020-07-17,46.035714285714285,55.857142857142854,Suez Canal,Cape of Good Hope,asia_europe,1.2133436772692008
2020-07-26,47.0,62.714285714285715,Suez Canal,Cape of Good Hope,asia_europe,1.3343465045592706
2020-07-27,47.07142857142857,62.642857142857146,Suez Canal,Cape of Good Hope,asia_europe,1.330804248861912
2020-08-24,49.785714285714285,57.285714285714285,Suez Canal,Cape of Good Hope,asia_europe,1.1506456241032998
2020-08-27,50.75,56.607142857142854,Suez Canal,Cape of Good Hope,asia_europe,1.1154116819141449
2020-10-08,52.67857142857143,53.035714285714285,Suez Canal,Cape of Good Hope,asia_europe,1.006779661016949
2020-10-14,52.75,50.57142857142857,Suez Canal,Cape of Good Hope,asia_europe,0.958700067704807
2020-10-18,52.17857142857143,51.17857142857143,Suez Canal,Cape of Good Hope,asia_europe,0.9808350444900753
2020-12-10,54.42857142857143,47.535714285714285,Suez Canal,Cape of Good Hope,asia_europe,0.8733595800524934
2020-12-17,52.964285714285715,45.892857142857146,Suez Canal,Cape of Good Hope,asia_europe,0.8664868509777478
2020-12-29,52.535714285714285,43.75,Suez Canal,Cape of Good Hope,asia_europe,0.8327668252889191
2021-01-22,52.035714285714285,42.82142857142857,Suez Canal,Cape of Good Hope,asia_europe,0.8229238160603981
2021-01-27,52.464285714285715,42.67857142857143,Suez Canal,Cape of Good Hope,asia_europe,0.8134785568413887
2021-02-06,52.32142857142857,42.75,Suez Canal,Cape of Good Hope,asia_europe,0.8170648464163823
2021-02-11,53.17857142857143,43.57142857142857,Suez Canal,Cape of Good Hope,asia_europe,0.819341840161182
2021-02-19,54.535714285714285,43.642857142857146,Suez Canal,Cape of Good Hope,asia_europe,0.8002619515389654
2021-02-22,54.5,45.285714285714285,Suez Canal,Cape of Good Hope,asia_europe,0.8309305373525557
2021-03-12,57.67857142857143,48.285714285714285,Suez Canal,Cape of Good Hope,asia_europe,0.8371517027863776
2021-05-02,57.142857142857146,51.25,Suez Canal,Cape of Good Hope,asia_europe,0.896875
2021-06-22,55.964285714285715,50.82142857142857,Suez Canal,Cape of Good Hope,asia_europe,0.9081046585832802
2021-06-30,56.107142857142854,50.142857142857146,Suez Canal,Cape of Good Hope,asia_europe,0.8936982813494591
2021-07-05,55.07142857142857,49.67857142857143,Suez Canal,Cape of Good Hope,asia_europe,0.9020752269779507
2021-08-09,58.214285714285715,51.75,Suez Canal,Cape of Good Hope,asia_europe,0.8889570552147239
2021-08-18,61.214285714285715,50.285714285714285,Suez Canal,Cape of Good Hope,asia_europe,0.8214702450408401
2021-08-19,61.25,50.107142857142854,Suez Canal,Cape of Good Hope,asia_europe,0.8180758017492711
2021-09-20,61.785714285714285,47.5,Suez Canal,Cape of Good Hope,asia_europe,0.7687861271676301
2021-10-11,63.357142857142854,45.142857142857146,Suez Canal,Cape of Good Hope,asia_europe,0.7125140924464488
2021-10-26,61.964285714285715,41.892857142857146,Suez Canal,Cape of Good Hope,asia_europe,0.6760806916426514
2021-11-09,61.25,41.392857142857146,Suez Canal,Cape of Good Hope,asia_europe,0.6758017492711371
2021-11-10,61.5,41.5,Suez Canal,Cape of Good Hope,asia_europe,0.6747967479674797
2021-12-07,61.82142857142857,42.17857142857143,Suez Canal,Cape of Good Hope,asia_europe,0.6822645869439631
2021-12-27,59.32142857142857,42.357142857142854,Suez Canal,Cape of Good Hope,asia_europe,0.7140276941601444
2022-01-14,59.857142857142854,41.464285714285715,Suez Canal,Cape of Good Hope,asia_europe,0.6927207637231504
2022-03-19,60.357142857142854,40.964285714285715,Suez Canal,Cape of Good Hope,asia_europe,0.6786982248520711
2022-04-21,64.32142857142857,39.285714285714285,Suez Canal,Cape of Good Hope,asia_europe,0.6107717934480844
2022-04-26,65.71428571428571,40.107142857142854,Suez Canal,Cape of Good Hope,asia_europe,0.6103260869565218
2022-05-06,64.10714285714286,42.785714285714285,Suez Canal,Cape of Good Hope,asia_europe,0.6674094707520891
2022-05-28,64.07142857142857,46.32142857142857,Suez Canal,Cape of Good Hope,asia_europe,0.7229654403567447
2022-06-19,65.28571428571429,45.785714285714285,Suez Canal,Cape of Good Hope,asia_europe,0.7013129102844639
2022-06-24,65.75,45.964285714285715,Suez Canal,Cape of Good Hope,asia_europe,0.6990765888104291
2022-07-08,69.32142857142857,46.892857142857146,Suez Canal,Cape of Good Hope,asia_europe,0.676455435342607
2022-07-24,70.53571428571429,47.857142857142854,Suez Canal,Cape of Good Hope,asia_europe,0.6784810126582278
2022-07-31,70.64285714285714,46.67857142857143,Suez Canal,Cape of Good Hope,asia_europe,0.660768452982811
2022-09-03,70.42857142857143,46.964285714285715,Suez Canal,Cape of Good Hope,asia_europe,0.6668356997971603
2022-09-18,71.07142857142857,47.964285714285715,Suez Canal,Cape of Good Hope,asia_europe,0.6748743718592966
2022-10-19,69.07142857142857,43.785714285714285,Suez Canal,Cape of Good Hope,asia_europe,0.6339193381592554
2022-11-15,72.78571428571429,42.07142857142857,Suez Canal,Cape of Good Hope,asia_europe,0.57801766437684
2022-12-03,72.14285714285714,41.857142857142854,Suez Canal,Cape of Good Hope,asia_europe,0.5801980198019802
2022-12-04,71.64285714285714,41.57142857142857,Suez Canal,Cape of Good Hope,asia_europe,0.580259222333001
2022-12-11,71.42857142857143,41.67857142857143,Suez Canal,Cape of Good Hope,asia_europe,0.5835
2022-12-15,71.92857142857143,41.892857142857146,Suez Canal,Cape of Good Hope,asia_europe,0.5824230387288978
2022-12-20,71.14285714285714,40.57142857142857,Suez Canal,Cape of Good Hope,asia_europe,0.570281124497992
2022-12-24,72.28571428571429,40.82142857142857,Suez Canal,Cape of Good Hope,asia_europe,0.5647233201581027
2022-12-29,71.78571428571429,40.285714285714285,Suez Canal,Cape of Good Hope,asia_europe,0.5611940298507462
2023-01-01,71.35714285714286,40.25,Suez Canal,Cape of Good Hope,asia_europe,0.5640640640640641
2023-01-09,70.0,39.92857142857143,Suez Canal,Cape of Good Hope,asia_europe,0.5704081632653062
2023-01-24,70.21428571428571,41.214285714285715,Suez Canal,Cape of Good Hope,asia_europe,0.5869786368260428
2023-02-23,70.28571428571429,42.714285714285715,Suez Canal,Cape of Good Hope,asia_europe,0.6077235772357723
2023-02-26,70.35714285714286,42.607142857142854,Suez Canal,Cape of Good Hope,asia_europe,0.6055837563451776
2023-03-07,70.92857142857143,40.607142857142854,Suez Canal,Cape of Good Hope,asia_europe,0.5725075528700906
2023-03-19,72.25,42.714285714285715,Suez Canal,Cape of Good Hope,asia_europe,0.5912011863568957
2023-03-31,72.46428571428571,43.57142857142857,Suez Canal,Cape of Good Hope,asia_europe,0.6012814194184327
2023-04-02,73.39285714285714,44.0,Suez Canal,Cape of Good Hope,asia_europe,0.5995133819951338
2023-04-13,73.28571428571429,43.82142857142857,Suez Canal,Cape of Good Hope,asia_europe,0.5979532163742689
2023-04-27,76.75,45.035714285714285,Suez Canal,Cape of Good Hope,asia_europe,0.586784550953932
2023-05-30,77.07142857142857,49.642857142857146,Suez Canal,Cape of Good Hope,asia_europe,0.644114921223355
2023-06-01,76.32142857142857,50.607142857142854,Suez Canal,Cape of Good Hope,asia_europe,0.6630790828263922
2023-07-07,74.32142857142857,52.142857142857146,Suez Canal,Cape of Good Hope,asia_europe,0.7015857760691976
2023-07-13,73.53571428571429,52.107142857142854,Suez Canal,Cape of Good Hope,asia_europe,0.7085964060223409
2023-07-25,72.17857142857143,53.107142857142854,Suez Canal,Cape of Good Hope,asia_europe,0.7357743691241959
2023-07-29,71.60714285714286,52.892857142857146,Suez Canal,Cape of Good Hope,asia_europe,0.7386533665835412
2023-08-03,70.96428571428571,53.642857142857146,Suez Canal,Cape of Good Hope,asia_europe,0.7559134373427279
2023-08-13,69.92857142857143,55.607142857142854,Suez Canal,Cape of Good Hope,asia_europe,0.7951991828396322
2023-09-13,74.53571428571429,54.892857142857146,Suez Canal,Cape of Good Hope,asia_europe,0.7364638236703401
2023-10-18,75.39285714285714,54.214285714285715,Suez Canal,Cape of Good Hope,asia_europe,0.7190904784462341
2023-11-01,77.07142857142857,49.142857142857146,Suez Canal,Cape of Good Hope,asia_europe,0.6376274328081557
2023-12-21,76.42857142857143,48.607142857142854,Suez Canal,Cape of Good Hope,asia_europe,0.6359813084112149
2023-12-23,75.17857142857143,48.392857142857146,Suez Canal,Cape of Good Hope,asia_europe,0.6437054631828979
2023-12-24,74.46428571428571,48.42857142857143,Suez Canal,Cape of Good Hope,asia_europe,0.6503597122302159
2024-01-08,65.39285714285714,59.642857142857146,Suez Canal,Cape of Good Hope,asia_europe,0.9120699071545605
2024-01-19,54.642857142857146,66.96428571428571,Suez Canal,Cape of Good Hope,asia_europe,1.2254901960784312
2024-02-04,45.5,73.96428571428571,Suez Canal,Cape of Good Hope,asia_europe,1.6255886970172684
2024-03-01,42.464285714285715,86.46428571428571,Suez Canal,Cape of Good Hope,asia_europe,2.0361648444070646
2024-03-10,41.57142857142857,90.89285714285714,Suez Canal,Cape of Good Hope,asia_europe,2.186426116838488
2024-03-15,41.035714285714285,91.10714285714286,Suez Canal,Cape of Good Hope,asia_europe,2.2201914708442123
2024-03-22,40.17857142857143,86.60714285714286,Suez Canal,Cape of Good Hope,asia_europe,2.1555555555555554
2024-03-23,39.964285714285715,85.92857142857143,Suez Canal,Cape of Good Hope,asia_europe,2.1501340482573728
2024-04-22,41.0,87.35714285714286,Suez Canal,Cape of Good Hope,asia_europe,2.1306620209059233
2024-05-01,40.392857142857146,89.0,Suez Canal,Cape of Good Hope,asia_europe,2.2033598585322722
2024-05-06,39.32142857142857,92.0,Suez Canal,Cape of Good Hope,asia_europe,2.3396911898274295
2024-05-08,40.035714285714285,92.17857142857143,Suez Canal,Cape of Good Hope,asia_europe,2.3024085637823375
2024-05-09,40.035714285714285,93.17857142857143,Suez Canal,Cape of Good Hope,asia_europe,2.327386262265834
2024-05-10,40.214285714285715,92.60714285714286,Suez Canal,Cape of Good Hope,asia_europe,2.302841918294849
2024-06-23,39.142857142857146,95.32142857142857,Suez Canal,Cape of Good Hope,asia_europe,2.4352189781021893
2024-07-27,37.714285714285715,92.07142857142857,Suez Canal,Cape of Good Hope,asia_europe,2.4412878787878785
2024-08-05,39.0,98.53571428571429,Suez Canal,Cape of Good Hope,asia_europe,2.526556776556777
2024-08-21,40.25,92.78571428571429,Suez Canal,Cape of Good Hope,asia_europe,2.3052351375332742
2024-09-07,39.57142857142857,95.71428571428571,Suez Canal,Cape of Good Hope,asia_europe,2.4187725631768955
2024-09-18,38.357142857142854,88.67857142857143,Suez Canal,Cape of Good Hope,asia_europe,2.3119180633147116
2024-09-24,37.607142857142854,90.92857142857143,Suez Canal,Cape of Good Hope,asia_europe,2.4178537511870846
2024-10-08,38.07142857142857,88.82142857142857,Suez Canal,Cape of Good Hope,asia_europe,2.3330206378986866
2024-10-11,38.892857142857146,87.92857142857143,Suez Canal,Cape of Good Hope,asia_europe,2.2607897153351697
2024-10-12,38.25,87.78571428571429,Suez Canal,Cape of Good Hope,asia_europe,2.2950513538748836
2024-10-19,37.714285714285715,87.35714285714286,Suez Canal,Cape of Good Hope,asia_europe,2.316287878787879
2024-10-20,37.642857142857146,86.89285714285714,Suez Canal,Cape of Good Hope,asia_europe,2.3083491461100567
2024-10-25,37.107142857142854,85.85714285714286,Suez Canal,Cape of Good Hope,asia_europe,2.31376323387873
2024-11-15,37.32142857142857,86.10714285714286,Suez Canal,Cape of Good Hope,asia_europe,2.307177033492823
2024-11-20,36.82142857142857,86.64285714285714,Suez Canal,Cape of Good Hope,asia_europe,2.3530552861299707
2024-12-29,36.214285714285715,81.28571428571429,Suez Canal,Cape of Good Hope,asia_europe,2.244575936883629
2025-01-02,35.535714285714285,79.0,Suez Canal,Cape of Good Hope,asia_europe,2.2231155778894474
2025-01-29,37.392857142857146,84.75,Suez Canal,Cape of Good Hope,asia_europe,2.26647564469914
2025-01-30,37.285714285714285,85.53571428571429,Suez Canal,Cape of Good Hope,asia_europe,2.2940613026819925
2025-02-24,34.535714285714285,87.92857142857143,Suez Canal,Cape of Good Hope,asia_europe,2.5460186142709413
2025-02-26,34.0,87.14285714285714,Suez Canal,Cape of Good Hope,asia_europe,2.5630252100840334
2025-02-28,34.142857142857146,87.89285714285714,Suez Canal,Cape of Good Hope,asia_europe,2.574267782426778
2025-03-09,36.035714285714285,89.39285714285714,Suez Canal,Cape of Good Hope,asia_europe,2.4806739345887014
2025-03-31,37.642857142857146,80.0,Suez Canal,Cape of Good Hope,asia_europe,2.1252371916508537
2025-04-08,36.964285714285715,79.14285714285714,Suez Canal,Cape of Good Hope,asia_europe,2.141062801932367
2025-04-12,37.607142857142854,80.71428571428571,Suez Canal,Cape of Good Hope,asia_europe,2.1462488129154798
2025-04-20,37.42857142857143,82.25,Suez Canal,Cape of Good Hope,asia_europe,2.1975190839694654
2025-05-20,36.67857142857143,90.82142857142857,Suez Canal,Cape of Good Hope,asia_europe,2.476144109055501
2025-06-05,36.67857142857143,90.67857142857143,Suez Canal,Cape of Good Hope,asia_europe,2.472249269717624
2025-06-13,37.17857142857143,88.32142857142857,Suez Canal,Cape of Good Hope,asia_europe,2.3756003842459172
2025-07-18,36.714285714285715,94.28571428571429,Suez Canal,Cape of Good Hope,asia_europe,2.568093385214008
2025-07-28,38.42857142857143,97.32142857142857,Suez Canal,Cape of Good Hope,asia_europe,2.532527881040892
2025-08-14,38.25,95.96428571428571,Suez Canal,Cape of Good Hope,asia_europe,2.5088702147525677
2025-09-06,39.214285714285715,98.03571428571429,Suez Canal,Cape of Good Hope,asia_europe,2.5
2025-09-13,41.107142857142854,96.07142857142857,Suez Canal,Cape of Good Hope,asia_europe,2.3370981754995657
2025-10-07,41.67857142857143,94.92857142857143,Suez Canal,Cape of Good Hope,asia_europe,2.2776349614395888
2025-10-18,40.92857142857143,96.10714285714286,Suez Canal,Cape of Good Hope,asia_europe,2.3481675392670156
2025-10-21,41.42857142857143,94.07142857142857,Suez Canal,Cape of Good Hope,asia_europe,2.2706896551724136
2025-11-08,42.214285714285715,89.39285714285714,Suez Canal,Cape of Good Hope,asia_europe,2.117597292724196
2025-11-27,43.107142857142854,86.0,Suez Canal,Cape of Good Hope,asia_europe,1.9950289975144988
2025-12-01,43.285714285714285,87.25,Suez Canal,Cape of Good Hope,asia_europe,2.0156765676567656
2025-12-23,41.25,85.78571428571429,Suez Canal,Cape of Good Hope,asia_europe,2.07965367965368
2026-01-31,39.92857142857143,88.32142857142857,Suez Canal,Cape of Good Hope,asia_europe,2.2119856887298748
2026-02-23,41.57142857142857,87.53571428571429,Suez Canal,Cape of Good Hope,asia_europe,2.1056701030927836
2026-04-11,42.142857142857146,91.35714285714286,Suez Canal,Cape of Good Hope,asia_europe,2.1677966101694914
2026-04-12,41.964285714285715,91.5,Suez Canal,Cape of Good Hope,asia_europe,2.1804255319148935
2026-04-25,41.857142857142854,94.71428571428571,Suez Canal,Cape of Good Hope,asia_europe,2.262798634812287
2026-05-07,40.42857142857143,93.46428571428571,Suez Canal,Cape of Good Hope,asia_europe,2.3118374558303882
2026-05-17,40.07142857142857,95.17857142857143,Suez Canal,Cape of Good Hope,asia_europe,2.3752228163992872
2026-05-18,39.75,96.21428571428571,Suez Canal,Cape of Good Hope,asia_europe,2.420485175202156
2026-05-27,39.214285714285715,96.64285714285714,Suez Canal,Cape of Good Hope,asia_europe,2.4644808743169397
2026-05-31,39.892857142857146,96.03571428571429,Suez Canal,Cape of Good Hope,asia_europe,2.40734109221128
2026-06-10,40.785714285714285,100.53571428571429,Suez Canal,Cape of Good Hope,asia_europe,2.4649737302977237
2026-06-23,39.75,94.03571428571429,Suez Canal,Cape of Good Hope,asia_europe,2.3656783468104225
2026-07-25,41.714285714285715,92.03571428571429,Suez Canal,Cape of Good Hope,asia_europe,2.206335616438356
2026-08-18,41.392857142857146,89.07142857142857,Suez Canal,Cape of Good Hope,asia_europe,2.1518550474547022
2019-01-13,50.30769230769231,48.30769230769231,Suez Canal,Cape of Good Hope,asia_europe,0.9602446483180428
2019-02-11,50.642857142857146,47.32142857142857,Suez Canal,Cape of Good Hope,asia_europe,0.9344146685472495
2019-03-16,50.82142857142857,48.035714285714285,Suez Canal,Cape of Good Hope,asia_europe,0.9451862262825018
2019-03-21,50.57142857142857,47.285714285714285,Suez Canal,Cape of Good Hope,asia_europe,0.9350282485875706
2019-03-23,49.785714285714285,45.82142857142857,Suez Canal,Cape of Good Hope,asia_europe,0.9203730272596843
2019-04-18,51.25,44.32142857142857,Suez Canal,Cape of Good Hope,asia_europe,0.8648083623693379
2019-05-20,51.5,45.75,Suez Canal,Cape of Good Hope,asia_europe,0.8883495145631068
2019-06-16,51.607142857142854,48.214285714285715,Suez Canal,Cape of Good Hope,asia_europe,0.9342560553633219
2019-06-22,50.67857142857143,48.785714285714285,Suez Canal,Cape of Good Hope,asia_europe,0.9626497533474278
2019-07-19,51.0,50.785714285714285,Suez Canal,Cape of Good Hope,asia_europe,0.9957983193277311
2019-09-08,53.67857142857143,49.785714285714285,Suez Canal,Cape of Good Hope,asia_europe,0.927478376580173
2019-09-21,53.17857142857143,50.32142857142857,Suez Canal,Cape of Good Hope,asia_europe,0.9462726662189388
2019-09-22,52.785714285714285,50.035714285714285,Suez Canal,Cape of Good Hope,asia_europe,0.9479025710419485
2019-09-23,52.785714285714285,50.92857142857143,Suez Canal,Cape of Good Hope,asia_europe,0.9648173207036537
2019-10-21,55.857142857142854,53.0,Suez Canal,Cape of Good Hope,asia_europe,0.948849104859335
2019-10-26,56.892857142857146,51.535714285714285,Suez Canal,Cape of Good Hope,asia_europe,0.9058380414312617
2019-11-01,56.892857142857146,50.035714285714285,Suez Canal,Cape of Good Hope,asia_europe,0.879472693032015
2019-11-22,54.42857142857143,47.964285714285715,Suez Canal,Cape of Good Hope,asia_europe,0.881233595800525
2019-11-27,53.964285714285715,47.892857142857146,Suez Canal,Cape of Good Hope,asia_europe,0.8874917273328922
2019-11-30,53.642857142857146,46.892857142857146,Suez Canal,Cape of Good Hope,asia_europe,0.874167776298269
2019-12-05,54.67857142857143,45.75,Suez Canal,Cape of Good Hope,asia_europe,0.8367080339647289
2019-12-16,54.75,43.82142857142857,Suez Canal,Cape of Good Hope,asia_europe,0.8003913894324853
2020-01-12,55.035714285714285,39.535714285714285,Suez Canal,Cape of Good Hope,asia_europe,0.718364698247891
2020-01-21,53.857142857142854,39.607142857142854,Suez Canal,Cape of Good Hope,asia_europe,0.7354111405835544
2020-01-29,55.0,56.75,Suez Canal,Cape of Good Hope,asia_europe,1.0318181818181817
2020-02-02,58.07142857142857,76.21428571428571,Suez Canal,Cape of Good Hope,asia_europe,1.3124231242312423
2020-02-07,57.035714285714285,78.07142857142857,Suez Canal,Cape of Good Hope,asia_europe,1.3688165309956168
2020-02-09,56.57142857142857,78.67857142857143,Suez Canal,Cape of Good Hope,asia_europe,1.3907828282828283
2020-02-10,56.642857142857146,79.03571428571429,Suez Canal,Cape of Good Hope,asia_europe,1.3953341740226985
2020-03-10,53.714285714285715,42.464285714285715,Suez Canal,Cape of Good Hope,asia_europe,0.7905585106382979
2020-04-01,53.964285714285715,44.07142857142857,Suez Canal,Cape of Good Hope,asia_europe,0.8166776968894771
2020-04-08,55.535714285714285,44.32142857142857,Suez Canal,Cape of Good Hope,asia_europe,0.7980707395498392
2020-04-10,56.857142857142854,45.42857142857143,Suez Canal,Cape of Good Hope,asia_europe,0.798994974874372
2020-04-23,57.75,50.535714285714285,Suez Canal,Cape of Good Hope,asia_europe,0.8750773036487322
2020-05-15,55.607142857142854,52.25,Suez Canal,Cape of Good Hope,asia_europe,0.9396274887604368
2020-05-26,53.42857142857143,53.642857142857146,Suez Canal,Cape of Good Hope,asia_europe,1.004010695187166
2020-07-04,45.82142857142857,53.67857142857143,Suez Canal,Cape of Good Hope,asia_europe,1.171473109898675
2020-07-24,46.642857142857146,59.535714285714285,Suez Canal,Cape of Good Hope,asia_europe,1.276416539050536
2020-08-05,48.214285714285715,61.142857142857146,Suez Canal,Cape of Good Hope,asia_europe,1.2681481481481482
2020-08-07,48.785714285714285,60.857142857142854,Suez Canal,Cape of Good Hope,asia_europe,1.247437774524158
2020-08-09,48.392857142857146,61.035714285714285,Suez Canal,Cape of Good Hope,asia_europe,1.2612546125461253
2020-09-30,51.57142857142857,54.464285714285715,Suez Canal,Cape of Good Hope,asia_europe,1.0560941828254848
2020-10-05,51.785714285714285,52.464285714285715,Suez Canal,Cape of Good Hope,asia_europe,1.013103448275862
2020-10-12,52.57142857142857,52.5,Suez Canal,Cape of Good Hope,asia_europe,0.9986413043478262
2020-10-23,51.964285714285715,50.32142857142857,Suez Canal,Cape of Good Hope,asia_europe,0.9683848797250858
2020-10-30,53.535714285714285,50.392857142857146,Suez Canal,Cape of Good Hope,asia_europe,0.9412941961307539
2020-11-02,52.92857142857143,49.607142857142854,Suez Canal,Cape of Good Hope,asia_europe,0.9372469635627529
2020-11-07,52.785714285714285,48.67857142857143,Suez Canal,Cape of Good Hope,asia_europe,0.9221921515561571
2020-11-22,55.642857142857146,48.285714285714285,Suez Canal,Cape of Good Hope,asia_europe,0.8677792041078305
2020-11-29,55.285714285714285,48.82142857142857,Suez Canal,Cape of Good Hope,asia_europe,0.8830749354005167
2020-11-30,54.92857142857143,48.75,Suez Canal,Cape of Good Hope,asia_europe,0.8875162548764629
2020-12-07,54.285714285714285,47.035714285714285,Suez Canal,Cape of Good Hope,asia_europe,0.8664473684210526
2020-12-09,54.214285714285715,47.392857142857146,Suez Canal,Cape of Good Hope,asia_europe,0.8741765480895916
2021-01-06,52.392857142857146,43.035714285714285,Suez Canal,Cape of Good Hope,asia_europe,0.8214042263122017
2021-01-18,52.464285714285715,43.142857142857146,Suez Canal,Cape of Good Hope,asia_europe,0.8223281143635126
2021-01-25,52.642857142857146,42.392857142857146,Suez Canal,Cape of Good Hope,asia_europe,0.805291723202171
2021-02-26,55.964285714285715,46.714285714285715,Suez Canal,Cape of Good Hope,asia_europe,0.8347160178685387
2021-04-17,52.642857142857146,50.464285714285715,Suez Canal,Cape of Good Hope,asia_europe,0.9586160108548167
2021-05-05,56.17857142857143,50.785714285714285,Suez Canal,Cape of Good Hope,asia_europe,0.9040050858232676
2021-05-18,55.642857142857146,50.5,Suez Canal,Cape of Good Hope,asia_europe,0.9075738125802311
2021-05-24,54.392857142857146,49.607142857142854,Suez Canal,Cape of Good Hope,asia_europe,0.9120157583716348
2021-06-05,55.07142857142857,49.892857142857146,Suez Canal,Cape of Good Hope,asia_europe,0.9059662775616084
2021-06-09,55.214285714285715,51.07142857142857,Suez Canal,Cape of Good Hope,asia_europe,0.92496765847348
2021-06-14,55.07142857142857,50.142857142857146,Suez Canal,Cape of Good Hope,asia_europe,0.9105058365758756
2021-07-19,54.857142857142854,50.392857142857146,Suez Canal,Cape of Good Hope,asia_europe,0.9186197916666667
2021-08-16,60.535714285714285,49.035714285714285,Suez Canal,Cape of Good Hope,asia_europe,0.8100294985250738
2021-09-12,62.464285714285715,48.464285714285715,Suez Canal,Cape of Good Hope,asia_europe,0.775871926815323
2021-10-20,62.57142857142857,42.82142857142857,Suez Canal,Cape of Good Hope,asia_europe,0.6843607305936072
2021-11-01,62.0,41.892857142857146,Suez Canal,Cape of Good Hope,asia_europe,0.6756912442396313
2021-11-25,62.392857142857146,41.142857142857146,Suez Canal,Cape of Good Hope,asia_europe,0.6594161419576416
2021-11-28,62.92857142857143,41.5,Suez Canal,Cape of Good Hope,asia_europe,0.659477866061294
2021-12-09,61.857142857142854,42.357142857142854,Suez Canal,Cape of Good Hope,asia_europe,0.684757505773672
2021-12-15,61.5,43.25,Suez Canal,Cape of Good Hope,asia_europe,0.7032520325203252
2022-01-23,58.67857142857143,41.32142857142857,Suez Canal,Cape of Good Hope,asia_europe,0.7041996348143639
2022-02-04,58.57142857142857,42.285714285714285,Suez Canal,Cape of Good Hope,asia_europe,0.7219512195121951
2022-03-22,60.92857142857143,41.107142857142854,Suez Canal,Cape of Good Hope,asia_europe,0.6746776084407972
2022-04-08,61.67857142857143,39.785714285714285,Suez Canal,Cape of Good Hope,asia_europe,0.6450492182976258
2022-04-22,65.03571428571429,40.035714285714285,Suez Canal,Cape of Good Hope,asia_europe,0.615595826468973
2022-06-12,64.5,46.464285714285715,Suez Canal,Cape of Good Hope,asia_europe,0.7203765227021041
2022-07-11,69.53571428571429,47.0,Suez Canal,Cape of Good Hope,asia_europe,0.6759116589625064
2022-07-19,70.21428571428571,49.25,Suez Canal,Cape of Good Hope,asia_europe,0.7014242115971516
2022-07-23,71.25,48.07142857142857,Suez Canal,Cape of Good Hope,asia_europe,0.6746867167919799
2022-07-27,70.92857142857143,47.535714285714285,Suez Canal,Cape of Good Hope,asia_europe,0.6701913393756294
2022-08-02,69.82142857142857,47.5,Suez Canal,Cape of Good Hope,asia_europe,0.680306905370844
2022-08-07,72.71428571428571,47.857142857142854,Suez Canal,Cape of Good Hope,asia_europe,0.6581532416502948
2022-08-26,71.96428571428571,48.035714285714285,Suez Canal,Cape of Good Hope,asia_europe,0.6674937965260547
2022-09-07,70.17857142857143,47.17857142857143,Suez Canal,Cape of Good Hope,asia_europe,0.672264631043257
2022-09-19,70.53571428571429,48.17857142857143,Suez Canal,Cape of Good Hope,asia_europe,0.6830379746835443
2022-10-14,68.92857142857143,45.214285714285715,Suez Canal,Cape of Good Hope,asia_europe,0.655958549222798
2022-10-26,70.0,42.75,Suez Canal,Cape of Good Hope,asia_europe,0.6107142857142858
2022-11-04,71.46428571428571,42.285714285714285,Suez Canal,Cape of Good Hope,asia_europe,0.591704147926037
2022-11-11,72.96428571428571,42.5,Suez Canal,Cape of Good Hope,asia_europe,0.582476749877631
2022-11-23,72.92857142857143,42.642857142857146,Suez Canal,Cape of Good Hope,asia_europe,0.584720861900098
2022-12-07,71.92857142857143,41.857142857142854,Suez Canal,Cape of Good Hope,asia_europe,0.5819265143992055
2022-12-12,71.21428571428571,41.57142857142857,Suez Canal,Cape of Good Hope,asia_europe,0.5837512537612839
2022-12-25,72.21428571428571,40.892857142857146,Suez Canal,Cape of Good Hope,asia_europe,0.5662710187932741
2023-01-06,70.64285714285714,39.92857142857143,Suez Canal,Cape of Good Hope,asia_europe,0.5652173913043479
2023-01-18,71.0,42.0,Suez Canal,Cape of Good Hope,asia_europe,0.5915492957746479
2023-02-01,70.85714285714286,41.857142857142854,Suez Canal,Cape of Good Hope,asia_europe,0.5907258064516129
2023-02-02,70.5,41.82142857142857,Suez Canal,Cape of Good Hope,asia_europe,0.5932117527862208
2023-02-12,70.96428571428571,41.892857142857146,Suez Canal,Cape of Good Hope,asia_europe,0.5903371917463514
2023-02-21,71.03571428571429,42.464285714285715,Suez Canal,Cape of Good Hope,asia_europe,0.5977878330819507
2023-03-17,71.67857142857143,41.964285714285715,Suez Canal,Cape of Good Hope,asia_europe,0.5854509217737918
2023-03-20,71.96428571428571,43.214285714285715,Suez Canal,Cape of Good Hope,asia_europe,0.6004962779156329
2023-04-24,75.42857142857143,44.392857142857146,Suez Canal,Cape of Good Hope,asia_europe,0.5885416666666667
2023-05-03,77.57142857142857,44.57142857142857,Suez Canal,Cape of Good Hope,asia_europe,0.574585635359116
2023-05-19,78.46428571428571,48.07142857142857,Suez Canal,Cape of Good Hope,asia_europe,0.6126536185707784
2023-05-20,78.85714285714286,47.857142857142854,Suez Canal,Cape of Good Hope,asia_europe,0.6068840579710144
2023-05-22,77.96428571428571,47.214285714285715,Suez Canal,Cape of Good Hope,asia_europe,0.6055886394869446
2023-05-25,77.10714285714286,48.285714285714285,Suez Canal,Cape of Good Hope,asia_europe,0.6262158406669754
2023-06-07,75.85714285714286,50.285714285714285,Suez Canal,Cape of Good Hope,asia_europe,0.6629001883239171
2023-07-11,74.10714285714286,51.57142857142857,Suez Canal,Cape of Good Hope,asia_europe,0.6959036144578312
2023-07-19,74.5,53.07142857142857,Suez Canal,Cape of Good Hope,asia_europe,0.7123681687440077
2023-09-14,74.57142857142857,55.5,Suez Canal,Cape of Good Hope,asia_europe,0.7442528735632185
2023-09-17,73.25,51.07142857142857,Suez Canal,Cape of Good Hope,asia_europe,0.697220867869332
2023-10-06,74.14285714285714,55.535714285714285,Suez Canal,Cape of Good Hope,asia_europe,0.7490366088631984
2023-11-23,76.0,48.357142857142854,Suez Canal,Cape of Good Hope,asia_europe,0.6362781954887218
2023-12-13,75.75,48.285714285714285,Suez Canal,Cape of Good Hope,asia_europe,0.6374351720886374
2023-12-25,74.03571428571429,48.607142857142854,Suez Canal,Cape of Good Hope,asia_europe,0.656536420646406
2023-12-28,72.60714285714286,49.67857142857143,Suez Canal,Cape of Good Hope,asia_europe,0.6842105263157895
2024-01-04,68.60714285714286,56.25,Suez Canal,Cape of Good Hope,asia_europe,0.8198854763144195
2024-02-05,44.75,74.14285714285714,Suez Canal,Cape of Good Hope,asia_europe,1.65682362330407
2024-02-24,41.892857142857146,85.10714285714286,Suez Canal,Cape of Good Hope,asia_europe,2.03154305200341
2024-03-06,40.892857142857146,88.5,Suez Canal,Cape of Good Hope,asia_europe,2.1641921397379913
2024-04-03,40.25,83.14285714285714,Suez Canal,Cape of Good Hope,asia_europe,2.0656610470275067
2024-04-05,39.75,82.35714285714286,Suez Canal,Cape of Good Hope,asia_europe,2.0718778077268643
2024-04-16,39.857142857142854,84.10714285714286,Suez Canal,Cape of Good Hope,asia_europe,2.110215053763441
2024-04-23,41.142857142857146,87.42857142857143,Suez Canal,Cape of Good Hope,asia_europe,2.125
2024-04-26,41.32142857142857,88.42857142857143,Suez Canal,Cape of Good Hope,asia_europe,2.140017286084702
2024-05-02,40.035714285714285,88.75,Suez Canal,Cape of Good Hope,asia_europe,2.216770740410348
2024-05-19,39.964285714285715,90.28571428571429,Suez Canal,Cape of Good Hope,asia_europe,2.259159964253798
2024-05-30,41.285714285714285,91.67857142857143,Suez Canal,Cape of Good Hope,asia_europe,2.2205882352941178
2024-06-04,42.0,91.39285714285714,Suez Canal,Cape of Good Hope,asia_europe,2.1760204081632653
2024-07-21,37.42857142857143,93.10714285714286,Suez Canal,Cape of Good Hope,asia_europe,2.4875954198473282
2024-08-11,38.92857142857143,91.07142857142857,Suez Canal,Cape of Good Hope,asia_europe,2.3394495412844036
2024-08-17,40.17857142857143,92.35714285714286,Suez Canal,Cape of Good Hope,asia_europe,2.2986666666666666
2024-08-26,40.607142857142854,99.0,Suez Canal,Cape of Good Hope,asia_europe,2.4379947229551453
2024-08-27,40.392857142857146,95.92857142857143,Suez Canal,Cape of Good Hope,asia_europe,2.374889478337754
2024-08-28,40.357142857142854,90.82142857142857,Suez Canal,Cape of Good Hope,asia_europe,2.2504424778761063
2024-10-15,38.17857142857143,86.35714285714286,Suez Canal,Cape of Good Hope,asia_europe,2.261927034611787
2024-10-21,37.464285714285715,85.82142857142857,Suez Canal,Cape of Good Hope,asia_europe,2.290753098188751
2024-11-28,36.5,84.0,Suez Canal,Cape of Good Hope,asia_europe,2.3013698630136985
2024-12-09,35.392857142857146,83.25,Suez Canal,Cape of Good Hope,asia_europe,2.352169525731584
2024-12-26,36.0,81.21428571428571,Suez Canal,Cape of Good Hope,asia_europe,2.255952380952381
2024-12-27,36.464285714285715,81.75,Suez Canal,Cape of Good Hope,asia_europe,2.2419196865817823
2024-12-28,36.464285714285715,81.67857142857143,Suez Canal,Cape of Good Hope,asia_europe,2.239960822722821
2024-12-30,36.25,81.03571428571429,Suez Canal,Cape of Good Hope,asia_europe,2.235467980295567
2025-01-16,36.25,81.5,Suez Canal,Cape of Good Hope,asia_europe,2.2482758620689656
2025-01-18,35.67857142857143,81.14285714285714,Suez Canal,Cape of Good Hope,asia_europe,2.274274274274274
2025-01-19,35.714285714285715,81.14285714285714,Suez Canal,Cape of Good Hope,asia_europe,2.272
2025-01-26,36.214285714285715,83.82142857142857,Suez Canal,Cape of Good Hope,asia_europe,2.314595660749507
2025-01-28,36.92857142857143,84.10714285714286,Suez Canal,Cape of Good Hope,asia_europe,2.2775628626692455
2025-01-31,37.0,84.71428571428571,Suez Canal,Cape of Good Hope,asia_europe,2.289575289575289
2025-02-02,37.035714285714285,83.92857142857143,Suez Canal,Cape of Good Hope,asia_europe,2.266152362584378
2025-02-14,35.607142857142854,86.39285714285714,Suez Canal,Cape of Good Hope,asia_europe,2.4262788365095287
2025-02-25,34.32142857142857,88.07142857142857,Suez Canal,Cape of Good Hope,asia_europe,2.566077003121748
2025-04-16,38.035714285714285,82.67857142857143,Suez Canal,Cape of Good Hope,asia_europe,2.1737089201877935
2025-04-24,37.535714285714285,83.60714285714286,Suez Canal,Cape of Good Hope,asia_europe,2.2274024738344433
2025-05-31,36.714285714285715,92.07142857142857,Suez Canal,Cape of Good Hope,asia_europe,2.507782101167315
2025-06-29,36.642857142857146,90.57142857142857,Suez Canal,Cape of Good Hope,asia_europe,2.471734892787524
2025-07-01,37.07142857142857,93.32142857142857,Suez Canal,Cape of Good Hope,asia_europe,2.5173410404624277
2025-07-13,36.964285714285715,93.57142857142857,Suez Canal,Cape of Good Hope,asia_europe,2.5314009661835746
2025-09-01,39.0,98.03571428571429,Suez Canal,Cape of Good Hope,asia_europe,2.5137362637362637
2025-10-31,41.0,93.78571428571429,Suez Canal,Cape of Good Hope,asia_europe,2.2874564459930316
2025-11-09,42.392857142857146,88.5,Suez Canal,Cape of Good Hope,asia_europe,2.0876158382476833
2025-12-10,41.32142857142857,86.35714285714286,Suez Canal,Cape of Good Hope,asia_europe,2.0898876404494384
2025-12-25,40.92857142857143,84.85714285714286,Suez Canal,Cape of Good Hope,asia_europe,2.073298429319372
2026-02-03,39.17857142857143,87.32142857142857,Suez Canal,Cape of Good Hope,asia_europe,2.228805834092981
2026-02-26,41.32142857142857,86.78571428571429,Suez Canal,Cape of Good Hope,asia_europe,2.1002592912705276
2026-03-21,40.642857142857146,92.35714285714286,Suez Canal,Cape of Good Hope,asia_europe,2.272407732864675
2026-03-28,41.214285714285715,91.39285714285714,Suez Canal,Cape of Good Hope,asia_europe,2.2175043327556323
2026-03-29,41.25,91.82142857142857,Suez Canal,Cape of Good Hope,asia_europe,2.225974025974026
2026-05-02,40.714285714285715,92.96428571428571,Suez Canal,Cape of Good Hope,asia_europe,2.283333333333333
2026-05-20,39.285714285714285,97.21428571428571,Suez Canal,Cape of Good Hope,asia_europe,2.4745454545454546
2026-07-01,40.464285714285715,93.25,Suez Canal,Cape of Good Hope,asia_europe,2.3045013239187995
2026-07-08,40.142857142857146,92.92857142857143,Suez Canal,Cape of Good Hope,asia_europe,2.3149466192170816
2026-07-29,42.107142857142854,89.85714285714286,Suez Canal,Cape of Good Hope,asia_europe,2.13401187446989
2026-08-07,41.392857142857146,90.5,Suez Canal,Cape of Good Hope,asia_europe,2.1863675582398616
2019-01-17,49.294117647058826,48.294117647058826,Suez Canal,Cape of Good Hope,asia_europe,0.9797136038186157
2019-02-09,50.17857142857143,47.607142857142854,Suez Canal,Cape of Good Hope,asia_europe,0.9487544483985764
2019-03-31,49.5,43.142857142857146,Suez Canal,Cape of Good Hope,asia_europe,0.8715728715728717
2019-04-11,50.5,45.285714285714285,Suez Canal,Cape of Good Hope,asia_europe,0.8967468175388967
2019-04-12,50.214285714285715,45.82142857142857,Suez Canal,Cape of Good Hope,asia_europe,0.9125177809388335
2019-04-19,51.535714285714285,44.392857142857146,Suez Canal,Cape of Good Hope,asia_europe,0.8613998613998615
2019-04-21,50.82142857142857,44.17857142857143,Suez Canal,Cape of Good Hope,asia_europe,0.8692902319044273
2019-04-23,51.92857142857143,44.642857142857146,Suez Canal,Cape of Good Hope,asia_europe,0.859697386519945
2019-05-26,51.535714285714285,45.607142857142854,Suez Canal,Cape of Good Hope,asia_europe,0.8849618849618849
2019-06-10,52.214285714285715,48.42857142857143,Suez Canal,Cape of Good Hope,asia_europe,0.9274965800273598
2019-06-11,52.035714285714285,48.107142857142854,Suez Canal,Cape of Good Hope,asia_europe,0.9245024021962938
2019-06-27,49.357142857142854,50.464285714285715,Suez Canal,Cape of Good Hope,asia_europe,1.0224312590448625
2019-06-30,50.07142857142857,50.642857142857146,Suez Canal,Cape of Good Hope,asia_europe,1.0114122681883024
2019-07-06,49.285714285714285,50.0,Suez Canal,Cape of Good Hope,asia_europe,1.0144927536231885
2019-08-02,53.67857142857143,51.75,Suez Canal,Cape of Good Hope,asia_europe,0.9640718562874251
2019-08-30,54.892857142857146,51.464285714285715,Suez Canal,Cape of Good Hope,asia_europe,0.9375406636304489
2019-09-06,54.17857142857143,49.67857142857143,Suez Canal,Cape of Good Hope,asia_europe,0.916941331575478
2019-09-26,53.214285714285715,51.142857142857146,Suez Canal,Cape of Good Hope,asia_europe,0.9610738255033557
2019-11-04,56.607142857142854,49.57142857142857,Suez Canal,Cape of Good Hope,asia_europe,0.8757097791798107
2019-11-07,55.892857142857146,49.92857142857143,Suez Canal,Cape of Good Hope,asia_europe,0.8932907348242811
2019-11-21,54.142857142857146,47.67857142857143,Suez Canal,Cape of Good Hope,asia_europe,0.8806068601583114
2019-11-24,54.07142857142857,47.75,Suez Canal,Cape of Good Hope,asia_europe,0.8830911492734479
2019-12-23,54.75,42.785714285714285,Suez Canal,Cape of Good Hope,asia_europe,0.781474233529028
2019-12-25,54.142857142857146,42.5,Suez Canal,Cape of Good Hope,asia_europe,0.7849604221635883
2019-12-30,54.25,41.142857142857146,Suez Canal,Cape of Good Hope,asia_europe,0.7583936800526663
2020-01-20,54.32142857142857,39.5,Suez Canal,Cape of Good Hope,asia_europe,0.7271531886916502
2020-02-17,58.75,80.64285714285714,Suez Canal,Cape of Good Hope,asia_europe,1.3726443768996959
2020-05-05,59.25,53.57142857142857,Suez Canal,Cape of Good Hope,asia_europe,0.9041591320072332
2020-08-14,48.92857142857143,59.07142857142857,Suez Canal,Cape of Good Hope,asia_europe,1.2072992700729925
2020-08-29,50.964285714285715,55.67857142857143,Suez Canal,Cape of Good Hope,asia_europe,1.0925017519271198
2020-09-27,52.892857142857146,54.607142857142854,Suez Canal,Cape of Good Hope,asia_europe,1.0324105334233624
2020-10-10,52.32142857142857,52.5,Suez Canal,Cape of Good Hope,asia_europe,1.0034129692832765
2020-11-26,54.67857142857143,47.57142857142857,Suez Canal,Cape of Good Hope,asia_europe,0.8700195950359242
2020-11-27,54.67857142857143,47.857142857142854,Suez Canal,Cape of Good Hope,asia_europe,0.8752449379490528
2020-11-28,54.82142857142857,48.0,Suez Canal,Cape of Good Hope,asia_europe,0.8755700325732899
2020-12-08,54.535714285714285,47.107142857142854,Suez Canal,Cape of Good Hope,asia_europe,0.8637851997380485
2021-01-07,51.92857142857143,42.892857142857146,Suez Canal,Cape of Good Hope,asia_europe,0.8259972489683631
2021-01-10,53.17857142857143,42.357142857142854,Suez Canal,Cape of Good Hope,asia_europe,0.7965077233042309
2021-02-14,53.82142857142857,43.714285714285715,Suez Canal,Cape of Good Hope,asia_europe,0.8122096881220969
2021-03-10,58.464285714285715,48.607142857142854,Suez Canal,Cape of Good Hope,asia_europe,0.8313989004276114
2021-03-19,57.392857142857146,49.464285714285715,Suez Canal,Cape of Good Hope,asia_europe,0.8618543870566272
2021-04-22,56.642857142857146,51.642857142857146,Suez Canal,Cape of Good Hope,asia_europe,0.9117276166456494
2021-05-29,56.107142857142854,50.42857142857143,Suez Canal,Cape of Good Hope,asia_europe,0.8987905792488862
2021-06-07,55.75,50.75,Suez Canal,Cape of Good Hope,asia_europe,0.9103139013452914
2021-06-12,55.392857142857146,50.535714285714285,Suez Canal,Cape of Good Hope,asia_europe,0.9123146357188909
2021-08-30,62.357142857142854,46.32142857142857,Suez Canal,Cape of Good Hope,asia_europe,0.7428407789232532
2021-09-09,62.607142857142854,48.357142857142854,Suez Canal,Cape of Good Hope,asia_europe,0.7723901882487165
2021-09-28,62.42857142857143,49.714285714285715,Suez Canal,Cape of Good Hope,asia_europe,0.7963386727688787
2021-10-04,62.142857142857146,46.214285714285715,Suez Canal,Cape of Good Hope,asia_europe,0.7436781609195402
2021-10-05,62.42857142857143,45.964285714285715,Suez Canal,Cape of Good Hope,asia_europe,0.7362700228832952
2021-10-15,63.214285714285715,44.142857142857146,Suez Canal,Cape of Good Hope,asia_europe,0.6983050847457627
2021-10-17,63.07142857142857,43.142857142857146,Suez Canal,Cape of Good Hope,asia_europe,0.6840317100792753
2021-10-18,63.035714285714285,43.464285714285715,Suez Canal,Cape of Good Hope,asia_europe,0.6895184135977337
2021-12-11,62.75,42.785714285714285,Suez Canal,Cape of Good Hope,asia_europe,0.6818440523619806
2021-12-31,59.392857142857146,42.07142857142857,Suez Canal,Cape of Good Hope,asia_europe,0.7083583884546001
2022-01-10,58.75,40.75,Suez Canal,Cape of Good Hope,asia_europe,0.6936170212765957
2022-01-21,59.07142857142857,41.607142857142854,Suez Canal,Cape of Good Hope,asia_europe,0.7043530834340991
2022-01-26,59.25,41.785714285714285,Suez Canal,Cape of Good Hope,asia_europe,0.705244122965642
2022-01-31,59.0,41.5,Suez Canal,Cape of Good Hope,asia_europe,0.7033898305084746
2022-02-01,58.785714285714285,41.82142857142857,Suez Canal,Cape of Good Hope,asia_europe,0.7114216281895503
2022-02-16,61.32142857142857,42.82142857142857,Suez Canal,Cape of Good Hope,asia_europe,0.6983110075713453
2022-04-16,62.785714285714285,38.535714285714285,Suez Canal,Cape of Good Hope,asia_europe,0.6137656427758816
2022-05-12,65.07142857142857,44.57142857142857,Suez Canal,Cape of Good Hope,asia_europe,0.6849615806805708
2022-05-15,64.42857142857143,45.142857142857146,Suez Canal,Cape of Good Hope,asia_europe,0.7006651884700665
2022-05-19,63.892857142857146,45.285714285714285,Suez Canal,Cape of Good Hope,asia_europe,0.708775852431526
2022-05-23,63.17857142857143,45.25,Suez Canal,Cape of Good Hope,asia_europe,0.7162238552854719
2022-05-24,63.785714285714285,45.67857142857143,Suez Canal,Cape of Good Hope,asia_europe,0.7161254199328108
2022-07-01,69.0,49.107142857142854,Suez Canal,Cape of Good Hope,asia_europe,0.7116977225672877
2022-07-17,70.21428571428571,49.214285714285715,Suez Canal,Cape of Good Hope,asia_europe,0.700915564598169
2022-08-08,72.92857142857143,47.892857142857146,Suez Canal,Cape of Good Hope,asia_europe,0.6567091087169442
2022-08-16,72.67857142857143,46.285714285714285,Suez Canal,Cape of Good Hope,asia_europe,0.6368550368550369
2022-09-09,69.92857142857143,48.42857142857143,Suez Canal,Cape of Good Hope,asia_europe,0.6925434116445353
2022-09-25,69.5,46.107142857142854,Suez Canal,Cape of Good Hope,asia_europe,0.6634121274409044
2022-10-09,68.82142857142857,45.32142857142857,Suez Canal,Cape of Good Hope,asia_europe,0.6585365853658537
2022-10-21,69.0,43.42857142857143,Suez Canal,Cape of Good Hope,asia_europe,0.629399585921325
2022-10-24,70.42857142857143,43.857142857142854,Suez Canal,Cape of Good Hope,asia_europe,0.6227180527383367
2022-11-08,72.57142857142857,42.0,Suez Canal,Cape of Good Hope,asia_europe,0.5787401574803149
2022-11-09,72.92857142857143,41.92857142857143,Suez Canal,Cape of Good Hope,asia_europe,0.574926542605289
2022-11-27,72.5,41.82142857142857,Suez Canal,Cape of Good Hope,asia_europe,0.5768472906403941
2022-11-28,71.89285714285714,42.035714285714285,Suez Canal,Cape of Good Hope,asia_europe,0.5846994535519126
2022-12-01,71.64285714285714,41.857142857142854,Suez Canal,Cape of Good Hope,asia_europe,0.584247258225324
2023-01-04,70.17857142857143,40.035714285714285,Suez Canal,Cape of Good Hope,asia_europe,0.5704834605597964
2023-01-10,70.96428571428571,40.32142857142857,Suez Canal,Cape of Good Hope,asia_europe,0.568193256165073
2023-01-15,71.03571428571429,41.535714285714285,Suez Canal,Cape of Good Hope,asia_europe,0.584715937657114
2023-02-09,70.32142857142857,42.392857142857146,Suez Canal,Cape of Good Hope,asia_europe,0.6028440832910107
2023-02-15,71.28571428571429,42.17857142857143,Suez Canal,Cape of Good Hope,asia_europe,0.5916833667334669
2023-02-25,69.75,42.32142857142857,Suez Canal,Cape of Good Hope,asia_europe,0.6067588325652842
2023-03-04,69.32142857142857,41.07142857142857,Suez Canal,Cape of Good Hope,asia_europe,0.592478104070067
2023-03-08,70.96428571428571,40.464285714285715,Suez Canal,Cape of Good Hope,asia_europe,0.5702063412179165
2023-03-14,70.96428571428571,41.142857142857146,Suez Canal,Cape of Good Hope,asia_europe,0.579768495218923
2023-04-04,72.14285714285714,44.464285714285715,Suez Canal,Cape of Good Hope,asia_europe,0.6163366336633664
2023-04-12,73.35714285714286,43.607142857142854,Suez Canal,Cape of Good Hope,asia_europe,0.5944498539435248
2023-04-14,73.60714285714286,43.535714285714285,Suez Canal,Cape of Good Hope,asia_europe,0.591460456089277
2023-07-17,73.42857142857143,53.392857142857146,Suez Canal,Cape of Good Hope,asia_europe,0.7271400778210116
2023-07-27,72.39285714285714,54.17857142857143,Suez Canal,Cape of Good Hope,asia_europe,0.748396645288604
2023-08-02,71.17857142857143,52.42857142857143,Suez Canal,Cape of Good Hope,asia_europe,0.7365780230807828
2023-08-04,71.32142857142857,53.642857142857146,Suez Canal,Cape of Good Hope,asia_europe,0.7521281922884328
2023-08-23,70.5,52.82142857142857,Suez Canal,Cape of Good Hope,asia_europe,0.7492401215805471
2023-09-19,73.39285714285714,55.214285714285715,Suez Canal,Cape of Good Hope,asia_europe,0.7523114355231144
2023-09-20,73.89285714285714,56.357142857142854,Suez Canal,Cape of Good Hope,asia_europe,0.762687288545191
2023-09-30,74.35714285714286,55.964285714285715,Suez Canal,Cape of Good Hope,asia_europe,0.7526416906820365
2023-10-07,74.25,55.32142857142857,Suez Canal,Cape of Good Hope,asia_europe,0.745069745069745
2023-10-22,76.35714285714286,52.42857142857143,Suez Canal,Cape of Good Hope,asia_europe,0.686623012160898
2023-10-28,77.10714285714286,51.607142857142854,Suez Canal,Cape of Good Hope,asia_europe,0.6692913385826771
2023-11-04,77.14285714285714,50.035714285714285,Suez Canal,Cape of Good Hope,asia_europe,0.6486111111111111
2023-11-05,76.75,49.857142857142854,Suez Canal,Cape of Good Hope,asia_europe,0.6496044671940437
2023-11-22,76.46428571428571,48.67857142857143,Suez Canal,Cape of Good Hope,asia_europe,0.6366184026156002
2023-11-27,76.46428571428571,49.75,Suez Canal,Cape of Good Hope,asia_europe,0.6506305464736105
2023-12-22,75.92857142857143,48.42857142857143,Suez Canal,Cape of Good Hope,asia_europe,0.6378174976481655
2024-01-14,58.67857142857143,63.57142857142857,Suez Canal,Cape of Good Hope,asia_europe,1.08338405356056
2024-01-18,55.535714285714285,65.89285714285714,Suez Canal,Cape of Good Hope,asia_europe,1.1864951768488745
2024-01-22,53.214285714285715,68.64285714285714,Suez Canal,Cape of Good Hope,asia_europe,1.2899328859060402
2024-01-27,49.17857142857143,71.17857142857143,Suez Canal,Cape of Good Hope,asia_europe,1.4473493100944081
2024-01-31,47.5,71.57142857142857,Suez Canal,Cape of Good Hope,asia_europe,1.506766917293233
2024-04-19,40.357142857142854,85.85714285714286,Suez Canal,Cape of Good Hope,asia_europe,2.127433628318584
2024-04-28,41.07142857142857,88.46428571428571,Suez Canal,Cape of Good Hope,asia_europe,2.1539130434782607
2024-05-11,40.32142857142857,92.96428571428571,Suez Canal,Cape of Good Hope,asia_europe,2.3055801594331267
2024-08-01,38.214285714285715,93.92857142857143,Suez Canal,Cape of Good Hope,asia_europe,2.457943925233645
2024-08-12,39.32142857142857,92.10714285714286,Suez Canal,Cape of Good Hope,asia_europe,2.3424159854677566
2024-08-13,39.714285714285715,91.60714285714286,Suez Canal,Cape of Good Hope,asia_europe,2.306654676258993
2024-09-28,37.82142857142857,89.57142857142857,Suez Canal,Cape of Good Hope,asia_europe,2.368271954674221
2024-09-30,36.857142857142854,85.35714285714286,Suez Canal,Cape of Good Hope,asia_europe,2.315891472868217
2024-10-18,37.57142857142857,86.85714285714286,Suez Canal,Cape of Good Hope,asia_europe,2.3117870722433462
2024-11-09,37.857142857142854,84.85714285714286,Suez Canal,Cape of Good Hope,asia_europe,2.2415094339622645
2024-11-14,37.785714285714285,86.10714285714286,Suez Canal,Cape of Good Hope,asia_europe,2.2788279773156903
2024-11-22,36.285714285714285,85.5,Suez Canal,Cape of Good Hope,asia_europe,2.3562992125984255
2024-12-25,36.285714285714285,81.53571428571429,Suez Canal,Cape of Good Hope,asia_europe,2.2470472440944884
2025-01-08,35.642857142857146,80.78571428571429,Suez Canal,Cape of Good Hope,asia_europe,2.2665330661322645
2025-01-25,35.892857142857146,83.42857142857143,Suez Canal,Cape of Good Hope,asia_europe,2.324378109452736
2025-02-01,36.82142857142857,84.17857142857143,Suez Canal,Cape of Good Hope,asia_europe,2.286129970902037
2025-02-15,35.607142857142854,87.17857142857143,Suez Canal,Cape of Good Hope,asia_europe,2.448345035105316
2025-03-10,35.785714285714285,89.07142857142857,Suez Canal,Cape of Good Hope,asia_europe,2.489021956087824
2025-03-18,36.035714285714285,84.14285714285714,Suez Canal,Cape of Good Hope,asia_europe,2.3349851337958376
2025-03-20,35.714285714285715,82.46428571428571,Suez Canal,Cape of Good Hope,asia_europe,2.3089999999999997
2025-04-14,37.607142857142854,80.78571428571429,Suez Canal,Cape of Good Hope,asia_europe,2.1481481481481484
2025-04-29,37.714285714285715,84.32142857142857,Suez Canal,Cape of Good Hope,asia_europe,2.2357954545454546
2025-05-12,35.32142857142857,86.35714285714286,Suez Canal,Cape of Good Hope,asia_europe,2.444893832153691
2025-05-16,36.17857142857143,89.64285714285714,Suez Canal,Cape of Good Hope,asia_europe,2.477788746298124
2025-06-08,37.07142857142857,93.60714285714286,Suez Canal,Cape of Good Hope,asia_europe,2.5250481695568405
2025-07-05,37.107142857142854,92.25,Suez Canal,Cape of Good Hope,asia_europe,2.48604427333975
2025-07-06,37.42857142857143,91.64285714285714,Suez Canal,Cape of Good Hope,asia_europe,2.4484732824427478
2025-07-12,37.285714285714285,92.42857142857143,Suez Canal,Cape of Good Hope,asia_europe,2.478927203065134
2025-07-17,36.785714285714285,94.89285714285714,Suez Canal,Cape of Good Hope,asia_europe,2.579611650485437
2025-09-03,39.285714285714285,98.07142857142857,Suez Canal,Cape of Good Hope,asia_europe,2.4963636363636366
2025-10-08,41.785714285714285,95.17857142857143,Suez Canal,Cape of Good Hope,asia_europe,2.2777777777777777
2025-10-16,41.214285714285715,97.75,Suez Canal,Cape of Good Hope,asia_europe,2.371750433275563
2025-10-20,41.714285714285715,94.67857142857143,Suez Canal,Cape of Good Hope,asia_europe,2.2696917808219177
2025-10-23,40.92857142857143,94.82142857142857,Suez Canal,Cape of Good Hope,asia_europe,2.3167539267015704
2025-11-28,43.42857142857143,87.03571428571429,Suez Canal,Cape of Good Hope,asia_europe,2.0041118421052633
2025-12-13,41.17857142857143,88.07142857142857,Suez Canal,Cape of Good Hope,asia_europe,2.1387684301821333
2026-01-14,37.607142857142854,84.64285714285714,Suez Canal,Cape of Good Hope,asia_europe,2.250712250712251
2026-01-16,37.357142857142854,85.96428571428571,Suez Canal,Cape of Good Hope,asia_europe,2.301147227533461
2026-01-19,37.67857142857143,86.39285714285714,Suez Canal,Cape of Good Hope,asia_europe,2.292890995260663
2026-03-02,41.32142857142857,87.5,Suez Canal,Cape of Good Hope,asia_europe,2.1175453759723424
2026-05-12,40.285714285714285,89.0,Suez Canal,Cape of Good Hope,asia_europe,2.2092198581560285
2026-06-19,39.57142857142857,92.75,Suez Canal,Cape of Good Hope,asia_europe,2.3438628158844765
2026-07-24,41.785714285714285,92.53571428571429,Suez Canal,Cape of Good Hope,asia_europe,2.2145299145299147
2026-07-31,41.82142857142857,90.71428571428571,Suez Canal,Cape of Good Hope,asia_europe,2.1690862510674638
2026-08-12,41.535714285714285,88.39285714285714,Suez Canal,Cape of Good Hope,asia_europe,2.128116938950989
2026-08-16,41.07142857142857,89.5,Suez Canal,Cape of Good Hope,asia_europe,2.179130434782609
2026-08-21,41.285714285714285,89.92857142857143,Suez Canal,Cape of Good Hope,asia_europe,2.1782006920415227
2026-08-22,41.357142857142854,90.10714285714286,Suez Canal,Cape of Good Hope,asia_europe,2.178756476683938
2019-01-16,49.9375,49.5,Suez Canal,Cape of Good Hope,asia_europe,0.9912390488110138
2019-02-02,49.07142857142857,46.714285714285715,Suez Canal,Cape of Good Hope,asia_europe,0.9519650655021835
2019-02-04,48.892857142857146,47.0,Suez Canal,Cape of Good Hope,asia_europe,0.9612856099342585
2019-02-17,51.0,48.0,Suez Canal,Cape of Good Hope,asia_europe,0.9411764705882353
2019-02-25,50.607142857142854,50.535714285714285,Suez Canal,Cape of Good Hope,asia_europe,0.9985885673959068
2019-03-05,50.785714285714285,51.714285714285715,Suez Canal,Cape of Good Hope,asia_europe,1.018284106891702
2019-03-18,50.392857142857146,47.5,Suez Canal,Cape of Good Hope,asia_europe,0.9425939050318922
2019-03-22,50.142857142857146,45.964285714285715,Suez Canal,Cape of Good Hope,asia_europe,0.9166666666666666
2019-04-06,50.214285714285715,43.07142857142857,Suez Canal,Cape of Good Hope,asia_europe,0.8577524893314367
2019-04-16,50.57142857142857,43.92857142857143,Suez Canal,Cape of Good Hope,asia_europe,0.8686440677966103
2019-04-30,51.82142857142857,46.32142857142857,Suez Canal,Cape of Good Hope,asia_europe,0.8938662991040661
2019-05-14,51.57142857142857,44.535714285714285,Suez Canal,Cape of Good Hope,asia_europe,0.8635734072022161
2019-05-19,51.857142857142854,45.785714285714285,Suez Canal,Cape of Good Hope,asia_europe,0.8829201101928374
2019-05-25,51.357142857142854,45.42857142857143,Suez Canal,Cape of Good Hope,asia_europe,0.8845618915159945
2019-06-19,50.5,49.464285714285715,Suez Canal,Cape of Good Hope,asia_europe,0.9794908062234795
2019-06-25,49.75,50.67857142857143,Suez Canal,Cape of Good Hope,asia_europe,1.018664752333094
2019-07-14,50.142857142857146,51.07142857142857,Suez Canal,Cape of Good Hope,asia_europe,1.0185185185185184
2019-08-25,55.07142857142857,52.0,Suez Canal,Cape of Good Hope,asia_europe,0.9442282749675747
2019-10-02,52.964285714285715,53.75,Suez Canal,Cape of Good Hope,asia_europe,1.0148347943358058
2019-10-24,56.32142857142857,52.75,Suez Canal,Cape of Good Hope,asia_europe,0.9365884590995561
2019-10-25,56.535714285714285,52.035714285714285,Suez Canal,Cape of Good Hope,asia_europe,0.9204042956411876
2019-10-30,57.07142857142857,49.892857142857146,Suez Canal,Cape of Good Hope,asia_europe,0.8742177722152692
2019-11-12,55.32142857142857,48.464285714285715,Suez Canal,Cape of Good Hope,asia_europe,0.8760490639122015
2019-11-20,54.535714285714285,47.785714285714285,Suez Canal,Cape of Good Hope,asia_europe,0.8762278978388998
2019-12-11,54.857142857142854,45.535714285714285,Suez Canal,Cape of Good Hope,asia_europe,0.830078125
2020-01-03,54.214285714285715,41.464285714285715,Suez Canal,Cape of Good Hope,asia_europe,0.7648221343873518
2020-01-31,57.5,68.35714285714286,Suez Canal,Cape of Good Hope,asia_europe,1.1888198757763977
2020-02-06,57.67857142857143,77.53571428571429,Suez Canal,Cape of Good Hope,asia_europe,1.3442724458204336
2020-02-23,59.035714285714285,80.28571428571429,Suez Canal,Cape of Good Hope,asia_europe,1.3599516031457957
2020-03-15,52.785714285714285,42.5,Suez Canal,Cape of Good Hope,asia_europe,0.8051420838971584
2020-03-27,54.0,42.92857142857143,Suez Canal,Cape of Good Hope,asia_europe,0.794973544973545
2020-03-31,54.07142857142857,44.107142857142854,Suez Canal,Cape of Good Hope,asia_europe,0.8157199471598414
2020-04-04,54.642857142857146,44.17857142857143,Suez Canal,Cape of Good Hope,asia_europe,0.8084967320261438
2020-05-03,58.857142857142854,52.5,Suez Canal,Cape of Good Hope,asia_europe,0.8919902912621359
2020-06-01,50.535714285714285,56.035714285714285,Suez Canal,Cape of Good Hope,asia_europe,1.108833922261484
2020-06-05,51.035714285714285,55.75,Suez Canal,Cape of Good Hope,asia_europe,1.092372288313506
2020-06-13,49.42857142857143,54.57142857142857,Suez Canal,Cape of Good Hope,asia_europe,1.1040462427745663
2020-06-25,46.464285714285715,54.857142857142854,Suez Canal,Cape of Good Hope,asia_europe,1.1806302843966179
2020-07-28,46.964285714285715,61.17857142857143,Suez Canal,Cape of Good Hope,asia_europe,1.302661596958175
2020-09-07,53.0,55.5,Suez Canal,Cape of Good Hope,asia_europe,1.0471698113207548
2020-10-25,52.107142857142854,50.57142857142857,Suez Canal,Cape of Good Hope,asia_europe,0.9705277587388622
2020-11-10,53.25,48.642857142857146,Suez Canal,Cape of Good Hope,asia_europe,0.9134808853118713
2020-12-05,54.82142857142857,47.107142857142854,Suez Canal,Cape of Good Hope,asia_europe,0.8592833876221498
2020-12-06,54.5,47.107142857142854,Suez Canal,Cape of Good Hope,asia_europe,0.86435124508519
2020-12-24,52.892857142857146,45.17857142857143,Suez Canal,Cape of Good Hope,asia_europe,0.8541525995948683
2021-01-01,52.5,43.607142857142854,Suez Canal,Cape of Good Hope,asia_europe,0.8306122448979592
2021-01-11,53.0,42.0,Suez Canal,Cape of Good Hope,asia_europe,0.7924528301886793
2021-03-11,58.07142857142857,48.464285714285715,Suez Canal,Cape of Good Hope,asia_europe,0.8345633456334564
2021-03-27,49.57142857142857,48.57142857142857,Suez Canal,Cape of Good Hope,asia_europe,0.9798270893371758
2021-04-18,52.642857142857146,50.607142857142854,Suez Canal,Cape of Good Hope,asia_europe,0.9613297150610582
2021-04-26,62.785714285714285,52.42857142857143,Suez Canal,Cape of Good Hope,asia_europe,0.8350398179749716
2021-04-29,60.17857142857143,52.92857142857143,Suez Canal,Cape of Good Hope,asia_europe,0.8795252225519288
2021-05-12,54.57142857142857,49.392857142857146,Suez Canal,Cape of Good Hope,asia_europe,0.9051047120418849
2021-05-26,54.642857142857146,49.57142857142857,Suez Canal,Cape of Good Hope,asia_europe,0.90718954248366
2021-06-01,55.67857142857143,49.82142857142857,Suez Canal,Cape of Good Hope,asia_europe,0.8948043617703656
2021-07-02,56.17857142857143,50.57142857142857,Suez Canal,Cape of Good Hope,asia_europe,0.9001907183725365
2021-07-10,55.107142857142854,49.92857142857143,Suez Canal,Cape of Good Hope,asia_europe,0.9060272197018795
2021-07-21,54.785714285714285,49.785714285714285,Suez Canal,Cape of Good Hope,asia_europe,0.9087353324641461
2021-07-28,55.142857142857146,51.285714285714285,Suez Canal,Cape of Good Hope,asia_europe,0.9300518134715026
2021-07-29,55.392857142857146,51.75,Suez Canal,Cape of Good Hope,asia_europe,0.9342359767891683
2021-08-14,59.535714285714285,49.57142857142857,Suez Canal,Cape of Good Hope,asia_europe,0.8326334733053389
2021-09-23,61.82142857142857,48.357142857142854,Suez Canal,Cape of Good Hope,asia_europe,0.782206816868862
2021-09-30,63.535714285714285,48.57142857142857,Suez Canal,Cape of Good Hope,asia_europe,0.7644744238336144
2021-10-09,62.857142857142854,45.714285714285715,Suez Canal,Cape of Good Hope,asia_europe,0.7272727272727273
2021-10-28,61.035714285714285,41.92857142857143,Suez Canal,Cape of Good Hope,asia_europe,0.6869514335868929
2021-11-30,62.82142857142857,42.17857142857143,Suez Canal,Cape of Good Hope,asia_europe,0.671404206935759
2021-12-04,61.857142857142854,43.285714285714285,Suez Canal,Cape of Good Hope,asia_europe,0.6997690531177829
2021-12-26,59.392857142857146,42.642857142857146,Suez Canal,Cape of Good Hope,asia_europe,0.7179795550210463
2022-01-19,59.142857142857146,41.32142857142857,Suez Canal,Cape of Good Hope,asia_europe,0.698671497584541
2022-01-29,59.0,41.32142857142857,Suez Canal,Cape of Good Hope,asia_europe,0.7003631961259079
2022-02-09,60.07142857142857,41.142857142857146,Suez Canal,Cape of Good Hope,asia_europe,0.6848989298454222
2022-03-04,63.107142857142854,42.0,Suez Canal,Cape of Good Hope,asia_europe,0.6655348047538201
2022-03-09,61.57142857142857,42.42857142857143,Suez Canal,Cape of Good Hope,asia_europe,0.6890951276102089
2022-03-17,61.142857142857146,41.357142857142854,Suez Canal,Cape of Good Hope,asia_europe,0.6764018691588785
2022-04-12,61.392857142857146,39.57142857142857,Suez Canal,Cape of Good Hope,asia_europe,0.6445607911576497
2022-06-01,64.10714285714286,44.535714285714285,Suez Canal,Cape of Good Hope,asia_europe,0.6947075208913649
2022-06-17,65.42857142857143,45.57142857142857,Suez Canal,Cape of Good Hope,asia_europe,0.6965065502183405
2022-06-18,64.96428571428571,45.607142857142854,Suez Canal,Cape of Good Hope,asia_europe,0.7020340846619022
2022-06-29,67.67857142857143,48.17857142857143,Suez Canal,Cape of Good Hope,asia_europe,0.7118733509234828
2022-07-14,69.0,46.785714285714285,Suez Canal,Cape of Good Hope,asia_europe,0.6780538302277432
2022-08-14,71.46428571428571,46.57142857142857,Suez Canal,Cape of Good Hope,asia_europe,0.6516741629185407
2022-08-24,71.96428571428571,47.57142857142857,Suez Canal,Cape of Good Hope,asia_europe,0.6610421836228288
2022-09-01,71.32142857142857,46.285714285714285,Suez Canal,Cape of Good Hope,asia_europe,0.6489734601902855
2022-09-22,70.25,47.107142857142854,Suez Canal,Cape of Good Hope,asia_europe,0.6705643111337061
2022-11-05,71.64285714285714,42.357142857142854,Suez Canal,Cape of Good Hope,asia_europe,0.5912263210368893
2022-12-08,71.67857142857143,42.07142857142857,Suez Canal,Cape of Good Hope,asia_europe,0.5869456900847035
2022-12-17,71.32142857142857,41.82142857142857,Suez Canal,Cape of Good Hope,asia_europe,0.586379569354031
2022-12-28,72.28571428571429,40.607142857142854,Suez Canal,Cape of Good Hope,asia_europe,0.5617588932806323
2023-01-25,71.03571428571429,41.5,Suez Canal,Cape of Good Hope,asia_europe,0.5842131724484665
2023-01-27,71.57142857142857,42.0,Suez Canal,Cape of Good Hope,asia_europe,0.5868263473053892
2023-02-20,70.39285714285714,42.42857142857143,Suez Canal,Cape of Good Hope,asia_europe,0.6027397260273973
2023-02-27,69.85714285714286,42.142857142857146,Suez Canal,Cape of Good Hope,asia_europe,0.6032719836400818
2023-03-01,70.85714285714286,42.0,Suez Canal,Cape of Good Hope,asia_europe,0.5927419354838709
2023-04-07,73.03571428571429,44.285714285714285,Suez Canal,Cape of Good Hope,asia_europe,0.6063569682151588
2023-04-16,73.53571428571429,42.714285714285715,Suez Canal,Cape of Good Hope,asia_europe,0.5808644973288003
2023-06-04,75.5,51.214285714285715,Suez Canal,Cape of Good Hope,asia_europe,0.6783349101229896
2023-07-31,71.21428571428571,51.392857142857146,Suez Canal,Cape of Good Hope,asia_europe,0.721664994984955
2023-08-21,70.78571428571429,54.285714285714285,Suez Canal,Cape of Good Hope,asia_europe,0.7669021190716447
2023-09-22,73.35714285714286,57.57142857142857,Suez Canal,Cape of Good Hope,asia_europe,0.7848101265822784
2023-10-31,76.60714285714286,48.92857142857143,Suez Canal,Cape of Good Hope,asia_europe,0.6386946386946387
2023-11-26,76.57142857142857,49.464285714285715,Suez Canal,Cape of Good Hope,asia_europe,0.6459888059701493
2023-12-01,76.64285714285714,48.82142857142857,Suez Canal,Cape of Good Hope,asia_europe,0.6369990680335508
2023-12-26,73.35714285714286,48.892857142857146,Suez Canal,Cape of Good Hope,asia_europe,0.6665043816942551
2023-12-29,71.96428571428571,50.535714285714285,Suez Canal,Cape of Good Hope,asia_europe,0.7022332506203475
2024-01-07,65.85714285714286,58.75,Suez Canal,Cape of Good Hope,asia_europe,0.8920824295010845
2024-01-13,60.17857142857143,63.75,Suez Canal,Cape of Good Hope,asia_europe,1.0593471810089021
2024-02-11,43.75,75.53571428571429,Suez Canal,Cape of Good Hope,asia_europe,1.726530612244898
2024-03-02,42.464285714285715,87.0,Suez Canal,Cape of Good Hope,asia_europe,2.048780487804878
2024-03-09,41.25,89.82142857142857,Suez Canal,Cape of Good Hope,asia_europe,2.1774891774891776
2024-03-17,41.214285714285715,88.75,Suez Canal,Cape of Good Hope,asia_europe,2.153379549393414
2024-03-24,39.75,86.71428571428571,Suez Canal,Cape of Good Hope,asia_europe,2.1814914645103323
2024-03-25,39.75,86.39285714285714,Suez Canal,Cape of Good Hope,asia_europe,2.17340521114106
2024-04-04,40.32142857142857,82.67857142857143,Suez Canal,Cape of Good Hope,asia_europe,2.050487156775908
2024-04-06,39.357142857142854,81.85714285714286,Suez Canal,Cape of Good Hope,asia_europe,2.079854809437387
2024-04-25,40.785714285714285,87.42857142857143,Suez Canal,Cape of Good Hope,asia_europe,2.143607705779335
2024-05-28,40.964285714285715,91.57142857142857,Suez Canal,Cape of Good Hope,asia_europe,2.2353966870095903
2024-06-06,41.607142857142854,92.10714285714286,Suez Canal,Cape of Good Hope,asia_europe,2.2137339055793994
2024-06-25,39.67857142857143,94.5,Suez Canal,Cape of Good Hope,asia_europe,2.3816381638163815
2024-07-05,38.392857142857146,94.28571428571429,Suez Canal,Cape of Good Hope,asia_europe,2.455813953488372
2024-07-11,37.357142857142854,88.78571428571429,Suez Canal,Cape of Good Hope,asia_europe,2.376673040152964
2024-07-17,37.142857142857146,94.53571428571429,Suez Canal,Cape of Good Hope,asia_europe,2.5451923076923078
2024-07-23,36.964285714285715,95.46428571428571,Suez Canal,Cape of Good Hope,asia_europe,2.5826086956521737
2024-07-30,38.07142857142857,88.35714285714286,Suez Canal,Cape of Good Hope,asia_europe,2.3208255159474676
2024-08-14,40.035714285714285,89.0,Suez Canal,Cape of Good Hope,asia_europe,2.223015165031222
2024-08-25,40.642857142857146,98.25,Suez Canal,Cape of Good Hope,asia_europe,2.4173989455184532
2024-09-09,39.607142857142854,92.46428571428571,Suez Canal,Cape of Good Hope,asia_europe,2.3345356176735796
2024-10-01,37.57142857142857,85.35714285714286,Suez Canal,Cape of Good Hope,asia_europe,2.2718631178707227
2024-10-05,37.92857142857143,87.60714285714286,Suez Canal,Cape of Good Hope,asia_europe,2.309792843691149
2024-10-30,37.17857142857143,87.53571428571429,Suez Canal,Cape of Good Hope,asia_europe,2.3544668587896256
2024-11-24,37.07142857142857,86.78571428571429,Suez Canal,Cape of Good Hope,asia_europe,2.341040462427746
2024-12-18,36.214285714285715,80.14285714285714,Suez Canal,Cape of Good Hope,asia_europe,2.2130177514792897
2024-12-20,36.57142857142857,80.03571428571429,Suez Canal,Cape of Good Hope,asia_europe,2.1884765625000004
2025-03-04,35.32142857142857,88.07142857142857,Suez Canal,Cape of Good Hope,asia_europe,2.4934277047522753
2025-03-05,35.285714285714285,88.03571428571429,Suez Canal,Cape of Good Hope,asia_europe,2.494939271255061
2025-03-23,36.892857142857146,81.92857142857143,Suez Canal,Cape of Good Hope,asia_europe,2.2207163601161666
2025-03-25,37.107142857142854,80.14285714285714,Suez Canal,Cape of Good Hope,asia_europe,2.1597690086621752
2025-03-27,37.035714285714285,80.71428571428571,Suez Canal,Cape of Good Hope,asia_europe,2.1793635486981677
2025-04-25,37.17857142857143,83.32142857142857,Suez Canal,Cape of Good Hope,asia_europe,2.2411143131604225
2025-05-05,37.07142857142857,84.35714285714286,Suez Canal,Cape of Good Hope,asia_europe,2.275529865125241
2025-05-25,37.07142857142857,89.35714285714286,Suez Canal,Cape of Good Hope,asia_europe,2.410404624277457
2025-06-12,37.285714285714285,89.78571428571429,Suez Canal,Cape of Good Hope,asia_europe,2.4080459770114944
2025-06-23,36.857142857142854,90.28571428571429,Suez Canal,Cape of Good Hope,asia_europe,2.4496124031007755
2025-06-26,36.642857142857146,89.07142857142857,Suez Canal,Cape of Good Hope,asia_europe,2.4307992202729043
2025-07-26,38.0,99.46428571428571,Suez Canal,Cape of Good Hope,asia_europe,2.6174812030075185
2025-08-09,38.17857142857143,96.64285714285714,Suez Canal,Cape of Good Hope,asia_europe,2.53133769878391
2025-08-31,38.464285714285715,97.57142857142857,Suez Canal,Cape of Good Hope,asia_europe,2.536675951717734
2025-09-08,39.464285714285715,98.35714285714286,Suez Canal,Cape of Good Hope,asia_europe,2.4923076923076923
2025-09-25,42.32142857142857,93.92857142857143,Suez Canal,Cape of Good Hope,asia_europe,2.219409282700422
2025-09-30,42.07142857142857,94.85714285714286,Suez Canal,Cape of Good Hope,asia_europe,2.2546689303904928
2025-10-04,42.142857142857146,95.78571428571429,Suez Canal,Cape of Good Hope,asia_europe,2.272881355932203
2025-10-22,40.785714285714285,94.32142857142857,Suez Canal,Cape of Good Hope,asia_europe,2.3126094570928197
2025-11-03,41.464285714285715,93.10714285714286,Suez Canal,Cape of Good Hope,asia_europe,2.2454780361757107
2025-11-15,42.92857142857143,86.92857142857143,Suez Canal,Cape of Good Hope,asia_europe,2.0249584026622296
2025-11-21,42.82142857142857,86.17857142857143,Suez Canal,Cape of Good Hope,asia_europe,2.012510425354462
2025-12-03,42.82142857142857,86.42857142857143,Suez Canal,Cape of Good Hope,asia_europe,2.0183486238532113
2025-12-15,41.714285714285715,89.17857142857143,Suez Canal,Cape of Good Hope,asia_europe,2.1378424657534247
2025-12-18,41.285714285714285,87.60714285714286,Suez Canal,Cape of Good Hope,asia_europe,2.1219723183391004
2025-12-19,41.5,86.85714285714286,Suez Canal,Cape of Good Hope,asia_europe,2.0929432013769365
2026-01-11,38.214285714285715,84.25,Suez Canal,Cape of Good Hope,asia_europe,2.2046728971962617
2026-01-18,37.857142857142854,86.92857142857143,Suez Canal,Cape of Good Hope,asia_europe,2.2962264150943397
2026-03-18,40.607142857142854,93.25,Suez Canal,Cape of Good Hope,asia_europe,2.2963940193491648
2026-03-20,40.785714285714285,92.46428571428571,Suez Canal,Cape of Good Hope,asia_europe,2.26707530647986
2026-04-02,41.392857142857146,89.60714285714286,Suez Canal,Cape of Good Hope,asia_europe,2.164797238999137
2026-04-08,41.285714285714285,89.85714285714286,Suez Canal,Cape of Good Hope,asia_europe,2.1764705882352944
2026-04-28,41.785714285714285,92.89285714285714,Suez Canal,Cape of Good Hope,asia_europe,2.223076923076923
2026-05-04,40.107142857142854,95.28571428571429,Suez Canal,Cape of Good Hope,asia_europe,2.375779162956367
2026-06-09,40.535714285714285,100.35714285714286,Suez Canal,Cape of Good Hope,asia_europe,2.4757709251101323
2026-06-16,39.75,94.71428571428571,Suez Canal,Cape of Good Hope,asia_europe,2.3827493261455523
2026-07-07,39.964285714285715,93.96428571428571,Suez Canal,Cape of Good Hope,asia_europe,2.3512064343163535
2026-07-11,41.0,93.92857142857143,Suez Canal,Cape of Good Hope,asia_europe,2.2909407665505226
2026-07-14,41.535714285714285,94.03571428571429,Suez Canal,Cape of Good Hope,asia_europe,2.2639724849527085
2026-07-17,41.892857142857146,94.0,Suez Canal,Cape of Good Hope,asia_europe,2.2438192668371695
2026-07-22,41.714285714285715,92.82142857142857,Suez Canal,Cape of Good Hope,asia_europe,2.225171232876712
2019-01-12,51.166666666666664,47.833333333333336,Suez Canal,Cape of Good Hope,asia_europe,0.9348534201954398
2019-01-21,49.333333333333336,47.523809523809526,Suez Canal,Cape of Good Hope,asia_europe,0.9633204633204633
2019-01-23,50.30434782608695,47.04347826086956,Suez Canal,Cape of Good Hope,asia_europe,0.9351771823681936
2019-02-13,51.07142857142857,47.0,Suez Canal,Cape of Good Hope,asia_europe,0.9202797202797203
2019-02-15,51.107142857142854,47.57142857142857,Suez Canal,Cape of Good Hope,asia_europe,0.9308176100628931
2019-03-25,49.857142857142854,45.285714285714285,Suez Canal,Cape of Good Hope,asia_europe,0.9083094555873926
2019-03-27,49.92857142857143,45.035714285714285,Suez Canal,Cape of Good Hope,asia_europe,0.902002861230329
2019-04-13,50.142857142857146,45.142857142857146,Suez Canal,Cape of Good Hope,asia_europe,0.9002849002849003
2019-07-03,49.57142857142857,49.857142857142854,Suez Canal,Cape of Good Hope,asia_europe,1.0057636887608068
2019-07-05,48.964285714285715,50.107142857142854,Suez Canal,Cape of Good Hope,asia_europe,1.0233406272793582
2019-07-15,50.642857142857146,51.07142857142857,Suez Canal,Cape of Good Hope,asia_europe,1.008462623413258
2019-08-01,53.32142857142857,51.32142857142857,Suez Canal,Cape of Good Hope,asia_europe,0.9624916275954454
2019-08-07,54.07142857142857,52.535714285714285,Suez Canal,Cape of Good Hope,asia_europe,0.9715984147952444
2019-08-08,53.785714285714285,52.535714285714285,Suez Canal,Cape of Good Hope,asia_europe,0.9767596281540505
2019-08-10,54.214285714285715,52.392857142857146,Suez Canal,Cape of Good Hope,asia_europe,0.966403162055336
2019-08-20,54.607142857142854,51.607142857142854,Suez Canal,Cape of Good Hope,asia_europe,0.9450621321124918
2019-09-19,54.07142857142857,50.785714285714285,Suez Canal,Cape of Good Hope,asia_europe,0.9392338177014531
2019-09-30,52.75,52.785714285714285,Suez Canal,Cape of Good Hope,asia_europe,1.000677048070413
2019-10-10,54.0,52.892857142857146,Suez Canal,Cape of Good Hope,asia_europe,0.9794973544973545
2019-10-15,55.142857142857146,53.17857142857143,Suez Canal,Cape of Good Hope,asia_europe,0.9643782383419689
2019-12-08,54.142857142857146,45.535714285714285,Suez Canal,Cape of Good Hope,asia_europe,0.8410290237467017
2019-12-26,53.57142857142857,42.42857142857143,Suez Canal,Cape of Good Hope,asia_europe,0.792
2020-03-02,53.714285714285715,44.92857142857143,Suez Canal,Cape of Good Hope,asia_europe,0.836436170212766
2020-03-07,53.5,43.75,Suez Canal,Cape of Good Hope,asia_europe,0.8177570093457944
2020-03-14,52.357142857142854,42.642857142857146,Suez Canal,Cape of Good Hope,asia_europe,0.8144611186903139
2020-03-24,53.17857142857143,43.0,Suez Canal,Cape of Good Hope,asia_europe,0.8085963734049697
2020-06-27,46.535714285714285,52.75,Suez Canal,Cape of Good Hope,asia_europe,1.1335379892555641
2020-07-19,46.142857142857146,56.82142857142857,Suez Canal,Cape of Good Hope,asia_europe,1.231424148606811
2020-08-04,47.82142857142857,61.17857142857143,Suez Canal,Cape of Good Hope,asia_europe,1.2793129200896192
2020-09-04,52.07142857142857,54.714285714285715,Suez Canal,Cape of Good Hope,asia_europe,1.0507544581618655
2020-09-11,53.357142857142854,55.0,Suez Canal,Cape of Good Hope,asia_europe,1.030789825970549
2020-09-13,53.107142857142854,55.714285714285715,Suez Canal,Cape of Good Hope,asia_europe,1.0490921318090116
2020-10-07,52.642857142857146,52.964285714285715,Suez Canal,Cape of Good Hope,asia_europe,1.0061058344640434
2020-10-27,52.464285714285715,50.464285714285715,Suez Canal,Cape of Good Hope,asia_europe,0.9618788291354663
2020-11-03,52.785714285714285,49.107142857142854,Suez Canal,Cape of Good Hope,asia_europe,0.9303112313937754
2020-11-16,54.785714285714285,48.5,Suez Canal,Cape of Good Hope,asia_europe,0.8852672750977836
2020-11-20,55.107142857142854,48.32142857142857,Suez Canal,Cape of Good Hope,asia_europe,0.8768632534024627
2020-12-26,52.607142857142854,44.535714285714285,Suez Canal,Cape of Good Hope,asia_europe,0.8465716225390361
2021-01-15,53.035714285714285,43.357142857142854,Suez Canal,Cape of Good Hope,asia_europe,0.8175084175084175
2021-01-17,52.75,43.464285714285715,Suez Canal,Cape of Good Hope,asia_europe,0.8239675016926202
2021-02-16,53.785714285714285,43.607142857142854,Suez Canal,Cape of Good Hope,asia_europe,0.8107569721115537
2021-03-05,56.67857142857143,47.857142857142854,Suez Canal,Cape of Good Hope,asia_europe,0.8443604284814114
2021-04-09,52.464285714285715,49.285714285714285,Suez Canal,Cape of Good Hope,asia_europe,0.9394145677331518
2021-05-10,53.785714285714285,49.464285714285715,Suez Canal,Cape of Good Hope,asia_europe,0.9196547144754317
2021-05-28,56.142857142857146,50.32142857142857,Suez Canal,Cape of Good Hope,asia_europe,0.8963104325699744
2021-06-15,54.785714285714285,50.285714285714285,Suez Canal,Cape of Good Hope,asia_europe,0.9178617992177314
2021-07-01,56.142857142857146,50.32142857142857,Suez Canal,Cape of Good Hope,asia_europe,0.8963104325699744
2021-07-17,55.107142857142854,50.357142857142854,Suez Canal,Cape of Good Hope,asia_europe,0.9138042773817239
2021-08-04,57.42857142857143,52.107142857142854,Suez Canal,Cape of Good Hope,asia_europe,0.9073383084577114
2021-08-13,59.5,49.357142857142854,Suez Canal,Cape of Good Hope,asia_europe,0.82953181272509
2021-08-15,59.714285714285715,49.035714285714285,Suez Canal,Cape of Good Hope,asia_europe,0.8211722488038278
2021-08-20,61.892857142857146,48.892857142857146,Suez Canal,Cape of Good Hope,asia_europe,0.7899596076168494
2021-10-01,63.07142857142857,48.357142857142854,Suez Canal,Cape of Good Hope,asia_europe,0.7667044167610418
2021-10-06,61.964285714285715,45.785714285714285,Suez Canal,Cape of Good Hope,asia_europe,0.7389048991354467
2021-10-21,62.82142857142857,42.5,Suez Canal,Cape of Good Hope,asia_europe,0.6765207504263786
2021-10-22,62.82142857142857,42.964285714285715,Suez Canal,Cape of Good Hope,asia_europe,0.6839113132461626
2021-10-27,61.214285714285715,41.67857142857143,Suez Canal,Cape of Good Hope,asia_europe,0.6808634772462078
2021-11-16,61.142857142857146,42.57142857142857,Suez Canal,Cape of Good Hope,asia_europe,0.6962616822429906
2021-12-08,61.392857142857146,42.142857142857146,Suez Canal,Cape of Good Hope,asia_europe,0.6864456079115765
2021-12-13,62.142857142857146,43.107142857142854,Suez Canal,Cape of Good Hope,asia_europe,0.6936781609195402
2021-12-21,60.07142857142857,42.92857142857143,Suez Canal,Cape of Good Hope,asia_europe,0.7146254458977408
2022-01-07,59.785714285714285,41.714285714285715,Suez Canal,Cape of Good Hope,asia_europe,0.6977299880525687
2022-01-08,59.357142857142854,41.464285714285715,Suez Canal,Cape of Good Hope,asia_europe,0.6985559566787004
2022-02-03,59.214285714285715,42.357142857142854,Suez Canal,Cape of Good Hope,asia_europe,0.715319662243667
2022-03-16,61.607142857142854,41.714285714285715,Suez Canal,Cape of Good Hope,asia_europe,0.6771014492753624
2022-03-20,61.0,40.785714285714285,Suez Canal,Cape of Good Hope,asia_europe,0.6686182669789227
2022-04-19,63.42857142857143,39.17857142857143,Suez Canal,Cape of Good Hope,asia_europe,0.6176801801801802
2022-05-01,65.07142857142857,42.142857142857146,Suez Canal,Cape of Good Hope,asia_europe,0.6476399560922065
2022-05-27,63.92857142857143,45.857142857142854,Suez Canal,Cape of Good Hope,asia_europe,0.7173184357541899
2022-06-06,64.32142857142857,44.964285714285715,Suez Canal,Cape of Good Hope,asia_europe,0.6990560799555803
2022-06-08,64.25,46.0,Suez Canal,Cape of Good Hope,asia_europe,0.7159533073929961
2022-06-11,64.14285714285714,46.535714285714285,Suez Canal,Cape of Good Hope,asia_europe,0.7255011135857461
2022-07-12,68.78571428571429,47.57142857142857,Suez Canal,Cape of Good Hope,asia_europe,0.6915887850467288
2022-07-13,69.10714285714286,47.392857142857146,Suez Canal,Cape of Good Hope,asia_europe,0.6857881136950904
2022-07-20,71.21428571428571,48.785714285714285,Suez Canal,Cape of Good Hope,asia_europe,0.6850551654964895
2022-09-21,69.85714285714286,47.5,Suez Canal,Cape of Good Hope,asia_europe,0.6799591002044989
2022-09-29,69.60714285714286,48.142857142857146,Suez Canal,Cape of Good Hope,asia_europe,0.6916367367880965
2022-10-02,69.42857142857143,47.32142857142857,Suez Canal,Cape of Good Hope,asia_europe,0.6815843621399177
2022-10-05,68.42857142857143,47.142857142857146,Suez Canal,Cape of Good Hope,asia_europe,0.6889352818371608
2022-10-08,69.0,44.535714285714285,Suez Canal,Cape of Good Hope,asia_europe,0.6454451345755693
2022-12-13,71.32142857142857,41.82142857142857,Suez Canal,Cape of Good Hope,asia_europe,0.586379569354031
2022-12-16,71.21428571428571,41.92857142857143,Suez Canal,Cape of Good Hope,asia_europe,0.5887662988966902
2022-12-30,71.46428571428571,40.142857142857146,Suez Canal,Cape of Good Hope,asia_europe,0.5617191404297852
2023-01-07,70.96428571428571,40.285714285714285,Suez Canal,Cape of Good Hope,asia_europe,0.5676899849018622
2023-01-17,70.78571428571429,42.25,Suez Canal,Cape of Good Hope,asia_europe,0.5968718466195762
2023-01-28,71.28571428571429,42.07142857142857,Suez Canal,Cape of Good Hope,asia_europe,0.5901803607214428
2023-03-03,69.82142857142857,41.642857142857146,Suez Canal,Cape of Good Hope,asia_europe,0.5964194373401536
2023-03-25,72.57142857142857,43.5,Suez Canal,Cape of Good Hope,asia_europe,0.5994094488188977
2023-04-03,73.42857142857143,44.214285714285715,Suez Canal,Cape of Good Hope,asia_europe,0.6021400778210116
2023-05-07,78.75,45.17857142857143,Suez Canal,Cape of Good Hope,asia_europe,0.5736961451247166
2023-05-21,78.21428571428571,47.285714285714285,Suez Canal,Cape of Good Hope,asia_europe,0.6045662100456621
2023-05-23,78.60714285714286,47.785714285714285,Suez Canal,Cape of Good Hope,asia_europe,0.6079054975011358
2023-05-31,77.14285714285714,49.785714285714285,Suez Canal,Cape of Good Hope,asia_europe,0.6453703703703704
2023-06-21,73.78571428571429,49.642857142857146,Suez Canal,Cape of Good Hope,asia_europe,0.6727976766698935
2023-06-23,75.0,52.107142857142854,Suez Canal,Cape of Good Hope,asia_europe,0.6947619047619047
2023-06-30,75.14285714285714,50.32142857142857,Suez Canal,Cape of Good Hope,asia_europe,0.6696768060836502
2023-07-10,74.60714285714286,50.92857142857143,Suez Canal,Cape of Good Hope,asia_europe,0.6826232647199617
2023-07-14,73.78571428571429,51.892857142857146,Suez Canal,Cape of Good Hope,asia_europe,0.7032913843175218
2023-07-23,72.35714285714286,51.357142857142854,Suez Canal,Cape of Good Hope,asia_europe,0.7097729516288251
2023-08-17,69.64285714285714,55.035714285714285,Suez Canal,Cape of Good Hope,asia_europe,0.7902564102564102
2023-08-31,72.0,55.07142857142857,Suez Canal,Cape of Good Hope,asia_europe,0.7648809523809523
2023-09-02,72.25,54.57142857142857,Suez Canal,Cape of Good Hope,asia_europe,0.7553138902619871
2023-10-12,74.60714285714286,54.57142857142857,Suez Canal,Cape of Good Hope,asia_europe,0.7314504547630445
2023-10-15,75.64285714285714,58.07142857142857,Suez Canal,Cape of Good Hope,asia_europe,0.7677053824362606
2023-10-29,76.46428571428571,50.392857142857146,Suez Canal,Cape of Good Hope,asia_europe,0.6590378327884168
2023-11-16,76.89285714285714,48.392857142857146,Suez Canal,Cape of Good Hope,asia_europe,0.6293543892243382
2023-11-21,76.25,48.67857142857143,Suez Canal,Cape of Good Hope,asia_europe,0.638407494145199
2024-02-10,44.32142857142857,74.89285714285714,Suez Canal,Cape of Good Hope,asia_europe,1.6897663174858986
2024-03-21,40.57142857142857,87.5,Suez Canal,Cape of Good Hope,asia_europe,2.1566901408450705
2024-03-30,39.035714285714285,84.35714285714286,Suez Canal,Cape of Good Hope,asia_europe,2.1610247026532483
2024-04-24,40.785714285714285,88.21428571428571,Suez Canal,Cape of Good Hope,asia_europe,2.1628721541155866
2024-05-05,39.714285714285715,91.17857142857143,Suez Canal,Cape of Good Hope,asia_europe,2.295863309352518
2024-05-22,40.107142857142854,89.96428571428571,Suez Canal,Cape of Good Hope,asia_europe,2.243098842386465
2024-05-31,41.32142857142857,91.78571428571429,Suez Canal,Cape of Good Hope,asia_europe,2.2212618841832326
2024-06-08,41.142857142857146,93.03571428571429,Suez Canal,Cape of Good Hope,asia_europe,2.2612847222222223
2024-06-18,40.07142857142857,94.5,Suez Canal,Cape of Good Hope,asia_europe,2.358288770053476
2024-06-27,39.25,94.96428571428571,Suez Canal,Cape of Good Hope,asia_europe,2.4194722474977253
2024-07-18,36.75,94.14285714285714,Suez Canal,Cape of Good Hope,asia_europe,2.561710398445092
2024-07-29,37.892857142857146,88.64285714285714,Suez Canal,Cape of Good Hope,asia_europe,2.3393025447690854
2024-08-31,40.714285714285715,90.82142857142857,Suez Canal,Cape of Good Hope,asia_europe,2.2307017543859646
2024-09-02,40.964285714285715,93.10714285714286,Suez Canal,Cape of Good Hope,asia_europe,2.2728857890148215
2024-09-13,37.57142857142857,93.10714285714286,Suez Canal,Cape of Good Hope,asia_europe,2.4781368821292777
2024-10-06,37.82142857142857,89.21428571428571,Suez Canal,Cape of Good Hope,asia_europe,2.3588290840415485
2024-12-08,35.535714285714285,83.78571428571429,Suez Canal,Cape of Good Hope,asia_europe,2.357788944723618
2024-12-17,35.785714285714285,79.75,Suez Canal,Cape of Good Hope,asia_europe,2.2285429141716566
2025-01-17,35.92857142857143,81.39285714285714,Suez Canal,Cape of Good Hope,asia_europe,2.265407554671968
2025-02-04,35.714285714285715,85.21428571428571,Suez Canal,Cape of Good Hope,asia_europe,2.3859999999999997
2025-02-22,35.107142857142854,86.89285714285714,Suez Canal,Cape of Good Hope,asia_europe,2.4750762970498474
2025-03-07,35.857142857142854,87.17857142857143,Suez Canal,Cape of Good Hope,asia_europe,2.4312749003984067
2025-03-29,37.42857142857143,81.10714285714286,Suez Canal,Cape of Good Hope,asia_europe,2.1669847328244276
2025-05-08,36.785714285714285,87.35714285714286,Suez Canal,Cape of Good Hope,asia_europe,2.374757281553398
2025-05-21,36.57142857142857,89.21428571428571,Suez Canal,Cape of Good Hope,asia_europe,2.439453125
2025-05-26,36.964285714285715,89.96428571428571,Suez Canal,Cape of Good Hope,asia_europe,2.4338164251207726
2025-06-06,37.0,91.42857142857143,Suez Canal,Cape of Good Hope,asia_europe,2.471042471042471
2025-06-22,36.964285714285715,91.57142857142857,Suez Canal,Cape of Good Hope,asia_europe,2.477294685990338
2025-07-11,37.392857142857146,94.14285714285714,Suez Canal,Cape of Good Hope,asia_europe,2.5176695319961793
2025-08-26,38.67857142857143,97.39285714285714,Suez Canal,Cape of Good Hope,asia_europe,2.5180055401662047
2025-09-16,41.0,92.75,Suez Canal,Cape of Good Hope,asia_europe,2.2621951219512195
2025-10-15,40.714285714285715,98.71428571428571,Suez Canal,Cape of Good Hope,asia_europe,2.424561403508772
2025-11-05,41.857142857142854,92.46428571428571,Suez Canal,Cape of Good Hope,asia_europe,2.2090443686006824
2026-01-01,39.25,84.53571428571429,Suez Canal,Cape of Good Hope,asia_europe,2.153776160145587
2026-02-02,39.535714285714285,87.03571428571429,Suez Canal,Cape of Good Hope,asia_europe,2.2014453477868114
2026-02-05,39.17857142857143,88.03571428571429,Suez Canal,Cape of Good Hope,asia_europe,2.2470373746581584
2026-03-12,41.535714285714285,91.78571428571429,Suez Canal,Cape of Good Hope,asia_europe,2.209802235597593
2026-03-31,40.714285714285715,91.71428571428571,Suez Canal,Cape of Good Hope,asia_europe,2.2526315789473683
2026-04-04,41.32142857142857,91.89285714285714,Suez Canal,Cape of Good Hope,asia_europe,2.2238547968885047
2026-04-09,41.142857142857146,90.64285714285714,Suez Canal,Cape of Good Hope,asia_europe,2.2031249999999996
2026-05-09,40.32142857142857,94.39285714285714,Suez Canal,Cape of Good Hope,asia_europe,2.341009743135518
2026-05-22,39.285714285714285,95.85714285714286,Suez Canal,Cape of Good Hope,asia_europe,2.44
2026-06-02,40.5,96.85714285714286,Suez Canal,Cape of Good Hope,asia_europe,2.3915343915343916
2026-06-03,39.964285714285715,97.25,Suez Canal,Cape of Good Hope,asia_europe,2.4334226988382484
2026-06-29,40.07142857142857,91.85714285714286,Suez Canal,Cape of Good Hope,asia_europe,2.2923351158645278
2026-07-03,40.57142857142857,94.17857142857143,Suez Canal,Cape of Good Hope,asia_europe,2.3213028169014085
2026-07-19,41.892857142857146,92.92857142857143,Suez Canal,Cape of Good Hope,asia_europe,2.2182438192668372
2026-07-27,42.07142857142857,92.07142857142857,Suez Canal,Cape of Good Hope,asia_europe,2.1884550084889645
2026-08-23,41.17857142857143,89.5,Suez Canal,Cape of Good Hope,asia_europe,2.173460537727667
2019-01-09,51.77777777777778,47.888888888888886,Suez Canal,Cape of Good Hope,asia_europe,0.9248927038626609
2019-01-15,50.46666666666667,48.8,Suez Canal,Cape of Good Hope,asia_europe,0.9669749009247027
2019-03-03,51.107142857142854,51.57142857142857,Suez Canal,Cape of Good Hope,asia_europe,1.0090845562543675
2019-04-07,49.75,43.5,Suez Canal,Cape of Good Hope,asia_europe,0.8743718592964824
2019-04-09,50.392857142857146,44.285714285714285,Suez Canal,Cape of Good Hope,asia_europe,0.878809355067328
2019-05-04,51.42857142857143,45.82142857142857,Suez Canal,Cape of Good Hope,asia_europe,0.8909722222222222
2019-05-15,51.5,44.57142857142857,Suez Canal,Cape of Good Hope,asia_europe,0.8654646324549237
2019-05-16,51.67857142857143,44.535714285714285,Suez Canal,Cape of Good Hope,asia_europe,0.8617829993089149
2019-06-07,52.035714285714285,46.785714285714285,Suez Canal,Cape of Good Hope,asia_europe,0.8991077556623198
2019-06-24,50.17857142857143,50.642857142857146,Suez Canal,Cape of Good Hope,asia_europe,1.009252669039146
2019-07-01,50.07142857142857,50.25,Suez Canal,Cape of Good Hope,asia_europe,1.0035663338088445
2019-07-20,51.25,51.07142857142857,Suez Canal,Cape of Good Hope,asia_europe,0.9965156794425086
2019-08-14,54.82142857142857,51.464285714285715,Suez Canal,Cape of Good Hope,asia_europe,0.9387622149837134
2019-08-15,54.892857142857146,51.464285714285715,Suez Canal,Cape of Good Hope,asia_europe,0.9375406636304489
2019-08-24,54.964285714285715,52.392857142857146,Suez Canal,Cape of Good Hope,asia_europe,0.9532163742690059
2019-08-31,54.357142857142854,51.07142857142857,Suez Canal,Cape of Good Hope,asia_europe,0.9395532194480947
2019-09-29,52.392857142857146,52.285714285714285,Suez Canal,Cape of Good Hope,asia_europe,0.9979550102249488
2019-10-17,55.285714285714285,53.035714285714285,Suez Canal,Cape of Good Hope,asia_europe,0.9593023255813954
2019-10-22,56.17857142857143,52.5,Suez Canal,Cape of Good Hope,asia_europe,0.9345200254291163
2019-11-05,56.464285714285715,50.57142857142857,Suez Canal,Cape of Good Hope,asia_europe,0.8956356736242884
2019-11-09,55.285714285714285,49.535714285714285,Suez Canal,Cape of Good Hope,asia_europe,0.8959948320413437
2019-11-13,55.42857142857143,48.25,Suez Canal,Cape of Good Hope,asia_europe,0.8704896907216495
2019-11-25,54.035714285714285,48.142857142857146,Suez Canal,Cape of Good Hope,asia_europe,0.8909451421017847
2019-12-01,53.75,46.75,Suez Canal,Cape of Good Hope,asia_europe,0.8697674418604651
2019-12-06,54.464285714285715,45.464285714285715,Suez Canal,Cape of Good Hope,asia_europe,0.8347540983606557
2020-01-01,54.214285714285715,40.857142857142854,Suez Canal,Cape of Good Hope,asia_europe,0.753623188405797
2020-01-05,54.357142857142854,40.0,Suez Canal,Cape of Good Hope,asia_europe,0.7358738501971092
2020-01-10,54.714285714285715,39.25,Suez Canal,Cape of Good Hope,asia_europe,0.7173629242819843
2020-01-13,54.857142857142854,39.892857142857146,Suez Canal,Cape of Good Hope,asia_europe,0.7272135416666667
2020-01-25,53.785714285714285,39.857142857142854,Suez Canal,Cape of Good Hope,asia_europe,0.7410358565737052
2020-02-03,58.642857142857146,76.96428571428571,Suez Canal,Cape of Good Hope,asia_europe,1.312423873325213
2020-02-04,58.42857142857143,76.67857142857143,Suez Canal,Cape of Good Hope,asia_europe,1.3123471882640587
2020-02-15,57.785714285714285,79.71428571428571,Suez Canal,Cape of Good Hope,asia_europe,1.3794808405438812
2020-03-03,53.67857142857143,45.17857142857143,Suez Canal,Cape of Good Hope,asia_europe,0.8416500332667998
2020-03-16,52.642857142857146,42.107142857142854,Suez Canal,Cape of Good Hope,asia_europe,0.7998643147896878
2020-03-28,54.107142857142854,44.0,Suez Canal,Cape of Good Hope,asia_europe,0.8132013201320133
2020-04-17,56.357142857142854,48.357142857142854,Suez Canal,Cape of Good Hope,asia_europe,0.8580481622306717
2020-04-26,58.32142857142857,50.214285714285715,Suez Canal,Cape of Good Hope,asia_europe,0.8609920391916718
2020-05-07,58.0,54.035714285714285,Suez Canal,Cape of Good Hope,asia_europe,0.9316502463054187
2020-06-14,48.464285714285715,55.25,Suez Canal,Cape of Good Hope,asia_europe,1.140014738393515
2020-06-16,47.857142857142854,54.857142857142854,Suez Canal,Cape of Good Hope,asia_europe,1.146268656716418
2020-08-08,48.642857142857146,60.857142857142854,Suez Canal,Cape of Good Hope,asia_europe,1.251101321585903
2020-08-10,49.214285714285715,62.57142857142857,Suez Canal,Cape of Good Hope,asia_europe,1.2714078374455733
2020-08-15,49.107142857142854,58.0,Suez Canal,Cape of Good Hope,asia_europe,1.1810909090909092
2020-08-21,50.392857142857146,56.357142857142854,Suez Canal,Cape of Good Hope,asia_europe,1.1183557760453577
2020-08-22,49.92857142857143,56.285714285714285,Suez Canal,Cape of Good Hope,asia_europe,1.1273247496423462
2020-08-23,49.464285714285715,56.714285714285715,Suez Canal,Cape of Good Hope,asia_europe,1.1465703971119134
2020-08-25,50.42857142857143,57.25,Suez Canal,Cape of Good Hope,asia_europe,1.135269121813031
2020-09-15,53.392857142857146,56.357142857142854,Suez Canal,Cape of Good Hope,asia_europe,1.0555183946488294
2020-09-16,53.357142857142854,56.357142857142854,Suez Canal,Cape of Good Hope,asia_europe,1.0562248995983936
2020-09-20,53.285714285714285,54.392857142857146,Suez Canal,Cape of Good Hope,asia_europe,1.0207774798927616
2020-09-26,53.0,53.857142857142854,Suez Canal,Cape of Good Hope,asia_europe,1.0161725067385443
2020-11-14,54.42857142857143,48.392857142857146,Suez Canal,Cape of Good Hope,asia_europe,0.8891076115485564
2020-11-17,54.964285714285715,49.107142857142854,Suez Canal,Cape of Good Hope,asia_europe,0.8934372969460688
2020-11-25,55.142857142857146,47.57142857142857,Suez Canal,Cape of Good Hope,asia_europe,0.8626943005181347
2020-12-15,52.92857142857143,46.142857142857146,Suez Canal,Cape of Good Hope,asia_europe,0.8717948717948718
2020-12-20,52.5,44.92857142857143,Suez Canal,Cape of Good Hope,asia_europe,0.8557823129251702
2020-12-27,52.357142857142854,43.5,Suez Canal,Cape of Good Hope,asia_europe,0.8308321964529332
2020-12-30,52.392857142857146,43.964285714285715,Suez Canal,Cape of Good Hope,asia_europe,0.8391274710293115
2021-02-05,52.92857142857143,42.92857142857143,Suez Canal,Cape of Good Hope,asia_europe,0.8110661268556005
2021-04-05,49.892857142857146,48.42857142857143,Suez Canal,Cape of Good Hope,asia_europe,0.9706513958482462
2021-04-14,52.964285714285715,50.892857142857146,Suez Canal,Cape of Good Hope,asia_europe,0.9608900876601484
2021-04-15,52.857142857142854,50.464285714285715,Suez Canal,Cape of Good Hope,asia_europe,0.9547297297297298
2021-04-24,59.92857142857143,52.07142857142857,Suez Canal,Cape of Good Hope,asia_europe,0.8688915375446961
2021-05-21,55.0,49.67857142857143,Suez Canal,Cape of Good Hope,asia_europe,0.9032467532467533
2021-06-04,55.17857142857143,50.17857142857143,Suez Canal,Cape of Good Hope,asia_europe,0.9093851132686084
2021-06-21,55.464285714285715,51.035714285714285,Suez Canal,Cape of Good Hope,asia_europe,0.9201545396007726
2021-06-25,55.214285714285715,49.892857142857146,Suez Canal,Cape of Good Hope,asia_europe,0.9036222509702458
2021-07-23,54.57142857142857,50.607142857142854,Suez Canal,Cape of Good Hope,asia_europe,0.9273560209424083
2021-07-27,54.607142857142854,51.214285714285715,Suez Canal,Cape of Good Hope,asia_europe,0.9378678875081754
2021-08-12,59.607142857142854,50.464285714285715,Suez Canal,Cape of Good Hope,asia_europe,0.8466147393648892
2021-08-31,62.17857142857143,45.392857142857146,Suez Canal,Cape of Good Hope,asia_europe,0.730040206777714
2021-09-11,62.392857142857146,48.17857142857143,Suez Canal,Cape of Good Hope,asia_europe,0.7721808815111619
2021-10-16,63.32142857142857,43.964285714285715,Suez Canal,Cape of Good Hope,asia_europe,0.694303440496334
2021-11-11,61.32142857142857,41.214285714285715,Suez Canal,Cape of Good Hope,asia_europe,0.6721025043680839
2021-11-22,62.07142857142857,41.607142857142854,Suez Canal,Cape of Good Hope,asia_europe,0.6703107019562715
2021-11-27,62.607142857142854,41.17857142857143,Suez Canal,Cape of Good Hope,asia_europe,0.6577296063890474
2021-12-01,62.642857142857146,42.392857142857146,Suez Canal,Cape of Good Hope,asia_europe,0.6767388825541619
2021-12-06,62.32142857142857,42.82142857142857,Suez Canal,Cape of Good Hope,asia_europe,0.6871060171919771
2021-12-19,60.964285714285715,43.357142857142854,Suez Canal,Cape of Good Hope,asia_europe,0.7111892208553017
2021-12-30,59.25,41.642857142857146,Suez Canal,Cape of Good Hope,asia_europe,0.702833031946956
2022-01-05,59.67857142857143,42.0,Suez Canal,Cape of Good Hope,asia_europe,0.703770197486535
2022-01-13,60.214285714285715,41.07142857142857,Suez Canal,Cape of Good Hope,asia_europe,0.6820877817319098
2022-01-20,59.17857142857143,41.67857142857143,Suez Canal,Cape of Good Hope,asia_europe,0.7042848521424261
2022-01-22,59.0,41.285714285714285,Suez Canal,Cape of Good Hope,asia_europe,0.6997578692493946
2022-02-02,59.07142857142857,42.17857142857143,Suez Canal,Cape of Good Hope,asia_europe,0.7140266021765418
2022-03-18,61.392857142857146,41.107142857142854,Suez Canal,Cape of Good Hope,asia_europe,0.6695753344968004
2022-03-21,61.035714285714285,41.07142857142857,Suez Canal,Cape of Good Hope,asia_europe,0.6729081334113517
2022-03-27,60.5,40.464285714285715,Suez Canal,Cape of Good Hope,asia_europe,0.6688311688311689
2022-04-14,61.892857142857146,38.892857142857146,Suez Canal,Cape of Good Hope,asia_europe,0.6283900750144259
2022-04-17,62.642857142857146,38.964285714285715,Suez Canal,Cape of Good Hope,asia_europe,0.6220068415051311
2022-06-10,64.42857142857143,46.25,Suez Canal,Cape of Good Hope,asia_europe,0.7178492239467849
2022-06-13,64.35714285714286,46.17857142857143,Suez Canal,Cape of Good Hope,asia_europe,0.7175360710321864
2022-06-14,64.71428571428571,45.392857142857146,Suez Canal,Cape of Good Hope,asia_europe,0.7014348785871966
2022-06-30,67.92857142857143,48.42857142857143,Suez Canal,Cape of Good Hope,asia_europe,0.7129337539432177
2022-07-07,69.32142857142857,47.07142857142857,Suez Canal,Cape of Good Hope,asia_europe,0.6790314270994333
2022-07-30,71.0,46.214285714285715,Suez Canal,Cape of Good Hope,asia_europe,0.6509054325955734
2022-08-01,70.25,47.5,Suez Canal,Cape of Good Hope,asia_europe,0.6761565836298933
2022-08-23,72.28571428571429,46.67857142857143,Suez Canal,Cape of Good Hope,asia_europe,0.6457509881422925
2022-09-23,69.96428571428571,46.857142857142854,Suez Canal,Cape of Good Hope,asia_europe,0.6697294538029607
2022-10-03,69.35714285714286,48.25,Suez Canal,Cape of Good Hope,asia_europe,0.6956745623069001
2022-10-17,69.35714285714286,44.607142857142854,Suez Canal,Cape of Good Hope,asia_europe,0.6431513903192584
2022-10-20,68.78571428571429,43.607142857142854,Suez Canal,Cape of Good Hope,asia_europe,0.6339563862928348
2022-10-23,70.25,44.0,Suez Canal,Cape of Good Hope,asia_europe,0.6263345195729537
2022-11-06,72.28571428571429,42.142857142857146,Suez Canal,Cape of Good Hope,asia_europe,0.5830039525691699
2022-11-07,72.21428571428571,42.357142857142854,Suez Canal,Cape of Good Hope,asia_europe,0.5865479723046488
2022-11-22,73.10714285714286,42.607142857142854,Suez Canal,Cape of Good Hope,asia_europe,0.5828041035661944
2022-12-22,71.39285714285714,40.285714285714285,Suez Canal,Cape of Good Hope,asia_europe,0.5642821410705353
2023-01-12,70.17857142857143,41.142857142857146,Suez Canal,Cape of Good Hope,asia_europe,0.5862595419847328
2023-01-14,70.75,41.285714285714285,Suez Canal,Cape of Good Hope,asia_europe,0.5835436648157496
2023-01-16,71.14285714285714,41.857142857142854,Suez Canal,Cape of Good Hope,asia_europe,0.5883534136546185
2023-01-21,71.17857142857143,41.464285714285715,Suez Canal,Cape of Good Hope,asia_europe,0.5825388861013547
2023-01-31,71.14285714285714,42.142857142857146,Suez Canal,Cape of Good Hope,asia_europe,0.5923694779116466
2023-02-07,70.53571428571429,42.92857142857143,Suez Canal,Cape of Good Hope,asia_europe,0.6086075949367088
2023-02-14,71.35714285714286,41.714285714285715,Suez Canal,Cape of Good Hope,asia_europe,0.5845845845845845
2023-02-22,70.53571428571429,42.535714285714285,Suez Canal,Cape of Good Hope,asia_europe,0.6030379746835443
2023-03-26,71.60714285714286,43.75,Suez Canal,Cape of Good Hope,asia_europe,0.6109725685785535
2023-04-11,72.89285714285714,43.642857142857146,Suez Canal,Cape of Good Hope,asia_europe,0.5987261146496816
2023-06-11,76.5,50.92857142857143,Suez Canal,Cape of Good Hope,asia_europe,0.665732959850607
2023-06-13,75.96428571428571,51.0,Suez Canal,Cape of Good Hope,asia_europe,0.6713681241184768
2023-06-14,75.85714285714286,50.107142857142854,Suez Canal,Cape of Good Hope,asia_europe,0.6605461393596986
2023-06-17,74.46428571428571,50.75,Suez Canal,Cape of Good Hope,asia_europe,0.6815347721822542
2023-06-27,75.25,52.25,Suez Canal,Cape of Good Hope,asia_europe,0.6943521594684385
2023-07-06,74.53571428571429,51.642857142857146,Suez Canal,Cape of Good Hope,asia_europe,0.6928605654048874
2023-07-28,71.85714285714286,53.92857142857143,Suez Canal,Cape of Good Hope,asia_europe,0.7504970178926441
2023-08-24,71.07142857142857,53.07142857142857,Suez Canal,Cape of Good Hope,asia_europe,0.7467336683417085
2023-08-28,71.71428571428571,55.642857142857146,Suez Canal,Cape of Good Hope,asia_europe,0.7758964143426296
2023-10-08,74.71428571428571,55.857142857142854,Suez Canal,Cape of Good Hope,asia_europe,0.7476099426386233
2023-10-11,74.35714285714286,54.5,Suez Canal,Cape of Good Hope,asia_europe,0.7329490874159462
2023-10-16,76.10714285714286,57.67857142857143,Suez Canal,Cape of Good Hope,asia_europe,0.7578601595495073
2023-10-24,76.89285714285714,51.714285714285715,Suez Canal,Cape of Good Hope,asia_europe,0.6725499303297725
2023-10-27,76.60714285714286,51.67857142857143,Suez Canal,Cape of Good Hope,asia_europe,0.6745920745920746
2023-10-30,76.53571428571429,49.285714285714285,Suez Canal,Cape of Good Hope,asia_europe,0.643957069528698
2023-11-11,76.07142857142857,48.892857142857146,Suez Canal,Cape of Good Hope,asia_europe,0.6427230046948358
2023-12-10,75.96428571428571,48.42857142857143,Suez Canal,Cape of Good Hope,asia_europe,0.6375176304654444
2023-12-27,72.75,49.42857142857143,Suez Canal,Cape of Good Hope,asia_europe,0.6794305351006382
2024-01-03,68.85714285714286,55.214285714285715,Suez Canal,Cape of Good Hope,asia_europe,0.8018672199170124
2024-01-15,57.892857142857146,64.07142857142857,Suez Canal,Cape of Good Hope,asia_europe,1.1067242442936458
2024-01-28,49.25,72.03571428571429,Suez Canal,Cape of Good Hope,asia_europe,1.4626540971718638
2024-02-06,44.25,74.82142857142857,Suez Canal,Cape of Good Hope,asia_europe,1.6908797417271992
2024-02-15,41.82142857142857,78.89285714285714,Suez Canal,Cape of Good Hope,asia_europe,1.8864218616567037
2024-03-28,39.142857142857146,85.92857142857143,Suez Canal,Cape of Good Hope,asia_europe,2.1952554744525545
2024-04-09,39.285714285714285,81.0,Suez Canal,Cape of Good Hope,asia_europe,2.061818181818182
2024-04-13,39.607142857142854,79.64285714285714,Suez Canal,Cape of Good Hope,asia_europe,2.010820559062218
2024-04-20,40.035714285714285,86.92857142857143,Suez Canal,Cape of Good Hope,asia_europe,2.171275646743979
2024-05-04,40.142857142857146,89.85714285714286,Suez Canal,Cape of Good Hope,asia_europe,2.2384341637010676
2024-05-07,39.642857142857146,91.39285714285714,Suez Canal,Cape of Good Hope,asia_europe,2.305405405405405
2024-05-18,40.785714285714285,89.71428571428571,Suez Canal,Cape of Good Hope,asia_europe,2.1996497373029773
2024-06-13,40.82142857142857,92.64285714285714,Suez Canal,Cape of Good Hope,asia_europe,2.269466316710411
2024-06-15,41.0,93.89285714285714,Suez Canal,Cape of Good Hope,asia_europe,2.2900696864111496
2024-06-20,39.75,94.78571428571429,Suez Canal,Cape of Good Hope,asia_europe,2.384546271338724
2024-08-04,38.607142857142854,96.71428571428571,Suez Canal,Cape of Good Hope,asia_europe,2.5050878815911193
2024-08-19,39.82142857142857,92.0,Suez Canal,Cape of Good Hope,asia_europe,2.3103139013452916
2024-08-30,40.107142857142854,87.35714285714286,Suez Canal,Cape of Good Hope,asia_europe,2.1780943900267142
2024-09-06,39.67857142857143,94.07142857142857,Suez Canal,Cape of Good Hope,asia_europe,2.3708370837083708
2024-09-15,37.82142857142857,91.0,Suez Canal,Cape of Good Hope,asia_europe,2.4060434372049104
2024-09-21,37.82142857142857,87.82142857142857,Suez Canal,Cape of Good Hope,asia_europe,2.3220018885741265
2024-10-13,38.67857142857143,88.10714285714286,Suez Canal,Cape of Good Hope,asia_europe,2.2779316712834716
2024-11-06,37.714285714285715,86.14285714285714,Suez Canal,Cape of Good Hope,asia_europe,2.2840909090909087
2024-11-12,37.714285714285715,86.42857142857143,Suez Canal,Cape of Good Hope,asia_europe,2.2916666666666665
2024-11-23,36.785714285714285,85.60714285714286,Suez Canal,Cape of Good Hope,asia_europe,2.3271844660194176
2024-12-04,35.142857142857146,83.92857142857143,Suez Canal,Cape of Good Hope,asia_europe,2.388211382113821
2025-02-11,35.142857142857146,85.5,Suez Canal,Cape of Good Hope,asia_europe,2.4329268292682924
2025-03-26,37.285714285714285,80.82142857142857,Suez Canal,Cape of Good Hope,asia_europe,2.167624521072797
2025-04-15,37.57142857142857,81.46428571428571,Suez Canal,Cape of Good Hope,asia_europe,2.168250950570342
2025-05-02,37.107142857142854,82.78571428571429,Suez Canal,Cape of Good Hope,asia_europe,2.230991337824832
2025-05-18,36.607142857142854,91.67857142857143,Suez Canal,Cape of Good Hope,asia_europe,2.5043902439024395
2025-05-28,36.464285714285715,90.64285714285714,Suez Canal,Cape of Good Hope,asia_europe,2.485798237022527
2025-06-10,37.5,93.10714285714286,Suez Canal,Cape of Good Hope,asia_europe,2.482857142857143
2025-06-14,37.17857142857143,89.21428571428571,Suez Canal,Cape of Good Hope,asia_europe,2.3996157540826126
2025-07-08,37.57142857142857,92.17857142857143,Suez Canal,Cape of Good Hope,asia_europe,2.4534220532319395
2025-07-19,36.82142857142857,94.39285714285714,Suez Canal,Cape of Good Hope,asia_europe,2.5635305528613
2025-07-23,38.25,99.07142857142857,Suez Canal,Cape of Good Hope,asia_europe,2.5901027077497667
2025-08-19,38.25,96.85714285714286,Suez Canal,Cape of Good Hope,asia_europe,2.5322128851540615
2025-09-12,40.67857142857143,96.46428571428571,Suez Canal,Cape of Good Hope,asia_europe,2.371378402107111
2025-09-14,41.535714285714285,96.03571428571429,Suez Canal,Cape of Good Hope,asia_europe,2.312123817712812
2025-10-12,40.464285714285715,97.21428571428571,Suez Canal,Cape of Good Hope,asia_europe,2.402471315092674
2025-10-13,40.857142857142854,98.5,Suez Canal,Cape of Good Hope,asia_europe,2.410839160839161
2025-12-14,41.357142857142854,88.5,Suez Canal,Cape of Good Hope,asia_europe,2.139896373056995
2025-12-27,40.857142857142854,83.92857142857143,Suez Canal,Cape of Good Hope,asia_europe,2.0541958041958046
2026-01-06,39.17857142857143,85.03571428571429,Suez Canal,Cape of Good Hope,asia_europe,2.170464904284412
2026-01-07,39.107142857142854,83.28571428571429,Suez Canal,Cape of Good Hope,asia_europe,2.129680365296804
2026-01-13,37.785714285714285,84.60714285714286,Suez Canal,Cape of Good Hope,asia_europe,2.239130434782609
2026-01-15,37.357142857142854,85.57142857142857,Suez Canal,Cape of Good Hope,asia_europe,2.2906309751434035
2026-01-23,37.32142857142857,87.07142857142857,Suez Canal,Cape of Good Hope,asia_europe,2.333014354066986
2026-01-26,38.25,88.10714285714286,Suez Canal,Cape of Good Hope,asia_europe,2.3034547152194214
2026-02-07,39.857142857142854,86.57142857142857,Suez Canal,Cape of Good Hope,asia_europe,2.1720430107526885
2026-02-11,41.464285714285715,85.92857142857143,Suez Canal,Cape of Good Hope,asia_europe,2.0723514211886305
2026-02-19,41.785714285714285,85.57142857142857,Suez Canal,Cape of Good Hope,asia_europe,2.0478632478632477
2026-03-06,42.214285714285715,90.42857142857143,Suez Canal,Cape of Good Hope,asia_europe,2.1421319796954315
2026-03-10,41.67857142857143,91.25,Suez Canal,Cape of Good Hope,asia_europe,2.189374464438732
2026-03-22,41.035714285714285,91.35714285714286,Suez Canal,Cape of Good Hope,asia_europe,2.226283724978242
2026-03-26,41.107142857142854,91.53571428571429,Suez Canal,Cape of Good Hope,asia_europe,2.226759339704605
2026-03-27,40.92857142857143,90.67857142857143,Suez Canal,Cape of Good Hope,asia_europe,2.2155322862129143
2026-03-30,41.142857142857146,91.92857142857143,Suez Canal,Cape of Good Hope,asia_europe,2.234375
2026-04-15,42.035714285714285,91.92857142857143,Suez Canal,Cape of Good Hope,asia_europe,2.1869158878504673
2026-05-28,39.07142857142857,96.28571428571429,Suez Canal,Cape of Good Hope,asia_europe,2.464351005484461
2026-06-05,39.892857142857146,96.60714285714286,Suez Canal,Cape of Good Hope,asia_europe,2.4216651745747537
2026-06-07,40.285714285714285,96.78571428571429,Suez Canal,Cape of Good Hope,asia_europe,2.402482269503546
2026-06-13,40.214285714285715,93.60714285714286,Suez Canal,Cape of Good Hope,asia_europe,2.327708703374778
2026-07-23,41.535714285714285,92.89285714285714,Suez Canal,Cape of Good Hope,asia_europe,2.2364574376612207
2026-08-10,41.25,89.07142857142857,Suez Canal,Cape of Good Hope,asia_europe,2.159307359307359
2019-01-06,52.0,45.166666666666664,Suez Canal,Cape of Good Hope,asia_europe,0.8685897435897435
2019-01-08,50.875,45.25,Suez Canal,Cape of Good Hope,asia_europe,0.8894348894348895
2019-01-25,50.08,46.6,Suez Canal,Cape of Good Hope,asia_europe,0.9305111821086263
2019-02-03,49.07142857142857,47.142857142857146,Suez Canal,Cape of Good Hope,asia_europe,0.960698689956332
2019-02-14,51.285714285714285,47.785714285714285,Suez Canal,Cape of Good Hope,asia_europe,0.9317548746518106
2019-02-28,50.57142857142857,49.892857142857146,Suez Canal,Cape of Good Hope,asia_europe,0.9865819209039549
2019-03-09,50.392857142857146,49.535714285714285,Suez Canal,Cape of Good Hope,asia_europe,0.9829907866761162
2019-04-04,50.17857142857143,42.714285714285715,Suez Canal,Cape of Good Hope,asia_europe,0.8512455516014235
2019-04-17,50.857142857142854,43.892857142857146,Suez Canal,Cape of Good Hope,asia_europe,0.8630617977528091
2019-04-29,51.892857142857146,45.892857142857146,Suez Canal,Cape of Good Hope,asia_europe,0.8843771507226428
2019-05-11,51.464285714285715,44.964285714285715,Suez Canal,Cape of Good Hope,asia_europe,0.8736988202637057
2019-06-02,51.857142857142854,47.107142857142854,Suez Canal,Cape of Good Hope,asia_europe,0.9084022038567493
2019-06-13,51.25,48.0,Suez Canal,Cape of Good Hope,asia_europe,0.9365853658536586
2019-06-20,50.142857142857146,49.5,Suez Canal,Cape of Good Hope,asia_europe,0.9871794871794871
2019-07-10,49.535714285714285,50.357142857142854,Suez Canal,Cape of Good Hope,asia_europe,1.0165825522710887
2019-07-21,51.535714285714285,50.892857142857146,Suez Canal,Cape of Good Hope,asia_europe,0.9875259875259876
2019-07-25,51.892857142857146,50.035714285714285,Suez Canal,Cape of Good Hope,asia_europe,0.9642119752236751
2019-08-16,55.0,51.892857142857146,Suez Canal,Cape of Good Hope,asia_europe,0.9435064935064935
2019-08-17,54.535714285714285,52.42857142857143,Suez Canal,Cape of Good Hope,asia_europe,0.9613621480026195
2019-09-01,54.92857142857143,50.82142857142857,Suez Canal,Cape of Good Hope,asia_europe,0.925227568270481
2019-09-14,53.642857142857146,50.17857142857143,Suez Canal,Cape of Good Hope,asia_europe,0.9354194407456724
2019-09-16,53.892857142857146,50.25,Suez Canal,Cape of Good Hope,asia_europe,0.9324055666003975
2019-10-07,53.785714285714285,54.25,Suez Canal,Cape of Good Hope,asia_europe,1.0086321381142098
2019-10-08,53.714285714285715,53.785714285714285,Suez Canal,Cape of Good Hope,asia_europe,1.0013297872340425
2019-11-06,56.214285714285715,50.5,Suez Canal,Cape of Good Hope,asia_europe,0.8983481575603558
2019-12-02,53.5,46.82142857142857,Suez Canal,Cape of Good Hope,asia_europe,0.8751668891855807
2019-12-04,54.214285714285715,45.785714285714285,Suez Canal,Cape of Good Hope,asia_europe,0.844532279314888
2019-12-07,54.357142857142854,45.5,Suez Canal,Cape of Good Hope,asia_europe,0.8370565045992117
2020-01-04,53.964285714285715,40.642857142857146,Suez Canal,Cape of Good Hope,asia_europe,0.7531436135009928
2020-01-06,53.785714285714285,40.07142857142857,Suez Canal,Cape of Good Hope,asia_europe,0.7450199203187251
2020-01-17,54.714285714285715,40.107142857142854,Suez Canal,Cape of Good Hope,asia_europe,0.7330287206266318
2020-01-28,54.17857142857143,51.17857142857143,Suez Canal,Cape of Good Hope,asia_europe,0.944627554383652
2020-02-14,57.107142857142854,79.28571428571429,Suez Canal,Cape of Good Hope,asia_europe,1.3883677298311445
2020-02-27,56.32142857142857,58.57142857142857,Suez Canal,Cape of Good Hope,asia_europe,1.0399492707672797
2020-03-05,53.142857142857146,44.32142857142857,Suez Canal,Cape of Good Hope,asia_europe,0.8340053763440859
2020-03-06,53.464285714285715,44.035714285714285,Suez Canal,Cape of Good Hope,asia_europe,0.8236472945891783
2020-04-21,57.107142857142854,49.42857142857143,Suez Canal,Cape of Good Hope,asia_europe,0.8655409631019388
2020-04-25,58.07142857142857,49.892857142857146,Suez Canal,Cape of Good Hope,asia_europe,0.8591635916359165
2020-04-28,58.214285714285715,50.67857142857143,Suez Canal,Cape of Good Hope,asia_europe,0.8705521472392638
2020-05-13,55.964285714285715,53.07142857142857,Suez Canal,Cape of Good Hope,asia_europe,0.9483088704530951
2020-05-20,54.67857142857143,54.357142857142854,Suez Canal,Cape of Good Hope,asia_europe,0.9941214892227301
2020-05-23,53.82142857142857,55.214285714285715,Suez Canal,Cape of Good Hope,asia_europe,1.0258792302587925
2020-05-30,51.464285714285715,55.392857142857146,Suez Canal,Cape of Good Hope,asia_europe,1.0763358778625955
2020-05-31,51.107142857142854,55.785714285714285,Suez Canal,Cape of Good Hope,asia_europe,1.0915443745632425
2020-06-06,50.57142857142857,55.285714285714285,Suez Canal,Cape of Good Hope,asia_europe,1.0932203389830508
2020-06-24,46.214285714285715,55.25,Suez Canal,Cape of Good Hope,asia_europe,1.195517774343122
2020-07-06,45.285714285714285,53.357142857142854,Suez Canal,Cape of Good Hope,asia_europe,1.1782334384858044
2020-07-22,46.607142857142854,59.357142857142854,Suez Canal,Cape of Good Hope,asia_europe,1.2735632183908046
2020-07-29,46.42857142857143,60.82142857142857,Suez Canal,Cape of Good Hope,asia_europe,1.3099999999999998
2020-07-31,46.892857142857146,60.42857142857143,Suez Canal,Cape of Good Hope,asia_europe,1.2886519421172886
2020-08-13,49.107142857142854,59.964285714285715,Suez Canal,Cape of Good Hope,asia_europe,1.2210909090909092
2020-09-05,52.32142857142857,54.857142857142854,Suez Canal,Cape of Good Hope,asia_europe,1.0484641638225256
2020-10-01,51.357142857142854,53.892857142857146,Suez Canal,Cape of Good Hope,asia_europe,1.049374130737135
2020-10-02,51.357142857142854,52.785714285714285,Suez Canal,Cape of Good Hope,asia_europe,1.027816411682893
2020-10-03,51.5,52.75,Suez Canal,Cape of Good Hope,asia_europe,1.0242718446601942
2020-10-06,52.392857142857146,53.214285714285715,Suez Canal,Cape of Good Hope,asia_europe,1.0156782549420587
2020-10-15,52.67857142857143,50.607142857142854,Suez Canal,Cape of Good Hope,asia_europe,0.9606779661016949
2020-11-05,52.67857142857143,49.07142857142857,Suez Canal,Cape of Good Hope,asia_europe,0.9315254237288135
2020-11-13,53.82142857142857,48.92857142857143,Suez Canal,Cape of Good Hope,asia_europe,0.9090909090909092
2021-01-04,52.714285714285715,43.5,Suez Canal,Cape of Good Hope,asia_europe,0.8252032520325203
2021-01-16,52.714285714285715,43.535714285714285,Suez Canal,Cape of Good Hope,asia_europe,0.825880758807588
2021-01-26,52.75,42.357142857142854,Suez Canal,Cape of Good Hope,asia_europe,0.8029790115098171
2021-01-30,52.035714285714285,42.82142857142857,Suez Canal,Cape of Good Hope,asia_europe,0.8229238160603981
2021-02-08,51.857142857142854,43.25,Suez Canal,Cape of Good Hope,asia_europe,0.8340220385674931
2021-02-15,53.857142857142854,43.642857142857146,Suez Canal,Cape of Good Hope,asia_europe,0.810344827586207
2021-02-17,53.892857142857146,43.82142857142857,Suez Canal,Cape of Good Hope,asia_europe,0.8131212723658051
2021-02-23,55.0,45.07142857142857,Suez Canal,Cape of Good Hope,asia_europe,0.8194805194805195
2021-02-25,55.82142857142857,46.107142857142854,Suez Canal,Cape of Good Hope,asia_europe,0.8259756877799104
2021-03-07,57.964285714285715,47.714285714285715,Suez Canal,Cape of Good Hope,asia_europe,0.8231669747381393
2021-03-14,57.42857142857143,48.07142857142857,Suez Canal,Cape of Good Hope,asia_europe,0.8370646766169153
2021-03-20,56.964285714285715,49.142857142857146,Suez Canal,Cape of Good Hope,asia_europe,0.8626959247648903
2021-03-21,57.0,49.607142857142854,Suez Canal,Cape of Good Hope,asia_europe,0.8703007518796992
2021-05-08,54.17857142857143,49.75,Suez Canal,Cape of Good Hope,asia_europe,0.9182597231377719
2021-05-31,56.25,50.42857142857143,Suez Canal,Cape of Good Hope,asia_europe,0.8965079365079366
2021-07-04,55.57142857142857,49.607142857142854,Suez Canal,Cape of Good Hope,asia_europe,0.8926735218508998
2021-08-11,59.214285714285715,51.214285714285715,Suez Canal,Cape of Good Hope,asia_europe,0.864897466827503
2021-08-26,62.357142857142854,48.0,Suez Canal,Cape of Good Hope,asia_europe,0.7697594501718213
2021-09-01,61.67857142857143,45.57142857142857,Suez Canal,Cape of Good Hope,asia_europe,0.7388535031847133
2021-09-06,62.785714285714285,47.5,Suez Canal,Cape of Good Hope,asia_europe,0.7565415244596132
2021-10-14,63.25,44.642857142857146,Suez Canal,Cape of Good Hope,asia_europe,0.7058159232072276
2021-11-12,61.32142857142857,41.357142857142854,Suez Canal,Cape of Good Hope,asia_europe,0.6744321490972627
2021-11-14,60.857142857142854,42.857142857142854,Suez Canal,Cape of Good Hope,asia_europe,0.704225352112676
2021-12-05,61.785714285714285,43.357142857142854,Suez Canal,Cape of Good Hope,asia_europe,0.7017341040462427
2021-12-20,60.25,43.107142857142854,Suez Canal,Cape of Good Hope,asia_europe,0.7154712507409602
2022-01-04,59.67857142857143,42.142857142857146,Suez Canal,Cape of Good Hope,asia_europe,0.7061639736684621
2022-01-11,59.5,40.67857142857143,Suez Canal,Cape of Good Hope,asia_europe,0.6836734693877551
2022-01-18,59.392857142857146,41.5,Suez Canal,Cape of Good Hope,asia_europe,0.6987372218881539
2022-01-24,59.035714285714285,41.535714285714285,Suez Canal,Cape of Good Hope,asia_europe,0.7035692679975801
2022-01-25,59.357142857142854,41.464285714285715,Suez Canal,Cape of Good Hope,asia_europe,0.6985559566787004
2022-02-05,58.92857142857143,41.92857142857143,Suez Canal,Cape of Good Hope,asia_europe,0.7115151515151515
2022-02-08,60.035714285714285,41.285714285714285,Suez Canal,Cape of Good Hope,asia_europe,0.6876859012492564
2022-02-14,61.67857142857143,42.285714285714285,Suez Canal,Cape of Good Hope,asia_europe,0.6855819339895772
2022-02-15,61.75,42.785714285714285,Suez Canal,Cape of Good Hope,asia_europe,0.6928860613071139
2022-02-20,62.17857142857143,43.607142857142854,Suez Canal,Cape of Good Hope,asia_europe,0.7013210798391728
2022-02-27,62.642857142857146,42.964285714285715,Suez Canal,Cape of Good Hope,asia_europe,0.685860889395667
2022-03-01,62.92857142857143,42.107142857142854,Suez Canal,Cape of Good Hope,asia_europe,0.6691259931895572
2022-03-03,62.67857142857143,41.75,Suez Canal,Cape of Good Hope,asia_europe,0.666096866096866
2022-03-11,61.5,42.857142857142854,Suez Canal,Cape of Good Hope,asia_europe,0.6968641114982578
2022-03-12,60.964285714285715,42.67857142857143,Suez Canal,Cape of Good Hope,asia_europe,0.700058582308143
2022-03-26,60.214285714285715,40.392857142857146,Suez Canal,Cape of Good Hope,asia_europe,0.6708185053380783
2022-04-02,60.75,39.892857142857146,Suez Canal,Cape of Good Hope,asia_europe,0.6566725455614345
2022-04-10,62.142857142857146,39.892857142857146,Suez Canal,Cape of Good Hope,asia_europe,0.6419540229885058
2022-04-24,65.5,40.535714285714285,Suez Canal,Cape of Good Hope,asia_europe,0.61886586695747
2022-05-08,64.64285714285714,43.82142857142857,Suez Canal,Cape of Good Hope,asia_europe,0.6779005524861879
2022-05-14,64.96428571428571,45.285714285714285,Suez Canal,Cape of Good Hope,asia_europe,0.6970863111599781
2022-05-16,64.71428571428571,45.32142857142857,Suez Canal,Cape of Good Hope,asia_europe,0.7003311258278146
2022-05-25,64.14285714285714,45.392857142857146,Suez Canal,Cape of Good Hope,asia_europe,0.707683741648107
2022-06-05,64.21428571428571,44.5,Suez Canal,Cape of Good Hope,asia_europe,0.6929922135706341
2022-06-07,64.64285714285714,45.5,Suez Canal,Cape of Good Hope,asia_europe,0.7038674033149172
2022-06-09,64.32142857142857,46.0,Suez Canal,Cape of Good Hope,asia_europe,0.7151582454192116
2022-07-04,68.96428571428571,47.785714285714285,Suez Canal,Cape of Good Hope,asia_europe,0.6929052304505438
2022-07-10,69.28571428571429,46.714285714285715,Suez Canal,Cape of Good Hope,asia_europe,0.6742268041237113
2022-07-16,69.89285714285714,48.17857142857143,Suez Canal,Cape of Good Hope,asia_europe,0.6893203883495146
2022-08-12,72.57142857142857,48.607142857142854,Suez Canal,Cape of Good Hope,asia_europe,0.6697834645669292
2022-08-21,72.07142857142857,46.607142857142854,Suez Canal,Cape of Good Hope,asia_europe,0.6466798810703667
2022-08-27,71.28571428571429,48.464285714285715,Suez Canal,Cape of Good Hope,asia_europe,0.6798597194388777
2022-09-08,69.71428571428571,48.32142857142857,Suez Canal,Cape of Good Hope,asia_europe,0.6931352459016393
2022-11-13,73.5,42.32142857142857,Suez Canal,Cape of Good Hope,asia_europe,0.575801749271137
2022-12-27,72.42857142857143,41.035714285714285,Suez Canal,Cape of Good Hope,asia_europe,0.5665680473372781
2023-01-19,71.25,41.714285714285715,Suez Canal,Cape of Good Hope,asia_europe,0.5854636591478697
2023-02-18,70.14285714285714,42.357142857142854,Suez Canal,Cape of Good Hope,asia_europe,0.6038696537678208
2023-03-02,70.0,42.07142857142857,Suez Canal,Cape of Good Hope,asia_europe,0.6010204081632653
2023-03-09,70.75,41.32142857142857,Suez Canal,Cape of Good Hope,asia_europe,0.5840484603735487
2023-03-13,71.17857142857143,40.714285714285715,Suez Canal,Cape of Good Hope,asia_europe,0.572002007024586
2023-04-05,73.32142857142857,44.67857142857143,Suez Canal,Cape of Good Hope,asia_europe,0.6093521675596688
2023-04-06,73.07142857142857,44.107142857142854,Suez Canal,Cape of Good Hope,asia_europe,0.6036168132942327
2023-04-22,74.67857142857143,44.25,Suez Canal,Cape of Good Hope,asia_europe,0.5925394548063128
2023-05-08,78.42857142857143,46.464285714285715,Suez Canal,Cape of Good Hope,asia_europe,0.5924408014571949
2023-06-19,75.14285714285714,49.82142857142857,Suez Canal,Cape of Good Hope,asia_europe,0.6630228136882129
2023-07-26,71.78571428571429,53.785714285714285,Suez Canal,Cape of Good Hope,asia_europe,0.7492537313432835
2023-09-09,73.67857142857143,55.142857142857146,Suez Canal,Cape of Good Hope,asia_europe,0.7484246243334949
2023-09-15,74.25,54.67857142857143,Suez Canal,Cape of Good Hope,asia_europe,0.7364117364117364
2023-10-03,75.32142857142857,56.714285714285715,Suez Canal,Cape of Good Hope,asia_europe,0.7529634898055951
2023-10-10,74.60714285714286,55.607142857142854,Suez Canal,Cape of Good Hope,asia_europe,0.7453326950694111
2023-11-10,76.42857142857143,49.07142857142857,Suez Canal,Cape of Good Hope,asia_europe,0.6420560747663551
2024-02-02,46.285714285714285,72.57142857142857,Suez Canal,Cape of Good Hope,asia_europe,1.5679012345679013
2024-02-17,41.57142857142857,80.21428571428571,Suez Canal,Cape of Good Hope,asia_europe,1.929553264604811
2024-02-23,41.32142857142857,84.60714285714286,Suez Canal,Cape of Good Hope,asia_europe,2.0475367329299914
2024-03-13,41.035714285714285,90.71428571428571,Suez Canal,Cape of Good Hope,asia_europe,2.2106179286335945
2024-03-29,39.107142857142854,84.96428571428571,Suez Canal,Cape of Good Hope,asia_europe,2.1726027397260275
2024-03-31,39.107142857142854,84.10714285714286,Suez Canal,Cape of Good Hope,asia_europe,2.1506849315068495
2024-04-29,40.785714285714285,88.78571428571429,Suez Canal,Cape of Good Hope,asia_europe,2.1768826619964976
2024-05-15,40.714285714285715,90.71428571428571,Suez Canal,Cape of Good Hope,asia_europe,2.2280701754385963
2024-05-21,39.785714285714285,90.03571428571429,Suez Canal,Cape of Good Hope,asia_europe,2.2630161579892283
2024-05-29,41.107142857142854,91.35714285714286,Suez Canal,Cape of Good Hope,asia_europe,2.2224152910512602
2024-06-05,41.82142857142857,92.39285714285714,Suez Canal,Cape of Good Hope,asia_europe,2.2092228864218617
2024-06-19,40.0,95.21428571428571,Suez Canal,Cape of Good Hope,asia_europe,2.3803571428571426
2024-06-22,39.464285714285715,95.17857142857143,Suez Canal,Cape of Good Hope,asia_europe,2.411764705882353
2024-07-19,37.07142857142857,93.53571428571429,Suez Canal,Cape of Good Hope,asia_europe,2.523121387283237
2024-08-06,39.107142857142854,99.96428571428571,Suez Canal,Cape of Good Hope,asia_europe,2.5561643835616437
2024-08-29,40.392857142857146,86.60714285714286,Suez Canal,Cape of Good Hope,asia_europe,2.1441202475685235
2024-09-04,39.857142857142854,92.03571428571429,Suez Canal,Cape of Good Hope,asia_europe,2.309139784946237
2024-09-05,39.82142857142857,91.96428571428571,Suez Canal,Cape of Good Hope,asia_europe,2.309417040358744
2024-09-16,38.5,91.17857142857143,Suez Canal,Cape of Good Hope,asia_europe,2.368274582560297
2024-09-17,38.214285714285715,89.67857142857143,Suez Canal,Cape of Good Hope,asia_europe,2.3467289719626168
2024-09-19,38.535714285714285,89.17857142857143,Suez Canal,Cape of Good Hope,asia_europe,2.3141797961075072
2024-10-22,37.607142857142854,85.60714285714286,Suez Canal,Cape of Good Hope,asia_europe,2.2763532763532766
2024-10-27,37.32142857142857,87.07142857142857,Suez Canal,Cape of Good Hope,asia_europe,2.333014354066986
2024-10-29,37.535714285714285,88.03571428571429,Suez Canal,Cape of Good Hope,asia_europe,2.345385347288297
2024-11-01,37.535714285714285,86.92857142857143,Suez Canal,Cape of Good Hope,asia_europe,2.3158896289248334
2025-01-20,35.785714285714285,81.46428571428571,Suez Canal,Cape of Good Hope,asia_europe,2.276447105788423
2025-01-23,35.607142857142854,83.10714285714286,Suez Canal,Cape of Good Hope,asia_europe,2.3340020060180544
2025-02-13,35.67857142857143,86.03571428571429,Suez Canal,Cape of Good Hope,asia_europe,2.4114114114114114
2025-02-19,35.67857142857143,86.14285714285714,Suez Canal,Cape of Good Hope,asia_europe,2.414414414414414
2025-03-06,35.285714285714285,87.82142857142857,Suez Canal,Cape of Good Hope,asia_europe,2.4888663967611335
2025-03-11,35.785714285714285,88.32142857142857,Suez Canal,Cape of Good Hope,asia_europe,2.468063872255489
2025-03-22,36.25,82.53571428571429,Suez Canal,Cape of Good Hope,asia_europe,2.276847290640394
2025-03-28,37.57142857142857,81.0,Suez Canal,Cape of Good Hope,asia_europe,2.155893536121673
2025-04-03,37.82142857142857,80.39285714285714,Suez Canal,Cape of Good Hope,asia_europe,2.125590179414542
2025-05-01,37.357142857142854,83.39285714285714,Suez Canal,Cape of Good Hope,asia_europe,2.2323135755258128
2025-05-27,36.07142857142857,90.07142857142857,Suez Canal,Cape of Good Hope,asia_europe,2.497029702970297
2025-05-29,36.214285714285715,91.25,Suez Canal,Cape of Good Hope,asia_europe,2.519723865877712
2025-06-03,36.785714285714285,90.85714285714286,Suez Canal,Cape of Good Hope,asia_europe,2.469902912621359
2025-06-07,36.714285714285715,92.67857142857143,Suez Canal,Cape of Good Hope,asia_europe,2.52431906614786
2025-06-27,36.892857142857146,88.82142857142857,Suez Canal,Cape of Good Hope,asia_europe,2.407550822846079
2025-07-09,37.5,94.28571428571429,Suez Canal,Cape of Good Hope,asia_europe,2.5142857142857142
2025-08-02,38.75,95.21428571428571,Suez Canal,Cape of Good Hope,asia_europe,2.457142857142857
2025-08-11,38.32142857142857,93.07142857142857,Suez Canal,Cape of Good Hope,asia_europe,2.4287045666356013
2025-08-20,39.142857142857146,96.57142857142857,Suez Canal,Cape of Good Hope,asia_europe,2.4671532846715327
2025-08-27,38.5,98.10714285714286,Suez Canal,Cape of Good Hope,asia_europe,2.5482374768089056
2025-09-05,39.5,97.46428571428571,Suez Canal,Cape of Good Hope,asia_europe,2.4674502712477393
2025-09-19,41.357142857142854,94.60714285714286,Suez Canal,Cape of Good Hope,asia_europe,2.2875647668393784
2025-11-02,41.107142857142854,92.42857142857143,Suez Canal,Cape of Good Hope,asia_europe,2.2484795829713295
2025-11-25,42.464285714285715,85.89285714285714,Suez Canal,Cape of Good Hope,asia_europe,2.022708158116064
2025-12-16,41.92857142857143,88.53571428571429,Suez Canal,Cape of Good Hope,asia_europe,2.1115843270868826
2025-12-26,40.67857142857143,84.46428571428571,Suez Canal,Cape of Good Hope,asia_europe,2.076382791922739
2026-01-27,38.642857142857146,87.75,Suez Canal,Cape of Good Hope,asia_europe,2.2707948243992604
2026-02-10,40.82142857142857,85.92857142857143,Suez Canal,Cape of Good Hope,asia_europe,2.10498687664042
2026-03-05,42.464285714285715,90.46428571428571,Suez Canal,Cape of Good Hope,asia_europe,2.1303616484440706
2026-03-15,41.17857142857143,92.32142857142857,Suez Canal,Cape of Good Hope,asia_europe,2.2419774501300953
2026-03-19,40.857142857142854,92.78571428571429,Suez Canal,Cape of Good Hope,asia_europe,2.2709790209790213
2026-03-23,40.892857142857146,90.67857142857143,Suez Canal,Cape of Good Hope,asia_europe,2.2174672489082967
2026-03-25,41.285714285714285,90.96428571428571,Suez Canal,Cape of Good Hope,asia_europe,2.203287197231834
2026-04-21,42.107142857142854,91.5,Suez Canal,Cape of Good Hope,asia_europe,2.173027989821883
2026-05-21,38.92857142857143,96.82142857142857,Suez Canal,Cape of Good Hope,asia_europe,2.4871559633027522
2026-06-22,39.357142857142854,93.75,Suez Canal,Cape of Good Hope,asia_europe,2.3820326678765884
2026-06-25,40.25,93.78571428571429,Suez Canal,Cape of Good Hope,asia_europe,2.3300798580301687
2026-06-27,39.92857142857143,93.32142857142857,Suez Canal,Cape of Good Hope,asia_europe,2.337209302325581
2026-07-02,40.392857142857146,94.25,Suez Canal,Cape of Good Hope,asia_europe,2.333333333333333
2026-07-06,40.142857142857146,93.64285714285714,Suez Canal,Cape of Good Hope,asia_europe,2.3327402135231314
2019-01-28,49.964285714285715,47.285714285714285,Suez Canal,Cape of Good Hope,asia_europe,0.9463902787705504
2019-03-01,50.75,50.92857142857143,Suez Canal,Cape of Good Hope,asia_europe,1.003518648838846
2019-03-12,50.214285714285715,48.642857142857146,Suez Canal,Cape of Good Hope,asia_europe,0.9687055476529162
2019-03-13,50.142857142857146,48.57142857142857,Suez Canal,Cape of Good Hope,asia_europe,0.9686609686609685
2019-03-28,50.25,45.214285714285715,Suez Canal,Cape of Good Hope,asia_europe,0.8997867803837953
2019-03-29,50.464285714285715,44.17857142857143,Suez Canal,Cape of Good Hope,asia_europe,0.8754423213021939
2019-04-14,50.42857142857143,45.107142857142854,Suez Canal,Cape of Good Hope,asia_europe,0.8944759206798866
2019-05-01,52.0,46.392857142857146,Suez Canal,Cape of Good Hope,asia_europe,0.8921703296703297
2019-05-22,51.535714285714285,45.285714285714285,Suez Canal,Cape of Good Hope,asia_europe,0.8787248787248787
2019-06-06,52.25,46.5,Suez Canal,Cape of Good Hope,asia_europe,0.8899521531100478
2019-07-04,49.285714285714285,50.42857142857143,Suez Canal,Cape of Good Hope,asia_europe,1.0231884057971015
2019-07-09,49.107142857142854,49.357142857142854,Suez Canal,Cape of Good Hope,asia_europe,1.005090909090909
2019-07-18,51.0,50.857142857142854,Suez Canal,Cape of Good Hope,asia_europe,0.9971988795518206
2019-10-09,54.035714285714285,53.17857142857143,Suez Canal,Cape of Good Hope,asia_europe,0.9841374752148051
2019-10-20,55.92857142857143,53.75,Suez Canal,Cape of Good Hope,asia_europe,0.9610472541507024
2019-10-23,56.357142857142854,52.57142857142857,Suez Canal,Cape of Good Hope,asia_europe,0.9328263624841572
2019-11-03,56.464285714285715,49.75,Suez Canal,Cape of Good Hope,asia_europe,0.8810879190385832
2019-11-17,55.25,48.107142857142854,Suez Canal,Cape of Good Hope,asia_europe,0.8707175177763412
2019-11-19,54.714285714285715,48.0,Suez Canal,Cape of Good Hope,asia_europe,0.877284595300261
2019-11-29,53.642857142857146,47.214285714285715,Suez Canal,Cape of Good Hope,asia_europe,0.8801597869507324
2020-01-19,54.25,39.5,Suez Canal,Cape of Good Hope,asia_europe,0.728110599078341
2020-01-22,53.892857142857146,39.464285714285715,Suez Canal,Cape of Good Hope,asia_europe,0.7322730284956925
2020-02-22,59.07142857142857,81.46428571428571,Suez Canal,Cape of Good Hope,asia_europe,1.379081015719468
2020-03-01,53.714285714285715,45.535714285714285,Suez Canal,Cape of Good Hope,asia_europe,0.8477393617021276
2020-04-11,56.857142857142854,45.714285714285715,Suez Canal,Cape of Good Hope,asia_europe,0.8040201005025126
2020-05-18,55.82142857142857,53.857142857142854,Suez Canal,Cape of Good Hope,asia_europe,0.9648112603966731
2020-05-24,53.892857142857146,54.92857142857143,Suez Canal,Cape of Good Hope,asia_europe,1.0192180251822398
2020-06-02,50.714285714285715,56.17857142857143,Suez Canal,Cape of Good Hope,asia_europe,1.1077464788732394
2020-06-07,50.142857142857146,55.17857142857143,Suez Canal,Cape of Good Hope,asia_europe,1.1004273504273503
2020-06-08,50.285714285714285,55.67857142857143,Suez Canal,Cape of Good Hope,asia_europe,1.1072443181818183
2020-07-20,46.607142857142854,57.82142857142857,Suez Canal,Cape of Good Hope,asia_europe,1.2406130268199234
2020-08-19,49.82142857142857,55.607142857142854,Suez Canal,Cape of Good Hope,asia_europe,1.1161290322580646
2020-10-26,52.392857142857146,50.214285714285715,Suez Canal,Cape of Good Hope,asia_europe,0.9584185412406271
2020-11-06,52.75,49.464285714285715,Suez Canal,Cape of Good Hope,asia_europe,0.9377115775220041
2020-11-18,54.92857142857143,49.25,Suez Canal,Cape of Good Hope,asia_europe,0.8966189856957086
2020-12-03,54.214285714285715,46.964285714285715,Suez Canal,Cape of Good Hope,asia_europe,0.8662714097496707
2020-12-28,52.464285714285715,43.464285714285715,Suez Canal,Cape of Good Hope,asia_europe,0.8284547311095983
2021-01-09,52.82142857142857,42.392857142857146,Suez Canal,Cape of Good Hope,asia_europe,0.8025693035835024
2021-01-21,52.357142857142854,43.107142857142854,Suez Canal,Cape of Good Hope,asia_europe,0.8233287858117326
2021-01-29,52.357142857142854,42.75,Suez Canal,Cape of Good Hope,asia_europe,0.8165075034106413
2021-02-07,51.714285714285715,43.214285714285715,Suez Canal,Cape of Good Hope,asia_europe,0.835635359116022
2021-02-28,56.25,46.67857142857143,Suez Canal,Cape of Good Hope,asia_europe,0.8298412698412698
2021-03-09,58.607142857142854,47.892857142857146,Suez Canal,Cape of Good Hope,asia_europe,0.8171846435100549
2021-04-04,50.214285714285715,48.857142857142854,Suez Canal,Cape of Good Hope,asia_europe,0.9729729729729729
2021-04-12,53.25,50.357142857142854,Suez Canal,Cape of Good Hope,asia_europe,0.9456740442655935
2021-04-30,59.17857142857143,52.035714285714285,Suez Canal,Cape of Good Hope,asia_europe,0.8792999396499698
2021-05-06,55.57142857142857,50.214285714285715,Suez Canal,Cape of Good Hope,asia_europe,0.9035989717223651
2021-05-13,55.142857142857146,49.607142857142854,Suez Canal,Cape of Good Hope,asia_europe,0.8996113989637304
2021-05-22,55.035714285714285,49.214285714285715,Suez Canal,Cape of Good Hope,asia_europe,0.8942245295262816
2021-05-25,54.607142857142854,49.535714285714285,Suez Canal,Cape of Good Hope,asia_europe,0.907128842380641
2021-06-06,54.964285714285715,49.82142857142857,Suez Canal,Cape of Good Hope,asia_europe,0.9064327485380116
2021-09-03,61.964285714285715,46.5,Suez Canal,Cape of Good Hope,asia_europe,0.7504322766570605
2021-09-05,62.642857142857146,46.92857142857143,Suez Canal,Cape of Good Hope,asia_europe,0.7491448118586089
2021-09-17,61.464285714285715,49.035714285714285,Suez Canal,Cape of Good Hope,asia_europe,0.7977919814061591
2021-09-21,61.642857142857146,47.785714285714285,Suez Canal,Cape of Good Hope,asia_europe,0.7752027809965237
2021-10-29,61.142857142857146,41.67857142857143,Suez Canal,Cape of Good Hope,asia_europe,0.6816588785046729
2021-11-08,61.142857142857146,41.25,Suez Canal,Cape of Good Hope,asia_europe,0.6746495327102804
2021-11-20,61.92857142857143,41.42857142857143,Suez Canal,Cape of Good Hope,asia_europe,0.6689734717416378
2021-11-21,61.214285714285715,41.714285714285715,Suez Canal,Cape of Good Hope,asia_europe,0.6814469078179697
2021-12-02,62.214285714285715,42.964285714285715,Suez Canal,Cape of Good Hope,asia_europe,0.6905855338691159
2021-12-14,61.892857142857146,43.32142857142857,Suez Canal,Cape of Good Hope,asia_europe,0.6999422965954991
2021-12-24,59.82142857142857,43.107142857142854,Suez Canal,Cape of Good Hope,asia_europe,0.7205970149253731
2021-12-29,58.82142857142857,41.82142857142857,Suez Canal,Cape of Good Hope,asia_europe,0.7109896782027929
2022-01-15,59.57142857142857,41.07142857142857,Suez Canal,Cape of Good Hope,asia_europe,0.6894484412470024
2022-01-16,59.035714285714285,41.0,Suez Canal,Cape of Good Hope,asia_europe,0.6944948578342408
2022-02-06,58.964285714285715,41.892857142857146,Suez Canal,Cape of Good Hope,asia_europe,0.7104784978800727
2022-03-06,63.035714285714285,41.785714285714285,Suez Canal,Cape of Good Hope,asia_europe,0.6628895184135978
2022-04-06,61.535714285714285,40.42857142857143,Suez Canal,Cape of Good Hope,asia_europe,0.6569936157864191
2022-04-11,61.642857142857146,39.392857142857146,Suez Canal,Cape of Good Hope,asia_europe,0.6390498261877173
2022-04-28,65.46428571428571,41.464285714285715,Suez Canal,Cape of Good Hope,asia_europe,0.6333878887070378
2022-05-09,64.89285714285714,44.32142857142857,Suez Canal,Cape of Good Hope,asia_europe,0.6829939460649422
2022-05-29,63.607142857142854,46.0,Suez Canal,Cape of Good Hope,asia_europe,0.7231892195395845
2022-06-04,63.25,45.0,Suez Canal,Cape of Good Hope,asia_europe,0.7114624505928854
2022-06-20,65.42857142857143,45.892857142857146,Suez Canal,Cape of Good Hope,asia_europe,0.7014192139737991
2022-08-05,71.32142857142857,47.714285714285715,Suez Canal,Cape of Good Hope,asia_europe,0.6690035052578869
2022-08-25,71.5,47.82142857142857,Suez Canal,Cape of Good Hope,asia_europe,0.6688311688311688
2022-09-13,70.21428571428571,47.785714285714285,Suez Canal,Cape of Good Hope,asia_europe,0.6805696846388607
2022-10-13,68.32142857142857,44.857142857142854,Suez Canal,Cape of Good Hope,asia_europe,0.6565603763721902
2022-10-15,68.67857142857143,45.464285714285715,Suez Canal,Cape of Good Hope,asia_europe,0.6619864794591783
2022-10-22,69.67857142857143,43.607142857142854,Suez Canal,Cape of Good Hope,asia_europe,0.6258329062019476
2022-12-02,72.0,42.035714285714285,Suez Canal,Cape of Good Hope,asia_europe,0.5838293650793651
2022-12-10,71.39285714285714,41.285714285714285,Suez Canal,Cape of Good Hope,asia_europe,0.5782891445722862
2023-01-11,70.53571428571429,40.5,Suez Canal,Cape of Good Hope,asia_europe,0.5741772151898734
2023-01-29,71.35714285714286,41.75,Suez Canal,Cape of Good Hope,asia_europe,0.585085085085085
2023-02-05,70.89285714285714,43.035714285714285,Suez Canal,Cape of Good Hope,asia_europe,0.6070528967254408
2023-02-13,70.32142857142857,41.892857142857146,Suez Canal,Cape of Good Hope,asia_europe,0.5957338750634841
2023-03-23,72.0,42.67857142857143,Suez Canal,Cape of Good Hope,asia_europe,0.5927579365079365
2023-03-29,72.35714285714286,43.964285714285715,Suez Canal,Cape of Good Hope,asia_europe,0.6076011846001974
2023-06-09,76.07142857142857,50.857142857142854,Suez Canal,Cape of Good Hope,asia_europe,0.6685446009389671
2023-06-16,75.07142857142857,50.5,Suez Canal,Cape of Good Hope,asia_europe,0.6726926736441484
2023-08-08,70.32142857142857,54.964285714285715,Suez Canal,Cape of Good Hope,asia_europe,0.7816150330116811
2023-08-29,71.92857142857143,56.285714285714285,Suez Canal,Cape of Good Hope,asia_europe,0.7825223435948361
2023-09-18,73.42857142857143,52.392857142857146,Suez Canal,Cape of Good Hope,asia_europe,0.7135214007782101
2023-09-21,73.60714285714286,56.392857142857146,Suez Canal,Cape of Good Hope,asia_europe,0.7661329451722465
2023-09-23,73.71428571428571,58.464285714285715,Suez Canal,Cape of Good Hope,asia_europe,0.7931201550387598
2023-09-27,73.5,55.892857142857146,Suez Canal,Cape of Good Hope,asia_europe,0.7604470359572401
2023-11-07,76.14285714285714,50.214285714285715,Suez Canal,Cape of Good Hope,asia_europe,0.6594746716697937
2023-11-15,77.07142857142857,48.67857142857143,Suez Canal,Cape of Good Hope,asia_europe,0.6316033364226136
2023-11-19,77.0,48.392857142857146,Suez Canal,Cape of Good Hope,asia_europe,0.62847866419295
2023-11-25,76.0,48.67857142857143,Suez Canal,Cape of Good Hope,asia_europe,0.6405075187969925
2023-12-15,74.89285714285714,48.464285714285715,Suez Canal,Cape of Good Hope,asia_europe,0.6471149260848832
2023-12-30,71.85714285714286,51.07142857142857,Suez Canal,Cape of Good Hope,asia_europe,0.7107355864811132
2024-01-10,63.07142857142857,60.642857142857146,Suez Canal,Cape of Good Hope,asia_europe,0.9614949037372594
2024-02-28,42.17857142857143,85.14285714285714,Suez Canal,Cape of Good Hope,asia_europe,2.0186282811176968
2024-03-04,41.5,87.96428571428571,Suez Canal,Cape of Good Hope,asia_europe,2.1196213425129087
2024-04-07,39.357142857142854,80.64285714285714,Suez Canal,Cape of Good Hope,asia_europe,2.0490018148820326
2024-05-20,39.714285714285715,90.46428571428571,Suez Canal,Cape of Good Hope,asia_europe,2.2778776978417263
2024-05-23,40.92857142857143,91.28571428571429,Suez Canal,Cape of Good Hope,asia_europe,2.230366492146597
2024-05-27,41.107142857142854,91.17857142857143,Suez Canal,Cape of Good Hope,asia_europe,2.218071242397915
2024-07-03,38.464285714285715,95.82142857142857,Suez Canal,Cape of Good Hope,asia_europe,2.491179201485608
2024-07-04,38.32142857142857,95.25,Suez Canal,Cape of Good Hope,asia_europe,2.4855545200372786
2024-07-20,37.214285714285715,93.32142857142857,Suez Canal,Cape of Good Hope,asia_europe,2.50767754318618
2024-08-03,38.142857142857146,95.32142857142857,Suez Canal,Cape of Good Hope,asia_europe,2.4990636704119846
2024-08-16,40.32142857142857,90.64285714285714,Suez Canal,Cape of Good Hope,asia_europe,2.2480070859167407
2024-08-22,40.142857142857146,91.71428571428571,Suez Canal,Cape of Good Hope,asia_europe,2.2846975088967967
2024-09-10,38.92857142857143,91.85714285714286,Suez Canal,Cape of Good Hope,asia_europe,2.3596330275229356
2024-11-29,35.892857142857146,83.5,Suez Canal,Cape of Good Hope,asia_europe,2.3263681592039798
2024-11-30,35.357142857142854,82.96428571428571,Suez Canal,Cape of Good Hope,asia_europe,2.3464646464646464
2024-12-05,35.5,84.5,Suez Canal,Cape of Good Hope,asia_europe,2.380281690140845
2024-12-16,35.535714285714285,80.10714285714286,Suez Canal,Cape of Good Hope,asia_europe,2.25427135678392
2024-12-21,36.107142857142854,79.57142857142857,Suez Canal,Cape of Good Hope,asia_europe,2.2037586547972308
2025-01-15,36.035714285714285,81.42857142857143,Suez Canal,Cape of Good Hope,asia_europe,2.2596630327056495
2025-02-07,35.285714285714285,85.92857142857143,Suez Canal,Cape of Good Hope,asia_europe,2.4352226720647776
2025-04-02,37.357142857142854,80.07142857142857,Suez Canal,Cape of Good Hope,asia_europe,2.1434034416826004
2025-04-10,37.32142857142857,79.64285714285714,Suez Canal,Cape of Good Hope,asia_europe,2.1339712918660285
2025-05-15,36.17857142857143,88.89285714285714,Suez Canal,Cape of Good Hope,asia_europe,2.4570582428430403
2025-05-22,36.32142857142857,87.85714285714286,Suez Canal,Cape of Good Hope,asia_europe,2.418879056047198
2025-06-01,37.107142857142854,91.14285714285714,Suez Canal,Cape of Good Hope,asia_europe,2.4562078922040422
2025-06-02,37.035714285714285,90.82142857142857,Suez Canal,Cape of Good Hope,asia_europe,2.4522661523625846
2025-06-25,36.857142857142854,89.0,Suez Canal,Cape of Good Hope,asia_europe,2.414728682170543
2025-08-12,38.285714285714285,93.71428571428571,Suez Canal,Cape of Good Hope,asia_europe,2.4477611940298507
2025-08-30,38.142857142857146,99.28571428571429,Suez Canal,Cape of Good Hope,asia_europe,2.602996254681648
2025-09-02,38.857142857142854,97.64285714285714,Suez Canal,Cape of Good Hope,asia_europe,2.512867647058824
2025-10-14,41.17857142857143,99.25,Suez Canal,Cape of Good Hope,asia_europe,2.410234171725932
2025-10-26,41.642857142857146,95.82142857142857,Suez Canal,Cape of Good Hope,asia_europe,2.301029159519725
2025-11-07,42.285714285714285,89.67857142857143,Suez Canal,Cape of Good Hope,asia_europe,2.120777027027027
2025-12-22,41.535714285714285,85.78571428571429,Suez Canal,Cape of Good Hope,asia_europe,2.065348237317283
2026-01-03,38.75,84.39285714285714,Suez Canal,Cape of Good Hope,asia_europe,2.177880184331797
2026-02-12,41.857142857142854,85.42857142857143,Suez Canal,Cape of Good Hope,asia_europe,2.0409556313993176
2026-02-14,41.32142857142857,84.96428571428571,Suez Canal,Cape of Good Hope,asia_europe,2.056179775280899
2026-02-17,41.535714285714285,85.78571428571429,Suez Canal,Cape of Good Hope,asia_europe,2.065348237317283
2026-02-18,42.07142857142857,85.21428571428571,Suez Canal,Cape of Good Hope,asia_europe,2.025466893039049
2026-03-04,42.392857142857146,89.10714285714286,Suez Canal,Cape of Good Hope,asia_europe,2.1019376579612468
2026-03-16,40.535714285714285,91.57142857142857,Suez Canal,Cape of Good Hope,asia_europe,2.2590308370044054
2026-03-17,40.535714285714285,92.14285714285714,Suez Canal,Cape of Good Hope,asia_europe,2.2731277533039647
2026-04-01,41.035714285714285,90.57142857142857,Suez Canal,Cape of Good Hope,asia_europe,2.2071366405570063
2026-04-10,41.357142857142854,91.03571428571429,Suez Canal,Cape of Good Hope,asia_europe,2.2012089810017272
2026-04-13,42.285714285714285,92.25,Suez Canal,Cape of Good Hope,asia_europe,2.1815878378378377
2026-05-01,41.75,92.64285714285714,Suez Canal,Cape of Good Hope,asia_europe,2.218990590248075
2026-05-08,40.42857142857143,93.21428571428571,Suez Canal,Cape of Good Hope,asia_europe,2.3056537102473498
2026-06-17,39.357142857142854,93.67857142857143,Suez Canal,Cape of Good Hope,asia_europe,2.38021778584392
2026-07-04,40.5,93.21428571428571,Suez Canal,Cape of Good Hope,asia_europe,2.3015873015873014
2026-08-11,42.07142857142857,89.03571428571429,Suez Canal,Cape of Good Hope,asia_europe,2.1162988115449917
2019-01-31,51.357142857142854,47.67857142857143,Bab el-Mandeb Strait,Cape of Good Hope,asia_europe,0.9283727399165509
2019-02-07,51.214285714285715,47.107142857142854,Bab el-Mandeb Strait,Cape of Good Hope,asia_europe,0.9198047419804741
2019-03-06,52.142857142857146,51.535714285714285,Bab el-Mandeb Strait,Cape of Good Hope,asia_europe,0.9883561643835616
2019-03-17,52.642857142857146,48.17857142857143,Bab el-Mandeb Strait,Cape of Good Hope,asia_europe,0.9151967435549525
2019-03-20,51.964285714285715,47.285714285714285,Bab el-Mandeb Strait,Cape of Good Hope,asia_europe,0.9099656357388316
2019-03-24,52.25,45.25,Bab el-Mandeb Strait,Cape of Good Hope,asia_europe,0.8660287081339713
2019-04-28,55.714285714285715,45.642857142857146,Bab el-Mandeb Strait,Cape of Good Hope,asia_europe,0.8192307692307693
2019-05-08,55.214285714285715,45.607142857142854,Bab el-Mandeb Strait,Cape of Good Hope,asia_europe,0.8260025873221215
2019-05-18,53.5,45.0,Bab el-Mandeb Strait,Cape of Good Hope,asia_europe,0.8411214953271028
2019-05-29,52.5,45.035714285714285,Bab el-Mandeb Strait,Cape of Good Hope,asia_europe,0.8578231292517007
2019-06-14,51.25,48.25,Bab el-Mandeb Strait,Cape of Good Hope,asia_europe,0.9414634146341463
2019-07-24,51.964285714285715,50.107142857142854,Bab el-Mandeb Strait,Cape of Good Hope,asia_europe,0.9642611683848796
2019-08-05,54.857142857142854,52.107142857142854,Bab el-Mandeb Strait,Cape of Good Hope,asia_europe,0.9498697916666666
2019-09-04,54.142857142857146,50.035714285714285,Bab el-Mandeb Strait,Cape of Good Hope,asia_europe,0.9241424802110817
2019-09-11,53.75,50.5,Bab el-Mandeb Strait,Cape of Good Hope,asia_europe,0.9395348837209302
2019-09-24,54.285714285714285,51.67857142857143,Bab el-Mandeb Strait,Cape of Good Hope,asia_europe,0.9519736842105264
2019-10-11,53.535714285714285,53.75,Bab el-Mandeb Strait,Cape of Good Hope,asia_europe,1.0040026684456305
2019-11-16,55.07142857142857,48.32142857142857,Bab el-Mandeb Strait,Cape of Good Hope,asia_europe,0.877431906614786
2019-12-03,54.392857142857146,46.035714285714285,Bab el-Mandeb Strait,Cape of Good Hope,asia_europe,0.8463558765594221
2019-12-14,53.17857142857143,44.107142857142854,Bab el-Mandeb Strait,Cape of Good Hope,asia_europe,0.8294157152451309
2019-12-18,53.75,43.82142857142857,Bab el-Mandeb Strait,Cape of Good Hope,asia_europe,0.815282392026578
2019-12-29,54.67857142857143,41.17857142857143,Bab el-Mandeb Strait,Cape of Good Hope,asia_europe,0.7531025473546702
2020-02-12,59.0,79.39285714285714,Bab el-Mandeb Strait,Cape of Good Hope,asia_europe,1.3456416464891041
2020-02-18,58.642857142857146,80.96428571428571,Bab el-Mandeb Strait,Cape of Good Hope,asia_europe,1.3806333739342265
2020-02-19,59.107142857142854,81.03571428571429,Bab el-Mandeb Strait,Cape of Good Hope,asia_europe,1.3709969788519638
2020-03-17,52.857142857142854,41.964285714285715,Bab el-Mandeb Strait,Cape of Good Hope,asia_europe,0.793918918918919
2020-04-03,53.642857142857146,44.107142857142854,Bab el-Mandeb Strait,Cape of Good Hope,asia_europe,0.8222370173102529
2020-04-13,55.92857142857143,46.214285714285715,Bab el-Mandeb Strait,Cape of Good Hope,asia_europe,0.826309067688378
2020-06-21,48.0,55.32142857142857,Bab el-Mandeb Strait,Cape of Good Hope,asia_europe,1.1525297619047619
2020-07-02,48.892857142857146,53.42857142857143,Bab el-Mandeb Strait,Cape of Good Hope,asia_europe,1.0927684441197953
2020-07-16,51.464285714285715,54.607142857142854,Bab el-Mandeb Strait,Cape of Good Hope,asia_europe,1.0610687022900762
2020-08-01,54.0,60.82142857142857,Bab el-Mandeb Strait,Cape of Good Hope,asia_europe,1.1263227513227514
2020-08-03,53.25,61.92857142857143,Bab el-Mandeb Strait,Cape of Good Hope,asia_europe,1.1629778672032194
2020-09-01,54.67857142857143,54.642857142857146,Bab el-Mandeb Strait,Cape of Good Hope,asia_europe,0.999346832135859
2020-10-22,55.25,50.5,Bab el-Mandeb Strait,Cape of Good Hope,asia_europe,0.9140271493212669
2020-12-12,56.392857142857146,47.57142857142857,Bab el-Mandeb Strait,Cape of Good Hope,asia_europe,0.843571880937302
2020-12-13,56.32142857142857,47.17857142857143,Bab el-Mandeb Strait,Cape of Good Hope,asia_europe,0.8376664552948637
2021-01-20,56.535714285714285,42.67857142857143,Bab el-Mandeb Strait,Cape of Good Hope,asia_europe,0.7548957675300063
2021-01-28,57.25,42.964285714285715,Bab el-Mandeb Strait,Cape of Good Hope,asia_europe,0.7504678727386151
2021-02-10,57.214285714285715,42.892857142857146,Bab el-Mandeb Strait,Cape of Good Hope,asia_europe,0.7496878901373284
2021-03-17,59.464285714285715,48.17857142857143,Bab el-Mandeb Strait,Cape of Good Hope,asia_europe,0.8102102102102102
2021-03-22,60.0,48.5,Bab el-Mandeb Strait,Cape of Good Hope,asia_europe,0.8083333333333333
2021-03-28,56.32142857142857,48.785714285714285,Bab el-Mandeb Strait,Cape of Good Hope,asia_europe,0.8662016487000634
2021-04-02,52.642857142857146,47.92857142857143,Bab el-Mandeb Strait,Cape of Good Hope,asia_europe,0.9104477611940298
2021-04-03,52.642857142857146,48.357142857142854,Bab el-Mandeb Strait,Cape of Good Hope,asia_europe,0.9185888738127543
2021-04-23,54.964285714285715,51.75,Bab el-Mandeb Strait,Cape of Good Hope,asia_europe,0.9415204678362573
2021-05-03,58.57142857142857,51.5,Bab el-Mandeb Strait,Cape of Good Hope,asia_europe,0.8792682926829268
2021-05-11,56.142857142857146,49.25,Bab el-Mandeb Strait,Cape of Good Hope,asia_europe,0.8772264631043256
2021-06-11,56.107142857142854,50.607142857142854,Bab el-Mandeb Strait,Cape of Good Hope,asia_europe,0.901973265436028
2021-06-16,56.892857142857146,49.964285714285715,Bab el-Mandeb Strait,Cape of Good Hope,asia_europe,0.8782172002510985
2021-06-19,57.0,51.142857142857146,Bab el-Mandeb Strait,Cape of Good Hope,asia_europe,0.8972431077694236
2021-06-23,57.142857142857146,50.357142857142854,Bab el-Mandeb Strait,Cape of Good Hope,asia_europe,0.8812499999999999
2021-06-29,59.035714285714285,50.75,Bab el-Mandeb Strait,Cape of Good Hope,asia_europe,0.8596491228070176
2021-07-08,59.142857142857146,50.25,Bab el-Mandeb Strait,Cape of Good Hope,asia_europe,0.8496376811594203
2021-07-09,58.892857142857146,50.035714285714285,Bab el-Mandeb Strait,Cape of Good Hope,asia_europe,0.8496058217101273
2021-07-18,58.5,50.285714285714285,Bab el-Mandeb Strait,Cape of Good Hope,asia_europe,0.8595848595848595
2021-08-21,60.92857142857143,48.67857142857143,Bab el-Mandeb Strait,Cape of Good Hope,asia_europe,0.7989449003516998
2021-08-25,60.07142857142857,48.285714285714285,Bab el-Mandeb Strait,Cape of Good Hope,asia_europe,0.8038049940546969
2021-08-27,60.57142857142857,47.57142857142857,Bab el-Mandeb Strait,Cape of Good Hope,asia_europe,0.785377358490566
2021-09-19,58.785714285714285,48.32142857142857,Bab el-Mandeb Strait,Cape of Good Hope,asia_europe,0.8219927095990279
2021-10-08,60.714285714285715,45.785714285714285,Bab el-Mandeb Strait,Cape of Good Hope,asia_europe,0.7541176470588234
2021-11-03,59.535714285714285,41.5,Bab el-Mandeb Strait,Cape of Good Hope,asia_europe,0.6970605878824235
2021-11-13,59.17857142857143,41.82142857142857,Bab el-Mandeb Strait,Cape of Good Hope,asia_europe,0.7066988533494266
2021-11-23,61.42857142857143,41.464285714285715,Bab el-Mandeb Strait,Cape of Good Hope,asia_europe,0.675
2021-12-18,61.392857142857146,43.607142857142854,Bab el-Mandeb Strait,Cape of Good Hope,asia_europe,0.7102966841186735
2021-12-23,60.857142857142854,42.535714285714285,Bab el-Mandeb Strait,Cape of Good Hope,asia_europe,0.698943661971831
2022-01-01,60.07142857142857,42.035714285714285,Bab el-Mandeb Strait,Cape of Good Hope,asia_europe,0.6997621878715815
2022-02-19,62.214285714285715,43.75,Bab el-Mandeb Strait,Cape of Good Hope,asia_europe,0.7032146957520091
2022-02-25,63.535714285714285,42.892857142857146,Bab el-Mandeb Strait,Cape of Good Hope,asia_europe,0.6750983698707139
2022-03-02,63.607142857142854,41.82142857142857,Bab el-Mandeb Strait,Cape of Good Hope,asia_europe,0.6574957888826501
2022-03-14,60.785714285714285,42.035714285714285,Bab el-Mandeb Strait,Cape of Good Hope,asia_europe,0.6915393654524089
2022-03-28,61.642857142857146,41.0,Bab el-Mandeb Strait,Cape of Good Hope,asia_europe,0.6651216685979142
2022-03-29,61.964285714285715,41.142857142857146,Bab el-Mandeb Strait,Cape of Good Hope,asia_europe,0.6639769452449568
2022-04-04,62.57142857142857,40.107142857142854,Bab el-Mandeb Strait,Cape of Good Hope,asia_europe,0.6409817351598174
2022-04-27,64.5,40.785714285714285,Bab el-Mandeb Strait,Cape of Good Hope,asia_europe,0.6323366555924695
2022-05-04,64.28571428571429,42.392857142857146,Bab el-Mandeb Strait,Cape of Good Hope,asia_europe,0.6594444444444444
2022-05-20,63.07142857142857,45.32142857142857,Bab el-Mandeb Strait,Cape of Good Hope,asia_europe,0.7185730464326161
2022-05-21,63.642857142857146,45.32142857142857,Bab el-Mandeb Strait,Cape of Good Hope,asia_europe,0.712121212121212
2022-05-31,63.67857142857143,45.0,Bab el-Mandeb Strait,Cape of Good Hope,asia_europe,0.7066741446999439
2022-06-15,65.07142857142857,45.392857142857146,Bab el-Mandeb Strait,Cape of Good Hope,asia_europe,0.6975850713501647
2022-07-03,67.0,48.5,Bab el-Mandeb Strait,Cape of Good Hope,asia_europe,0.7238805970149254
2022-07-06,67.03571428571429,47.07142857142857,Bab el-Mandeb Strait,Cape of Good Hope,asia_europe,0.7021843367075119
2022-08-09,69.0,47.92857142857143,Bab el-Mandeb Strait,Cape of Good Hope,asia_europe,0.694616977225673
2022-10-25,71.25,43.25,Bab el-Mandeb Strait,Cape of Good Hope,asia_europe,0.6070175438596491
2022-10-28,71.21428571428571,42.964285714285715,Bab el-Mandeb Strait,Cape of Good Hope,asia_europe,0.6033099297893681
2022-11-16,73.28571428571429,41.67857142857143,Bab el-Mandeb Strait,Cape of Good Hope,asia_europe,0.5687134502923976
2022-12-19,70.82142857142857,41.464285714285715,Bab el-Mandeb Strait,Cape of Good Hope,asia_europe,0.5854765506807867
2023-02-03,71.07142857142857,42.142857142857146,Bab el-Mandeb Strait,Cape of Good Hope,asia_europe,0.592964824120603
2023-02-11,71.42857142857143,42.392857142857146,Bab el-Mandeb Strait,Cape of Good Hope,asia_europe,0.5935
2023-02-17,69.64285714285714,42.642857142857146,Bab el-Mandeb Strait,Cape of Good Hope,asia_europe,0.6123076923076924
2023-02-24,70.64285714285714,42.285714285714285,Bab el-Mandeb Strait,Cape of Good Hope,asia_europe,0.5985844287158747
2023-03-21,72.42857142857143,43.25,Bab el-Mandeb Strait,Cape of Good Hope,asia_europe,0.5971400394477318
2023-04-23,74.28571428571429,44.035714285714285,Bab el-Mandeb Strait,Cape of Good Hope,asia_europe,0.5927884615384614
2023-05-04,75.57142857142857,44.75,Bab el-Mandeb Strait,Cape of Good Hope,asia_europe,0.5921550094517959
2023-05-05,75.32142857142857,44.75,Bab el-Mandeb Strait,Cape of Good Hope,asia_europe,0.5941204362256994
2023-05-29,77.42857142857143,48.892857142857146,Bab el-Mandeb Strait,Cape of Good Hope,asia_europe,0.6314575645756457
2023-06-03,78.5,51.57142857142857,Bab el-Mandeb Strait,Cape of Good Hope,asia_europe,0.6569608735213831
2023-06-22,76.25,50.607142857142854,Bab el-Mandeb Strait,Cape of Good Hope,asia_europe,0.6637002341920374
2023-07-15,75.78571428571429,51.82142857142857,Bab el-Mandeb Strait,Cape of Good Hope,asia_europe,0.6837888784165881
2023-08-01,73.53571428571429,51.535714285714285,Bab el-Mandeb Strait,Cape of Good Hope,asia_europe,0.70082564351627
2023-08-05,73.35714285714286,54.892857142857146,Bab el-Mandeb Strait,Cape of Good Hope,asia_europe,0.7482960077896786
2023-08-12,72.85714285714286,54.964285714285715,Bab el-Mandeb Strait,Cape of Good Hope,asia_europe,0.7544117647058823
2023-08-18,73.07142857142857,54.32142857142857,Bab el-Mandeb Strait,Cape of Good Hope,asia_europe,0.7434017595307918
2023-08-27,72.64285714285714,54.285714285714285,Bab el-Mandeb Strait,Cape of Good Hope,asia_europe,0.7472959685349067
2023-10-04,75.10714285714286,56.82142857142857,Bab el-Mandeb Strait,Cape of Good Hope,asia_europe,0.7565382786495481
2023-10-09,75.89285714285714,56.142857142857146,Bab el-Mandeb Strait,Cape of Good Hope,asia_europe,0.739764705882353
2023-10-26,78.35714285714286,52.285714285714285,Bab el-Mandeb Strait,Cape of Good Hope,asia_europe,0.6672743846855059
2023-11-14,77.21428571428571,48.285714285714285,Bab el-Mandeb Strait,Cape of Good Hope,asia_europe,0.6253469010175764
2023-11-17,76.85714285714286,47.964285714285715,Bab el-Mandeb Strait,Cape of Good Hope,asia_europe,0.6240706319702602
2023-11-28,77.10714285714286,49.57142857142857,Bab el-Mandeb Strait,Cape of Good Hope,asia_europe,0.6428902269569244
2023-12-19,74.14285714285714,48.75,Bab el-Mandeb Strait,Cape of Good Hope,asia_europe,0.6575144508670521
2023-12-20,73.39285714285714,48.642857142857146,Bab el-Mandeb Strait,Cape of Good Hope,asia_europe,0.6627737226277373
2024-01-06,57.714285714285715,58.214285714285715,Bab el-Mandeb Strait,Cape of Good Hope,asia_europe,1.0086633663366336
2024-01-20,45.785714285714285,67.42857142857143,Bab el-Mandeb Strait,Cape of Good Hope,asia_europe,1.4726989079563184
2024-02-22,33.92857142857143,83.85714285714286,Bab el-Mandeb Strait,Cape of Good Hope,asia_europe,2.471578947368421
2024-03-11,34.535714285714285,90.42857142857143,Bab el-Mandeb Strait,Cape of Good Hope,asia_europe,2.6184074457083764
2024-03-26,32.535714285714285,87.14285714285714,Bab el-Mandeb Strait,Cape of Good Hope,asia_europe,2.678375411635565
2024-04-11,32.25,79.5,Bab el-Mandeb Strait,Cape of Good Hope,asia_europe,2.4651162790697674
2024-04-18,33.07142857142857,84.85714285714286,Bab el-Mandeb Strait,Cape of Good Hope,asia_europe,2.5658747300215987
2024-05-13,32.714285714285715,91.03571428571429,Bab el-Mandeb Strait,Cape of Good Hope,asia_europe,2.782751091703057
2024-06-11,32.214285714285715,92.60714285714286,Bab el-Mandeb Strait,Cape of Good Hope,asia_europe,2.8747228381374725
2024-06-16,32.285714285714285,93.78571428571429,Bab el-Mandeb Strait,Cape of Good Hope,asia_europe,2.9048672566371683
2024-06-28,31.535714285714285,95.78571428571429,Bab el-Mandeb Strait,Cape of Good Hope,asia_europe,3.037372593431484
2024-06-30,31.571428571428573,97.03571428571429,Bab el-Mandeb Strait,Cape of Good Hope,asia_europe,3.073529411764706
2024-07-16,30.035714285714285,93.82142857142857,Bab el-Mandeb Strait,Cape of Good Hope,asia_europe,3.123662306777646
2024-07-24,29.321428571428573,95.53571428571429,Bab el-Mandeb Strait,Cape of Good Hope,asia_europe,3.2582216808769795
2024-07-28,29.107142857142858,90.0,Bab el-Mandeb Strait,Cape of Good Hope,asia_europe,3.0920245398773005
2024-09-14,31.214285714285715,91.28571428571429,Bab el-Mandeb Strait,Cape of Good Hope,asia_europe,2.9244851258581237
2024-10-09,31.107142857142858,88.64285714285714,Bab el-Mandeb Strait,Cape of Good Hope,asia_europe,2.8495981630309988
2024-10-16,31.035714285714285,87.32142857142857,Bab el-Mandeb Strait,Cape of Good Hope,asia_europe,2.813578826237054
2024-10-17,30.75,87.25,Bab el-Mandeb Strait,Cape of Good Hope,asia_europe,2.83739837398374
2024-11-07,32.535714285714285,85.5,Bab el-Mandeb Strait,Cape of Good Hope,asia_europe,2.62788144895719
2024-11-16,33.107142857142854,85.57142857142857,Bab el-Mandeb Strait,Cape of Good Hope,asia_europe,2.584681769147789
2024-12-02,32.785714285714285,83.17857142857143,Bab el-Mandeb Strait,Cape of Good Hope,asia_europe,2.537037037037037
2024-12-06,31.964285714285715,83.82142857142857,Bab el-Mandeb Strait,Cape of Good Hope,asia_europe,2.6223463687150836
2024-12-24,31.321428571428573,80.53571428571429,Bab el-Mandeb Strait,Cape of Good Hope,asia_europe,2.571265678449259
2024-12-31,32.5,79.85714285714286,Bab el-Mandeb Strait,Cape of Good Hope,asia_europe,2.4571428571428573
2025-01-10,31.607142857142858,81.25,Bab el-Mandeb Strait,Cape of Good Hope,asia_europe,2.5706214689265536
2025-01-11,31.285714285714285,81.89285714285714,Bab el-Mandeb Strait,Cape of Good Hope,asia_europe,2.617579908675799
2025-02-03,32.285714285714285,84.60714285714286,Bab el-Mandeb Strait,Cape of Good Hope,asia_europe,2.6205752212389384
2025-02-08,32.535714285714285,84.71428571428571,Bab el-Mandeb Strait,Cape of Good Hope,asia_europe,2.6037321624588365
2025-02-16,31.964285714285715,87.5,Bab el-Mandeb Strait,Cape of Good Hope,asia_europe,2.7374301675977653
2025-02-18,32.142857142857146,86.92857142857143,Bab el-Mandeb Strait,Cape of Good Hope,asia_europe,2.7044444444444444
2025-02-20,32.214285714285715,87.03571428571429,Bab el-Mandeb Strait,Cape of Good Hope,asia_europe,2.7017738359201773
2025-02-23,32.035714285714285,87.10714285714286,Bab el-Mandeb Strait,Cape of Good Hope,asia_europe,2.719063545150502
2025-03-02,31.714285714285715,88.67857142857143,Bab el-Mandeb Strait,Cape of Good Hope,asia_europe,2.796171171171171
2025-03-16,32.5,85.39285714285714,Bab el-Mandeb Strait,Cape of Good Hope,asia_europe,2.6274725274725275
2025-03-17,32.42857142857143,84.89285714285714,Bab el-Mandeb Strait,Cape of Good Hope,asia_europe,2.61784140969163
2025-03-19,32.964285714285715,83.60714285714286,Bab el-Mandeb Strait,Cape of Good Hope,asia_europe,2.5362946912242688
2025-03-24,32.714285714285715,81.42857142857143,Bab el-Mandeb Strait,Cape of Good Hope,asia_europe,2.489082969432314
2025-04-04,33.357142857142854,80.57142857142857,Bab el-Mandeb Strait,Cape of Good Hope,asia_europe,2.4154175588865097
2025-04-06,33.285714285714285,78.64285714285714,Bab el-Mandeb Strait,Cape of Good Hope,asia_europe,2.3626609442060085
2025-04-11,33.464285714285715,81.28571428571429,Bab el-Mandeb Strait,Cape of Good Hope,asia_europe,2.4290288153681963
2025-07-20,30.857142857142858,96.17857142857143,Bab el-Mandeb Strait,Cape of Good Hope,asia_europe,3.1168981481481484
2025-07-24,31.5,99.28571428571429,Bab el-Mandeb Strait,Cape of Good Hope,asia_europe,3.1519274376417235
2025-08-06,31.678571428571427,94.96428571428571,Bab el-Mandeb Strait,Cape of Good Hope,asia_europe,2.9977452085682073
2025-08-16,33.714285714285715,97.25,Bab el-Mandeb Strait,Cape of Good Hope,asia_europe,2.8845338983050848
2025-08-22,33.107142857142854,97.07142857142857,Bab el-Mandeb Strait,Cape of Good Hope,asia_europe,2.9320388349514563
2025-09-11,33.142857142857146,97.07142857142857,Bab el-Mandeb Strait,Cape of Good Hope,asia_europe,2.9288793103448274
2025-09-20,35.57142857142857,96.78571428571429,Bab el-Mandeb Strait,Cape of Good Hope,asia_europe,2.7208835341365467
2025-10-10,34.535714285714285,96.96428571428571,Bab el-Mandeb Strait,Cape of Good Hope,asia_europe,2.8076525336091
2025-10-28,35.642857142857146,94.89285714285714,Bab el-Mandeb Strait,Cape of Good Hope,asia_europe,2.662324649298597
2025-10-30,36.0,93.89285714285714,Bab el-Mandeb Strait,Cape of Good Hope,asia_europe,2.6081349206349205
2025-11-13,37.5,89.35714285714286,Bab el-Mandeb Strait,Cape of Good Hope,asia_europe,2.382857142857143
2025-12-12,35.464285714285715,87.64285714285714,Bab el-Mandeb Strait,Cape of Good Hope,asia_europe,2.4712990936555888
2025-12-21,33.0,85.64285714285714,Bab el-Mandeb Strait,Cape of Good Hope,asia_europe,2.595238095238095
2025-12-31,32.17857142857143,84.89285714285714,Bab el-Mandeb Strait,Cape of Good Hope,asia_europe,2.6381798002219754
2026-01-24,33.714285714285715,86.92857142857143,Bab el-Mandeb Strait,Cape of Good Hope,asia_europe,2.5783898305084745
2026-01-30,34.035714285714285,88.60714285714286,Bab el-Mandeb Strait,Cape of Good Hope,asia_europe,2.603357817418678
2026-02-09,33.82142857142857,85.60714285714286,Bab el-Mandeb Strait,Cape of Good Hope,asia_europe,2.5311510031678988
2026-02-13,34.5,85.17857142857143,Bab el-Mandeb Strait,Cape of Good Hope,asia_europe,2.468944099378882
2026-02-28,36.785714285714285,87.03571428571429,Bab el-Mandeb Strait,Cape of Good Hope,asia_europe,2.3660194174757283
2026-05-05,36.5,95.57142857142857,Bab el-Mandeb Strait,Cape of Good Hope,asia_europe,2.61839530332681
2026-05-13,36.107142857142854,89.35714285714286,Bab el-Mandeb Strait,Cape of Good Hope,asia_europe,2.474777448071217
2026-05-16,36.214285714285715,94.64285714285714,Bab el-Mandeb Strait,Cape of Good Hope,asia_europe,2.613412228796844
2026-06-08,37.107142857142854,99.17857142857143,Bab el-Mandeb Strait,Cape of Good Hope,asia_europe,2.6727622714148223
2026-06-11,36.75,99.17857142857143,Bab el-Mandeb Strait,Cape of Good Hope,asia_europe,2.6987366375121478
2026-06-28,36.607142857142854,92.60714285714286,Bab el-Mandeb Strait,Cape of Good Hope,asia_europe,2.529756097560976
2026-07-05,35.82142857142857,93.75,Bab el-Mandeb Strait,Cape of Good Hope,asia_europe,2.617148554336989
2026-07-10,34.42857142857143,93.5,Bab el-Mandeb Strait,Cape of Good Hope,asia_europe,2.7157676348547715
2026-07-20,35.964285714285715,91.89285714285714,Bab el-Mandeb Strait,Cape of Good Hope,asia_europe,2.555114200595829
2026-07-21,35.82142857142857,92.0,Bab el-Mandeb Strait,Cape of Good Hope,asia_europe,2.568295114656032
2026-08-01,33.214285714285715,91.21428571428571,Bab el-Mandeb Strait,Cape of Good Hope,asia_europe,2.746236559139785
2019-01-03,56.666666666666664,46.0,Bab el-Mandeb Strait,Cape of Good Hope,asia_europe,0.8117647058823529
2019-01-20,53.15,47.55,Bab el-Mandeb Strait,Cape of Good Hope,asia_europe,0.8946378174976481
2019-01-24,51.875,46.625,Bab el-Mandeb Strait,Cape of Good Hope,asia_europe,0.8987951807228916
2019-01-26,51.84615384615385,46.42307692307692,Bab el-Mandeb Strait,Cape of Good Hope,asia_europe,0.89540059347181
2019-02-20,53.392857142857146,49.714285714285715,Bab el-Mandeb Strait,Cape of Good Hope,asia_europe,0.9311036789297659
2019-04-01,53.0,43.17857142857143,Bab el-Mandeb Strait,Cape of Good Hope,asia_europe,0.8146900269541779
2019-04-10,53.42857142857143,44.392857142857146,Bab el-Mandeb Strait,Cape of Good Hope,asia_europe,0.8308823529411765
2019-04-27,55.214285714285715,45.67857142857143,Bab el-Mandeb Strait,Cape of Good Hope,asia_europe,0.8272962483829237
2019-05-10,54.142857142857146,44.285714285714285,Bab el-Mandeb Strait,Cape of Good Hope,asia_europe,0.8179419525065963
2019-05-28,52.67857142857143,44.92857142857143,Bab el-Mandeb Strait,Cape of Good Hope,asia_europe,0.8528813559322034
2019-06-12,51.32142857142857,47.892857142857146,Bab el-Mandeb Strait,Cape of Good Hope,asia_europe,0.9331941544885178
2019-07-23,52.214285714285715,50.67857142857143,Bab el-Mandeb Strait,Cape of Good Hope,asia_europe,0.9705882352941176
2019-08-09,55.785714285714285,52.535714285714285,Bab el-Mandeb Strait,Cape of Good Hope,asia_europe,0.941741357234315
2019-08-27,54.07142857142857,50.857142857142854,Bab el-Mandeb Strait,Cape of Good Hope,asia_europe,0.940554821664465
2019-09-27,53.857142857142854,51.714285714285715,Bab el-Mandeb Strait,Cape of Good Hope,asia_europe,0.960212201591512
2019-10-04,54.107142857142854,54.32142857142857,Bab el-Mandeb Strait,Cape of Good Hope,asia_europe,1.003960396039604
2019-11-11,55.17857142857143,49.17857142857143,Bab el-Mandeb Strait,Cape of Good Hope,asia_europe,0.8912621359223301
2019-11-18,55.07142857142857,47.785714285714285,Bab el-Mandeb Strait,Cape of Good Hope,asia_europe,0.867704280155642
2019-11-23,55.035714285714285,48.392857142857146,Bab el-Mandeb Strait,Cape of Good Hope,asia_europe,0.8792991563919533
2020-02-28,54.714285714285715,52.5,Bab el-Mandeb Strait,Cape of Good Hope,asia_europe,0.9595300261096605
2020-02-29,54.464285714285715,48.892857142857146,Bab el-Mandeb Strait,Cape of Good Hope,asia_europe,0.897704918032787
2020-03-21,53.964285714285715,42.32142857142857,Bab el-Mandeb Strait,Cape of Good Hope,asia_europe,0.7842488418266048
2020-03-22,53.214285714285715,42.32142857142857,Bab el-Mandeb Strait,Cape of Good Hope,asia_europe,0.7953020134228187
2020-03-30,54.0,44.07142857142857,Bab el-Mandeb Strait,Cape of Good Hope,asia_europe,0.816137566137566
2020-04-14,56.5,46.857142857142854,Bab el-Mandeb Strait,Cape of Good Hope,asia_europe,0.8293299620733249
2020-04-29,57.535714285714285,51.07142857142857,Bab el-Mandeb Strait,Cape of Good Hope,asia_europe,0.8876474239602731
2020-05-19,55.464285714285715,53.642857142857146,Bab el-Mandeb Strait,Cape of Good Hope,asia_europe,0.9671603348358017
2020-06-12,50.035714285714285,54.607142857142854,Bab el-Mandeb Strait,Cape of Good Hope,asia_europe,1.091363311920057
2020-06-22,48.25,56.142857142857146,Bab el-Mandeb Strait,Cape of Good Hope,asia_europe,1.1635825314581791
2020-07-18,51.67857142857143,56.42857142857143,Bab el-Mandeb Strait,Cape of Good Hope,asia_europe,1.0919143054595715
2020-07-30,53.035714285714285,60.25,Bab el-Mandeb Strait,Cape of Good Hope,asia_europe,1.136026936026936
2020-09-02,54.25,54.285714285714285,Bab el-Mandeb Strait,Cape of Good Hope,asia_europe,1.0006583278472678
2020-10-13,55.5,51.42857142857143,Bab el-Mandeb Strait,Cape of Good Hope,asia_europe,0.9266409266409267
2020-10-24,55.142857142857146,51.07142857142857,Bab el-Mandeb Strait,Cape of Good Hope,asia_europe,0.9261658031088082
2020-10-29,54.892857142857146,50.285714285714285,Bab el-Mandeb Strait,Cape of Good Hope,asia_europe,0.9160702667534156
2020-11-12,53.857142857142854,48.857142857142854,Bab el-Mandeb Strait,Cape of Good Hope,asia_europe,0.9071618037135278
2020-11-23,55.464285714285715,48.214285714285715,Bab el-Mandeb Strait,Cape of Good Hope,asia_europe,0.8692852543464262
2020-12-25,56.857142857142854,44.92857142857143,Bab el-Mandeb Strait,Cape of Good Hope,asia_europe,0.7902010050251257
2021-01-19,56.392857142857146,42.964285714285715,Bab el-Mandeb Strait,Cape of Good Hope,asia_europe,0.7618746041798606
2021-01-31,58.035714285714285,42.92857142857143,Bab el-Mandeb Strait,Cape of Good Hope,asia_europe,0.7396923076923078
2021-02-21,59.285714285714285,44.42857142857143,Bab el-Mandeb Strait,Cape of Good Hope,asia_europe,0.7493975903614458
2021-03-23,59.32142857142857,48.964285714285715,Bab el-Mandeb Strait,Cape of Good Hope,asia_europe,0.8254063816977725
2021-04-13,54.714285714285715,50.714285714285715,Bab el-Mandeb Strait,Cape of Good Hope,asia_europe,0.9268929503916449
2021-04-28,59.17857142857143,53.285714285714285,Bab el-Mandeb Strait,Cape of Good Hope,asia_europe,0.900422450211225
2021-05-15,55.607142857142854,50.357142857142854,Bab el-Mandeb Strait,Cape of Good Hope,asia_europe,0.905587668593449
2021-05-23,56.642857142857146,48.607142857142854,Bab el-Mandeb Strait,Cape of Good Hope,asia_europe,0.8581336696090793
2021-05-30,56.92857142857143,50.464285714285715,Bab el-Mandeb Strait,Cape of Good Hope,asia_europe,0.8864491844416562
2021-06-03,56.035714285714285,50.285714285714285,Bab el-Mandeb Strait,Cape of Good Hope,asia_europe,0.8973868706182282
2021-06-13,56.17857142857143,50.035714285714285,Bab el-Mandeb Strait,Cape of Good Hope,asia_europe,0.8906547997457088
2021-06-28,58.5,50.285714285714285,Bab el-Mandeb Strait,Cape of Good Hope,asia_europe,0.8595848595848595
2021-07-07,59.07142857142857,50.0,Bab el-Mandeb Strait,Cape of Good Hope,asia_europe,0.8464328899637243
2021-07-12,59.035714285714285,49.464285714285715,Bab el-Mandeb Strait,Cape of Good Hope,asia_europe,0.837870538415003
2021-07-16,58.75,50.357142857142854,Bab el-Mandeb Strait,Cape of Good Hope,asia_europe,0.8571428571428571
2021-07-24,58.0,51.25,Bab el-Mandeb Strait,Cape of Good Hope,asia_europe,0.8836206896551724
2021-08-06,58.892857142857146,51.75,Bab el-Mandeb Strait,Cape of Good Hope,asia_europe,0.8787143723468769
2021-10-02,60.785714285714285,48.107142857142854,Bab el-Mandeb Strait,Cape of Good Hope,asia_europe,0.7914218566392479
2021-10-03,61.17857142857143,47.142857142857146,Bab el-Mandeb Strait,Cape of Good Hope,asia_europe,0.7705779334500876
2021-11-02,59.07142857142857,41.535714285714285,Bab el-Mandeb Strait,Cape of Good Hope,asia_europe,0.7031438935912938
2021-11-19,60.17857142857143,41.42857142857143,Bab el-Mandeb Strait,Cape of Good Hope,asia_europe,0.6884272997032641
2021-11-26,61.82142857142857,40.857142857142854,Bab el-Mandeb Strait,Cape of Good Hope,asia_europe,0.6608896591565568
2022-01-17,61.32142857142857,41.32142857142857,Bab el-Mandeb Strait,Cape of Good Hope,asia_europe,0.6738497379149679
2022-02-11,62.857142857142854,40.75,Bab el-Mandeb Strait,Cape of Good Hope,asia_europe,0.6482954545454546
2022-02-13,63.142857142857146,41.82142857142857,Bab el-Mandeb Strait,Cape of Good Hope,asia_europe,0.6623303167420814
2022-02-24,63.535714285714285,43.107142857142854,Bab el-Mandeb Strait,Cape of Good Hope,asia_europe,0.6784710511523327
2022-03-25,61.32142857142857,40.42857142857143,Bab el-Mandeb Strait,Cape of Good Hope,asia_europe,0.6592894583576006
2022-03-31,61.964285714285715,40.25,Bab el-Mandeb Strait,Cape of Good Hope,asia_europe,0.6495677233429394
2022-04-01,62.535714285714285,40.035714285714285,Bab el-Mandeb Strait,Cape of Good Hope,asia_europe,0.6402055968018275
2022-04-05,63.357142857142854,40.642857142857146,Bab el-Mandeb Strait,Cape of Good Hope,asia_europe,0.6414881623449832
2022-04-07,63.67857142857143,39.714285714285715,Bab el-Mandeb Strait,Cape of Good Hope,asia_europe,0.6236679753224902
2022-04-25,64.28571428571429,40.392857142857146,Bab el-Mandeb Strait,Cape of Good Hope,asia_europe,0.6283333333333333
2022-05-07,64.75,43.035714285714285,Bab el-Mandeb Strait,Cape of Good Hope,asia_europe,0.6646442360728075
2022-05-10,64.28571428571429,43.75,Bab el-Mandeb Strait,Cape of Good Hope,asia_europe,0.6805555555555555
2022-05-13,65.0,44.964285714285715,Bab el-Mandeb Strait,Cape of Good Hope,asia_europe,0.6917582417582417
2022-06-16,65.67857142857143,46.035714285714285,Bab el-Mandeb Strait,Cape of Good Hope,asia_europe,0.7009244154431756
2022-08-10,68.89285714285714,48.17857142857143,Bab el-Mandeb Strait,Cape of Good Hope,asia_europe,0.6993260756868844
2022-09-02,69.82142857142857,46.357142857142854,Bab el-Mandeb Strait,Cape of Good Hope,asia_europe,0.6639386189258312
2022-09-06,70.21428571428571,46.142857142857146,Bab el-Mandeb Strait,Cape of Good Hope,asia_europe,0.6571719226856563
2022-09-17,71.14285714285714,47.67857142857143,Bab el-Mandeb Strait,Cape of Good Hope,asia_europe,0.6701807228915664
2022-10-06,69.46428571428571,45.464285714285715,Bab el-Mandeb Strait,Cape of Good Hope,asia_europe,0.6544987146529564
2022-10-10,69.96428571428571,45.642857142857146,Bab el-Mandeb Strait,Cape of Good Hope,asia_europe,0.652373660030628
2022-10-31,70.46428571428571,42.142857142857146,Bab el-Mandeb Strait,Cape of Good Hope,asia_europe,0.5980739989863153
2022-11-29,73.0,41.785714285714285,Bab el-Mandeb Strait,Cape of Good Hope,asia_europe,0.5724070450097847
2022-12-31,71.96428571428571,39.892857142857146,Bab el-Mandeb Strait,Cape of Good Hope,asia_europe,0.5543424317617867
2023-01-08,73.39285714285714,40.035714285714285,Bab el-Mandeb Strait,Cape of Good Hope,asia_europe,0.5454987834549878
2023-02-19,68.96428571428571,42.464285714285715,Bab el-Mandeb Strait,Cape of Good Hope,asia_europe,0.6157431382703263
2023-04-10,73.32142857142857,43.642857142857146,Bab el-Mandeb Strait,Cape of Good Hope,asia_europe,0.5952264978080858
2023-04-18,72.96428571428571,43.714285714285715,Bab el-Mandeb Strait,Cape of Good Hope,asia_europe,0.5991189427312776
2023-05-01,75.96428571428571,45.107142857142854,Bab el-Mandeb Strait,Cape of Good Hope,asia_europe,0.5937940761636107
2023-05-02,76.14285714285714,44.57142857142857,Bab el-Mandeb Strait,Cape of Good Hope,asia_europe,0.5853658536585366
2023-05-06,75.64285714285714,44.92857142857143,Bab el-Mandeb Strait,Cape of Good Hope,asia_europe,0.5939565627950898
2023-05-11,77.78571428571429,47.285714285714285,Bab el-Mandeb Strait,Cape of Good Hope,asia_europe,0.6078971533516987
2023-05-12,77.46428571428571,46.857142857142854,Bab el-Mandeb Strait,Cape of Good Hope,asia_europe,0.6048870447210696
2023-05-17,77.07142857142857,46.92857142857143,Bab el-Mandeb Strait,Cape of Good Hope,asia_europe,0.6088971269694161
2023-06-06,79.0,50.464285714285715,Bab el-Mandeb Strait,Cape of Good Hope,asia_europe,0.6387884267631103
2023-06-24,76.42857142857143,52.642857142857146,Bab el-Mandeb Strait,Cape of Good Hope,asia_europe,0.688785046728972
2023-06-28,77.14285714285714,51.92857142857143,Bab el-Mandeb Strait,Cape of Good Hope,asia_europe,0.6731481481481482
2023-09-26,75.92857142857143,56.785714285714285,Bab el-Mandeb Strait,Cape of Good Hope,asia_europe,0.7478833490122295
2023-10-13,76.07142857142857,56.142857142857146,Bab el-Mandeb Strait,Cape of Good Hope,asia_europe,0.7380281690140845
2023-10-21,78.53571428571429,52.357142857142854,Bab el-Mandeb Strait,Cape of Good Hope,asia_europe,0.6666666666666666
2023-10-23,78.35714285714286,52.285714285714285,Bab el-Mandeb Strait,Cape of Good Hope,asia_europe,0.6672743846855059
2023-11-03,78.71428571428571,49.857142857142854,Bab el-Mandeb Strait,Cape of Good Hope,asia_europe,0.6333938294010889
2023-11-08,78.14285714285714,49.964285714285715,Bab el-Mandeb Strait,Cape of Good Hope,asia_europe,0.6393967093235833
2023-11-20,76.53571428571429,48.92857142857143,Bab el-Mandeb Strait,Cape of Good Hope,asia_europe,0.6392907139524031
2023-12-05,77.5,48.142857142857146,Bab el-Mandeb Strait,Cape of Good Hope,asia_europe,0.6211981566820277
2023-12-11,75.89285714285714,48.464285714285715,Bab el-Mandeb Strait,Cape of Good Hope,asia_europe,0.6385882352941177
2023-12-31,64.28571428571429,52.0,Bab el-Mandeb Strait,Cape of Good Hope,asia_europe,0.8088888888888888
2024-01-17,47.42857142857143,65.32142857142857,Bab el-Mandeb Strait,Cape of Good Hope,asia_europe,1.3772590361445782
2024-01-21,44.75,68.71428571428571,Bab el-Mandeb Strait,Cape of Good Hope,asia_europe,1.5355147645650438
2024-01-26,41.07142857142857,70.92857142857143,Bab el-Mandeb Strait,Cape of Good Hope,asia_europe,1.7269565217391305
2024-02-14,34.17857142857143,77.89285714285714,Bab el-Mandeb Strait,Cape of Good Hope,asia_europe,2.2789968652037613
2024-03-03,35.392857142857146,87.71428571428571,Bab el-Mandeb Strait,Cape of Good Hope,asia_europe,2.478304742684157
2024-03-07,34.892857142857146,89.67857142857143,Bab el-Mandeb Strait,Cape of Good Hope,asia_europe,2.570112589559877
2024-06-12,32.32142857142857,93.0,Bab el-Mandeb Strait,Cape of Good Hope,asia_europe,2.877348066298343
2024-06-24,32.32142857142857,95.17857142857143,Bab el-Mandeb Strait,Cape of Good Hope,asia_europe,2.94475138121547
2024-06-26,31.571428571428573,94.67857142857143,Bab el-Mandeb Strait,Cape of Good Hope,asia_europe,2.998868778280543
2024-07-10,30.571428571428573,86.5,Bab el-Mandeb Strait,Cape of Good Hope,asia_europe,2.8294392523364484
2024-07-13,29.821428571428573,92.89285714285714,Bab el-Mandeb Strait,Cape of Good Hope,asia_europe,3.114970059880239
2024-08-02,29.714285714285715,94.89285714285714,Bab el-Mandeb Strait,Cape of Good Hope,asia_europe,3.193509615384615
2024-08-09,29.214285714285715,94.17857142857143,Bab el-Mandeb Strait,Cape of Good Hope,asia_europe,3.2237163814180927
2024-08-10,29.357142857142858,91.64285714285714,Bab el-Mandeb Strait,Cape of Good Hope,asia_europe,3.1216545012165446
2024-09-03,30.75,93.75,Bab el-Mandeb Strait,Cape of Good Hope,asia_europe,3.048780487804878
2024-09-08,31.178571428571427,94.17857142857143,Bab el-Mandeb Strait,Cape of Good Hope,asia_europe,3.0206185567010313
2024-10-07,31.071428571428573,89.10714285714286,Bab el-Mandeb Strait,Cape of Good Hope,asia_europe,2.867816091954023
2024-10-10,30.678571428571427,88.60714285714286,Bab el-Mandeb Strait,Cape of Good Hope,asia_europe,2.8882421420256112
2024-10-14,31.535714285714285,87.10714285714286,Bab el-Mandeb Strait,Cape of Good Hope,asia_europe,2.762174405436014
2024-10-26,31.0,86.64285714285714,Bab el-Mandeb Strait,Cape of Good Hope,asia_europe,2.794930875576037
2024-11-13,33.035714285714285,86.14285714285714,Bab el-Mandeb Strait,Cape of Good Hope,asia_europe,2.6075675675675676
2024-11-18,32.857142857142854,86.39285714285714,Bab el-Mandeb Strait,Cape of Good Hope,asia_europe,2.6293478260869567
2024-12-01,33.07142857142857,82.60714285714286,Bab el-Mandeb Strait,Cape of Good Hope,asia_europe,2.4978401727861774
2024-12-15,32.857142857142854,80.64285714285714,Bab el-Mandeb Strait,Cape of Good Hope,asia_europe,2.4543478260869565
2025-01-04,32.464285714285715,80.71428571428571,Bab el-Mandeb Strait,Cape of Good Hope,asia_europe,2.486248624862486
2025-01-13,32.07142857142857,82.07142857142857,Bab el-Mandeb Strait,Cape of Good Hope,asia_europe,2.55902004454343
2025-01-21,32.75,82.21428571428571,Bab el-Mandeb Strait,Cape of Good Hope,asia_europe,2.5103598691384947
2025-01-27,32.5,83.5,Bab el-Mandeb Strait,Cape of Good Hope,asia_europe,2.5692307692307694
2025-02-06,32.32142857142857,86.0,Bab el-Mandeb Strait,Cape of Good Hope,asia_europe,2.6607734806629835
2025-02-27,32.07142857142857,87.32142857142857,Bab el-Mandeb Strait,Cape of Good Hope,asia_europe,2.72271714922049
2025-05-09,32.25,86.64285714285714,Bab el-Mandeb Strait,Cape of Good Hope,asia_europe,2.686600221483942
2025-05-19,32.642857142857146,91.92857142857143,Bab el-Mandeb Strait,Cape of Good Hope,asia_europe,2.8161925601750544
2025-05-23,33.0,87.75,Bab el-Mandeb Strait,Cape of Good Hope,asia_europe,2.659090909090909
2025-06-28,32.17857142857143,89.10714285714286,Bab el-Mandeb Strait,Cape of Good Hope,asia_europe,2.7691453940066593
2025-08-01,31.0,93.10714285714286,Bab el-Mandeb Strait,Cape of Good Hope,asia_europe,3.003456221198157
2025-08-23,33.142857142857146,95.71428571428571,Bab el-Mandeb Strait,Cape of Good Hope,asia_europe,2.887931034482758
2025-08-25,33.464285714285715,96.17857142857143,Bab el-Mandeb Strait,Cape of Good Hope,asia_europe,2.8740661686232656
2025-09-07,34.5,98.85714285714286,Bab el-Mandeb Strait,Cape of Good Hope,asia_europe,2.865424430641822
2025-09-17,34.92857142857143,92.21428571428571,Bab el-Mandeb Strait,Cape of Good Hope,asia_europe,2.6400817995910018
2025-09-27,34.285714285714285,93.21428571428571,Bab el-Mandeb Strait,Cape of Good Hope,asia_europe,2.71875
2025-10-06,34.42857142857143,95.39285714285714,Bab el-Mandeb Strait,Cape of Good Hope,asia_europe,2.770746887966805
2025-10-09,34.714285714285715,96.39285714285714,Bab el-Mandeb Strait,Cape of Good Hope,asia_europe,2.7767489711934155
2025-10-29,36.285714285714285,93.75,Bab el-Mandeb Strait,Cape of Good Hope,asia_europe,2.5836614173228347
2025-11-04,36.214285714285715,93.71428571428571,Bab el-Mandeb Strait,Cape of Good Hope,asia_europe,2.5877712031558184
2025-11-18,36.07142857142857,87.25,Bab el-Mandeb Strait,Cape of Good Hope,asia_europe,2.4188118811881187
2025-12-04,37.392857142857146,87.10714285714286,Bab el-Mandeb Strait,Cape of Good Hope,asia_europe,2.329512893982808
2025-12-06,37.357142857142854,87.07142857142857,Bab el-Mandeb Strait,Cape of Good Hope,asia_europe,2.3307839388145317
2025-12-07,37.214285714285715,87.17857142857143,Bab el-Mandeb Strait,Cape of Good Hope,asia_europe,2.3426103646833014
2025-12-08,36.75,86.10714285714286,Bab el-Mandeb Strait,Cape of Good Hope,asia_europe,2.3430515063168125
2025-12-11,35.357142857142854,86.75,Bab el-Mandeb Strait,Cape of Good Hope,asia_europe,2.453535353535354
2025-12-20,33.285714285714285,86.89285714285714,Bab el-Mandeb Strait,Cape of Good Hope,asia_europe,2.6105150214592276
2026-01-02,31.821428571428573,84.53571428571429,Bab el-Mandeb Strait,Cape of Good Hope,asia_europe,2.6565656565656566
2026-02-06,34.07142857142857,87.39285714285714,Bab el-Mandeb Strait,Cape of Good Hope,asia_europe,2.5649895178197064
2026-03-01,36.57142857142857,87.17857142857143,Bab el-Mandeb Strait,Cape of Good Hope,asia_europe,2.3837890625
2026-04-20,37.285714285714285,91.67857142857143,Bab el-Mandeb Strait,Cape of Good Hope,asia_europe,2.4588122605363987
2026-05-14,35.75,90.21428571428571,Bab el-Mandeb Strait,Cape of Good Hope,asia_europe,2.5234765234765235
2026-05-19,35.964285714285715,95.89285714285714,Bab el-Mandeb Strait,Cape of Good Hope,asia_europe,2.6663356504468716
2026-05-23,36.0,94.07142857142857,Bab el-Mandeb Strait,Cape of Good Hope,asia_europe,2.613095238095238
2026-05-25,36.42857142857143,96.10714285714286,Bab el-Mandeb Strait,Cape of Good Hope,asia_europe,2.638235294117647
2026-05-26,36.07142857142857,96.53571428571429,Bab el-Mandeb Strait,Cape of Good Hope,asia_europe,2.6762376237623764
2026-06-01,36.035714285714285,96.78571428571429,Bab el-Mandeb Strait,Cape of Good Hope,asia_europe,2.6858275520317147
2026-06-15,36.964285714285715,93.85714285714286,Bab el-Mandeb Strait,Cape of Good Hope,asia_europe,2.5391304347826087
2026-08-05,32.0,90.67857142857143,Bab el-Mandeb Strait,Cape of Good Hope,asia_europe,2.833705357142857
2026-08-15,28.357142857142858,89.17857142857143,Bab el-Mandeb Strait,Cape of Good Hope,asia_europe,3.1448362720403025
2026-08-20,28.357142857142858,89.42857142857143,Bab el-Mandeb Strait,Cape of Good Hope,asia_europe,3.1536523929471034
2019-01-01,52.0,50.0,Bab el-Mandeb Strait,Cape of Good Hope,asia_europe,0.9615384615384616
2019-01-10,54.7,47.0,Bab el-Mandeb Strait,Cape of Good Hope,asia_europe,0.8592321755027422
2019-02-26,53.82142857142857,51.464285714285715,Bab el-Mandeb Strait,Cape of Good Hope,asia_europe,0.9562043795620438
2019-03-02,52.892857142857146,50.642857142857146,Bab el-Mandeb Strait,Cape of Good Hope,asia_europe,0.9574611748818366
2019-03-08,52.214285714285715,49.892857142857146,Bab el-Mandeb Strait,Cape of Good Hope,asia_europe,0.9555403556771547
2019-03-19,51.785714285714285,48.357142857142854,Bab el-Mandeb Strait,Cape of Good Hope,asia_europe,0.9337931034482758
2019-05-17,53.57142857142857,44.92857142857143,Bab el-Mandeb Strait,Cape of Good Hope,asia_europe,0.8386666666666668
2019-06-15,50.857142857142854,48.392857142857146,Bab el-Mandeb Strait,Cape of Good Hope,asia_europe,0.9515449438202248
2019-06-21,49.535714285714285,49.392857142857146,Bab el-Mandeb Strait,Cape of Good Hope,asia_europe,0.9971160778658977
2019-06-26,51.25,50.892857142857146,Bab el-Mandeb Strait,Cape of Good Hope,asia_europe,0.9930313588850175
2019-06-29,51.714285714285715,50.5,Bab el-Mandeb Strait,Cape of Good Hope,asia_europe,0.9765193370165746
2019-07-07,51.25,49.107142857142854,Bab el-Mandeb Strait,Cape of Good Hope,asia_europe,0.9581881533101044
2019-07-16,53.142857142857146,50.642857142857146,Bab el-Mandeb Strait,Cape of Good Hope,asia_europe,0.9529569892473119
2019-07-27,52.392857142857146,50.392857142857146,Bab el-Mandeb Strait,Cape of Good Hope,asia_europe,0.961826857532379
2019-08-11,55.25,51.75,Bab el-Mandeb Strait,Cape of Good Hope,asia_europe,0.9366515837104072
2019-08-22,55.714285714285715,52.285714285714285,Bab el-Mandeb Strait,Cape of Good Hope,asia_europe,0.9384615384615385
2019-08-29,53.964285714285715,51.67857142857143,Bab el-Mandeb Strait,Cape of Good Hope,asia_europe,0.9576439444076771
2019-09-09,54.464285714285715,49.714285714285715,Bab el-Mandeb Strait,Cape of Good Hope,asia_europe,0.9127868852459017
2019-10-19,54.035714285714285,53.857142857142854,Bab el-Mandeb Strait,Cape of Good Hope,asia_europe,0.9966953073364176
2019-10-29,54.5,50.035714285714285,Bab el-Mandeb Strait,Cape of Good Hope,asia_europe,0.918086500655308
2019-11-10,55.357142857142854,49.107142857142854,Bab el-Mandeb Strait,Cape of Good Hope,asia_europe,0.8870967741935484
2019-12-17,53.5,44.035714285714285,Bab el-Mandeb Strait,Cape of Good Hope,asia_europe,0.8230974632843792
2020-01-09,55.392857142857146,39.17857142857143,Bab el-Mandeb Strait,Cape of Good Hope,asia_europe,0.7072856221792392
2020-02-05,57.75,77.07142857142857,Bab el-Mandeb Strait,Cape of Good Hope,asia_europe,1.3345701917130488
2020-02-24,57.464285714285715,75.75,Bab el-Mandeb Strait,Cape of Good Hope,asia_europe,1.3182100683654443
2020-03-11,52.67857142857143,42.392857142857146,Bab el-Mandeb Strait,Cape of Good Hope,asia_europe,0.8047457627118645
2020-04-16,56.607142857142854,47.642857142857146,Bab el-Mandeb Strait,Cape of Good Hope,asia_europe,0.841640378548896
2020-04-18,55.5,49.0,Bab el-Mandeb Strait,Cape of Good Hope,asia_europe,0.8828828828828829
2020-04-30,57.32142857142857,51.57142857142857,Bab el-Mandeb Strait,Cape of Good Hope,asia_europe,0.8996884735202492
2020-05-01,57.392857142857146,52.25,Bab el-Mandeb Strait,Cape of Good Hope,asia_europe,0.9103920348475419
2020-05-17,55.5,52.5,Bab el-Mandeb Strait,Cape of Good Hope,asia_europe,0.9459459459459459
2020-06-09,50.392857142857146,56.17857142857143,Bab el-Mandeb Strait,Cape of Good Hope,asia_europe,1.1148121899362153
2020-06-10,49.714285714285715,56.392857142857146,Bab el-Mandeb Strait,Cape of Good Hope,asia_europe,1.1343390804597702
2020-06-20,48.285714285714285,54.964285714285715,Bab el-Mandeb Strait,Cape of Good Hope,asia_europe,1.1383136094674557
2020-06-29,49.07142857142857,50.285714285714285,Bab el-Mandeb Strait,Cape of Good Hope,asia_europe,1.024745269286754
2020-07-09,49.785714285714285,55.07142857142857,Bab el-Mandeb Strait,Cape of Good Hope,asia_europe,1.1061692969870875
2020-07-12,50.25,55.0,Bab el-Mandeb Strait,Cape of Good Hope,asia_europe,1.0945273631840795
2020-07-13,50.285714285714285,53.357142857142854,Bab el-Mandeb Strait,Cape of Good Hope,asia_europe,1.0610795454545454
2020-07-25,51.964285714285715,61.32142857142857,Bab el-Mandeb Strait,Cape of Good Hope,asia_europe,1.1800687285223368
2020-08-11,52.857142857142854,63.785714285714285,Bab el-Mandeb Strait,Cape of Good Hope,asia_europe,1.2067567567567568
2020-08-18,53.0,55.57142857142857,Bab el-Mandeb Strait,Cape of Good Hope,asia_europe,1.0485175202156334
2020-08-28,53.142857142857146,55.892857142857146,Bab el-Mandeb Strait,Cape of Good Hope,asia_europe,1.051747311827957
2020-09-23,55.892857142857146,54.142857142857146,Bab el-Mandeb Strait,Cape of Good Hope,asia_europe,0.9686900958466453
2020-10-09,55.5,53.0,Bab el-Mandeb Strait,Cape of Good Hope,asia_europe,0.954954954954955
2020-10-17,55.5,50.857142857142854,Bab el-Mandeb Strait,Cape of Good Hope,asia_europe,0.9163449163449163
2020-10-21,55.464285714285715,50.785714285714285,Bab el-Mandeb Strait,Cape of Good Hope,asia_europe,0.9156471345782357
2020-11-19,55.392857142857146,48.75,Bab el-Mandeb Strait,Cape of Good Hope,asia_europe,0.8800773694390716
2021-02-02,57.392857142857146,43.357142857142854,Bab el-Mandeb Strait,Cape of Good Hope,asia_europe,0.7554449284380833
2021-03-01,59.17857142857143,46.785714285714285,Bab el-Mandeb Strait,Cape of Good Hope,asia_europe,0.7905853952926976
2021-03-02,59.32142857142857,47.07142857142857,Bab el-Mandeb Strait,Cape of Good Hope,asia_europe,0.7934978928356412
2021-03-15,59.535714285714285,48.107142857142854,Bab el-Mandeb Strait,Cape of Good Hope,asia_europe,0.8080383923215356
2021-03-30,54.42857142857143,47.892857142857146,Bab el-Mandeb Strait,Cape of Good Hope,asia_europe,0.8799212598425197
2021-04-08,53.642857142857146,49.07142857142857,Bab el-Mandeb Strait,Cape of Good Hope,asia_europe,0.9147802929427429
2021-05-01,59.035714285714285,51.464285714285715,Bab el-Mandeb Strait,Cape of Good Hope,asia_europe,0.8717483363581368
2021-05-27,56.535714285714285,49.785714285714285,Bab el-Mandeb Strait,Cape of Good Hope,asia_europe,0.8806064434617814
2021-07-03,59.0,50.357142857142854,Bab el-Mandeb Strait,Cape of Good Hope,asia_europe,0.8535108958837772
2021-07-06,58.42857142857143,50.285714285714285,Bab el-Mandeb Strait,Cape of Good Hope,asia_europe,0.8606356968215159
2021-07-15,58.857142857142854,49.392857142857146,Bab el-Mandeb Strait,Cape of Good Hope,asia_europe,0.8391990291262137
2021-07-25,58.32142857142857,51.464285714285715,Bab el-Mandeb Strait,Cape of Good Hope,asia_europe,0.8824249846907533
2021-07-31,58.464285714285715,52.42857142857143,Bab el-Mandeb Strait,Cape of Good Hope,asia_europe,0.8967623701893708
2021-08-05,58.285714285714285,51.82142857142857,Bab el-Mandeb Strait,Cape of Good Hope,asia_europe,0.8890931372549019
2021-08-08,58.535714285714285,51.857142857142854,Bab el-Mandeb Strait,Cape of Good Hope,asia_europe,0.8859060402684563
2021-08-10,58.67857142857143,51.785714285714285,Bab el-Mandeb Strait,Cape of Good Hope,asia_europe,0.8825319537431527
2021-08-28,60.5,46.785714285714285,Bab el-Mandeb Strait,Cape of Good Hope,asia_europe,0.7733175914994097
2021-09-13,61.07142857142857,48.0,Bab el-Mandeb Strait,Cape of Good Hope,asia_europe,0.7859649122807018
2021-09-26,61.464285714285715,48.892857142857146,Bab el-Mandeb Strait,Cape of Good Hope,asia_europe,0.7954677513073795
2021-10-07,60.92857142857143,46.17857142857143,Bab el-Mandeb Strait,Cape of Good Hope,asia_europe,0.7579132473622509
2021-10-24,58.92857142857143,42.07142857142857,Bab el-Mandeb Strait,Cape of Good Hope,asia_europe,0.7139393939393939
2021-11-04,59.857142857142854,40.892857142857146,Bab el-Mandeb Strait,Cape of Good Hope,asia_europe,0.6831742243436755
2021-12-28,60.464285714285715,42.32142857142857,Bab el-Mandeb Strait,Cape of Good Hope,asia_europe,0.6999409332545776
2022-01-27,60.607142857142854,42.035714285714285,Bab el-Mandeb Strait,Cape of Good Hope,asia_europe,0.6935769004124926
2022-03-07,62.285714285714285,42.0,Bab el-Mandeb Strait,Cape of Good Hope,asia_europe,0.6743119266055047
2022-03-24,62.07142857142857,40.857142857142854,Bab el-Mandeb Strait,Cape of Good Hope,asia_europe,0.6582278481012658
2022-04-15,63.17857142857143,38.892857142857146,Bab el-Mandeb Strait,Cape of Good Hope,asia_europe,0.6156020350480498
2022-04-18,63.607142857142854,39.035714285714285,Bab el-Mandeb Strait,Cape of Good Hope,asia_europe,0.613700168444694
2022-04-20,63.82142857142857,38.964285714285715,Bab el-Mandeb Strait,Cape of Good Hope,asia_europe,0.6105204252937885
2022-04-23,64.5,40.07142857142857,Bab el-Mandeb Strait,Cape of Good Hope,asia_europe,0.6212624584717608
2022-05-11,64.46428571428571,43.892857142857146,Bab el-Mandeb Strait,Cape of Good Hope,asia_europe,0.6808864265927979
2022-07-02,66.67857142857143,49.0,Bab el-Mandeb Strait,Cape of Good Hope,asia_europe,0.7348687734333155
2022-07-05,67.64285714285714,47.42857142857143,Bab el-Mandeb Strait,Cape of Good Hope,asia_europe,0.7011615628299895
2022-07-09,67.78571428571429,46.82142857142857,Bab el-Mandeb Strait,Cape of Good Hope,asia_europe,0.6907270811380399
2022-07-15,68.75,47.32142857142857,Bab el-Mandeb Strait,Cape of Good Hope,asia_europe,0.6883116883116883
2022-08-11,68.39285714285714,48.464285714285715,Bab el-Mandeb Strait,Cape of Good Hope,asia_europe,0.7086161879895562
2022-08-15,68.28571428571429,46.464285714285715,Bab el-Mandeb Strait,Cape of Good Hope,asia_europe,0.680439330543933
2022-08-17,68.17857142857143,46.535714285714285,Bab el-Mandeb Strait,Cape of Good Hope,asia_europe,0.6825563122053431
2022-08-20,68.14285714285714,46.964285714285715,Bab el-Mandeb Strait,Cape of Good Hope,asia_europe,0.689203354297694
2022-08-22,69.21428571428571,46.285714285714285,Bab el-Mandeb Strait,Cape of Good Hope,asia_europe,0.6687306501547988
2022-09-04,70.17857142857143,46.785714285714285,Bab el-Mandeb Strait,Cape of Good Hope,asia_europe,0.6666666666666666
2022-09-12,70.67857142857143,47.964285714285715,Bab el-Mandeb Strait,Cape of Good Hope,asia_europe,0.6786255684689237
2022-09-15,70.42857142857143,48.32142857142857,Bab el-Mandeb Strait,Cape of Good Hope,asia_europe,0.6861054766734279
2022-10-18,70.67857142857143,43.57142857142857,Bab el-Mandeb Strait,Cape of Good Hope,asia_europe,0.6164729661445174
2022-11-10,72.89285714285714,42.107142857142854,Bab el-Mandeb Strait,Cape of Good Hope,asia_europe,0.5776580107790299
2022-11-26,73.07142857142857,42.0,Bab el-Mandeb Strait,Cape of Good Hope,asia_europe,0.5747800586510264
2022-12-26,70.42857142857143,40.92857142857143,Bab el-Mandeb Strait,Cape of Good Hope,asia_europe,0.5811359026369168
2023-01-20,73.96428571428571,41.642857142857146,Bab el-Mandeb Strait,Cape of Good Hope,asia_europe,0.5630130371801063
2023-02-04,70.82142857142857,42.607142857142854,Bab el-Mandeb Strait,Cape of Good Hope,asia_europe,0.6016137165910237
2023-02-16,70.14285714285714,42.714285714285715,Bab el-Mandeb Strait,Cape of Good Hope,asia_europe,0.6089613034623218
2023-03-18,72.0,42.464285714285715,Bab el-Mandeb Strait,Cape of Good Hope,asia_europe,0.589781746031746
2023-03-28,73.14285714285714,43.82142857142857,Bab el-Mandeb Strait,Cape of Good Hope,asia_europe,0.59912109375
2023-03-30,72.71428571428571,44.0,Bab el-Mandeb Strait,Cape of Good Hope,asia_europe,0.6051080550098232
2023-04-21,73.60714285714286,44.32142857142857,Bab el-Mandeb Strait,Cape of Good Hope,asia_europe,0.6021348859776807
2023-04-29,75.17857142857143,45.57142857142857,Bab el-Mandeb Strait,Cape of Good Hope,asia_europe,0.6061757719714964
2023-05-24,78.64285714285714,47.5,Bab el-Mandeb Strait,Cape of Good Hope,asia_europe,0.6039963669391463
2023-06-18,76.53571428571429,51.07142857142857,Bab el-Mandeb Strait,Cape of Good Hope,asia_europe,0.6672888474101726
2023-06-29,77.0,50.785714285714285,Bab el-Mandeb Strait,Cape of Good Hope,asia_europe,0.6595547309833024
2023-07-02,75.10714285714286,51.67857142857143,Bab el-Mandeb Strait,Cape of Good Hope,asia_europe,0.6880646695197337
2023-07-21,74.42857142857143,51.464285714285715,Bab el-Mandeb Strait,Cape of Good Hope,asia_europe,0.6914587332053743
2023-07-30,73.5,52.392857142857146,Bab el-Mandeb Strait,Cape of Good Hope,asia_europe,0.7128279883381925
2023-08-09,73.39285714285714,54.464285714285715,Bab el-Mandeb Strait,Cape of Good Hope,asia_europe,0.7420924574209247
2023-09-01,72.85714285714286,54.82142857142857,Bab el-Mandeb Strait,Cape of Good Hope,asia_europe,0.7524509803921567
2023-09-05,74.57142857142857,54.857142857142854,Bab el-Mandeb Strait,Cape of Good Hope,asia_europe,0.735632183908046
2023-09-07,74.82142857142857,55.107142857142854,Bab el-Mandeb Strait,Cape of Good Hope,asia_europe,0.7365155131264917
2023-09-12,74.21428571428571,53.82142857142857,Bab el-Mandeb Strait,Cape of Good Hope,asia_europe,0.7252165543792108
2023-11-13,77.64285714285714,48.285714285714285,Bab el-Mandeb Strait,Cape of Good Hope,asia_europe,0.6218951241950322
2023-12-02,75.85714285714286,48.92857142857143,Bab el-Mandeb Strait,Cape of Good Hope,asia_europe,0.6450094161958568
2023-12-06,77.10714285714286,48.5,Bab el-Mandeb Strait,Cape of Good Hope,asia_europe,0.6289949050486336
2023-12-09,76.89285714285714,47.92857142857143,Bab el-Mandeb Strait,Cape of Good Hope,asia_europe,0.623316302833256
2023-12-12,76.35714285714286,48.214285714285715,Bab el-Mandeb Strait,Cape of Good Hope,asia_europe,0.6314312441534143
2023-12-18,75.25,48.75,Bab el-Mandeb Strait,Cape of Good Hope,asia_europe,0.6478405315614618
2024-02-07,35.714285714285715,74.92857142857143,Bab el-Mandeb Strait,Cape of Good Hope,asia_europe,2.098
2024-03-08,34.892857142857146,90.14285714285714,Bab el-Mandeb Strait,Cape of Good Hope,asia_europe,2.583418628454452
2024-04-02,32.32142857142857,83.28571428571429,Bab el-Mandeb Strait,Cape of Good Hope,asia_europe,2.5767955801104976
2024-04-08,31.964285714285715,79.78571428571429,Bab el-Mandeb Strait,Cape of Good Hope,asia_europe,2.4960893854748605
2024-04-30,32.464285714285715,88.46428571428571,Bab el-Mandeb Strait,Cape of Good Hope,asia_europe,2.7249724972497247
2024-05-16,32.035714285714285,90.89285714285714,Bab el-Mandeb Strait,Cape of Good Hope,asia_europe,2.8372352285395763
2024-05-25,32.25,91.17857142857143,Bab el-Mandeb Strait,Cape of Good Hope,asia_europe,2.8272425249169437
2024-05-26,32.17857142857143,90.78571428571429,Bab el-Mandeb Strait,Cape of Good Hope,asia_europe,2.821309655937847
2024-06-03,31.535714285714285,90.82142857142857,Bab el-Mandeb Strait,Cape of Good Hope,asia_europe,2.8799546998867496
2024-07-31,29.25,90.60714285714286,Bab el-Mandeb Strait,Cape of Good Hope,asia_europe,3.0976800976800978
2024-09-12,31.178571428571427,93.17857142857143,Bab el-Mandeb Strait,Cape of Good Hope,asia_europe,2.988545246277205
2024-09-20,31.178571428571427,88.96428571428571,Bab el-Mandeb Strait,Cape of Good Hope,asia_europe,2.8533791523482246
2024-10-24,30.892857142857142,85.53571428571429,Bab el-Mandeb Strait,Cape of Good Hope,asia_europe,2.76878612716763
2024-11-02,31.678571428571427,86.25,Bab el-Mandeb Strait,Cape of Good Hope,asia_europe,2.7226606538895153
2024-11-04,31.464285714285715,85.78571428571429,Bab el-Mandeb Strait,Cape of Good Hope,asia_europe,2.7264472190692395
2024-11-25,33.357142857142854,87.46428571428571,Bab el-Mandeb Strait,Cape of Good Hope,asia_europe,2.6220556745182013
2024-12-13,32.642857142857146,80.85714285714286,Bab el-Mandeb Strait,Cape of Good Hope,asia_europe,2.4770240700218817
2025-01-05,32.535714285714285,80.5,Bab el-Mandeb Strait,Cape of Good Hope,asia_europe,2.474204171240395
2025-01-07,32.07142857142857,80.71428571428571,Bab el-Mandeb Strait,Cape of Good Hope,asia_europe,2.516703786191537
2025-01-09,31.607142857142858,80.42857142857143,Bab el-Mandeb Strait,Cape of Good Hope,asia_europe,2.544632768361582
2025-01-22,32.67857142857143,82.67857142857143,Bab el-Mandeb Strait,Cape of Good Hope,asia_europe,2.530054644808743
2025-03-03,31.857142857142858,88.39285714285714,Bab el-Mandeb Strait,Cape of Good Hope,asia_europe,2.774663677130045
2025-04-01,33.0,79.78571428571429,Bab el-Mandeb Strait,Cape of Good Hope,asia_europe,2.4177489177489178
2025-04-18,32.42857142857143,82.71428571428571,Bab el-Mandeb Strait,Cape of Good Hope,asia_europe,2.5506607929515415
2025-04-26,33.392857142857146,83.35714285714286,Bab el-Mandeb Strait,Cape of Good Hope,asia_europe,2.4962566844919785
2025-04-27,33.107142857142854,83.92857142857143,Bab el-Mandeb Strait,Cape of Good Hope,asia_europe,2.5350593311758365
2025-06-18,34.035714285714285,92.35714285714286,Bab el-Mandeb Strait,Cape of Good Hope,asia_europe,2.7135362014690454
2025-06-20,33.357142857142854,91.78571428571429,Bab el-Mandeb Strait,Cape of Good Hope,asia_europe,2.751605995717345
2025-07-29,30.928571428571427,96.07142857142857,Bab el-Mandeb Strait,Cape of Good Hope,asia_europe,3.1062355658198615
2025-08-03,31.678571428571427,96.85714285714286,Bab el-Mandeb Strait,Cape of Good Hope,asia_europe,3.0574971815107106
2025-08-17,33.714285714285715,95.85714285714286,Bab el-Mandeb Strait,Cape of Good Hope,asia_europe,2.843220338983051
2025-08-29,34.57142857142857,101.03571428571429,Bab el-Mandeb Strait,Cape of Good Hope,asia_europe,2.922520661157025
2025-09-04,34.82142857142857,97.25,Bab el-Mandeb Strait,Cape of Good Hope,asia_europe,2.792820512820513
2025-10-17,33.82142857142857,96.17857142857143,Bab el-Mandeb Strait,Cape of Good Hope,asia_europe,2.8437170010559663
2025-11-01,35.57142857142857,92.60714285714286,Bab el-Mandeb Strait,Cape of Good Hope,asia_europe,2.6034136546184743
2025-11-06,36.535714285714285,90.57142857142857,Bab el-Mandeb Strait,Cape of Good Hope,asia_europe,2.4789833822091887
2025-11-20,36.785714285714285,86.03571428571429,Bab el-Mandeb Strait,Cape of Good Hope,asia_europe,2.338834951456311
2025-11-22,36.82142857142857,85.71428571428571,Bab el-Mandeb Strait,Cape of Good Hope,asia_europe,2.3278370514064015
2026-01-29,33.75,88.17857142857143,Bab el-Mandeb Strait,Cape of Good Hope,asia_europe,2.6126984126984127
2026-02-22,36.17857142857143,87.67857142857143,Bab el-Mandeb Strait,Cape of Good Hope,asia_europe,2.4234945705824282
2026-02-27,37.0,87.10714285714286,Bab el-Mandeb Strait,Cape of Good Hope,asia_europe,2.3542471042471043
2026-03-08,36.892857142857146,90.71428571428571,Bab el-Mandeb Strait,Cape of Good Hope,asia_europe,2.4588576960309774
2026-04-14,37.0,92.53571428571429,Bab el-Mandeb Strait,Cape of Good Hope,asia_europe,2.500965250965251
2026-04-18,36.25,92.35714285714286,Bab el-Mandeb Strait,Cape of Good Hope,asia_europe,2.547783251231527
2026-05-03,36.535714285714285,94.42857142857143,Bab el-Mandeb Strait,Cape of Good Hope,asia_europe,2.58455522971652
2026-06-30,36.42857142857143,92.46428571428571,Bab el-Mandeb Strait,Cape of Good Hope,asia_europe,2.538235294117647
2026-08-04,32.642857142857146,89.71428571428571,Bab el-Mandeb Strait,Cape of Good Hope,asia_europe,2.7483588621444195
2019-02-08,50.607142857142854,46.785714285714285,Bab el-Mandeb Strait,Cape of Good Hope,asia_europe,0.9244883556810163
2019-03-04,52.07142857142857,51.25,Bab el-Mandeb Strait,Cape of Good Hope,asia_europe,0.9842249657064472
2019-03-15,52.642857142857146,48.17857142857143,Bab el-Mandeb Strait,Cape of Good Hope,asia_europe,0.9151967435549525
2019-03-30,52.67857142857143,44.107142857142854,Bab el-Mandeb Strait,Cape of Good Hope,asia_europe,0.8372881355932202
2019-05-02,55.357142857142854,46.285714285714285,Bab el-Mandeb Strait,Cape of Good Hope,asia_europe,0.8361290322580646
2019-05-03,55.535714285714285,46.035714285714285,Bab el-Mandeb Strait,Cape of Good Hope,asia_europe,0.8289389067524116
2019-05-12,53.607142857142854,44.392857142857146,Bab el-Mandeb Strait,Cape of Good Hope,asia_europe,0.8281145902731514
2019-05-27,52.642857142857146,45.25,Bab el-Mandeb Strait,Cape of Good Hope,asia_europe,0.8595658073270013
2019-06-23,49.714285714285715,49.67857142857143,Bab el-Mandeb Strait,Cape of Good Hope,asia_europe,0.9992816091954023
2019-07-08,50.964285714285715,49.107142857142854,Bab el-Mandeb Strait,Cape of Good Hope,asia_europe,0.9635599159074981
2019-07-28,53.0,50.714285714285715,Bab el-Mandeb Strait,Cape of Good Hope,asia_europe,0.9568733153638814
2019-07-29,53.357142857142854,51.607142857142854,Bab el-Mandeb Strait,Cape of Good Hope,asia_europe,0.9672021419009371
2019-07-31,54.214285714285715,51.285714285714285,Bab el-Mandeb Strait,Cape of Good Hope,asia_europe,0.9459815546772068
2019-08-18,54.357142857142854,52.214285714285715,Bab el-Mandeb Strait,Cape of Good Hope,asia_europe,0.9605781865965836
2019-08-21,55.214285714285715,52.25,Bab el-Mandeb Strait,Cape of Good Hope,asia_europe,0.946313065976714
2019-08-28,53.857142857142854,51.464285714285715,Bab el-Mandeb Strait,Cape of Good Hope,asia_europe,0.9555702917771884
2019-09-07,53.82142857142857,49.285714285714285,Bab el-Mandeb Strait,Cape of Good Hope,asia_europe,0.9157266091572661
2019-09-13,54.785714285714285,50.107142857142854,Bab el-Mandeb Strait,Cape of Good Hope,asia_europe,0.9146023468057366
2019-10-13,54.0,53.464285714285715,Bab el-Mandeb Strait,Cape of Good Hope,asia_europe,0.9900793650793651
2019-11-15,55.17857142857143,48.535714285714285,Bab el-Mandeb Strait,Cape of Good Hope,asia_europe,0.8796116504854369
2019-12-13,53.07142857142857,44.57142857142857,Bab el-Mandeb Strait,Cape of Good Hope,asia_europe,0.8398384925975774
2020-02-21,59.142857142857146,81.32142857142857,Bab el-Mandeb Strait,Cape of Good Hope,asia_europe,1.375
2020-02-26,56.07142857142857,64.64285714285714,Bab el-Mandeb Strait,Cape of Good Hope,asia_europe,1.1528662420382165
2020-03-12,52.142857142857146,42.785714285714285,Bab el-Mandeb Strait,Cape of Good Hope,asia_europe,0.8205479452054794
2020-03-26,53.107142857142854,42.67857142857143,Bab el-Mandeb Strait,Cape of Good Hope,asia_europe,0.8036314727639543
2020-04-09,55.785714285714285,44.892857142857146,Bab el-Mandeb Strait,Cape of Good Hope,asia_europe,0.8047375160051217
2020-04-19,56.25,49.107142857142854,Bab el-Mandeb Strait,Cape of Good Hope,asia_europe,0.8730158730158729
2020-04-27,56.67857142857143,50.785714285714285,Bab el-Mandeb Strait,Cape of Good Hope,asia_europe,0.8960302457466918
2020-05-06,56.5,54.0,Bab el-Mandeb Strait,Cape of Good Hope,asia_europe,0.9557522123893806
2020-06-03,51.714285714285715,55.57142857142857,Bab el-Mandeb Strait,Cape of Good Hope,asia_europe,1.0745856353591159
2020-06-11,49.75,55.42857142857143,Bab el-Mandeb Strait,Cape of Good Hope,asia_europe,1.1141421392677675
2020-07-01,49.07142857142857,52.75,Bab el-Mandeb Strait,Cape of Good Hope,asia_europe,1.0749636098981077
2020-07-07,49.535714285714285,53.75,Bab el-Mandeb Strait,Cape of Good Hope,asia_europe,1.0850757029560203
2020-07-08,49.5,54.107142857142854,Bab el-Mandeb Strait,Cape of Good Hope,asia_europe,1.093073593073593
2020-07-10,49.607142857142854,56.642857142857146,Bab el-Mandeb Strait,Cape of Good Hope,asia_europe,1.1418286537077036
2020-07-23,51.42857142857143,59.857142857142854,Bab el-Mandeb Strait,Cape of Good Hope,asia_europe,1.1638888888888888
2020-09-09,55.964285714285715,56.17857142857143,Bab el-Mandeb Strait,Cape of Good Hope,asia_europe,1.00382897255903
2020-09-12,56.32142857142857,55.535714285714285,Bab el-Mandeb Strait,Cape of Good Hope,asia_europe,0.9860494610019024
2020-09-17,56.92857142857143,56.32142857142857,Bab el-Mandeb Strait,Cape of Good Hope,asia_europe,0.9893350062735257
2020-09-21,56.57142857142857,53.5,Bab el-Mandeb Strait,Cape of Good Hope,asia_europe,0.9457070707070707
2020-10-04,55.214285714285715,52.535714285714285,Bab el-Mandeb Strait,Cape of Good Hope,asia_europe,0.9514877102199223
2020-10-19,54.785714285714285,51.82142857142857,Bab el-Mandeb Strait,Cape of Good Hope,asia_europe,0.9458930899608865
2020-11-04,55.214285714285715,48.964285714285715,Bab el-Mandeb Strait,Cape of Good Hope,asia_europe,0.8868046571798189
2020-11-08,53.964285714285715,48.607142857142854,Bab el-Mandeb Strait,Cape of Good Hope,asia_europe,0.900727994705493
2020-11-24,55.57142857142857,48.285714285714285,Bab el-Mandeb Strait,Cape of Good Hope,asia_europe,0.8688946015424165
2021-01-03,55.42857142857143,43.714285714285715,Bab el-Mandeb Strait,Cape of Good Hope,asia_europe,0.788659793814433
2021-02-04,57.142857142857146,42.607142857142854,Bab el-Mandeb Strait,Cape of Good Hope,asia_europe,0.7456249999999999
2021-02-24,59.0,45.607142857142854,Bab el-Mandeb Strait,Cape of Good Hope,asia_europe,0.773002421307506
2021-03-03,59.392857142857146,47.75,Bab el-Mandeb Strait,Cape of Good Hope,asia_europe,0.803968731208659
2021-03-08,59.42857142857143,48.214285714285715,Bab el-Mandeb Strait,Cape of Good Hope,asia_europe,0.8112980769230769
2021-03-13,59.67857142857143,47.964285714285715,Bab el-Mandeb Strait,Cape of Good Hope,asia_europe,0.8037103530819868
2021-03-25,58.82142857142857,48.57142857142857,Bab el-Mandeb Strait,Cape of Good Hope,asia_europe,0.8257437765634487
2021-03-26,58.107142857142854,48.357142857142854,Bab el-Mandeb Strait,Cape of Good Hope,asia_europe,0.8322065150583897
2021-04-07,53.42857142857143,49.25,Bab el-Mandeb Strait,Cape of Good Hope,asia_europe,0.9217914438502673
2021-05-07,57.785714285714285,50.142857142857146,Bab el-Mandeb Strait,Cape of Good Hope,asia_europe,0.8677379480840545
2021-05-16,55.75,50.857142857142854,Bab el-Mandeb Strait,Cape of Good Hope,asia_europe,0.9122357463164638
2021-07-11,58.92857142857143,49.67857142857143,Bab el-Mandeb Strait,Cape of Good Hope,asia_europe,0.843030303030303
2021-07-20,58.57142857142857,50.142857142857146,Bab el-Mandeb Strait,Cape of Good Hope,asia_europe,0.8560975609756099
2021-07-26,58.785714285714285,50.92857142857143,Bab el-Mandeb Strait,Cape of Good Hope,asia_europe,0.8663426488456866
2021-07-30,58.75,51.714285714285715,Bab el-Mandeb Strait,Cape of Good Hope,asia_europe,0.880243161094225
2021-08-03,58.92857142857143,52.107142857142854,Bab el-Mandeb Strait,Cape of Good Hope,asia_europe,0.8842424242424242
2021-09-04,61.42857142857143,46.464285714285715,Bab el-Mandeb Strait,Cape of Good Hope,asia_europe,0.7563953488372093
2021-09-10,61.32142857142857,48.57142857142857,Bab el-Mandeb Strait,Cape of Good Hope,asia_europe,0.7920792079207921
2021-09-14,61.07142857142857,47.67857142857143,Bab el-Mandeb Strait,Cape of Good Hope,asia_europe,0.780701754385965
2021-09-22,59.964285714285715,47.964285714285715,Bab el-Mandeb Strait,Cape of Good Hope,asia_europe,0.7998808814770697
2021-11-07,59.392857142857146,40.67857142857143,Bab el-Mandeb Strait,Cape of Good Hope,asia_europe,0.6849067949488875
2021-11-18,59.642857142857146,42.464285714285715,Bab el-Mandeb Strait,Cape of Good Hope,asia_europe,0.7119760479041916
2021-11-24,62.107142857142854,42.07142857142857,Bab el-Mandeb Strait,Cape of Good Hope,asia_europe,0.6774008050603795
2021-12-12,62.32142857142857,42.42857142857143,Bab el-Mandeb Strait,Cape of Good Hope,asia_europe,0.6808022922636103
2021-12-16,62.607142857142854,43.107142857142854,Bab el-Mandeb Strait,Cape of Good Hope,asia_europe,0.688533941814033
2022-01-28,60.892857142857146,41.67857142857143,Bab el-Mandeb Strait,Cape of Good Hope,asia_europe,0.6844574780058651
2022-01-30,61.142857142857146,41.42857142857143,Bab el-Mandeb Strait,Cape of Good Hope,asia_europe,0.677570093457944
2022-02-12,62.535714285714285,41.17857142857143,Bab el-Mandeb Strait,Cape of Good Hope,asia_europe,0.6584808680753855
2022-02-22,63.357142857142854,43.285714285714285,Bab el-Mandeb Strait,Cape of Good Hope,asia_europe,0.6832018038331454
2022-03-08,61.357142857142854,42.107142857142854,Bab el-Mandeb Strait,Cape of Good Hope,asia_europe,0.6862630966239813
2022-04-30,63.92857142857143,41.714285714285715,Bab el-Mandeb Strait,Cape of Good Hope,asia_europe,0.6525139664804469
2022-05-26,64.10714285714286,45.25,Bab el-Mandeb Strait,Cape of Good Hope,asia_europe,0.7058495821727019
2022-06-03,63.892857142857146,44.607142857142854,Bab el-Mandeb Strait,Cape of Good Hope,asia_europe,0.6981553940749021
2022-06-22,65.67857142857143,46.57142857142857,Bab el-Mandeb Strait,Cape of Good Hope,asia_europe,0.7090810222947254
2022-06-25,65.25,45.67857142857143,Bab el-Mandeb Strait,Cape of Good Hope,asia_europe,0.7000547345374932
2022-07-25,69.03571428571429,47.785714285714285,Bab el-Mandeb Strait,Cape of Good Hope,asia_europe,0.6921883083290221
2022-07-29,68.67857142857143,46.714285714285715,Bab el-Mandeb Strait,Cape of Good Hope,asia_europe,0.6801872074882995
2022-08-06,69.21428571428571,47.392857142857146,Bab el-Mandeb Strait,Cape of Good Hope,asia_europe,0.6847265221878226
2022-08-19,68.64285714285714,46.92857142857143,Bab el-Mandeb Strait,Cape of Good Hope,asia_europe,0.6836628511966703
2022-09-16,70.92857142857143,47.357142857142854,Bab el-Mandeb Strait,Cape of Good Hope,asia_europe,0.6676737160120846
2022-10-04,69.75,47.75,Bab el-Mandeb Strait,Cape of Good Hope,asia_europe,0.6845878136200717
2022-10-11,70.42857142857143,45.964285714285715,Bab el-Mandeb Strait,Cape of Good Hope,asia_europe,0.6526369168356998
2022-10-12,70.42857142857143,45.285714285714285,Bab el-Mandeb Strait,Cape of Good Hope,asia_europe,0.6430020283975659
2022-11-12,73.21428571428571,42.17857142857143,Bab el-Mandeb Strait,Cape of Good Hope,asia_europe,0.5760975609756098
2022-11-14,72.78571428571429,41.964285714285715,Bab el-Mandeb Strait,Cape of Good Hope,asia_europe,0.5765456329735034
2022-11-19,73.14285714285714,41.892857142857146,Bab el-Mandeb Strait,Cape of Good Hope,asia_europe,0.5727539062500001
2022-11-30,72.67857142857143,41.535714285714285,Bab el-Mandeb Strait,Cape of Good Hope,asia_europe,0.5714987714987715
2022-12-21,70.75,40.607142857142854,Bab el-Mandeb Strait,Cape of Good Hope,asia_europe,0.5739525492175669
2023-01-02,72.64285714285714,40.17857142857143,Bab el-Mandeb Strait,Cape of Good Hope,asia_europe,0.5530973451327434
2023-01-13,72.57142857142857,41.5,Bab el-Mandeb Strait,Cape of Good Hope,asia_europe,0.5718503937007874
2023-03-11,70.28571428571429,40.892857142857146,Bab el-Mandeb Strait,Cape of Good Hope,asia_europe,0.5818089430894309
2023-04-09,73.60714285714286,44.142857142857146,Bab el-Mandeb Strait,Cape of Good Hope,asia_europe,0.5997088791848617
2023-04-15,73.03571428571429,43.17857142857143,Bab el-Mandeb Strait,Cape of Good Hope,asia_europe,0.5911980440097799
2023-04-19,73.78571428571429,44.392857142857146,Bab el-Mandeb Strait,Cape of Good Hope,asia_europe,0.6016456921587608
2023-04-30,75.25,45.32142857142857,Bab el-Mandeb Strait,Cape of Good Hope,asia_europe,0.6022781205505457
2023-06-12,77.28571428571429,51.25,Bab el-Mandeb Strait,Cape of Good Hope,asia_europe,0.6631238447319777
2023-06-25,76.75,53.357142857142854,Bab el-Mandeb Strait,Cape of Good Hope,asia_europe,0.6952070730572358
2023-06-26,77.0,52.607142857142854,Bab el-Mandeb Strait,Cape of Good Hope,asia_europe,0.6832096474953617
2023-07-09,75.17857142857143,50.75,Bab el-Mandeb Strait,Cape of Good Hope,asia_europe,0.6750593824228028
2023-07-16,75.35714285714286,52.0,Bab el-Mandeb Strait,Cape of Good Hope,asia_europe,0.6900473933649288
2023-07-22,74.42857142857143,51.42857142857143,Bab el-Mandeb Strait,Cape of Good Hope,asia_europe,0.690978886756238
2023-08-06,73.64285714285714,55.464285714285715,Bab el-Mandeb Strait,Cape of Good Hope,asia_europe,0.7531522793404463
2023-08-11,73.21428571428571,54.75,Bab el-Mandeb Strait,Cape of Good Hope,asia_europe,0.7478048780487806
2023-08-19,73.32142857142857,54.25,Bab el-Mandeb Strait,Cape of Good Hope,asia_europe,0.7398928397467122
2023-08-20,73.60714285714286,55.035714285714285,Bab el-Mandeb Strait,Cape of Good Hope,asia_europe,0.7476952935468218
2023-09-03,73.53571428571429,54.785714285714285,Bab el-Mandeb Strait,Cape of Good Hope,asia_europe,0.7450218552695482
2023-09-16,74.67857142857143,52.57142857142857,Bab el-Mandeb Strait,Cape of Good Hope,asia_europe,0.7039693926351028
2023-09-24,76.42857142857143,57.714285714285715,Bab el-Mandeb Strait,Cape of Good Hope,asia_europe,0.7551401869158878
2023-09-28,75.21428571428571,55.92857142857143,Bab el-Mandeb Strait,Cape of Good Hope,asia_europe,0.7435897435897437
2023-09-29,75.5,56.142857142857146,Bab el-Mandeb Strait,Cape of Good Hope,asia_europe,0.7436140018921477
2023-10-19,78.14285714285714,53.892857142857146,Bab el-Mandeb Strait,Cape of Good Hope,asia_europe,0.6896709323583182
2023-11-06,78.67857142857143,49.92857142857143,Bab el-Mandeb Strait,Cape of Good Hope,asia_europe,0.6345891965501589
2023-11-18,76.75,48.5,Bab el-Mandeb Strait,Cape of Good Hope,asia_europe,0.6319218241042345
2023-12-17,75.96428571428571,48.892857142857146,Bab el-Mandeb Strait,Cape of Good Hope,asia_europe,0.6436295251527975
2024-01-29,40.035714285714285,72.17857142857143,Bab el-Mandeb Strait,Cape of Good Hope,asia_europe,1.8028545941123997
2024-02-01,38.25,72.21428571428571,Bab el-Mandeb Strait,Cape of Good Hope,asia_europe,1.8879551820728289
2024-02-08,34.785714285714285,74.92857142857143,Bab el-Mandeb Strait,Cape of Good Hope,asia_europe,2.154004106776181
2024-02-19,33.857142857142854,82.07142857142857,Bab el-Mandeb Strait,Cape of Good Hope,asia_europe,2.4240506329113924
2024-02-29,35.07142857142857,85.71428571428571,Bab el-Mandeb Strait,Cape of Good Hope,asia_europe,2.443991853360489
2024-03-14,34.464285714285715,90.21428571428571,Bab el-Mandeb Strait,Cape of Good Hope,asia_europe,2.6176165803108806
2024-04-10,32.07142857142857,80.10714285714286,Bab el-Mandeb Strait,Cape of Good Hope,asia_europe,2.4977728285077956
2024-05-03,33.07142857142857,88.96428571428571,Bab el-Mandeb Strait,Cape of Good Hope,asia_europe,2.6900647948164145
2024-05-14,32.214285714285715,90.71428571428571,Bab el-Mandeb Strait,Cape of Good Hope,asia_europe,2.815964523281596
2024-06-09,31.964285714285715,92.85714285714286,Bab el-Mandeb Strait,Cape of Good Hope,asia_europe,2.905027932960894
2024-06-14,32.642857142857146,94.42857142857143,Bab el-Mandeb Strait,Cape of Good Hope,asia_europe,2.8927789934354484
2024-07-06,30.392857142857142,94.03571428571429,Bab el-Mandeb Strait,Cape of Good Hope,asia_europe,3.09400705052879
2024-07-09,30.571428571428573,87.60714285714286,Bab el-Mandeb Strait,Cape of Good Hope,asia_europe,2.8656542056074765
2024-07-25,29.142857142857142,95.42857142857143,Bab el-Mandeb Strait,Cape of Good Hope,asia_europe,3.2745098039215685
2024-09-01,30.892857142857142,91.67857142857143,Bab el-Mandeb Strait,Cape of Good Hope,asia_europe,2.9676300578034684
2024-09-25,30.785714285714285,93.53571428571429,Bab el-Mandeb Strait,Cape of Good Hope,asia_europe,3.0382830626450117
2024-10-03,30.571428571428573,87.03571428571429,Bab el-Mandeb Strait,Cape of Good Hope,asia_europe,2.84696261682243
2024-10-28,31.285714285714285,87.92857142857143,Bab el-Mandeb Strait,Cape of Good Hope,asia_europe,2.810502283105023
2024-11-03,31.785714285714285,85.89285714285714,Bab el-Mandeb Strait,Cape of Good Hope,asia_europe,2.702247191011236
2024-11-17,33.035714285714285,86.03571428571429,Bab el-Mandeb Strait,Cape of Good Hope,asia_europe,2.6043243243243244
2024-12-03,32.25,83.75,Bab el-Mandeb Strait,Cape of Good Hope,asia_europe,2.5968992248062017
2024-12-23,31.571428571428573,79.53571428571429,Bab el-Mandeb Strait,Cape of Good Hope,asia_europe,2.519230769230769
2025-01-12,31.321428571428573,81.75,Bab el-Mandeb Strait,Cape of Good Hope,asia_europe,2.6100342075256555
2025-02-12,31.214285714285715,86.17857142857143,Bab el-Mandeb Strait,Cape of Good Hope,asia_europe,2.760869565217391
2025-03-14,32.035714285714285,85.71428571428571,Bab el-Mandeb Strait,Cape of Good Hope,asia_europe,2.6755852842809364
2025-04-19,32.964285714285715,82.28571428571429,Bab el-Mandeb Strait,Cape of Good Hope,asia_europe,2.496208017334778
2025-04-22,33.0,82.92857142857143,Bab el-Mandeb Strait,Cape of Good Hope,asia_europe,2.512987012987013
2025-05-07,31.607142857142858,85.96428571428571,Bab el-Mandeb Strait,Cape of Good Hope,asia_europe,2.719774011299435
2025-05-24,32.75,88.5,Bab el-Mandeb Strait,Cape of Good Hope,asia_europe,2.7022900763358777
2025-06-15,34.82142857142857,89.10714285714286,Bab el-Mandeb Strait,Cape of Good Hope,asia_europe,2.558974358974359
2025-06-19,33.82142857142857,92.28571428571429,Bab el-Mandeb Strait,Cape of Good Hope,asia_europe,2.728616684266104
2025-07-02,31.357142857142858,93.96428571428571,Bab el-Mandeb Strait,Cape of Good Hope,asia_europe,2.9965831435079724
2025-07-16,30.535714285714285,94.82142857142857,Bab el-Mandeb Strait,Cape of Good Hope,asia_europe,3.1052631578947367
2025-07-21,31.142857142857142,97.57142857142857,Bab el-Mandeb Strait,Cape of Good Hope,asia_europe,3.13302752293578
2025-08-04,31.5,96.75,Bab el-Mandeb Strait,Cape of Good Hope,asia_europe,3.0714285714285716
2025-08-18,33.357142857142854,95.96428571428571,Bab el-Mandeb Strait,Cape of Good Hope,asia_europe,2.8768736616702357
2025-10-24,35.857142857142854,95.42857142857143,Bab el-Mandeb Strait,Cape of Good Hope,asia_europe,2.661354581673307
2025-11-23,37.42857142857143,86.07142857142857,Bab el-Mandeb Strait,Cape of Good Hope,asia_europe,2.299618320610687
2025-12-05,37.42857142857143,87.25,Bab el-Mandeb Strait,Cape of Good Hope,asia_europe,2.3311068702290076
2025-12-17,34.42857142857143,88.03571428571429,Bab el-Mandeb Strait,Cape of Good Hope,asia_europe,2.557053941908714
2025-12-30,32.464285714285715,84.71428571428571,Bab el-Mandeb Strait,Cape of Good Hope,asia_europe,2.609460946094609
2026-01-10,33.5,84.17857142857143,Bab el-Mandeb Strait,Cape of Good Hope,asia_europe,2.5127931769722816
2026-01-20,34.142857142857146,86.57142857142857,Bab el-Mandeb Strait,Cape of Good Hope,asia_europe,2.535564853556485
2026-01-28,33.642857142857146,87.67857142857143,Bab el-Mandeb Strait,Cape of Good Hope,asia_europe,2.6061571125265393
2026-02-16,34.5,86.21428571428571,Bab el-Mandeb Strait,Cape of Good Hope,asia_europe,2.4989648033126293
2026-02-20,35.82142857142857,86.10714285714286,Bab el-Mandeb Strait,Cape of Good Hope,asia_europe,2.4037886340977073
2026-03-07,36.785714285714285,90.64285714285714,Bab el-Mandeb Strait,Cape of Good Hope,asia_europe,2.4640776699029128
2026-03-13,36.0,92.25,Bab el-Mandeb Strait,Cape of Good Hope,asia_europe,2.5625
2026-04-03,36.25,90.42857142857143,Bab el-Mandeb Strait,Cape of Good Hope,asia_europe,2.4945812807881773
2026-04-05,36.035714285714285,91.32142857142857,Bab el-Mandeb Strait,Cape of Good Hope,asia_europe,2.5341922695738357
2026-04-07,37.17857142857143,89.25,Bab el-Mandeb Strait,Cape of Good Hope,asia_europe,2.4005763688760804
2026-04-26,37.392857142857146,94.39285714285714,Bab el-Mandeb Strait,Cape of Good Hope,asia_europe,2.5243553008595985
2026-04-29,36.392857142857146,92.53571428571429,Bab el-Mandeb Strait,Cape of Good Hope,asia_europe,2.5426889106967616
2026-05-30,36.285714285714285,96.28571428571429,Bab el-Mandeb Strait,Cape of Good Hope,asia_europe,2.6535433070866143
2026-06-04,37.035714285714285,96.32142857142857,Bab el-Mandeb Strait,Cape of Good Hope,asia_europe,2.600771456123433
2026-06-12,37.357142857142854,96.14285714285714,Bab el-Mandeb Strait,Cape of Good Hope,asia_europe,2.5736137667304018
2026-06-20,36.642857142857146,93.39285714285714,Bab el-Mandeb Strait,Cape of Good Hope,asia_europe,2.548732943469785
2026-07-15,36.0,94.17857142857143,Bab el-Mandeb Strait,Cape of Good Hope,asia_europe,2.616071428571429
2026-08-02,33.07142857142857,90.57142857142857,Bab el-Mandeb Strait,Cape of Good Hope,asia_europe,2.73866090712743
2019-01-02,55.5,37.0,Bab el-Mandeb Strait,Cape of Good Hope,asia_europe,0.6666666666666666
2019-01-18,52.888888888888886,48.0,Bab el-Mandeb Strait,Cape of Good Hope,asia_europe,0.9075630252100841
2019-02-01,51.42857142857143,47.42857142857143,Bab el-Mandeb Strait,Cape of Good Hope,asia_europe,0.9222222222222223
2019-02-22,54.035714285714285,50.964285714285715,Bab el-Mandeb Strait,Cape of Good Hope,asia_europe,0.9431592861863847
2019-02-23,53.392857142857146,50.67857142857143,Bab el-Mandeb Strait,Cape of Good Hope,asia_europe,0.9491638795986622
2019-02-24,53.892857142857146,51.107142857142854,Bab el-Mandeb Strait,Cape of Good Hope,asia_europe,0.9483101391650098
2019-02-27,53.785714285714285,50.035714285714285,Bab el-Mandeb Strait,Cape of Good Hope,asia_europe,0.9302788844621513
2019-04-05,53.214285714285715,42.92857142857143,Bab el-Mandeb Strait,Cape of Good Hope,asia_europe,0.8067114093959732
2019-04-22,54.142857142857146,44.142857142857146,Bab el-Mandeb Strait,Cape of Good Hope,asia_europe,0.8153034300791557
2019-05-06,55.107142857142854,45.642857142857146,Bab el-Mandeb Strait,Cape of Good Hope,asia_europe,0.8282566429034349
2019-05-07,55.32142857142857,45.392857142857146,Bab el-Mandeb Strait,Cape of Good Hope,asia_europe,0.8205293737895417
2019-06-01,51.285714285714285,46.75,Bab el-Mandeb Strait,Cape of Good Hope,asia_europe,0.9115598885793872
2019-06-05,51.42857142857143,46.785714285714285,Bab el-Mandeb Strait,Cape of Good Hope,asia_europe,0.9097222222222222
2019-07-13,51.642857142857146,51.0,Bab el-Mandeb Strait,Cape of Good Hope,asia_europe,0.987551867219917
2019-07-26,51.285714285714285,49.892857142857146,Bab el-Mandeb Strait,Cape of Good Hope,asia_europe,0.972841225626741
2019-08-04,54.285714285714285,52.5,Bab el-Mandeb Strait,Cape of Good Hope,asia_europe,0.9671052631578948
2019-08-06,55.17857142857143,52.892857142857146,Bab el-Mandeb Strait,Cape of Good Hope,asia_europe,0.9585760517799353
2019-08-19,54.42857142857143,51.785714285714285,Bab el-Mandeb Strait,Cape of Good Hope,asia_europe,0.9514435695538057
2019-09-03,54.464285714285715,50.32142857142857,Bab el-Mandeb Strait,Cape of Good Hope,asia_europe,0.9239344262295082
2019-10-03,54.035714285714285,54.0,Bab el-Mandeb Strait,Cape of Good Hope,asia_europe,0.9993390614672836
2019-12-09,53.75,44.75,Bab el-Mandeb Strait,Cape of Good Hope,asia_europe,0.8325581395348837
2019-12-12,53.57142857142857,45.357142857142854,Bab el-Mandeb Strait,Cape of Good Hope,asia_europe,0.8466666666666667
2019-12-19,53.42857142857143,43.392857142857146,Bab el-Mandeb Strait,Cape of Good Hope,asia_europe,0.8121657754010695
2019-12-21,53.785714285714285,42.642857142857146,Bab el-Mandeb Strait,Cape of Good Hope,asia_europe,0.7928286852589642
2019-12-28,54.785714285714285,41.392857142857146,Bab el-Mandeb Strait,Cape of Good Hope,asia_europe,0.7555410691003912
2019-12-31,54.42857142857143,40.892857142857146,Bab el-Mandeb Strait,Cape of Good Hope,asia_europe,0.7513123359580053
2020-01-07,55.642857142857146,40.07142857142857,Bab el-Mandeb Strait,Cape of Good Hope,asia_europe,0.7201540436456996
2020-01-16,54.32142857142857,40.392857142857146,Bab el-Mandeb Strait,Cape of Good Hope,asia_europe,0.7435897435897437
2020-02-08,58.607142857142854,78.60714285714286,Bab el-Mandeb Strait,Cape of Good Hope,asia_europe,1.3412553321145644
2020-03-13,52.82142857142857,42.714285714285715,Bab el-Mandeb Strait,Cape of Good Hope,asia_europe,0.8086544962812712
2020-04-07,55.285714285714285,44.785714285714285,Bab el-Mandeb Strait,Cape of Good Hope,asia_europe,0.810077519379845
2020-04-22,56.92857142857143,49.892857142857146,Bab el-Mandeb Strait,Cape of Good Hope,asia_europe,0.8764115432873275
2020-05-08,56.607142857142854,54.17857142857143,Bab el-Mandeb Strait,Cape of Good Hope,asia_europe,0.9570977917981074
2020-05-10,57.535714285714285,54.785714285714285,Bab el-Mandeb Strait,Cape of Good Hope,asia_europe,0.952203600248293
2020-05-21,55.392857142857146,54.57142857142857,Bab el-Mandeb Strait,Cape of Good Hope,asia_europe,0.985170857511283
2020-05-27,54.42857142857143,54.67857142857143,Bab el-Mandeb Strait,Cape of Good Hope,asia_europe,1.0045931758530184
2020-05-28,54.32142857142857,54.75,Bab el-Mandeb Strait,Cape of Good Hope,asia_europe,1.0078895463510849
2020-06-19,48.107142857142854,55.07142857142857,Bab el-Mandeb Strait,Cape of Good Hope,asia_europe,1.1447661469933186
2020-06-28,48.5,50.892857142857146,Bab el-Mandeb Strait,Cape of Good Hope,asia_europe,1.049337260677467
2020-07-11,49.57142857142857,56.142857142857146,Bab el-Mandeb Strait,Cape of Good Hope,asia_europe,1.1325648414985592
2020-07-21,51.857142857142854,58.67857142857143,Bab el-Mandeb Strait,Cape of Good Hope,asia_europe,1.131542699724518
2020-08-02,53.392857142857146,61.857142857142854,Bab el-Mandeb Strait,Cape of Good Hope,asia_europe,1.1585284280936454
2020-09-24,55.785714285714285,54.285714285714285,Bab el-Mandeb Strait,Cape of Good Hope,asia_europe,0.9731113956466069
2020-11-15,54.67857142857143,48.392857142857146,Bab el-Mandeb Strait,Cape of Good Hope,asia_europe,0.8850424559111691
2020-12-18,55.892857142857146,45.82142857142857,Bab el-Mandeb Strait,Cape of Good Hope,asia_europe,0.8198083067092651
2020-12-22,55.57142857142857,45.0,Bab el-Mandeb Strait,Cape of Good Hope,asia_europe,0.8097686375321337
2020-12-23,56.214285714285715,45.57142857142857,Bab el-Mandeb Strait,Cape of Good Hope,asia_europe,0.8106734434561625
2021-01-14,57.107142857142854,42.57142857142857,Bab el-Mandeb Strait,Cape of Good Hope,asia_europe,0.7454659161976235
2021-02-01,57.57142857142857,43.142857142857146,Bab el-Mandeb Strait,Cape of Good Hope,asia_europe,0.7493796526054591
2021-02-03,56.964285714285715,42.92857142857143,Bab el-Mandeb Strait,Cape of Good Hope,asia_europe,0.7536050156739812
2021-02-13,57.75,43.642857142857146,Bab el-Mandeb Strait,Cape of Good Hope,asia_europe,0.7557204700061844
2021-02-18,59.5,43.32142857142857,Bab el-Mandeb Strait,Cape of Good Hope,asia_europe,0.7280912364945978
2021-03-04,59.25,47.92857142857143,Bab el-Mandeb Strait,Cape of Good Hope,asia_europe,0.8089210367691381
2021-03-16,59.642857142857146,48.17857142857143,Bab el-Mandeb Strait,Cape of Good Hope,asia_europe,0.8077844311377246
2021-03-18,58.857142857142854,49.07142857142857,Bab el-Mandeb Strait,Cape of Good Hope,asia_europe,0.8337378640776699
2021-03-31,53.57142857142857,47.464285714285715,Bab el-Mandeb Strait,Cape of Good Hope,asia_europe,0.886
2021-04-01,53.214285714285715,47.464285714285715,Bab el-Mandeb Strait,Cape of Good Hope,asia_europe,0.8919463087248323
2021-04-06,53.214285714285715,48.75,Bab el-Mandeb Strait,Cape of Good Hope,asia_europe,0.9161073825503355
2021-04-11,53.892857142857146,49.82142857142857,Bab el-Mandeb Strait,Cape of Good Hope,asia_europe,0.9244532803180914
2021-04-16,54.964285714285715,49.964285714285715,Bab el-Mandeb Strait,Cape of Good Hope,asia_europe,0.9090318388564003
2021-04-20,54.75,51.42857142857143,Bab el-Mandeb Strait,Cape of Good Hope,asia_europe,0.939334637964775
2021-04-27,57.92857142857143,52.92857142857143,Bab el-Mandeb Strait,Cape of Good Hope,asia_europe,0.9136868064118372
2021-05-04,58.785714285714285,51.857142857142854,Bab el-Mandeb Strait,Cape of Good Hope,asia_europe,0.882138517618469
2021-05-09,57.392857142857146,50.32142857142857,Bab el-Mandeb Strait,Cape of Good Hope,asia_europe,0.8767890479153702
2021-06-17,56.464285714285715,50.42857142857143,Bab el-Mandeb Strait,Cape of Good Hope,asia_europe,0.8931056293485137
2021-08-07,58.67857142857143,51.892857142857146,Bab el-Mandeb Strait,Cape of Good Hope,asia_europe,0.884357881923311
2021-08-17,60.5,49.535714285714285,Bab el-Mandeb Strait,Cape of Good Hope,asia_europe,0.8187721369539551
2021-08-22,61.17857142857143,48.857142857142854,Bab el-Mandeb Strait,Cape of Good Hope,asia_europe,0.7985989492119089
2021-08-23,60.32142857142857,49.17857142857143,Bab el-Mandeb Strait,Cape of Good Hope,asia_europe,0.8152753108348135
2021-10-19,60.75,43.214285714285715,Bab el-Mandeb Strait,Cape of Good Hope,asia_europe,0.7113462669018225
2021-11-05,59.857142857142854,41.07142857142857,Bab el-Mandeb Strait,Cape of Good Hope,asia_europe,0.6861575178997613
2021-11-06,59.857142857142854,41.035714285714285,Bab el-Mandeb Strait,Cape of Good Hope,asia_europe,0.6855608591885441
2021-12-25,61.142857142857146,42.785714285714285,Bab el-Mandeb Strait,Cape of Good Hope,asia_europe,0.6997663551401868
2022-01-02,60.75,41.785714285714285,Bab el-Mandeb Strait,Cape of Good Hope,asia_europe,0.6878306878306878
2022-01-06,61.0,42.107142857142854,Bab el-Mandeb Strait,Cape of Good Hope,asia_europe,0.6902810304449648
2022-01-12,61.535714285714285,40.57142857142857,Bab el-Mandeb Strait,Cape of Good Hope,asia_europe,0.6593151479976784
2022-02-17,62.32142857142857,43.25,Bab el-Mandeb Strait,Cape of Good Hope,asia_europe,0.6939828080229227
2022-02-18,62.42857142857143,43.107142857142854,Bab el-Mandeb Strait,Cape of Good Hope,asia_europe,0.6905034324942791
2022-02-23,63.285714285714285,43.285714285714285,Bab el-Mandeb Strait,Cape of Good Hope,asia_europe,0.6839729119638827
2022-03-13,60.57142857142857,42.25,Bab el-Mandeb Strait,Cape of Good Hope,asia_europe,0.6975235849056604
2022-04-13,63.57142857142857,39.285714285714285,Bab el-Mandeb Strait,Cape of Good Hope,asia_europe,0.6179775280898876
2022-04-29,64.0,41.42857142857143,Bab el-Mandeb Strait,Cape of Good Hope,asia_europe,0.6473214285714286
2022-05-18,63.42857142857143,45.82142857142857,Bab el-Mandeb Strait,Cape of Good Hope,asia_europe,0.7224099099099098
2022-06-26,65.71428571428571,46.142857142857146,Bab el-Mandeb Strait,Cape of Good Hope,asia_europe,0.7021739130434784
2022-06-27,66.07142857142857,47.07142857142857,Bab el-Mandeb Strait,Cape of Good Hope,asia_europe,0.7124324324324324
2022-07-22,69.0,48.642857142857146,Bab el-Mandeb Strait,Cape of Good Hope,asia_europe,0.7049689440993789
2022-07-26,68.78571428571429,47.67857142857143,Bab el-Mandeb Strait,Cape of Good Hope,asia_europe,0.6931464174454829
2022-07-28,68.17857142857143,47.42857142857143,Bab el-Mandeb Strait,Cape of Good Hope,asia_europe,0.6956521739130435
2022-08-13,68.39285714285714,47.67857142857143,Bab el-Mandeb Strait,Cape of Good Hope,asia_europe,0.6971279373368147
2022-08-18,68.28571428571429,46.5,Bab el-Mandeb Strait,Cape of Good Hope,asia_europe,0.6809623430962343
2022-08-28,69.85714285714286,48.25,Bab el-Mandeb Strait,Cape of Good Hope,asia_europe,0.6906952965235174
2022-09-05,70.35714285714286,46.035714285714285,Bab el-Mandeb Strait,Cape of Good Hope,asia_europe,0.6543147208121827
2022-09-11,70.67857142857143,48.142857142857146,Bab el-Mandeb Strait,Cape of Good Hope,asia_europe,0.6811520970186964
2022-09-20,70.82142857142857,48.642857142857146,Bab el-Mandeb Strait,Cape of Good Hope,asia_europe,0.686838124054463
2022-11-02,71.85714285714286,41.964285714285715,Bab el-Mandeb Strait,Cape of Good Hope,asia_europe,0.5839960238568588
2022-11-03,72.39285714285714,42.214285714285715,Bab el-Mandeb Strait,Cape of Good Hope,asia_europe,0.5831277750370005
2022-11-20,72.89285714285714,42.07142857142857,Bab el-Mandeb Strait,Cape of Good Hope,asia_europe,0.5771680548750613
2022-11-21,72.75,41.964285714285715,Bab el-Mandeb Strait,Cape of Good Hope,asia_europe,0.5768286696121748
2022-12-23,70.39285714285714,40.5,Bab el-Mandeb Strait,Cape of Good Hope,asia_europe,0.5753424657534247
2023-01-23,73.89285714285714,41.142857142857146,Bab el-Mandeb Strait,Cape of Good Hope,asia_europe,0.5567907201546641
2023-02-08,71.96428571428571,42.892857142857146,Bab el-Mandeb Strait,Cape of Good Hope,asia_europe,0.5960297766749381
2023-02-28,70.53571428571429,41.964285714285715,Bab el-Mandeb Strait,Cape of Good Hope,asia_europe,0.5949367088607594
2023-03-05,69.75,40.5,Bab el-Mandeb Strait,Cape of Good Hope,asia_europe,0.5806451612903226
2023-03-06,69.17857142857143,40.5,Bab el-Mandeb Strait,Cape of Good Hope,asia_europe,0.5854414042333506
2023-03-10,70.10714285714286,41.07142857142857,Bab el-Mandeb Strait,Cape of Good Hope,asia_europe,0.585838003056546
2023-03-27,72.60714285714286,43.714285714285715,Bab el-Mandeb Strait,Cape of Good Hope,asia_europe,0.602065912444663
2023-04-17,73.07142857142857,42.75,Bab el-Mandeb Strait,Cape of Good Hope,asia_europe,0.5850439882697948
2023-04-20,73.71428571428571,44.67857142857143,Bab el-Mandeb Strait,Cape of Good Hope,asia_europe,0.6061046511627908
2023-04-26,74.53571428571429,45.142857142857146,Bab el-Mandeb Strait,Cape of Good Hope,asia_europe,0.6056540488739818
2023-05-09,76.78571428571429,47.214285714285715,Bab el-Mandeb Strait,Cape of Good Hope,asia_europe,0.6148837209302325
2023-05-13,77.75,47.17857142857143,Bab el-Mandeb Strait,Cape of Good Hope,asia_europe,0.6067983463481856
2023-05-14,77.85714285714286,47.535714285714285,Bab el-Mandeb Strait,Cape of Good Hope,asia_europe,0.6105504587155963
2023-05-15,77.35714285714286,47.535714285714285,Bab el-Mandeb Strait,Cape of Good Hope,asia_europe,0.6144967682363803
2023-06-05,78.96428571428571,50.535714285714285,Bab el-Mandeb Strait,Cape of Good Hope,asia_europe,0.6399819086386251
2023-06-20,75.67857142857143,48.964285714285715,Bab el-Mandeb Strait,Cape of Good Hope,asia_europe,0.6470033034450212
2023-07-01,75.89285714285714,50.892857142857146,Bab el-Mandeb Strait,Cape of Good Hope,asia_europe,0.6705882352941177
2023-07-04,75.32142857142857,51.67857142857143,Bab el-Mandeb Strait,Cape of Good Hope,asia_europe,0.6861071597913704
2023-07-12,75.82142857142857,52.67857142857143,Bab el-Mandeb Strait,Cape of Good Hope,asia_europe,0.6947715496938295
2023-08-25,74.39285714285714,52.892857142857146,Bab el-Mandeb Strait,Cape of Good Hope,asia_europe,0.7109937590014404
2023-08-26,73.14285714285714,53.464285714285715,Bab el-Mandeb Strait,Cape of Good Hope,asia_europe,0.73095703125
2023-09-08,74.85714285714286,55.464285714285715,Bab el-Mandeb Strait,Cape of Good Hope,asia_europe,0.7409351145038168
2023-09-10,74.0,54.035714285714285,Bab el-Mandeb Strait,Cape of Good Hope,asia_europe,0.7302123552123552
2023-09-25,76.03571428571429,56.92857142857143,Bab el-Mandeb Strait,Cape of Good Hope,asia_europe,0.7487083137623297
2023-10-14,76.67857142857143,57.857142857142854,Bab el-Mandeb Strait,Cape of Good Hope,asia_europe,0.7545412203074057
2023-10-17,77.39285714285714,55.32142857142857,Bab el-Mandeb Strait,Cape of Good Hope,asia_europe,0.7148131056760498
2023-11-12,77.71428571428571,48.75,Bab el-Mandeb Strait,Cape of Good Hope,asia_europe,0.6272977941176471
2023-12-03,76.60714285714286,48.67857142857143,Bab el-Mandeb Strait,Cape of Good Hope,asia_europe,0.6354312354312355
2023-12-14,77.10714285714286,48.32142857142857,Bab el-Mandeb Strait,Cape of Good Hope,asia_europe,0.6266790180639185
2023-12-16,76.03571428571429,48.42857142857143,Bab el-Mandeb Strait,Cape of Good Hope,asia_europe,0.6369187411930484
2024-01-02,61.82142857142857,53.964285714285715,Bab el-Mandeb Strait,Cape of Good Hope,asia_europe,0.8729058347775852
2024-01-24,42.92857142857143,69.67857142857143,Bab el-Mandeb Strait,Cape of Good Hope,asia_europe,1.6231281198003327
2024-02-16,34.285714285714285,78.5,Bab el-Mandeb Strait,Cape of Good Hope,asia_europe,2.2895833333333333
2024-02-25,34.75,84.42857142857143,Bab el-Mandeb Strait,Cape of Good Hope,asia_europe,2.4295991778006165
2024-02-26,34.785714285714285,85.07142857142857,Bab el-Mandeb Strait,Cape of Good Hope,asia_europe,2.4455852156057496
2024-03-05,34.607142857142854,87.96428571428571,Bab el-Mandeb Strait,Cape of Good Hope,asia_europe,2.541795665634675
2024-03-12,34.357142857142854,89.92857142857143,Bab el-Mandeb Strait,Cape of Good Hope,asia_europe,2.617463617463618
2024-03-18,33.5,89.17857142857143,Bab el-Mandeb Strait,Cape of Good Hope,asia_europe,2.662046908315565
2024-03-19,33.535714285714285,88.28571428571429,Bab el-Mandeb Strait,Cape of Good Hope,asia_europe,2.6325878594249206
2024-03-20,33.42857142857143,87.53571428571429,Bab el-Mandeb Strait,Cape of Good Hope,asia_europe,2.6185897435897436
2024-04-01,32.285714285714285,83.35714285714286,Bab el-Mandeb Strait,Cape of Good Hope,asia_europe,2.5818584070796464
2024-04-12,32.0,79.57142857142857,Bab el-Mandeb Strait,Cape of Good Hope,asia_europe,2.486607142857143
2024-04-27,32.67857142857143,88.14285714285714,Bab el-Mandeb Strait,Cape of Good Hope,asia_europe,2.697267759562841
2024-06-02,31.678571428571427,90.0,Bab el-Mandeb Strait,Cape of Good Hope,asia_europe,2.8410372040586247
2024-06-07,31.928571428571427,93.28571428571429,Bab el-Mandeb Strait,Cape of Good Hope,asia_europe,2.9217002237136467
2024-06-10,32.17857142857143,93.03571428571429,Bab el-Mandeb Strait,Cape of Good Hope,asia_europe,2.891231964483907
2024-07-01,31.178571428571427,96.17857142857143,Bab el-Mandeb Strait,Cape of Good Hope,asia_europe,3.084765177548683
2024-07-02,31.392857142857142,96.5,Bab el-Mandeb Strait,Cape of Good Hope,asia_europe,3.073947667804323
2024-07-14,30.214285714285715,93.42857142857143,Bab el-Mandeb Strait,Cape of Good Hope,asia_europe,3.0921985815602837
2024-08-18,29.5,92.5,Bab el-Mandeb Strait,Cape of Good Hope,asia_europe,3.135593220338983
2024-09-26,31.071428571428573,94.89285714285714,Bab el-Mandeb Strait,Cape of Good Hope,asia_europe,3.054022988505747
2024-09-27,30.928571428571427,93.89285714285714,Bab el-Mandeb Strait,Cape of Good Hope,asia_europe,3.035796766743649
2024-09-29,30.821428571428573,87.78571428571429,Bab el-Mandeb Strait,Cape of Good Hope,asia_europe,2.8482039397450754
2024-11-27,33.42857142857143,84.53571428571429,Bab el-Mandeb Strait,Cape of Good Hope,asia_europe,2.5288461538461537
2024-12-10,31.928571428571427,82.5,Bab el-Mandeb Strait,Cape of Good Hope,asia_europe,2.5838926174496644
2025-03-12,32.17857142857143,87.64285714285714,Bab el-Mandeb Strait,Cape of Good Hope,asia_europe,2.7236403995560488
2025-03-15,32.392857142857146,85.92857142857143,Bab el-Mandeb Strait,Cape of Good Hope,asia_europe,2.6527012127894154
2025-04-17,32.535714285714285,82.17857142857143,Bab el-Mandeb Strait,Cape of Good Hope,asia_europe,2.525795828759605
2025-05-30,33.92857142857143,91.60714285714286,Bab el-Mandeb Strait,Cape of Good Hope,asia_europe,2.7
2025-06-04,34.607142857142854,90.60714285714286,Bab el-Mandeb Strait,Cape of Good Hope,asia_europe,2.6181630546955628
2025-06-24,32.32142857142857,90.14285714285714,Bab el-Mandeb Strait,Cape of Good Hope,asia_europe,2.788950276243094
2025-07-31,30.75,94.21428571428571,Bab el-Mandeb Strait,Cape of Good Hope,asia_europe,3.0638792102206733
2025-08-24,33.285714285714285,94.92857142857143,Bab el-Mandeb Strait,Cape of Good Hope,asia_europe,2.851931330472103
2025-09-10,33.535714285714285,97.17857142857143,Bab el-Mandeb Strait,Cape of Good Hope,asia_europe,2.8977635782747604
2025-10-19,34.642857142857146,94.96428571428571,Bab el-Mandeb Strait,Cape of Good Hope,asia_europe,2.7412371134020614
2025-10-27,35.464285714285715,95.0,Bab el-Mandeb Strait,Cape of Good Hope,asia_europe,2.6787512588116815
2025-11-11,37.5,89.10714285714286,Bab el-Mandeb Strait,Cape of Good Hope,asia_europe,2.376190476190476
2025-11-14,37.035714285714285,88.07142857142857,Bab el-Mandeb Strait,Cape of Good Hope,asia_europe,2.37801350048216
2025-11-24,37.642857142857146,86.42857142857143,Bab el-Mandeb Strait,Cape of Good Hope,asia_europe,2.2960151802656545
2025-12-02,37.857142857142854,86.5,Bab el-Mandeb Strait,Cape of Good Hope,asia_europe,2.2849056603773588
2025-12-09,35.75,85.35714285714286,Bab el-Mandeb Strait,Cape of Good Hope,asia_europe,2.387612387612388
2026-01-04,31.392857142857142,84.25,Bab el-Mandeb Strait,Cape of Good Hope,asia_europe,2.683731513083049
2026-01-22,33.67857142857143,87.64285714285714,Bab el-Mandeb Strait,Cape of Good Hope,asia_europe,2.6023329798515373
2026-02-01,34.035714285714285,88.14285714285714,Bab el-Mandeb Strait,Cape of Good Hope,asia_europe,2.589716684155299
2026-02-24,36.357142857142854,87.64285714285714,Bab el-Mandeb Strait,Cape of Good Hope,asia_europe,2.4106090373280944
2026-03-14,35.92857142857143,92.32142857142857,Bab el-Mandeb Strait,Cape of Good Hope,asia_europe,2.5695825049701786
2026-04-06,36.57142857142857,89.85714285714286,Bab el-Mandeb Strait,Cape of Good Hope,asia_europe,2.4570312500000004
2026-04-16,37.107142857142854,92.10714285714286,Bab el-Mandeb Strait,Cape of Good Hope,asia_europe,2.4821944177093362
2026-05-29,36.142857142857146,96.35714285714286,Bab el-Mandeb Strait,Cape of Good Hope,asia_europe,2.66600790513834
2026-06-26,36.464285714285715,93.89285714285714,Bab el-Mandeb Strait,Cape of Good Hope,asia_europe,2.5749265426052887
2026-07-09,34.92857142857143,93.07142857142857,Bab el-Mandeb Strait,Cape of Good Hope,asia_europe,2.664621676891615
2026-08-13,28.892857142857142,88.07142857142857,Bab el-Mandeb Strait,Cape of Good Hope,asia_europe,3.0482076637824473
2019-01-04,54.25,45.0,Bab el-Mandeb Strait,Cape of Good Hope,asia_europe,0.8294930875576036
2019-03-26,52.82142857142857,44.142857142857146,Bab el-Mandeb Strait,Cape of Good Hope,asia_europe,0.8356997971602435
2019-04-02,53.357142857142854,42.42857142857143,Bab el-Mandeb Strait,Cape of Good Hope,asia_europe,0.7951807228915664
2019-04-08,53.142857142857146,43.67857142857143,Bab el-Mandeb Strait,Cape of Good Hope,asia_europe,0.8219086021505376
2019-04-15,53.107142857142854,44.785714285714285,Bab el-Mandeb Strait,Cape of Good Hope,asia_europe,0.8433086751849361
2019-05-30,52.107142857142854,46.0,Bab el-Mandeb Strait,Cape of Good Hope,asia_europe,0.8827964359150103
2019-06-08,51.607142857142854,46.892857142857146,Bab el-Mandeb Strait,Cape of Good Hope,asia_europe,0.908650519031142
2019-06-09,51.392857142857146,48.0,Bab el-Mandeb Strait,Cape of Good Hope,asia_europe,0.9339819318971507
2019-07-11,50.857142857142854,50.42857142857143,Bab el-Mandeb Strait,Cape of Good Hope,asia_europe,0.9915730337078653
2019-07-17,52.857142857142854,50.785714285714285,Bab el-Mandeb Strait,Cape of Good Hope,asia_europe,0.9608108108108109
2019-08-13,54.607142857142854,51.642857142857146,Bab el-Mandeb Strait,Cape of Good Hope,asia_europe,0.9457161543492479
2019-09-05,54.42857142857143,49.857142857142854,Bab el-Mandeb Strait,Cape of Good Hope,asia_europe,0.9160104986876639
2019-09-10,54.17857142857143,49.92857142857143,Bab el-Mandeb Strait,Cape of Good Hope,asia_europe,0.9215557020435069
2019-10-01,54.285714285714285,53.285714285714285,Bab el-Mandeb Strait,Cape of Good Hope,asia_europe,0.9815789473684211
2019-10-12,53.892857142857146,53.42857142857143,Bab el-Mandeb Strait,Cape of Good Hope,asia_europe,0.9913850231941683
2019-10-14,54.17857142857143,53.67857142857143,Bab el-Mandeb Strait,Cape of Good Hope,asia_europe,0.990771259063942
2019-11-14,54.714285714285715,48.892857142857146,Bab el-Mandeb Strait,Cape of Good Hope,asia_europe,0.893603133159269
2019-12-10,54.0,45.32142857142857,Bab el-Mandeb Strait,Cape of Good Hope,asia_europe,0.8392857142857143
2019-12-20,53.392857142857146,43.17857142857143,Bab el-Mandeb Strait,Cape of Good Hope,asia_europe,0.808695652173913
2020-01-11,55.785714285714285,39.17857142857143,Bab el-Mandeb Strait,Cape of Good Hope,asia_europe,0.7023047375160052
2020-01-23,53.392857142857146,39.285714285714285,Bab el-Mandeb Strait,Cape of Good Hope,asia_europe,0.7357859531772575
2020-02-13,59.642857142857146,79.07142857142857,Bab el-Mandeb Strait,Cape of Good Hope,asia_europe,1.325748502994012
2020-02-16,58.392857142857146,80.03571428571429,Bab el-Mandeb Strait,Cape of Good Hope,asia_europe,1.3706422018348625
2020-03-04,54.214285714285715,44.67857142857143,Bab el-Mandeb Strait,Cape of Good Hope,asia_europe,0.8241106719367589
2020-03-18,52.642857142857146,42.142857142857146,Bab el-Mandeb Strait,Cape of Good Hope,asia_europe,0.8005427408412483
2020-03-23,53.5,42.642857142857146,Bab el-Mandeb Strait,Cape of Good Hope,asia_europe,0.7970627503337784
2020-04-02,53.57142857142857,44.035714285714285,Bab el-Mandeb Strait,Cape of Good Hope,asia_europe,0.8220000000000001
2020-04-24,56.82142857142857,50.357142857142854,Bab el-Mandeb Strait,Cape of Good Hope,asia_europe,0.8862350722815839
2020-05-14,56.5,52.607142857142854,Bab el-Mandeb Strait,Cape of Good Hope,asia_europe,0.9310998735777496
2020-05-16,56.32142857142857,52.392857142857146,Bab el-Mandeb Strait,Cape of Good Hope,asia_europe,0.9302473050095118
2020-05-22,55.17857142857143,54.57142857142857,Bab el-Mandeb Strait,Cape of Good Hope,asia_europe,0.9889967637540452
2020-08-06,53.392857142857146,61.42857142857143,Bab el-Mandeb Strait,Cape of Good Hope,asia_europe,1.1505016722408026
2020-08-12,53.07142857142857,62.214285714285715,Bab el-Mandeb Strait,Cape of Good Hope,asia_europe,1.1722745625841184
2020-08-16,52.857142857142854,57.5,Bab el-Mandeb Strait,Cape of Good Hope,asia_europe,1.087837837837838
2020-08-17,53.07142857142857,56.67857142857143,Bab el-Mandeb Strait,Cape of Good Hope,asia_europe,1.0679676985195155
2020-08-30,53.642857142857146,54.535714285714285,Bab el-Mandeb Strait,Cape of Good Hope,asia_europe,1.0166444740346203
2020-08-31,54.17857142857143,54.142857142857146,Bab el-Mandeb Strait,Cape of Good Hope,asia_europe,0.999340804218853
2020-09-03,54.214285714285715,54.392857142857146,Bab el-Mandeb Strait,Cape of Good Hope,asia_europe,1.0032938076416338
2020-09-14,56.392857142857146,55.17857142857143,Bab el-Mandeb Strait,Cape of Good Hope,asia_europe,0.9784673844205193
2020-09-18,56.25,55.82142857142857,Bab el-Mandeb Strait,Cape of Good Hope,asia_europe,0.9923809523809524
2020-09-19,56.392857142857146,55.285714285714285,Bab el-Mandeb Strait,Cape of Good Hope,asia_europe,0.9803673210892969
2020-10-31,55.285714285714285,50.5,Bab el-Mandeb Strait,Cape of Good Hope,asia_europe,0.91343669250646
2020-11-09,54.107142857142854,48.5,Bab el-Mandeb Strait,Cape of Good Hope,asia_europe,0.8963696369636964
2020-12-01,56.0,48.285714285714285,Bab el-Mandeb Strait,Cape of Good Hope,asia_europe,0.8622448979591837
2020-12-02,56.357142857142854,47.5,Bab el-Mandeb Strait,Cape of Good Hope,asia_europe,0.8428390367553866
2020-12-04,56.285714285714285,46.714285714285715,Bab el-Mandeb Strait,Cape of Good Hope,asia_europe,0.8299492385786802
2020-12-21,55.75,45.107142857142854,Bab el-Mandeb Strait,Cape of Good Hope,asia_europe,0.809096732863549
2021-01-13,57.0,42.214285714285715,Bab el-Mandeb Strait,Cape of Good Hope,asia_europe,0.7406015037593985
2021-02-12,57.57142857142857,43.214285714285715,Bab el-Mandeb Strait,Cape of Good Hope,asia_europe,0.750620347394541
2021-03-29,55.67857142857143,48.535714285714285,Bab el-Mandeb Strait,Cape of Good Hope,asia_europe,0.8717126363053239
2021-04-19,54.464285714285715,50.964285714285715,Bab el-Mandeb Strait,Cape of Good Hope,asia_europe,0.9357377049180328
2021-04-21,54.42857142857143,51.642857142857146,Bab el-Mandeb Strait,Cape of Good Hope,asia_europe,0.9488188976377953
2021-04-25,56.32142857142857,52.57142857142857,Bab el-Mandeb Strait,Cape of Good Hope,asia_europe,0.9334178820545339
2021-05-14,55.357142857142854,50.75,Bab el-Mandeb Strait,Cape of Good Hope,asia_europe,0.9167741935483872
2021-05-17,55.42857142857143,51.07142857142857,Bab el-Mandeb Strait,Cape of Good Hope,asia_europe,0.9213917525773195
2021-06-02,56.035714285714285,50.607142857142854,Bab el-Mandeb Strait,Cape of Good Hope,asia_europe,0.9031230082855322
2021-06-18,56.82142857142857,50.75,Bab el-Mandeb Strait,Cape of Good Hope,asia_europe,0.8931489629164048
2021-06-26,58.42857142857143,49.642857142857146,Bab el-Mandeb Strait,Cape of Good Hope,asia_europe,0.8496332518337408
2021-07-14,58.285714285714285,48.785714285714285,Bab el-Mandeb Strait,Cape of Good Hope,asia_europe,0.8370098039215687
2021-07-22,58.785714285714285,49.535714285714285,Bab el-Mandeb Strait,Cape of Good Hope,asia_europe,0.8426488456865128
2021-08-01,58.07142857142857,53.25,Bab el-Mandeb Strait,Cape of Good Hope,asia_europe,0.9169741697416974
2021-08-02,58.17857142857143,52.607142857142854,Bab el-Mandeb Strait,Cape of Good Hope,asia_europe,0.9042357274401472
2021-09-02,61.214285714285715,46.5,Bab el-Mandeb Strait,Cape of Good Hope,asia_europe,0.7596266044340724
2021-09-08,61.82142857142857,48.535714285714285,Bab el-Mandeb Strait,Cape of Good Hope,asia_europe,0.7850953206239168
2021-09-15,60.535714285714285,47.892857142857146,Bab el-Mandeb Strait,Cape of Good Hope,asia_europe,0.7911504424778761
2021-09-25,61.464285714285715,48.82142857142857,Bab el-Mandeb Strait,Cape of Good Hope,asia_europe,0.7943056362579894
2021-09-29,61.42857142857143,49.42857142857143,Bab el-Mandeb Strait,Cape of Good Hope,asia_europe,0.8046511627906977
2021-10-23,58.785714285714285,42.67857142857143,Bab el-Mandeb Strait,Cape of Good Hope,asia_europe,0.7260024301336574
2021-11-15,59.892857142857146,42.5,Bab el-Mandeb Strait,Cape of Good Hope,asia_europe,0.7096004770423374
2021-11-29,62.035714285714285,42.035714285714285,Bab el-Mandeb Strait,Cape of Good Hope,asia_europe,0.6776050662061025
2021-12-17,61.42857142857143,43.285714285714285,Bab el-Mandeb Strait,Cape of Good Hope,asia_europe,0.7046511627906976
2022-01-03,60.642857142857146,41.857142857142854,Bab el-Mandeb Strait,Cape of Good Hope,asia_europe,0.6902237926972908
2022-02-07,60.892857142857146,41.92857142857143,Bab el-Mandeb Strait,Cape of Good Hope,asia_europe,0.6885630498533725
2022-03-30,61.535714285714285,40.785714285714285,Bab el-Mandeb Strait,Cape of Good Hope,asia_europe,0.6627974463145676
2022-04-09,63.035714285714285,39.75,Bab el-Mandeb Strait,Cape of Good Hope,asia_europe,0.6305949008498584
2022-05-03,64.71428571428571,42.25,Bab el-Mandeb Strait,Cape of Good Hope,asia_europe,0.652869757174393
2022-05-22,64.0,45.0,Bab el-Mandeb Strait,Cape of Good Hope,asia_europe,0.703125
2022-05-30,63.75,45.75,Bab el-Mandeb Strait,Cape of Good Hope,asia_europe,0.7176470588235294
2022-06-02,63.75,44.607142857142854,Bab el-Mandeb Strait,Cape of Good Hope,asia_europe,0.699719887955182
2022-06-21,65.60714285714286,46.07142857142857,Bab el-Mandeb Strait,Cape of Good Hope,asia_europe,0.7022318998366902
2022-06-23,66.07142857142857,46.285714285714285,Bab el-Mandeb Strait,Cape of Good Hope,asia_europe,0.7005405405405406
2022-07-21,68.71428571428571,48.964285714285715,Bab el-Mandeb Strait,Cape of Good Hope,asia_europe,0.7125779625779627
2022-09-10,70.57142857142857,48.75,Bab el-Mandeb Strait,Cape of Good Hope,asia_europe,0.6907894736842105
2022-09-28,70.17857142857143,47.785714285714285,Bab el-Mandeb Strait,Cape of Good Hope,asia_europe,0.6809160305343511
2022-10-01,70.10714285714286,46.857142857142854,Bab el-Mandeb Strait,Cape of Good Hope,asia_europe,0.6683647478349465
2022-10-07,69.82142857142857,44.642857142857146,Bab el-Mandeb Strait,Cape of Good Hope,asia_europe,0.639386189258312
2022-10-16,69.78571428571429,44.892857142857146,Bab el-Mandeb Strait,Cape of Good Hope,asia_europe,0.6432958034800409
2022-10-29,71.25,43.142857142857146,Bab el-Mandeb Strait,Cape of Good Hope,asia_europe,0.6055137844611529
2022-11-01,71.03571428571429,42.107142857142854,Bab el-Mandeb Strait,Cape of Good Hope,asia_europe,0.592760180995475
2022-11-25,72.5,42.214285714285715,Bab el-Mandeb Strait,Cape of Good Hope,asia_europe,0.5822660098522168
2022-12-05,71.5,41.392857142857146,Bab el-Mandeb Strait,Cape of Good Hope,asia_europe,0.5789210789210789
2023-01-03,72.67857142857143,39.642857142857146,Bab el-Mandeb Strait,Cape of Good Hope,asia_europe,0.5454545454545455
2023-01-26,72.89285714285714,41.714285714285715,Bab el-Mandeb Strait,Cape of Good Hope,asia_europe,0.5722684958353749
2023-01-30,71.14285714285714,42.25,Bab el-Mandeb Strait,Cape of Good Hope,asia_europe,0.5938755020080322
2023-02-10,71.96428571428571,42.214285714285715,Bab el-Mandeb Strait,Cape of Good Hope,asia_europe,0.5866004962779157
2023-03-15,70.35714285714286,41.214285714285715,Bab el-Mandeb Strait,Cape of Good Hope,asia_europe,0.5857868020304569
2023-03-16,70.39285714285714,41.17857142857143,Bab el-Mandeb Strait,Cape of Good Hope,asia_europe,0.5849822425164891
2023-04-25,74.0,44.82142857142857,Bab el-Mandeb Strait,Cape of Good Hope,asia_europe,0.6056949806949806
2023-05-26,78.14285714285714,48.5,Bab el-Mandeb Strait,Cape of Good Hope,asia_europe,0.6206581352833639
2023-05-28,78.03571428571429,48.57142857142857,Bab el-Mandeb Strait,Cape of Good Hope,asia_europe,0.6224256292906177
2023-06-02,78.60714285714286,51.42857142857143,Bab el-Mandeb Strait,Cape of Good Hope,asia_europe,0.6542480690595184
2023-07-05,76.14285714285714,51.5,Bab el-Mandeb Strait,Cape of Good Hope,asia_europe,0.676360225140713
2023-07-24,73.71428571428571,52.392857142857146,Bab el-Mandeb Strait,Cape of Good Hope,asia_europe,0.7107558139534885
2023-08-07,73.82142857142857,55.57142857142857,Bab el-Mandeb Strait,Cape of Good Hope,asia_europe,0.7527818093855829
2023-08-16,73.07142857142857,55.785714285714285,Bab el-Mandeb Strait,Cape of Good Hope,asia_europe,0.7634408602150538
2023-08-30,72.60714285714286,56.285714285714285,Bab el-Mandeb Strait,Cape of Good Hope,asia_europe,0.7752090506640432
2023-09-04,73.78571428571429,54.57142857142857,Bab el-Mandeb Strait,Cape of Good Hope,asia_europe,0.7395934172313648
2023-10-05,75.46428571428571,56.57142857142857,Bab el-Mandeb Strait,Cape of Good Hope,asia_europe,0.7496450544249882
2023-10-20,78.39285714285714,53.392857142857146,Bab el-Mandeb Strait,Cape of Good Hope,asia_europe,0.6810933940774488
2023-10-25,79.0,51.964285714285715,Bab el-Mandeb Strait,Cape of Good Hope,asia_europe,0.6577757685352622
2023-11-02,78.82142857142857,49.42857142857143,Bab el-Mandeb Strait,Cape of Good Hope,asia_europe,0.6270956048935207
2023-11-24,77.17857142857143,48.57142857142857,Bab el-Mandeb Strait,Cape of Good Hope,asia_europe,0.6293382693197593
2023-11-29,78.10714285714286,48.892857142857146,Bab el-Mandeb Strait,Cape of Good Hope,asia_europe,0.6259716506630087
2024-01-01,62.535714285714285,52.57142857142857,Bab el-Mandeb Strait,Cape of Good Hope,asia_europe,0.8406624785836665
2024-01-25,42.535714285714285,70.64285714285714,Bab el-Mandeb Strait,Cape of Good Hope,asia_europe,1.6607892527287993
2024-02-21,33.82142857142857,83.85714285714286,Bab el-Mandeb Strait,Cape of Good Hope,asia_europe,2.4794086589229147
2024-03-16,34.142857142857146,90.10714285714286,Bab el-Mandeb Strait,Cape of Good Hope,asia_europe,2.6391213389121337
2024-05-24,32.785714285714285,90.5,Bab el-Mandeb Strait,Cape of Good Hope,asia_europe,2.7603485838779958
2024-06-01,31.714285714285715,91.25,Bab el-Mandeb Strait,Cape of Good Hope,asia_europe,2.8772522522522523
2024-07-12,29.642857142857142,91.57142857142857,Bab el-Mandeb Strait,Cape of Good Hope,asia_europe,3.089156626506024
2024-10-02,30.964285714285715,86.03571428571429,Bab el-Mandeb Strait,Cape of Good Hope,asia_europe,2.7785467128027683
2024-10-31,31.714285714285715,86.92857142857143,Bab el-Mandeb Strait,Cape of Good Hope,asia_europe,2.740990990990991
2024-11-05,31.642857142857142,86.46428571428571,Bab el-Mandeb Strait,Cape of Good Hope,asia_europe,2.7325056433408577
2024-11-19,32.92857142857143,86.57142857142857,Bab el-Mandeb Strait,Cape of Good Hope,asia_europe,2.629067245119306
2024-12-12,32.392857142857146,81.42857142857143,Bab el-Mandeb Strait,Cape of Good Hope,asia_europe,2.513781697905182
2025-01-01,33.107142857142854,79.5,Bab el-Mandeb Strait,Cape of Good Hope,asia_europe,2.401294498381877
2025-01-24,33.035714285714285,82.60714285714286,Bab el-Mandeb Strait,Cape of Good Hope,asia_europe,2.5005405405405408
2025-02-05,31.964285714285715,85.35714285714286,Bab el-Mandeb Strait,Cape of Good Hope,asia_europe,2.670391061452514
2025-02-09,32.142857142857146,84.67857142857143,Bab el-Mandeb Strait,Cape of Good Hope,asia_europe,2.634444444444444
2025-02-17,32.32142857142857,87.25,Bab el-Mandeb Strait,Cape of Good Hope,asia_europe,2.6994475138121548
2025-03-13,32.142857142857146,86.60714285714286,Bab el-Mandeb Strait,Cape of Good Hope,asia_europe,2.694444444444444
2025-04-05,33.42857142857143,80.10714285714286,Bab el-Mandeb Strait,Cape of Good Hope,asia_europe,2.3963675213675213
2025-04-07,33.464285714285715,78.92857142857143,Bab el-Mandeb Strait,Cape of Good Hope,asia_europe,2.358591248665955
2025-04-09,34.0,79.32142857142857,Bab el-Mandeb Strait,Cape of Good Hope,asia_europe,2.332983193277311
2025-04-13,33.392857142857146,80.67857142857143,Bab el-Mandeb Strait,Cape of Good Hope,asia_europe,2.416042780748663
2025-04-21,33.0,82.17857142857143,Bab el-Mandeb Strait,Cape of Good Hope,asia_europe,2.49025974025974
2025-04-28,32.785714285714285,83.92857142857143,Bab el-Mandeb Strait,Cape of Good Hope,asia_europe,2.559912854030501
2025-04-30,33.142857142857146,84.28571428571429,Bab el-Mandeb Strait,Cape of Good Hope,asia_europe,2.543103448275862
2025-06-11,34.964285714285715,90.46428571428571,Bab el-Mandeb Strait,Cape of Good Hope,asia_europe,2.587334014300306
2025-06-16,34.892857142857146,90.10714285714286,Bab el-Mandeb Strait,Cape of Good Hope,asia_europe,2.5823950870010233
2025-07-30,30.642857142857142,95.60714285714286,Bab el-Mandeb Strait,Cape of Good Hope,asia_europe,3.12004662004662
2025-08-05,31.285714285714285,96.10714285714286,Bab el-Mandeb Strait,Cape of Good Hope,asia_europe,3.0719178082191783
2025-08-21,33.214285714285715,96.89285714285714,Bab el-Mandeb Strait,Cape of Good Hope,asia_europe,2.9172043010752686
2025-09-15,34.857142857142854,94.64285714285714,Bab el-Mandeb Strait,Cape of Good Hope,asia_europe,2.7151639344262297
2025-09-18,35.25,92.39285714285714,Bab el-Mandeb Strait,Cape of Good Hope,asia_europe,2.6210739614994933
2025-09-21,35.42857142857143,97.5,Bab el-Mandeb Strait,Cape of Good Hope,asia_europe,2.752016129032258
2025-09-28,34.32142857142857,93.78571428571429,Bab el-Mandeb Strait,Cape of Good Hope,asia_europe,2.732570239334027
2025-09-29,34.357142857142854,93.96428571428571,Bab el-Mandeb Strait,Cape of Good Hope,asia_europe,2.734927234927235
2025-11-19,36.357142857142854,87.39285714285714,Bab el-Mandeb Strait,Cape of Good Hope,asia_europe,2.4037328094302555
2025-11-26,38.0,85.57142857142857,Bab el-Mandeb Strait,Cape of Good Hope,asia_europe,2.25187969924812
2025-12-24,32.107142857142854,85.82142857142857,Bab el-Mandeb Strait,Cape of Good Hope,asia_europe,2.6729699666295885
2026-04-17,36.92857142857143,92.35714285714286,Bab el-Mandeb Strait,Cape of Good Hope,asia_europe,2.5009671179883948
2026-04-19,36.42857142857143,92.35714285714286,Bab el-Mandeb Strait,Cape of Good Hope,asia_europe,2.5352941176470587
2026-04-27,36.892857142857146,93.92857142857143,Bab el-Mandeb Strait,Cape of Good Hope,asia_europe,2.545982575024201
2026-05-06,36.464285714285715,93.82142857142857,Bab el-Mandeb Strait,Cape of Good Hope,asia_europe,2.572967678746327
2026-05-10,36.0,93.28571428571429,Bab el-Mandeb Strait,Cape of Good Hope,asia_europe,2.5912698412698414
2026-05-24,36.285714285714285,95.03571428571429,Bab el-Mandeb Strait,Cape of Good Hope,asia_europe,2.619094488188977
2026-06-14,37.32142857142857,93.82142857142857,Bab el-Mandeb Strait,Cape of Good Hope,asia_europe,2.5138755980861243
2026-06-24,36.107142857142854,94.03571428571429,Bab el-Mandeb Strait,Cape of Good Hope,asia_europe,2.6043521266073197
2026-07-12,34.92857142857143,93.57142857142857,Bab el-Mandeb Strait,Cape of Good Hope,asia_europe,2.678936605316973
2026-07-26,34.07142857142857,92.78571428571429,Bab el-Mandeb Strait,Cape of Good Hope,asia_europe,2.723270440251573
2026-07-28,33.67857142857143,90.85714285714286,Bab el-Mandeb Strait,Cape of Good Hope,asia_europe,2.6977730646871687
2026-07-30,33.714285714285715,89.92857142857143,Bab el-Mandeb Strait,Cape of Good Hope,asia_europe,2.667372881355932
2026-08-06,32.07142857142857,90.67857142857143,Bab el-Mandeb Strait,Cape of Good Hope,asia_europe,2.8273942093541207
2019-01-05,58.2,48.8,Bab el-Mandeb Strait,Cape of Good Hope,asia_europe,0.838487972508591
2019-01-07,57.714285714285715,46.714285714285715,Bab el-Mandeb Strait,Cape of Good Hope,asia_europe,0.8094059405940595
2019-01-11,54.90909090909091,49.63636363636363,Bab el-Mandeb Strait,Cape of Good Hope,asia_europe,0.9039735099337748
2019-01-22,52.40909090909091,47.13636363636363,Bab el-Mandeb Strait,Cape of Good Hope,asia_europe,0.8993928881179531
2019-02-05,50.82142857142857,47.392857142857146,Bab el-Mandeb Strait,Cape of Good Hope,asia_europe,0.9325368938861561
2019-02-06,50.892857142857146,46.607142857142854,Bab el-Mandeb Strait,Cape of Good Hope,asia_europe,0.9157894736842104
2019-02-12,51.92857142857143,47.5,Bab el-Mandeb Strait,Cape of Good Hope,asia_europe,0.9147180192572214
2019-02-21,53.42857142857143,49.785714285714285,Bab el-Mandeb Strait,Cape of Good Hope,asia_europe,0.9318181818181818
2019-03-11,52.357142857142854,48.82142857142857,Bab el-Mandeb Strait,Cape of Good Hope,asia_europe,0.932469304229195
2019-04-20,53.785714285714285,44.785714285714285,Bab el-Mandeb Strait,Cape of Good Hope,asia_europe,0.8326693227091634
2019-05-09,54.785714285714285,44.892857142857146,Bab el-Mandeb Strait,Cape of Good Hope,asia_europe,0.819426336375489
2019-05-23,52.857142857142854,45.285714285714285,Bab el-Mandeb Strait,Cape of Good Hope,asia_europe,0.8567567567567568
2019-06-17,50.25,48.857142857142854,Bab el-Mandeb Strait,Cape of Good Hope,asia_europe,0.9722814498933902
2019-08-12,54.035714285714285,51.607142857142854,Bab el-Mandeb Strait,Cape of Good Hope,asia_europe,0.9550561797752809
2019-09-12,54.07142857142857,50.892857142857146,Bab el-Mandeb Strait,Cape of Good Hope,asia_europe,0.941215323645971
2019-09-20,53.5,49.857142857142854,Bab el-Mandeb Strait,Cape of Good Hope,asia_europe,0.931909212283044
2019-09-25,54.5,51.32142857142857,Bab el-Mandeb Strait,Cape of Good Hope,asia_europe,0.9416775884665792
2019-10-06,53.92857142857143,54.285714285714285,Bab el-Mandeb Strait,Cape of Good Hope,asia_europe,1.0066225165562914
2019-10-28,54.785714285714285,50.714285714285715,Bab el-Mandeb Strait,Cape of Good Hope,asia_europe,0.9256844850065189
2019-11-02,54.75,50.035714285714285,Bab el-Mandeb Strait,Cape of Good Hope,asia_europe,0.913894324853229
2019-12-22,53.67857142857143,43.0,Bab el-Mandeb Strait,Cape of Good Hope,asia_europe,0.8010645375914837
2019-12-27,55.035714285714285,41.357142857142854,Bab el-Mandeb Strait,Cape of Good Hope,asia_europe,0.7514600908500974
2020-01-14,54.285714285714285,39.892857142857146,Bab el-Mandeb Strait,Cape of Good Hope,asia_europe,0.7348684210526316
2020-01-18,54.32142857142857,39.785714285714285,Bab el-Mandeb Strait,Cape of Good Hope,asia_europe,0.7324128862590401
2020-02-20,59.25,81.5,Bab el-Mandeb Strait,Cape of Good Hope,asia_europe,1.3755274261603376
2020-03-08,53.214285714285715,43.32142857142857,Bab el-Mandeb Strait,Cape of Good Hope,asia_europe,0.8140939597315435
2020-04-06,55.0,45.214285714285715,Bab el-Mandeb Strait,Cape of Good Hope,asia_europe,0.8220779220779221
2020-04-15,56.32142857142857,47.535714285714285,Bab el-Mandeb Strait,Cape of Good Hope,asia_europe,0.844007609384908
2020-04-20,56.357142857142854,48.892857142857146,Bab el-Mandeb Strait,Cape of Good Hope,asia_europe,0.8675538656527251
2020-05-04,56.392857142857146,52.607142857142854,Bab el-Mandeb Strait,Cape of Good Hope,asia_europe,0.9328689043698543
2020-05-09,57.214285714285715,54.285714285714285,Bab el-Mandeb Strait,Cape of Good Hope,asia_europe,0.9488139825218477
2020-05-11,57.285714285714285,54.214285714285715,Bab el-Mandeb Strait,Cape of Good Hope,asia_europe,0.9463840399002494
2020-05-12,56.92857142857143,53.535714285714285,Bab el-Mandeb Strait,Cape of Good Hope,asia_europe,0.9404015056461731
2020-07-15,50.535714285714285,52.535714285714285,Bab el-Mandeb Strait,Cape of Good Hope,asia_europe,1.0395759717314488
2020-08-20,52.892857142857146,55.392857142857146,Bab el-Mandeb Strait,Cape of Good Hope,asia_europe,1.0472653612424039
2020-09-10,55.857142857142854,56.285714285714285,Bab el-Mandeb Strait,Cape of Good Hope,asia_europe,1.0076726342710998
2020-09-22,56.32142857142857,53.714285714285715,Bab el-Mandeb Strait,Cape of Good Hope,asia_europe,0.9537095751426761
2020-09-25,55.642857142857146,54.642857142857146,Bab el-Mandeb Strait,Cape of Good Hope,asia_europe,0.982028241335045
2020-10-11,55.392857142857146,51.892857142857146,Bab el-Mandeb Strait,Cape of Good Hope,asia_europe,0.9368149580915538
2020-10-16,55.357142857142854,50.42857142857143,Bab el-Mandeb Strait,Cape of Good Hope,asia_europe,0.9109677419354839
2020-10-28,55.32142857142857,50.107142857142854,Bab el-Mandeb Strait,Cape of Good Hope,asia_europe,0.9057456423499032
2020-11-01,54.82142857142857,50.142857142857146,Bab el-Mandeb Strait,Cape of Good Hope,asia_europe,0.9146579804560262
2020-12-16,55.607142857142854,46.17857142857143,Bab el-Mandeb Strait,Cape of Good Hope,asia_europe,0.8304431599229288
2020-12-31,55.32142857142857,43.714285714285715,Bab el-Mandeb Strait,Cape of Good Hope,asia_europe,0.790187217559716
2021-01-05,55.57142857142857,43.285714285714285,Bab el-Mandeb Strait,Cape of Good Hope,asia_europe,0.7789203084832905
2021-01-08,56.25,42.464285714285715,Bab el-Mandeb Strait,Cape of Good Hope,asia_europe,0.754920634920635
2021-02-20,59.357142857142854,44.42857142857143,Bab el-Mandeb Strait,Cape of Good Hope,asia_europe,0.7484957882069796
2021-02-27,58.607142857142854,46.464285714285715,Bab el-Mandeb Strait,Cape of Good Hope,asia_europe,0.7928092626447288
2021-03-24,59.42857142857143,48.607142857142854,Bab el-Mandeb Strait,Cape of Good Hope,asia_europe,0.8179086538461537
2021-06-08,56.07142857142857,51.214285714285715,Bab el-Mandeb Strait,Cape of Good Hope,asia_europe,0.913375796178344
2021-08-29,60.714285714285715,46.607142857142854,Bab el-Mandeb Strait,Cape of Good Hope,asia_europe,0.7676470588235293
2021-09-18,59.57142857142857,48.714285714285715,Bab el-Mandeb Strait,Cape of Good Hope,asia_europe,0.8177458033573142
2021-10-12,60.607142857142854,45.142857142857146,Bab el-Mandeb Strait,Cape of Good Hope,asia_europe,0.7448438420742488
2021-10-13,61.107142857142854,44.607142857142854,Bab el-Mandeb Strait,Cape of Good Hope,asia_europe,0.7299824663939217
2021-10-25,59.285714285714285,41.785714285714285,Bab el-Mandeb Strait,Cape of Good Hope,asia_europe,0.7048192771084337
2021-10-31,59.035714285714285,41.92857142857143,Bab el-Mandeb Strait,Cape of Good Hope,asia_europe,0.7102238354506958
2021-11-17,59.642857142857146,42.857142857142854,Bab el-Mandeb Strait,Cape of Good Hope,asia_europe,0.7185628742514969
2021-12-10,62.42857142857143,42.607142857142854,Bab el-Mandeb Strait,Cape of Good Hope,asia_europe,0.6824942791762013
2022-02-10,62.0,41.392857142857146,Bab el-Mandeb Strait,Cape of Good Hope,asia_europe,0.6676267281105991
2022-02-26,63.642857142857146,43.0,Bab el-Mandeb Strait,Cape of Good Hope,asia_europe,0.6756453423120089
2022-03-05,62.32142857142857,42.107142857142854,Bab el-Mandeb Strait,Cape of Good Hope,asia_europe,0.6756446991404012
2022-03-15,61.214285714285715,41.75,Bab el-Mandeb Strait,Cape of Good Hope,asia_europe,0.6820303383897316
2022-04-03,62.75,39.892857142857146,Bab el-Mandeb Strait,Cape of Good Hope,asia_europe,0.6357427433124645
2022-05-02,64.71428571428571,42.07142857142857,Bab el-Mandeb Strait,Cape of Good Hope,asia_europe,0.6501103752759382
2022-05-17,63.5,45.714285714285715,Bab el-Mandeb Strait,Cape of Good Hope,asia_europe,0.719910011248594
2022-08-04,69.21428571428571,47.642857142857146,Bab el-Mandeb Strait,Cape of Good Hope,asia_europe,0.6883384932920538
2022-08-29,69.5,47.5,Bab el-Mandeb Strait,Cape of Good Hope,asia_europe,0.6834532374100719
2022-08-30,70.28571428571429,47.25,Bab el-Mandeb Strait,Cape of Good Hope,asia_europe,0.6722560975609756
2022-09-14,70.53571428571429,48.107142857142854,Bab el-Mandeb Strait,Cape of Good Hope,asia_europe,0.6820253164556961
2022-09-26,70.25,46.357142857142854,Bab el-Mandeb Strait,Cape of Good Hope,asia_europe,0.6598881545500762
2022-10-27,71.21428571428571,42.57142857142857,Bab el-Mandeb Strait,Cape of Good Hope,asia_europe,0.5977933801404213
2022-11-17,73.21428571428571,41.714285714285715,Bab el-Mandeb Strait,Cape of Good Hope,asia_europe,0.5697560975609757
2022-12-09,70.71428571428571,41.535714285714285,Bab el-Mandeb Strait,Cape of Good Hope,asia_europe,0.5873737373737374
2023-01-05,72.78571428571429,39.5,Bab el-Mandeb Strait,Cape of Good Hope,asia_europe,0.5426889106967615
2023-02-06,71.32142857142857,43.464285714285715,Bab el-Mandeb Strait,Cape of Good Hope,asia_europe,0.6094141211817727
2023-03-12,70.5,40.964285714285715,Bab el-Mandeb Strait,Cape of Good Hope,asia_europe,0.5810536980749746
2023-04-01,72.89285714285714,43.464285714285715,Bab el-Mandeb Strait,Cape of Good Hope,asia_europe,0.5962763351298384
2023-04-08,73.96428571428571,44.17857142857143,Bab el-Mandeb Strait,Cape of Good Hope,asia_europe,0.5972959922742637
2023-05-16,77.64285714285714,47.035714285714285,Bab el-Mandeb Strait,Cape of Good Hope,asia_europe,0.6057957681692733
2023-05-27,77.85714285714286,48.785714285714285,Bab el-Mandeb Strait,Cape of Good Hope,asia_europe,0.6266055045871559
2023-07-03,74.85714285714286,52.357142857142854,Bab el-Mandeb Strait,Cape of Good Hope,asia_europe,0.6994274809160305
2023-07-08,75.46428571428571,51.32142857142857,Bab el-Mandeb Strait,Cape of Good Hope,asia_europe,0.6800757217226692
2023-07-18,75.75,54.142857142857146,Bab el-Mandeb Strait,Cape of Good Hope,asia_europe,0.7147571900047148
2023-07-20,74.57142857142857,52.25,Bab el-Mandeb Strait,Cape of Good Hope,asia_europe,0.7006704980842912
2023-08-15,72.60714285714286,55.392857142857146,Bab el-Mandeb Strait,Cape of Good Hope,asia_europe,0.7629119527791441
2023-08-22,73.78571428571429,53.285714285714285,Bab el-Mandeb Strait,Cape of Good Hope,asia_europe,0.7221684414327202
2023-09-06,74.5,54.92857142857143,Bab el-Mandeb Strait,Cape of Good Hope,asia_europe,0.7372962607861937
2023-09-11,73.82142857142857,53.82142857142857,Bab el-Mandeb Strait,Cape of Good Hope,asia_europe,0.7290759554910499
2023-10-02,75.5,56.464285714285715,Bab el-Mandeb Strait,Cape of Good Hope,asia_europe,0.7478713339640493
2023-11-30,77.32142857142857,48.67857142857143,Bab el-Mandeb Strait,Cape of Good Hope,asia_europe,0.6295612009237875
2023-12-08,77.21428571428571,48.285714285714285,Bab el-Mandeb Strait,Cape of Good Hope,asia_europe,0.6253469010175764
2024-01-05,58.857142857142854,57.0,Bab el-Mandeb Strait,Cape of Good Hope,asia_europe,0.9684466019417476
2024-01-11,52.82142857142857,61.67857142857143,Bab el-Mandeb Strait,Cape of Good Hope,asia_europe,1.1676808654496282
2024-02-09,34.607142857142854,74.5,Bab el-Mandeb Strait,Cape of Good Hope,asia_europe,2.152734778121775
2024-02-13,34.67857142857143,77.5,Bab el-Mandeb Strait,Cape of Good Hope,asia_europe,2.23480947476828
2024-02-18,34.17857142857143,80.82142857142857,Bab el-Mandeb Strait,Cape of Good Hope,asia_europe,2.364681295715778
2024-02-20,33.785714285714285,82.78571428571429,Bab el-Mandeb Strait,Cape of Good Hope,asia_europe,2.45031712473573
2024-03-27,32.82142857142857,86.57142857142857,Bab el-Mandeb Strait,Cape of Good Hope,asia_europe,2.6376496191512513
2024-04-14,32.0,80.96428571428571,Bab el-Mandeb Strait,Cape of Good Hope,asia_europe,2.5301339285714284
2024-05-12,32.785714285714285,92.64285714285714,Bab el-Mandeb Strait,Cape of Good Hope,asia_europe,2.8257080610021785
2024-06-29,31.607142857142858,96.35714285714286,Bab el-Mandeb Strait,Cape of Good Hope,asia_europe,3.048587570621469
2024-07-08,30.571428571428573,89.67857142857143,Bab el-Mandeb Strait,Cape of Good Hope,asia_europe,2.9334112149532707
2024-07-26,29.214285714285715,94.14285714285714,Bab el-Mandeb Strait,Cape of Good Hope,asia_europe,3.222493887530562
2024-08-08,29.142857142857142,100.10714285714286,Bab el-Mandeb Strait,Cape of Good Hope,asia_europe,3.435049019607843
2024-09-11,30.892857142857142,93.39285714285714,Bab el-Mandeb Strait,Cape of Good Hope,asia_europe,3.0231213872832368
2024-09-23,31.214285714285715,88.60714285714286,Bab el-Mandeb Strait,Cape of Good Hope,asia_europe,2.8386727688787188
2024-10-04,30.392857142857142,86.82142857142857,Bab el-Mandeb Strait,Cape of Good Hope,asia_europe,2.856639247943596
2024-11-08,32.857142857142854,85.17857142857143,Bab el-Mandeb Strait,Cape of Good Hope,asia_europe,2.5923913043478266
2024-11-10,32.142857142857146,84.64285714285714,Bab el-Mandeb Strait,Cape of Good Hope,asia_europe,2.633333333333333
2024-11-26,33.357142857142854,85.57142857142857,Bab el-Mandeb Strait,Cape of Good Hope,asia_europe,2.5653104925053536
2024-12-07,32.0,83.89285714285714,Bab el-Mandeb Strait,Cape of Good Hope,asia_europe,2.6216517857142856
2024-12-11,32.035714285714285,81.71428571428571,Bab el-Mandeb Strait,Cape of Good Hope,asia_europe,2.550724637681159
2025-01-14,32.107142857142854,82.28571428571429,Bab el-Mandeb Strait,Cape of Good Hope,asia_europe,2.562847608453838
2025-03-01,31.571428571428573,88.35714285714286,Bab el-Mandeb Strait,Cape of Good Hope,asia_europe,2.7986425339366514
2025-03-21,32.607142857142854,82.64285714285714,Bab el-Mandeb Strait,Cape of Good Hope,asia_europe,2.534501642935378
2025-04-23,33.25,83.10714285714286,Bab el-Mandeb Strait,Cape of Good Hope,asia_europe,2.4994629430719657
2025-05-03,32.214285714285715,82.32142857142857,Bab el-Mandeb Strait,Cape of Good Hope,asia_europe,2.555432372505543
2025-05-04,32.464285714285715,83.64285714285714,Bab el-Mandeb Strait,Cape of Good Hope,asia_europe,2.576457645764576
2025-05-11,32.035714285714285,85.21428571428571,Bab el-Mandeb Strait,Cape of Good Hope,asia_europe,2.659977703455964
2025-05-13,32.357142857142854,86.17857142857143,Bab el-Mandeb Strait,Cape of Good Hope,asia_europe,2.6633554083885214
2025-06-09,34.857142857142854,92.89285714285714,Bab el-Mandeb Strait,Cape of Good Hope,asia_europe,2.6649590163934427
2025-06-17,34.464285714285715,91.0,Bab el-Mandeb Strait,Cape of Good Hope,asia_europe,2.6404145077720207
2025-06-30,31.178571428571427,92.14285714285714,Bab el-Mandeb Strait,Cape of Good Hope,asia_europe,2.9553264604811
2025-07-03,31.25,93.67857142857143,Bab el-Mandeb Strait,Cape of Good Hope,asia_europe,2.9977142857142858
2025-07-04,31.178571428571427,93.10714285714286,Bab el-Mandeb Strait,Cape of Good Hope,asia_europe,2.9862542955326465
2025-07-07,30.357142857142858,91.53571428571429,Bab el-Mandeb Strait,Cape of Good Hope,asia_europe,3.015294117647059
2025-07-10,30.0,95.0,Bab el-Mandeb Strait,Cape of Good Hope,asia_europe,3.1666666666666665
2025-08-07,31.357142857142858,95.03571428571429,Bab el-Mandeb Strait,Cape of Good Hope,asia_europe,3.0307517084282463
2025-08-15,33.67857142857143,97.85714285714286,Bab el-Mandeb Strait,Cape of Good Hope,asia_europe,2.9056203605514317
2025-09-09,34.17857142857143,97.64285714285714,Bab el-Mandeb Strait,Cape of Good Hope,asia_europe,2.856844305120167
2025-09-23,35.357142857142854,94.85714285714286,Bab el-Mandeb Strait,Cape of Good Hope,asia_europe,2.6828282828282832
2025-09-24,34.714285714285715,93.82142857142857,Bab el-Mandeb Strait,Cape of Good Hope,asia_europe,2.7026748971193415
2025-09-26,34.464285714285715,93.14285714285714,Bab el-Mandeb Strait,Cape of Good Hope,asia_europe,2.7025906735751293
2025-10-01,33.75,95.35714285714286,Bab el-Mandeb Strait,Cape of Good Hope,asia_europe,2.8253968253968256
2025-10-02,34.32142857142857,95.57142857142857,Bab el-Mandeb Strait,Cape of Good Hope,asia_europe,2.784599375650364
2025-10-03,33.857142857142854,94.78571428571429,Bab el-Mandeb Strait,Cape of Good Hope,asia_europe,2.7995780590717305
2025-11-12,37.42857142857143,89.21428571428571,Bab el-Mandeb Strait,Cape of Good Hope,asia_europe,2.383587786259542
2025-11-16,36.607142857142854,87.07142857142857,Bab el-Mandeb Strait,Cape of Good Hope,asia_europe,2.378536585365854
2025-11-30,38.035714285714285,87.21428571428571,Bab el-Mandeb Strait,Cape of Good Hope,asia_europe,2.2929577464788733
2025-12-28,32.285714285714285,83.78571428571429,Bab el-Mandeb Strait,Cape of Good Hope,asia_europe,2.595132743362832
2026-01-05,31.714285714285715,85.07142857142857,Bab el-Mandeb Strait,Cape of Good Hope,asia_europe,2.6824324324324325
2026-01-08,33.0,83.75,Bab el-Mandeb Strait,Cape of Good Hope,asia_europe,2.537878787878788
2026-01-09,33.17857142857143,84.07142857142857,Bab el-Mandeb Strait,Cape of Good Hope,asia_europe,2.533907427341227
2026-01-17,33.857142857142854,86.17857142857143,Bab el-Mandeb Strait,Cape of Good Hope,asia_europe,2.54535864978903
2026-02-15,34.607142857142854,85.21428571428571,Bab el-Mandeb Strait,Cape of Good Hope,asia_europe,2.4623323013415894
2026-02-25,36.42857142857143,87.03571428571429,Bab el-Mandeb Strait,Cape of Good Hope,asia_europe,2.3892156862745098
2026-03-09,36.642857142857146,91.42857142857143,Bab el-Mandeb Strait,Cape of Good Hope,asia_europe,2.4951267056530213
2026-03-11,36.214285714285715,91.78571428571429,Bab el-Mandeb Strait,Cape of Good Hope,asia_europe,2.5345167652859963
2026-04-22,37.25,90.89285714285714,Bab el-Mandeb Strait,Cape of Good Hope,asia_europe,2.4400767018216682
2026-04-23,36.92857142857143,91.53571428571429,Bab el-Mandeb Strait,Cape of Good Hope,asia_europe,2.478723404255319
2026-04-24,37.285714285714285,93.17857142857143,Bab el-Mandeb Strait,Cape of Good Hope,asia_europe,2.49904214559387
2026-04-30,36.42857142857143,93.21428571428571,Bab el-Mandeb Strait,Cape of Good Hope,asia_europe,2.5588235294117645
2026-05-11,35.857142857142854,90.82142857142857,Bab el-Mandeb Strait,Cape of Good Hope,asia_europe,2.5328685258964145
2026-06-06,36.892857142857146,95.53571428571429,Bab el-Mandeb Strait,Cape of Good Hope,asia_europe,2.589545014520813
2026-06-18,36.642857142857146,93.10714285714286,Bab el-Mandeb Strait,Cape of Good Hope,asia_europe,2.5409356725146197
2026-07-16,35.714285714285715,94.21428571428571,Bab el-Mandeb Strait,Cape of Good Hope,asia_europe,2.638
2026-08-03,32.642857142857146,90.0,Bab el-Mandeb Strait,Cape of Good Hope,asia_europe,2.757111597374179
2026-08-08,31.5,90.28571428571429,Bab el-Mandeb Strait,Cape of Good Hope,asia_europe,2.866213151927438
2026-08-09,31.25,89.78571428571429,Bab el-Mandeb Strait,Cape of Good Hope,asia_europe,2.873142857142857
2026-08-14,28.357142857142858,87.78571428571429,Bab el-Mandeb Strait,Cape of Good Hope,asia_europe,3.0957178841309827
2026-08-19,28.535714285714285,89.21428571428571,Bab el-Mandeb Strait,Cape of Good Hope,asia_europe,3.1264080100125153
2019-01-19,53.10526315789474,46.94736842105263,Bab el-Mandeb Strait,Cape of Good Hope,asia_europe,0.88404360753221
2019-01-27,51.55555555555556,46.96296296296296,Bab el-Mandeb Strait,Cape of Good Hope,asia_europe,0.910919540229885
2019-02-10,51.67857142857143,47.642857142857146,Bab el-Mandeb Strait,Cape of Good Hope,asia_europe,0.921907394609537
2019-02-16,52.357142857142854,48.642857142857146,Bab el-Mandeb Strait,Cape of Good Hope,asia_europe,0.9290586630286495
2019-02-19,53.285714285714285,48.892857142857146,Bab el-Mandeb Strait,Cape of Good Hope,asia_europe,0.9175603217158178
2019-03-10,52.285714285714285,49.214285714285715,Bab el-Mandeb Strait,Cape of Good Hope,asia_europe,0.9412568306010929
2019-04-03,52.92857142857143,42.57142857142857,Bab el-Mandeb Strait,Cape of Good Hope,asia_europe,0.8043184885290148
2019-04-24,53.75,44.607142857142854,Bab el-Mandeb Strait,Cape of Good Hope,asia_europe,0.8299003322259135
2019-04-25,54.75,44.857142857142854,Bab el-Mandeb Strait,Cape of Good Hope,asia_europe,0.8193085453359426
2019-05-21,53.142857142857146,45.285714285714285,Bab el-Mandeb Strait,Cape of Good Hope,asia_europe,0.8521505376344085
2019-06-03,51.32142857142857,47.0,Bab el-Mandeb Strait,Cape of Good Hope,asia_europe,0.9157967988865693
2019-06-28,51.57142857142857,50.035714285714285,Bab el-Mandeb Strait,Cape of Good Hope,asia_europe,0.9702216066481995
2019-07-02,50.964285714285715,49.25,Bab el-Mandeb Strait,Cape of Good Hope,asia_europe,0.9663629992992291
2019-07-12,50.964285714285715,50.357142857142854,Bab el-Mandeb Strait,Cape of Good Hope,asia_europe,0.9880868955851436
2019-08-23,56.357142857142854,53.285714285714285,Bab el-Mandeb Strait,Cape of Good Hope,asia_europe,0.9455006337135615
2019-09-17,53.714285714285715,51.285714285714285,Bab el-Mandeb Strait,Cape of Good Hope,asia_europe,0.9547872340425532
2019-09-18,53.57142857142857,50.714285714285715,Bab el-Mandeb Strait,Cape of Good Hope,asia_europe,0.9466666666666668
2019-09-28,53.535714285714285,52.285714285714285,Bab el-Mandeb Strait,Cape of Good Hope,asia_europe,0.9766511007338226
2019-10-05,54.07142857142857,54.142857142857146,Bab el-Mandeb Strait,Cape of Good Hope,asia_europe,1.001321003963012
2019-10-16,54.285714285714285,53.464285714285715,Bab el-Mandeb Strait,Cape of Good Hope,asia_europe,0.9848684210526316
2019-11-26,54.892857142857146,48.107142857142854,Bab el-Mandeb Strait,Cape of Good Hope,asia_europe,0.8763825634352634
2019-11-28,54.32142857142857,47.035714285714285,Bab el-Mandeb Strait,Cape of Good Hope,asia_europe,0.8658777120315582
2019-12-15,53.642857142857146,44.0,Bab el-Mandeb Strait,Cape of Good Hope,asia_europe,0.8202396804260985
2019-12-24,54.214285714285715,42.607142857142854,Bab el-Mandeb Strait,Cape of Good Hope,asia_europe,0.7859025032938076
2020-01-02,54.32142857142857,41.07142857142857,Bab el-Mandeb Strait,Cape of Good Hope,asia_europe,0.7560815253122946
2020-01-15,54.464285714285715,40.285714285714285,Bab el-Mandeb Strait,Cape of Good Hope,asia_europe,0.7396721311475409
2020-01-24,53.17857142857143,39.82142857142857,Bab el-Mandeb Strait,Cape of Good Hope,asia_europe,0.7488247145735393
2020-01-30,57.285714285714285,62.392857142857146,Bab el-Mandeb Strait,Cape of Good Hope,asia_europe,1.089152119700748
2020-02-01,57.714285714285715,72.28571428571429,Bab el-Mandeb Strait,Cape of Good Hope,asia_europe,1.2524752475247525
2020-02-11,59.285714285714285,79.10714285714286,Bab el-Mandeb Strait,Cape of Good Hope,asia_europe,1.3343373493975905
2020-03-19,52.464285714285715,42.42857142857143,Bab el-Mandeb Strait,Cape of Good Hope,asia_europe,0.808713410483322
2020-04-05,54.07142857142857,44.642857142857146,Bab el-Mandeb Strait,Cape of Good Hope,asia_europe,0.8256274768824308
2020-05-29,54.0,54.32142857142857,Bab el-Mandeb Strait,Cape of Good Hope,asia_europe,1.005952380952381
2020-06-04,51.67857142857143,55.32142857142857,Bab el-Mandeb Strait,Cape of Good Hope,asia_europe,1.0704906703524533
2020-06-15,49.67857142857143,54.67857142857143,Bab el-Mandeb Strait,Cape of Good Hope,asia_europe,1.100647016534867
2020-06-17,49.464285714285715,54.607142857142854,Bab el-Mandeb Strait,Cape of Good Hope,asia_europe,1.103971119133574
2020-06-18,48.642857142857146,54.392857142857146,Bab el-Mandeb Strait,Cape of Good Hope,asia_europe,1.118208516886931
2020-06-26,48.035714285714285,54.785714285714285,Bab el-Mandeb Strait,Cape of Good Hope,asia_europe,1.1405204460966543
2020-06-30,48.82142857142857,51.357142857142854,Bab el-Mandeb Strait,Cape of Good Hope,asia_europe,1.051938551572787
2020-07-03,48.892857142857146,53.214285714285715,Bab el-Mandeb Strait,Cape of Good Hope,asia_europe,1.0883856829802776
2020-08-26,53.357142857142854,56.535714285714285,Bab el-Mandeb Strait,Cape of Good Hope,asia_europe,1.0595716198125837
2020-09-06,55.285714285714285,55.32142857142857,Bab el-Mandeb Strait,Cape of Good Hope,asia_europe,1.0006459948320414
2020-09-08,55.75,55.25,Bab el-Mandeb Strait,Cape of Good Hope,asia_europe,0.9910313901345291
2020-09-28,55.32142857142857,54.785714285714285,Bab el-Mandeb Strait,Cape of Good Hope,asia_europe,0.9903163331181407
2020-09-29,55.17857142857143,54.17857142857143,Bab el-Mandeb Strait,Cape of Good Hope,asia_europe,0.9818770226537217
2020-10-20,54.785714285714285,51.42857142857143,Bab el-Mandeb Strait,Cape of Good Hope,asia_europe,0.9387222946544981
2020-11-11,54.535714285714285,48.785714285714285,Bab el-Mandeb Strait,Cape of Good Hope,asia_europe,0.8945645055664702
2020-11-21,56.0,48.035714285714285,Bab el-Mandeb Strait,Cape of Good Hope,asia_europe,0.857780612244898
2020-12-11,56.714285714285715,47.535714285714285,Bab el-Mandeb Strait,Cape of Good Hope,asia_europe,0.8381612090680101
2020-12-14,55.82142857142857,46.67857142857143,Bab el-Mandeb Strait,Cape of Good Hope,asia_europe,0.8362124120281511
2020-12-19,55.642857142857146,45.142857142857146,Bab el-Mandeb Strait,Cape of Good Hope,asia_europe,0.8112965340179717
2021-01-02,55.392857142857146,43.75,Bab el-Mandeb Strait,Cape of Good Hope,asia_europe,0.7898130238555771
2021-01-12,56.285714285714285,42.17857142857143,Bab el-Mandeb Strait,Cape of Good Hope,asia_europe,0.7493654822335026
2021-01-23,56.142857142857146,42.42857142857143,Bab el-Mandeb Strait,Cape of Good Hope,asia_europe,0.7557251908396947
2021-01-24,56.464285714285715,42.535714285714285,Bab el-Mandeb Strait,Cape of Good Hope,asia_europe,0.7533206831119544
2021-02-09,58.07142857142857,43.17857142857143,Bab el-Mandeb Strait,Cape of Good Hope,asia_europe,0.7435424354243543
2021-03-06,59.57142857142857,47.964285714285715,Bab el-Mandeb Strait,Cape of Good Hope,asia_europe,0.8051558752997602
2021-04-10,54.107142857142854,50.035714285714285,Bab el-Mandeb Strait,Cape of Good Hope,asia_europe,0.9247524752475248
2021-05-19,55.82142857142857,50.964285714285715,Bab el-Mandeb Strait,Cape of Good Hope,asia_europe,0.9129878438899552
2021-05-20,56.214285714285715,50.17857142857143,Bab el-Mandeb Strait,Cape of Good Hope,asia_europe,0.8926302414231259
2021-06-10,56.32142857142857,50.785714285714285,Bab el-Mandeb Strait,Cape of Good Hope,asia_europe,0.901712111604312
2021-06-20,56.642857142857146,51.607142857142854,Bab el-Mandeb Strait,Cape of Good Hope,asia_europe,0.9110970996216897
2021-06-24,57.42857142857143,50.25,Bab el-Mandeb Strait,Cape of Good Hope,asia_europe,0.875
2021-06-27,58.17857142857143,49.535714285714285,Bab el-Mandeb Strait,Cape of Good Hope,asia_europe,0.8514426028238182
2021-07-13,59.0,48.92857142857143,Bab el-Mandeb Strait,Cape of Good Hope,asia_europe,0.8292978208232445
2021-08-24,60.464285714285715,48.285714285714285,Bab el-Mandeb Strait,Cape of Good Hope,asia_europe,0.7985823981098641
2021-09-07,61.892857142857146,48.035714285714285,Bab el-Mandeb Strait,Cape of Good Hope,asia_europe,0.7761107905366416
2021-09-16,60.107142857142854,48.25,Bab el-Mandeb Strait,Cape of Good Hope,asia_europe,0.8027332144979205
2021-09-24,61.142857142857146,48.535714285714285,Bab el-Mandeb Strait,Cape of Good Hope,asia_europe,0.7938084112149533
2021-09-27,61.642857142857146,49.535714285714285,Bab el-Mandeb Strait,Cape of Good Hope,asia_europe,0.8035921205098493
2021-10-10,61.32142857142857,45.57142857142857,Bab el-Mandeb Strait,Cape of Good Hope,asia_europe,0.7431566686080373
2021-10-30,59.32142857142857,41.82142857142857,Bab el-Mandeb Strait,Cape of Good Hope,asia_europe,0.7049969897652016
2021-12-03,61.25,43.142857142857146,Bab el-Mandeb Strait,Cape of Good Hope,asia_europe,0.7043731778425657
2021-12-22,60.857142857142854,42.67857142857143,Bab el-Mandeb Strait,Cape of Good Hope,asia_europe,0.7012910798122066
2022-01-09,61.42857142857143,41.535714285714285,Bab el-Mandeb Strait,Cape of Good Hope,asia_europe,0.6761627906976744
2022-02-21,62.57142857142857,43.17857142857143,Bab el-Mandeb Strait,Cape of Good Hope,asia_europe,0.690068493150685
2022-02-28,63.214285714285715,42.357142857142854,Bab el-Mandeb Strait,Cape of Good Hope,asia_europe,0.6700564971751412
2022-03-10,61.142857142857146,42.57142857142857,Bab el-Mandeb Strait,Cape of Good Hope,asia_europe,0.6962616822429906
2022-03-23,62.285714285714285,40.892857142857146,Bab el-Mandeb Strait,Cape of Good Hope,asia_europe,0.6565366972477065
2022-05-05,64.42857142857143,42.75,Bab el-Mandeb Strait,Cape of Good Hope,asia_europe,0.6635254988913525
2022-06-28,66.17857142857143,47.642857142857146,Bab el-Mandeb Strait,Cape of Good Hope,asia_europe,0.7199136535348084
2022-07-18,68.35714285714286,49.214285714285715,Bab el-Mandeb Strait,Cape of Good Hope,asia_europe,0.7199582027168234
2022-08-03,68.46428571428571,48.107142857142854,Bab el-Mandeb Strait,Cape of Good Hope,asia_europe,0.702660406885759
2022-08-31,70.0,46.285714285714285,Bab el-Mandeb Strait,Cape of Good Hope,asia_europe,0.6612244897959183
2022-09-24,70.78571428571429,46.5,Bab el-Mandeb Strait,Cape of Good Hope,asia_europe,0.6569122098890009
2022-09-27,69.78571428571429,47.0,Bab el-Mandeb Strait,Cape of Good Hope,asia_europe,0.6734902763561924
2022-09-30,70.28571428571429,47.607142857142854,Bab el-Mandeb Strait,Cape of Good Hope,asia_europe,0.6773373983739837
2022-10-30,70.82142857142857,42.714285714285715,Bab el-Mandeb Strait,Cape of Good Hope,asia_europe,0.6031265758951084
2022-11-18,73.42857142857143,41.892857142857146,Bab el-Mandeb Strait,Cape of Good Hope,asia_europe,0.5705252918287937
2022-11-24,71.89285714285714,42.75,Bab el-Mandeb Strait,Cape of Good Hope,asia_europe,0.5946348733233979
2022-12-06,71.03571428571429,41.82142857142857,Bab el-Mandeb Strait,Cape of Good Hope,asia_europe,0.5887380593262945
2022-12-14,70.21428571428571,42.107142857142854,Bab el-Mandeb Strait,Cape of Good Hope,asia_europe,0.5996948118006104
2022-12-18,71.39285714285714,41.607142857142854,Bab el-Mandeb Strait,Cape of Good Hope,asia_europe,0.5827913956978489
2023-01-22,73.67857142857143,41.392857142857146,Bab el-Mandeb Strait,Cape of Good Hope,asia_europe,0.5618031992244304
2023-03-22,72.03571428571429,43.214285714285715,Bab el-Mandeb Strait,Cape of Good Hope,asia_europe,0.5999008428358948
2023-03-24,72.32142857142857,43.0,Bab el-Mandeb Strait,Cape of Good Hope,asia_europe,0.5945679012345679
2023-04-28,74.71428571428571,45.392857142857146,Bab el-Mandeb Strait,Cape of Good Hope,asia_europe,0.6075525812619503
2023-05-10,77.21428571428571,47.42857142857143,Bab el-Mandeb Strait,Cape of Good Hope,asia_europe,0.6142460684551342
2023-05-18,77.75,47.17857142857143,Bab el-Mandeb Strait,Cape of Good Hope,asia_europe,0.6067983463481856
2023-06-08,78.03571428571429,50.607142857142854,Bab el-Mandeb Strait,Cape of Good Hope,asia_europe,0.6485125858123569
2023-06-10,77.96428571428571,50.857142857142854,Bab el-Mandeb Strait,Cape of Good Hope,asia_europe,0.652313330279432
2023-06-15,76.10714285714286,50.285714285714285,Bab el-Mandeb Strait,Cape of Good Hope,asia_europe,0.6607226654152979
2023-08-10,73.07142857142857,54.92857142857143,Bab el-Mandeb Strait,Cape of Good Hope,asia_europe,0.7517106549364614
2023-08-14,73.53571428571429,55.357142857142854,Bab el-Mandeb Strait,Cape of Good Hope,asia_europe,0.7527926177756191
2023-10-01,75.60714285714286,56.17857142857143,Bab el-Mandeb Strait,Cape of Good Hope,asia_europe,0.7430325932923949
2023-11-09,78.28571428571429,49.642857142857146,Bab el-Mandeb Strait,Cape of Good Hope,asia_europe,0.6341240875912408
2023-12-04,77.32142857142857,48.5,Bab el-Mandeb Strait,Cape of Good Hope,asia_europe,0.6272517321016167
2023-12-07,76.78571428571429,48.214285714285715,Bab el-Mandeb Strait,Cape of Good Hope,asia_europe,0.627906976744186
2024-01-09,55.464285714285715,60.285714285714285,Bab el-Mandeb Strait,Cape of Good Hope,asia_europe,1.0869285254346426
2024-01-12,51.357142857142854,62.857142857142854,Bab el-Mandeb Strait,Cape of Good Hope,asia_europe,1.223922114047288
2024-01-16,48.035714285714285,64.75,Bab el-Mandeb Strait,Cape of Good Hope,asia_europe,1.3479553903345725
2024-01-23,43.42857142857143,69.25,Bab el-Mandeb Strait,Cape of Good Hope,asia_europe,1.5945723684210527
2024-01-30,39.17857142857143,72.25,Bab el-Mandeb Strait,Cape of Good Hope,asia_europe,1.84412032816773
2024-02-03,37.42857142857143,73.32142857142857,Bab el-Mandeb Strait,Cape of Good Hope,asia_europe,1.9589694656488548
2024-02-12,34.57142857142857,76.57142857142857,Bab el-Mandeb Strait,Cape of Good Hope,asia_europe,2.2148760330578514
2024-02-27,35.25,84.57142857142857,Bab el-Mandeb Strait,Cape of Good Hope,asia_europe,2.3991894630192503
2024-04-15,32.214285714285715,82.0,Bab el-Mandeb Strait,Cape of Good Hope,asia_europe,2.5454545454545454
2024-04-17,32.57142857142857,84.21428571428571,Bab el-Mandeb Strait,Cape of Good Hope,asia_europe,2.5855263157894735
2024-04-21,32.464285714285715,86.92857142857143,Bab el-Mandeb Strait,Cape of Good Hope,asia_europe,2.6776677667766777
2024-05-17,32.32142857142857,89.78571428571429,Bab el-Mandeb Strait,Cape of Good Hope,asia_europe,2.777900552486188
2024-06-17,32.142857142857146,93.75,Bab el-Mandeb Strait,Cape of Good Hope,asia_europe,2.9166666666666665
2024-06-21,31.821428571428573,95.25,Bab el-Mandeb Strait,Cape of Good Hope,asia_europe,2.993265993265993
2024-07-07,30.535714285714285,92.21428571428571,Bab el-Mandeb Strait,Cape of Good Hope,asia_europe,3.0198830409356723
2024-07-15,30.357142857142858,93.46428571428571,Bab el-Mandeb Strait,Cape of Good Hope,asia_europe,3.0788235294117645
2024-07-22,29.5,93.96428571428571,Bab el-Mandeb Strait,Cape of Good Hope,asia_europe,3.185230024213075
2024-08-07,29.0,102.64285714285714,Bab el-Mandeb Strait,Cape of Good Hope,asia_europe,3.539408866995074
2024-08-15,29.535714285714285,89.42857142857143,Bab el-Mandeb Strait,Cape of Good Hope,asia_europe,3.0278113663845225
2024-08-20,29.857142857142858,92.71428571428571,Bab el-Mandeb Strait,Cape of Good Hope,asia_europe,3.1052631578947367
2024-08-23,30.25,92.92857142857143,Bab el-Mandeb Strait,Cape of Good Hope,asia_europe,3.0720188902007086
2024-08-24,29.928571428571427,95.5,Bab el-Mandeb Strait,Cape of Good Hope,asia_europe,3.1909307875894988
2024-09-22,31.25,87.25,Bab el-Mandeb Strait,Cape of Good Hope,asia_europe,2.792
2024-10-23,31.285714285714285,85.28571428571429,Bab el-Mandeb Strait,Cape of Good Hope,asia_europe,2.726027397260274
2024-11-11,32.25,85.46428571428571,Bab el-Mandeb Strait,Cape of Good Hope,asia_europe,2.650055370985603
2024-11-21,32.785714285714285,86.39285714285714,Bab el-Mandeb Strait,Cape of Good Hope,asia_europe,2.6350762527233114
2024-12-14,32.607142857142854,81.03571428571429,Bab el-Mandeb Strait,Cape of Good Hope,asia_europe,2.4852135815991243
2024-12-19,32.75,80.25,Bab el-Mandeb Strait,Cape of Good Hope,asia_europe,2.450381679389313
2024-12-22,32.0,79.32142857142857,Bab el-Mandeb Strait,Cape of Good Hope,asia_europe,2.478794642857143
2025-01-03,32.642857142857146,80.35714285714286,Bab el-Mandeb Strait,Cape of Good Hope,asia_europe,2.4617067833698028
2025-01-06,32.57142857142857,80.53571428571429,Bab el-Mandeb Strait,Cape of Good Hope,asia_europe,2.472587719298246
2025-02-10,31.642857142857142,85.0,Bab el-Mandeb Strait,Cape of Good Hope,asia_europe,2.6862302483069977
2025-02-21,32.0,87.14285714285714,Bab el-Mandeb Strait,Cape of Good Hope,asia_europe,2.7232142857142856
2025-03-08,32.142857142857146,88.28571428571429,Bab el-Mandeb Strait,Cape of Good Hope,asia_europe,2.7466666666666666
2025-03-30,32.75,80.39285714285714,Bab el-Mandeb Strait,Cape of Good Hope,asia_europe,2.4547437295528898
2025-05-06,31.785714285714285,85.39285714285714,Bab el-Mandeb Strait,Cape of Good Hope,asia_europe,2.6865168539325843
2025-05-10,32.42857142857143,85.92857142857143,Bab el-Mandeb Strait,Cape of Good Hope,asia_europe,2.649779735682819
2025-05-14,32.142857142857146,87.60714285714286,Bab el-Mandeb Strait,Cape of Good Hope,asia_europe,2.7255555555555553
2025-05-17,32.42857142857143,90.39285714285714,Bab el-Mandeb Strait,Cape of Good Hope,asia_europe,2.7874449339207046
2025-06-21,33.17857142857143,92.0,Bab el-Mandeb Strait,Cape of Good Hope,asia_europe,2.772874058127018
2025-07-14,30.178571428571427,93.75,Bab el-Mandeb Strait,Cape of Good Hope,asia_europe,3.106508875739645
2025-07-15,30.5,94.71428571428571,Bab el-Mandeb Strait,Cape of Good Hope,asia_europe,3.1053864168618266
2025-07-22,31.642857142857142,97.60714285714286,Bab el-Mandeb Strait,Cape of Good Hope,asia_europe,3.084650112866817
2025-07-25,31.357142857142858,99.67857142857143,Bab el-Mandeb Strait,Cape of Good Hope,asia_europe,3.1788154897494305
2025-07-27,31.785714285714285,99.21428571428571,Bab el-Mandeb Strait,Cape of Good Hope,asia_europe,3.1213483146067413
2025-08-08,31.714285714285715,96.53571428571429,Bab el-Mandeb Strait,Cape of Good Hope,asia_europe,3.043918918918919
2025-08-10,31.785714285714285,93.82142857142857,Bab el-Mandeb Strait,Cape of Good Hope,asia_europe,2.951685393258427
2025-08-13,33.142857142857146,95.0,Bab el-Mandeb Strait,Cape of Good Hope,asia_europe,2.8663793103448274
2025-08-28,34.357142857142854,99.71428571428571,Bab el-Mandeb Strait,Cape of Good Hope,asia_europe,2.9022869022869022
2025-09-22,35.535714285714285,96.42857142857143,Bab el-Mandeb Strait,Cape of Good Hope,asia_europe,2.71356783919598
2025-10-05,34.214285714285715,96.07142857142857,Bab el-Mandeb Strait,Cape of Good Hope,asia_europe,2.8079331941544883
2025-10-11,34.214285714285715,97.03571428571429,Bab el-Mandeb Strait,Cape of Good Hope,asia_europe,2.836116910229645
2025-10-25,35.82142857142857,95.67857142857143,Bab el-Mandeb Strait,Cape of Good Hope,asia_europe,2.67098703888335
2025-11-10,37.535714285714285,88.64285714285714,Bab el-Mandeb Strait,Cape of Good Hope,asia_europe,2.3615604186489056
2025-11-17,36.57142857142857,86.85714285714286,Bab el-Mandeb Strait,Cape of Good Hope,asia_europe,2.3750000000000004
2025-11-29,37.892857142857146,87.10714285714286,Bab el-Mandeb Strait,Cape of Good Hope,asia_europe,2.298774740810556
2025-12-29,32.75,83.82142857142857,Bab el-Mandeb Strait,Cape of Good Hope,asia_europe,2.559432933478735
2026-01-12,34.0,84.14285714285714,Bab el-Mandeb Strait,Cape of Good Hope,asia_europe,2.4747899159663866
2026-01-21,34.142857142857146,87.07142857142857,Bab el-Mandeb Strait,Cape of Good Hope,asia_europe,2.5502092050209204
2026-01-25,33.607142857142854,87.25,Bab el-Mandeb Strait,Cape of Good Hope,asia_europe,2.5961742826780023
2026-02-04,34.25,88.82142857142857,Bab el-Mandeb Strait,Cape of Good Hope,asia_europe,2.5933263816475494
2026-02-08,34.07142857142857,86.10714285714286,Bab el-Mandeb Strait,Cape of Good Hope,asia_europe,2.527253668763103
2026-02-21,35.92857142857143,86.82142857142857,Bab el-Mandeb Strait,Cape of Good Hope,asia_europe,2.416500994035785
2026-03-03,37.107142857142854,88.35714285714286,Bab el-Mandeb Strait,Cape of Good Hope,asia_europe,2.3811357074109725
2026-03-24,34.714285714285715,90.17857142857143,Bab el-Mandeb Strait,Cape of Good Hope,asia_europe,2.597736625514403
2026-05-15,35.642857142857146,92.53571428571429,Bab el-Mandeb Strait,Cape of Good Hope,asia_europe,2.596192384769539
2026-06-21,36.32142857142857,93.28571428571429,Bab el-Mandeb Strait,Cape of Good Hope,asia_europe,2.5683382497541793
2026-07-13,35.32142857142857,93.82142857142857,Bab el-Mandeb Strait,Cape of Good Hope,asia_europe,2.6562184024266937
2026-07-18,35.92857142857143,93.5,Bab el-Mandeb Strait,Cape of Good Hope,asia_europe,2.6023856858846917
2026-08-17,28.25,89.57142857142857,Bab el-Mandeb Strait,Cape of Good Hope,asia_europe,3.170670037926675
2019-01-14,52.92857142857143,49.214285714285715,Bab el-Mandeb Strait,Cape of Good Hope,asia_europe,0.9298245614035088
2019-01-29,51.57142857142857,47.17857142857143,Bab el-Mandeb Strait,Cape of Good Hope,asia_europe,0.914819944598338
2019-01-30,51.142857142857146,48.5,Bab el-Mandeb Strait,Cape of Good Hope,asia_europe,0.9483240223463687
2019-02-18,53.035714285714285,48.892857142857146,Bab el-Mandeb Strait,Cape of Good Hope,asia_europe,0.921885521885522
2019-03-07,51.92857142857143,50.964285714285715,Bab el-Mandeb Strait,Cape of Good Hope,asia_europe,0.9814305364511692
2019-03-14,52.5,48.035714285714285,Bab el-Mandeb Strait,Cape of Good Hope,asia_europe,0.9149659863945578
2019-04-26,54.75,45.214285714285715,Bab el-Mandeb Strait,Cape of Good Hope,asia_europe,0.8258317025440314
2019-05-05,55.285714285714285,45.32142857142857,Bab el-Mandeb Strait,Cape of Good Hope,asia_europe,0.8197674418604651
2019-05-13,53.892857142857146,44.285714285714285,Bab el-Mandeb Strait,Cape of Good Hope,asia_europe,0.8217362491716368
2019-05-24,53.035714285714285,45.357142857142854,Bab el-Mandeb Strait,Cape of Good Hope,asia_europe,0.8552188552188552
2019-05-31,52.035714285714285,46.75,Bab el-Mandeb Strait,Cape of Good Hope,asia_europe,0.8984214138641043
2019-06-04,51.607142857142854,47.42857142857143,Bab el-Mandeb Strait,Cape of Good Hope,asia_europe,0.9190311418685122
2019-06-18,49.964285714285715,49.392857142857146,Bab el-Mandeb Strait,Cape of Good Hope,asia_europe,0.9885632594710508
2019-07-22,52.75,50.535714285714285,Bab el-Mandeb Strait,Cape of Good Hope,asia_europe,0.9580230196343941
2019-07-30,53.92857142857143,51.75,Bab el-Mandeb Strait,Cape of Good Hope,asia_europe,0.9596026490066225
2019-08-03,54.32142857142857,51.82142857142857,Bab el-Mandeb Strait,Cape of Good Hope,asia_europe,0.9539776462853385
2019-08-26,54.5,51.17857142857143,Bab el-Mandeb Strait,Cape of Good Hope,asia_europe,0.9390563564875491
2019-09-02,54.5,51.0,Bab el-Mandeb Strait,Cape of Good Hope,asia_europe,0.9357798165137615
2019-09-15,54.392857142857146,50.07142857142857,Bab el-Mandeb Strait,Cape of Good Hope,asia_europe,0.9205515430072225
2019-10-18,54.25,53.785714285714285,Bab el-Mandeb Strait,Cape of Good Hope,asia_europe,0.9914417379855167
2019-10-27,54.82142857142857,51.857142857142854,Bab el-Mandeb Strait,Cape of Good Hope,asia_europe,0.9459283387622149
2019-10-31,55.0,50.392857142857146,Bab el-Mandeb Strait,Cape of Good Hope,asia_europe,0.9162337662337663
2019-11-08,55.57142857142857,49.57142857142857,Bab el-Mandeb Strait,Cape of Good Hope,asia_europe,0.8920308483290489
2020-01-08,55.42857142857143,39.75,Bab el-Mandeb Strait,Cape of Good Hope,asia_europe,0.717139175257732
2020-01-26,54.142857142857146,41.25,Bab el-Mandeb Strait,Cape of Good Hope,asia_europe,0.7618733509234829
2020-01-27,54.964285714285715,45.357142857142854,Bab el-Mandeb Strait,Cape of Good Hope,asia_europe,0.825211176088369
2020-02-25,57.214285714285715,69.78571428571429,Bab el-Mandeb Strait,Cape of Good Hope,asia_europe,1.219725343320849
2020-03-09,53.17857142857143,42.82142857142857,Bab el-Mandeb Strait,Cape of Good Hope,asia_europe,0.8052384150436533
2020-03-20,53.392857142857146,42.5,Bab el-Mandeb Strait,Cape of Good Hope,asia_europe,0.7959866220735785
2020-03-25,53.464285714285715,42.57142857142857,Bab el-Mandeb Strait,Cape of Good Hope,asia_europe,0.7962591850367401
2020-03-29,53.32142857142857,44.142857142857146,Bab el-Mandeb Strait,Cape of Good Hope,asia_europe,0.8278633623576692
2020-04-12,55.357142857142854,45.607142857142854,Bab el-Mandeb Strait,Cape of Good Hope,asia_europe,0.8238709677419355
2020-05-02,56.714285714285715,52.285714285714285,Bab el-Mandeb Strait,Cape of Good Hope,asia_europe,0.9219143576826196
2020-05-25,54.714285714285715,53.92857142857143,Bab el-Mandeb Strait,Cape of Good Hope,asia_europe,0.9856396866840731
2020-06-23,47.57142857142857,56.357142857142854,Bab el-Mandeb Strait,Cape of Good Hope,asia_europe,1.1846846846846846
2020-07-05,49.32142857142857,53.142857142857146,Bab el-Mandeb Strait,Cape of Good Hope,asia_europe,1.0774800868935555
2020-07-14,50.75,51.857142857142854,Bab el-Mandeb Strait,Cape of Good Hope,asia_europe,1.0218156228008444
2020-07-17,51.892857142857146,55.857142857142854,Bab el-Mandeb Strait,Cape of Good Hope,asia_europe,1.0763936682725395
2020-07-26,52.32142857142857,62.714285714285715,Bab el-Mandeb Strait,Cape of Good Hope,asia_europe,1.1986348122866894
2020-07-27,52.17857142857143,62.642857142857146,Bab el-Mandeb Strait,Cape of Good Hope,asia_europe,1.2005475701574264
2020-08-24,53.142857142857146,57.285714285714285,Bab el-Mandeb Strait,Cape of Good Hope,asia_europe,1.0779569892473118
2020-08-27,53.17857142857143,56.607142857142854,Bab el-Mandeb Strait,Cape of Good Hope,asia_europe,1.0644728005372732
2020-10-08,55.214285714285715,53.035714285714285,Bab el-Mandeb Strait,Cape of Good Hope,asia_europe,0.9605433376455368
2020-10-14,55.035714285714285,50.57142857142857,Bab el-Mandeb Strait,Cape of Good Hope,asia_europe,0.9188838416612589
2020-10-18,54.892857142857146,51.17857142857143,Bab el-Mandeb Strait,Cape of Good Hope,asia_europe,0.9323357189329863
2020-12-10,56.75,47.535714285714285,Bab el-Mandeb Strait,Cape of Good Hope,asia_europe,0.8376337319068596
2020-12-17,56.17857142857143,45.892857142857146,Bab el-Mandeb Strait,Cape of Good Hope,asia_europe,0.8169103623649079
2020-12-29,55.5,43.75,Bab el-Mandeb Strait,Cape of Good Hope,asia_europe,0.7882882882882883
2021-01-22,55.857142857142854,42.82142857142857,Bab el-Mandeb Strait,Cape of Good Hope,asia_europe,0.7666240409207161
2021-01-27,57.07142857142857,42.67857142857143,Bab el-Mandeb Strait,Cape of Good Hope,asia_europe,0.7478097622027535
2021-02-06,57.32142857142857,42.75,Bab el-Mandeb Strait,Cape of Good Hope,asia_europe,0.7457943925233645
2021-02-11,57.285714285714285,43.57142857142857,Bab el-Mandeb Strait,Cape of Good Hope,asia_europe,0.7605985037406483
2021-02-19,59.285714285714285,43.642857142857146,Bab el-Mandeb Strait,Cape of Good Hope,asia_europe,0.7361445783132531
2021-02-22,58.92857142857143,45.285714285714285,Bab el-Mandeb Strait,Cape of Good Hope,asia_europe,0.7684848484848484
2021-03-12,59.5,48.285714285714285,Bab el-Mandeb Strait,Cape of Good Hope,asia_europe,0.8115246098439376
2021-05-02,58.464285714285715,51.25,Bab el-Mandeb Strait,Cape of Good Hope,asia_europe,0.8766035430665852
2021-06-22,56.82142857142857,50.82142857142857,Bab el-Mandeb Strait,Cape of Good Hope,asia_europe,0.8944060339409177
2021-06-30,58.785714285714285,50.142857142857146,Bab el-Mandeb Strait,Cape of Good Hope,asia_europe,0.8529769137302552
2021-07-05,58.714285714285715,49.67857142857143,Bab el-Mandeb Strait,Cape of Good Hope,asia_europe,0.8461070559610706
2021-08-09,58.964285714285715,51.75,Bab el-Mandeb Strait,Cape of Good Hope,asia_europe,0.8776499091459721
2021-08-18,60.17857142857143,50.285714285714285,Bab el-Mandeb Strait,Cape of Good Hope,asia_europe,0.8356083086053412
2021-08-19,60.214285714285715,50.107142857142854,Bab el-Mandeb Strait,Cape of Good Hope,asia_europe,0.8321470937129299
2021-09-20,59.42857142857143,47.5,Bab el-Mandeb Strait,Cape of Good Hope,asia_europe,0.7992788461538461
2021-10-11,60.035714285714285,45.142857142857146,Bab el-Mandeb Strait,Cape of Good Hope,asia_europe,0.7519333729922666
2021-10-26,58.964285714285715,41.892857142857146,Bab el-Mandeb Strait,Cape of Good Hope,asia_europe,0.7104784978800727
2021-11-09,59.464285714285715,41.392857142857146,Bab el-Mandeb Strait,Cape of Good Hope,asia_europe,0.6960960960960961
2021-11-10,59.392857142857146,41.5,Bab el-Mandeb Strait,Cape of Good Hope,asia_europe,0.6987372218881539
2021-12-07,62.214285714285715,42.17857142857143,Bab el-Mandeb Strait,Cape of Good Hope,asia_europe,0.6779563719862227
2021-12-27,60.892857142857146,42.357142857142854,Bab el-Mandeb Strait,Cape of Good Hope,asia_europe,0.6956011730205278
2022-01-14,61.42857142857143,41.464285714285715,Bab el-Mandeb Strait,Cape of Good Hope,asia_europe,0.675
2022-03-19,62.25,40.964285714285715,Bab el-Mandeb Strait,Cape of Good Hope,asia_europe,0.6580608146873207
2022-04-21,64.21428571428571,39.285714285714285,Bab el-Mandeb Strait,Cape of Good Hope,asia_europe,0.6117908787541714
2022-04-26,64.32142857142857,40.107142857142854,Bab el-Mandeb Strait,Cape of Good Hope,asia_europe,0.6235424764019989
2022-05-06,64.67857142857143,42.785714285714285,Bab el-Mandeb Strait,Cape of Good Hope,asia_europe,0.661512976256212
2022-05-28,64.46428571428571,46.32142857142857,Bab el-Mandeb Strait,Cape of Good Hope,asia_europe,0.7185595567867037
2022-06-19,65.78571428571429,45.785714285714285,Bab el-Mandeb Strait,Cape of Good Hope,asia_europe,0.6959826275787186
2022-06-24,65.28571428571429,45.964285714285715,Bab el-Mandeb Strait,Cape of Good Hope,asia_europe,0.7040481400437636
2022-07-08,66.82142857142857,46.892857142857146,Bab el-Mandeb Strait,Cape of Good Hope,asia_europe,0.7017637626937467
2022-07-24,69.25,47.857142857142854,Bab el-Mandeb Strait,Cape of Good Hope,asia_europe,0.6910778751933986
2022-07-31,68.35714285714286,46.67857142857143,Bab el-Mandeb Strait,Cape of Good Hope,asia_europe,0.6828631138975967
2022-09-03,69.89285714285714,46.964285714285715,Bab el-Mandeb Strait,Cape of Good Hope,asia_europe,0.6719468574348493
2022-09-18,70.85714285714286,47.964285714285715,Bab el-Mandeb Strait,Cape of Good Hope,asia_europe,0.6769153225806451
2022-10-19,70.25,43.785714285714285,Bab el-Mandeb Strait,Cape of Good Hope,asia_europe,0.623284189120488
2022-11-15,73.17857142857143,42.07142857142857,Bab el-Mandeb Strait,Cape of Good Hope,asia_europe,0.5749145924841386
2022-12-03,71.53571428571429,41.857142857142854,Bab el-Mandeb Strait,Cape of Good Hope,asia_europe,0.5851223165252121
2022-12-04,71.35714285714286,41.57142857142857,Bab el-Mandeb Strait,Cape of Good Hope,asia_europe,0.5825825825825826
2022-12-11,70.82142857142857,41.67857142857143,Bab el-Mandeb Strait,Cape of Good Hope,asia_europe,0.5885022692889562
2022-12-15,70.35714285714286,41.892857142857146,Bab el-Mandeb Strait,Cape of Good Hope,asia_europe,0.5954314720812183
2022-12-20,70.89285714285714,40.57142857142857,Bab el-Mandeb Strait,Cape of Good Hope,asia_europe,0.5722921914357683
2022-12-24,70.03571428571429,40.82142857142857,Bab el-Mandeb Strait,Cape of Good Hope,asia_europe,0.5828658847526771
2022-12-29,71.42857142857143,40.285714285714285,Bab el-Mandeb Strait,Cape of Good Hope,asia_europe,0.564
2023-01-01,72.42857142857143,40.25,Bab el-Mandeb Strait,Cape of Good Hope,asia_europe,0.5557199211045365
2023-01-09,73.67857142857143,39.92857142857143,Bab el-Mandeb Strait,Cape of Good Hope,asia_europe,0.5419292292777509
2023-01-24,73.10714285714286,41.214285714285715,Bab el-Mandeb Strait,Cape of Good Hope,asia_europe,0.5637518319491939
2023-02-23,70.46428571428571,42.714285714285715,Bab el-Mandeb Strait,Cape of Good Hope,asia_europe,0.6061834769386721
2023-02-26,69.85714285714286,42.607142857142854,Bab el-Mandeb Strait,Cape of Good Hope,asia_europe,0.6099182004089979
2023-03-07,69.10714285714286,40.607142857142854,Bab el-Mandeb Strait,Cape of Good Hope,asia_europe,0.5875968992248061
2023-03-19,72.71428571428571,42.714285714285715,Bab el-Mandeb Strait,Cape of Good Hope,asia_europe,0.587426326129666
2023-03-31,73.03571428571429,43.57142857142857,Bab el-Mandeb Strait,Cape of Good Hope,asia_europe,0.5965770171149144
2023-04-02,72.75,44.0,Bab el-Mandeb Strait,Cape of Good Hope,asia_europe,0.6048109965635738
2023-04-13,73.67857142857143,43.82142857142857,Bab el-Mandeb Strait,Cape of Good Hope,asia_europe,0.59476490547746
2023-04-27,74.64285714285714,45.035714285714285,Bab el-Mandeb Strait,Cape of Good Hope,asia_europe,0.6033492822966507
2023-05-30,78.14285714285714,49.642857142857146,Bab el-Mandeb Strait,Cape of Good Hope,asia_europe,0.6352833638025595
2023-06-01,77.67857142857143,50.607142857142854,Bab el-Mandeb Strait,Cape of Good Hope,asia_europe,0.6514942528735631
2023-07-07,75.53571428571429,52.142857142857146,Bab el-Mandeb Strait,Cape of Good Hope,asia_europe,0.6903073286052009
2023-07-13,75.92857142857143,52.107142857142854,Bab el-Mandeb Strait,Cape of Good Hope,asia_europe,0.6862652869238005
2023-07-25,73.10714285714286,53.107142857142854,Bab el-Mandeb Strait,Cape of Good Hope,asia_europe,0.7264289203712749
2023-07-29,73.35714285714286,52.892857142857146,Bab el-Mandeb Strait,Cape of Good Hope,asia_europe,0.7210321324245375
2023-08-03,73.46428571428571,53.642857142857146,Bab el-Mandeb Strait,Cape of Good Hope,asia_europe,0.730189596499757
2023-08-13,73.35714285714286,55.607142857142854,Bab el-Mandeb Strait,Cape of Good Hope,asia_europe,0.7580331061343719
2023-09-13,74.14285714285714,54.892857142857146,Bab el-Mandeb Strait,Cape of Good Hope,asia_europe,0.7403660886319847
2023-10-18,77.46428571428571,54.214285714285715,Bab el-Mandeb Strait,Cape of Good Hope,asia_europe,0.6998616874135547
2023-11-01,78.32142857142857,49.142857142857146,Bab el-Mandeb Strait,Cape of Good Hope,asia_europe,0.627450980392157
2023-12-21,72.60714285714286,48.607142857142854,Bab el-Mandeb Strait,Cape of Good Hope,asia_europe,0.6694540088539104
2023-12-23,70.46428571428571,48.392857142857146,Bab el-Mandeb Strait,Cape of Good Hope,asia_europe,0.686771414090218
2023-12-24,69.78571428571429,48.42857142857143,Bab el-Mandeb Strait,Cape of Good Hope,asia_europe,0.6939611054247696
2024-01-08,56.535714285714285,59.642857142857146,Bab el-Mandeb Strait,Cape of Good Hope,asia_europe,1.054958938723942
2024-01-19,46.17857142857143,66.96428571428571,Bab el-Mandeb Strait,Cape of Good Hope,asia_europe,1.4501160092807424
2024-02-04,36.857142857142854,73.96428571428571,Bab el-Mandeb Strait,Cape of Good Hope,asia_europe,2.006782945736434
2024-03-01,34.392857142857146,86.46428571428571,Bab el-Mandeb Strait,Cape of Good Hope,asia_europe,2.5140186915887845
2024-03-10,34.607142857142854,90.89285714285714,Bab el-Mandeb Strait,Cape of Good Hope,asia_europe,2.626418988648091
2024-03-15,34.464285714285715,91.10714285714286,Bab el-Mandeb Strait,Cape of Good Hope,asia_europe,2.643523316062176
2024-03-22,32.857142857142854,86.60714285714286,Bab el-Mandeb Strait,Cape of Good Hope,asia_europe,2.6358695652173916
2024-03-23,33.07142857142857,85.92857142857143,Bab el-Mandeb Strait,Cape of Good Hope,asia_europe,2.5982721382289418
2024-04-22,32.464285714285715,87.35714285714286,Bab el-Mandeb Strait,Cape of Good Hope,asia_europe,2.690869086908691
2024-05-01,32.892857142857146,89.0,Bab el-Mandeb Strait,Cape of Good Hope,asia_europe,2.7057546145494027
2024-05-06,33.25,92.0,Bab el-Mandeb Strait,Cape of Good Hope,asia_europe,2.7669172932330826
2024-05-08,32.892857142857146,92.17857142857143,Bab el-Mandeb Strait,Cape of Good Hope,asia_europe,2.802388707926167
2024-05-09,32.75,93.17857142857143,Bab el-Mandeb Strait,Cape of Good Hope,asia_europe,2.845147219193021
2024-05-10,32.714285714285715,92.60714285714286,Bab el-Mandeb Strait,Cape of Good Hope,asia_europe,2.8307860262008733
2024-06-23,32.17857142857143,95.32142857142857,Bab el-Mandeb Strait,Cape of Good Hope,asia_europe,2.962264150943396
2024-07-27,29.25,92.07142857142857,Bab el-Mandeb Strait,Cape of Good Hope,asia_europe,3.1477411477411477
2024-08-05,29.5,98.53571428571429,Bab el-Mandeb Strait,Cape of Good Hope,asia_europe,3.3401937046004844
2024-08-21,30.214285714285715,92.78571428571429,Bab el-Mandeb Strait,Cape of Good Hope,asia_europe,3.0709219858156027
2024-09-07,31.142857142857142,95.71428571428571,Bab el-Mandeb Strait,Cape of Good Hope,asia_europe,3.073394495412844
2024-09-18,30.678571428571427,88.67857142857143,Bab el-Mandeb Strait,Cape of Good Hope,asia_europe,2.890570430733411
2024-09-24,30.785714285714285,90.92857142857143,Bab el-Mandeb Strait,Cape of Good Hope,asia_europe,2.953596287703016
2024-10-08,31.5,88.82142857142857,Bab el-Mandeb Strait,Cape of Good Hope,asia_europe,2.8197278911564627
2024-10-11,30.428571428571427,87.92857142857143,Bab el-Mandeb Strait,Cape of Good Hope,asia_europe,2.8896713615023475
2024-10-12,31.107142857142858,87.78571428571429,Bab el-Mandeb Strait,Cape of Good Hope,asia_europe,2.8220436280137773
2024-10-19,31.0,87.35714285714286,Bab el-Mandeb Strait,Cape of Good Hope,asia_europe,2.817972350230415
2024-10-20,31.178571428571427,86.89285714285714,Bab el-Mandeb Strait,Cape of Good Hope,asia_europe,2.7869415807560136
2024-10-25,30.892857142857142,85.85714285714286,Bab el-Mandeb Strait,Cape of Good Hope,asia_europe,2.779190751445087
2024-11-15,32.75,86.10714285714286,Bab el-Mandeb Strait,Cape of Good Hope,asia_europe,2.6292257360959654
2024-11-20,32.82142857142857,86.64285714285714,Bab el-Mandeb Strait,Cape of Good Hope,asia_europe,2.6398258977149074
2024-12-29,31.75,81.28571428571429,Bab el-Mandeb Strait,Cape of Good Hope,asia_europe,2.5601799775028122
2025-01-02,33.357142857142854,79.0,Bab el-Mandeb Strait,Cape of Good Hope,asia_europe,2.3683083511777303
2025-01-29,31.928571428571427,84.75,Bab el-Mandeb Strait,Cape of Good Hope,asia_europe,2.6543624161073827
2025-01-30,31.607142857142858,85.53571428571429,Bab el-Mandeb Strait,Cape of Good Hope,asia_europe,2.7062146892655368
2025-02-24,31.821428571428573,87.92857142857143,Bab el-Mandeb Strait,Cape of Good Hope,asia_europe,2.7631874298540966
2025-02-26,31.964285714285715,87.14285714285714,Bab el-Mandeb Strait,Cape of Good Hope,asia_europe,2.7262569832402233
2025-02-28,32.0,87.89285714285714,Bab el-Mandeb Strait,Cape of Good Hope,asia_europe,2.7466517857142856
2025-03-09,32.035714285714285,89.39285714285714,Bab el-Mandeb Strait,Cape of Good Hope,asia_europe,2.79041248606466
2025-03-31,33.32142857142857,80.0,Bab el-Mandeb Strait,Cape of Good Hope,asia_europe,2.4008574490889605
2025-04-08,33.464285714285715,79.14285714285714,Bab el-Mandeb Strait,Cape of Good Hope,asia_europe,2.364994663820704
2025-04-12,33.07142857142857,80.71428571428571,Bab el-Mandeb Strait,Cape of Good Hope,asia_europe,2.4406047516198703
2025-04-20,32.357142857142854,82.25,Bab el-Mandeb Strait,Cape of Good Hope,asia_europe,2.5419426048565126
2025-05-20,32.67857142857143,90.82142857142857,Bab el-Mandeb Strait,Cape of Good Hope,asia_europe,2.7792349726775956
2025-06-05,34.357142857142854,90.67857142857143,Bab el-Mandeb Strait,Cape of Good Hope,asia_europe,2.6392931392931396
2025-06-13,34.75,88.32142857142857,Bab el-Mandeb Strait,Cape of Good Hope,asia_europe,2.541623843782117
2025-07-18,30.928571428571427,94.28571428571429,Bab el-Mandeb Strait,Cape of Good Hope,asia_europe,3.0484988452655895
2025-07-28,31.535714285714285,97.32142857142857,Bab el-Mandeb Strait,Cape of Good Hope,asia_europe,3.086070215175538
2025-08-14,33.392857142857146,95.96428571428571,Bab el-Mandeb Strait,Cape of Good Hope,asia_europe,2.87379679144385
2025-09-06,34.75,98.03571428571429,Bab el-Mandeb Strait,Cape of Good Hope,asia_europe,2.8211716341212747
2025-09-13,34.0,96.07142857142857,Bab el-Mandeb Strait,Cape of Good Hope,asia_europe,2.82563025210084
2025-10-07,34.285714285714285,94.92857142857143,Bab el-Mandeb Strait,Cape of Good Hope,asia_europe,2.7687500000000003
2025-10-18,34.285714285714285,96.10714285714286,Bab el-Mandeb Strait,Cape of Good Hope,asia_europe,2.803125
2025-10-21,35.857142857142854,94.07142857142857,Bab el-Mandeb Strait,Cape of Good Hope,asia_europe,2.623505976095618
2025-11-08,36.964285714285715,89.39285714285714,Bab el-Mandeb Strait,Cape of Good Hope,asia_europe,2.418357487922705
2025-11-27,37.785714285714285,86.0,Bab el-Mandeb Strait,Cape of Good Hope,asia_europe,2.275992438563327
2025-12-01,37.535714285714285,87.25,Bab el-Mandeb Strait,Cape of Good Hope,asia_europe,2.324452901998097
2025-12-23,32.392857142857146,85.78571428571429,Bab el-Mandeb Strait,Cape of Good Hope,asia_europe,2.6482910694597575
2026-01-31,33.82142857142857,88.32142857142857,Bab el-Mandeb Strait,Cape of Good Hope,asia_europe,2.6114044350580783
2026-02-23,36.0,87.53571428571429,Bab el-Mandeb Strait,Cape of Good Hope,asia_europe,2.431547619047619
2026-04-11,37.25,91.35714285714286,Bab el-Mandeb Strait,Cape of Good Hope,asia_europe,2.4525407478427614
2026-04-12,37.5,91.5,Bab el-Mandeb Strait,Cape of Good Hope,asia_europe,2.44
2026-04-25,37.392857142857146,94.71428571428571,Bab el-Mandeb Strait,Cape of Good Hope,asia_europe,2.5329512893982806
2026-05-07,35.964285714285715,93.46428571428571,Bab el-Mandeb Strait,Cape of Good Hope,asia_europe,2.5988083416087386
2026-05-17,35.892857142857146,95.17857142857143,Bab el-Mandeb Strait,Cape of Good Hope,asia_europe,2.6517412935323383
2026-05-18,35.642857142857146,96.21428571428571,Bab el-Mandeb Strait,Cape of Good Hope,asia_europe,2.69939879759519
2026-05-27,36.535714285714285,96.64285714285714,Bab el-Mandeb Strait,Cape of Good Hope,asia_europe,2.6451612903225805
2026-05-31,36.17857142857143,96.03571428571429,Bab el-Mandeb Strait,Cape of Good Hope,asia_europe,2.654491609081935
2026-06-10,36.642857142857146,100.53571428571429,Bab el-Mandeb Strait,Cape of Good Hope,asia_europe,2.7436647173489277
2026-06-23,36.214285714285715,94.03571428571429,Bab el-Mandeb Strait,Cape of Good Hope,asia_europe,2.5966469428007892
2026-07-25,34.607142857142854,92.03571428571429,Bab el-Mandeb Strait,Cape of Good Hope,asia_europe,2.659442724458205
2026-08-18,28.464285714285715,89.07142857142857,Bab el-Mandeb Strait,Cape of Good Hope,asia_europe,3.1292346298619824
2019-01-13,53.30769230769231,48.30769230769231,Bab el-Mandeb Strait,Cape of Good Hope,asia_europe,0.9062049062049062
2019-02-11,51.964285714285715,47.32142857142857,Bab el-Mandeb Strait,Cape of Good Hope,asia_europe,0.9106529209621993
2019-03-16,52.82142857142857,48.035714285714285,Bab el-Mandeb Strait,Cape of Good Hope,asia_europe,0.9093982420554428
2019-03-21,52.107142857142854,47.285714285714285,Bab el-Mandeb Strait,Cape of Good Hope,asia_europe,0.9074708704592187
2019-03-23,52.464285714285715,45.82142857142857,Bab el-Mandeb Strait,Cape of Good Hope,asia_europe,0.8733832539142273
2019-04-18,53.464285714285715,44.32142857142857,Bab el-Mandeb Strait,Cape of Good Hope,asia_europe,0.8289913159652638
2019-05-20,53.17857142857143,45.75,Bab el-Mandeb Strait,Cape of Good Hope,asia_europe,0.8603089321692411
2019-06-16,50.535714285714285,48.214285714285715,Bab el-Mandeb Strait,Cape of Good Hope,asia_europe,0.9540636042402827
2019-06-22,49.92857142857143,48.785714285714285,Bab el-Mandeb Strait,Cape of Good Hope,asia_europe,0.977110157367668
2019-07-19,53.392857142857146,50.785714285714285,Bab el-Mandeb Strait,Cape of Good Hope,asia_europe,0.9511705685618729
2019-09-08,54.357142857142854,49.785714285714285,Bab el-Mandeb Strait,Cape of Good Hope,asia_europe,0.9159001314060448
2019-09-21,53.75,50.32142857142857,Bab el-Mandeb Strait,Cape of Good Hope,asia_europe,0.9362126245847175
2019-09-22,54.035714285714285,50.035714285714285,Bab el-Mandeb Strait,Cape of Good Hope,asia_europe,0.9259748843357568
2019-09-23,54.285714285714285,50.92857142857143,Bab el-Mandeb Strait,Cape of Good Hope,asia_europe,0.9381578947368422
2019-10-21,54.57142857142857,53.0,Bab el-Mandeb Strait,Cape of Good Hope,asia_europe,0.9712041884816754
2019-10-26,55.285714285714285,51.535714285714285,Bab el-Mandeb Strait,Cape of Good Hope,asia_europe,0.9321705426356589
2019-11-01,54.82142857142857,50.035714285714285,Bab el-Mandeb Strait,Cape of Good Hope,asia_europe,0.9127035830618893
2019-11-22,55.857142857142854,47.964285714285715,Bab el-Mandeb Strait,Cape of Good Hope,asia_europe,0.8586956521739131
2019-11-27,55.07142857142857,47.892857142857146,Bab el-Mandeb Strait,Cape of Good Hope,asia_europe,0.869649805447471
2019-11-30,54.642857142857146,46.892857142857146,Bab el-Mandeb Strait,Cape of Good Hope,asia_europe,0.8581699346405229
2019-12-05,53.82142857142857,45.75,Bab el-Mandeb Strait,Cape of Good Hope,asia_europe,0.8500331785003318
2019-12-16,53.714285714285715,43.82142857142857,Bab el-Mandeb Strait,Cape of Good Hope,asia_europe,0.8158244680851063
2020-01-12,55.42857142857143,39.535714285714285,Bab el-Mandeb Strait,Cape of Good Hope,asia_europe,0.7132731958762886
2020-01-21,53.535714285714285,39.607142857142854,Bab el-Mandeb Strait,Cape of Good Hope,asia_europe,0.7398265510340226
2020-01-29,56.285714285714285,56.75,Bab el-Mandeb Strait,Cape of Good Hope,asia_europe,1.008248730964467
2020-02-02,57.75,76.21428571428571,Bab el-Mandeb Strait,Cape of Good Hope,asia_europe,1.3197278911564625
2020-02-07,58.25,78.07142857142857,Bab el-Mandeb Strait,Cape of Good Hope,asia_europe,1.3402820355610054
2020-02-09,58.785714285714285,78.67857142857143,Bab el-Mandeb Strait,Cape of Good Hope,asia_europe,1.3383961117861483
2020-02-10,58.82142857142857,79.03571428571429,Bab el-Mandeb Strait,Cape of Good Hope,asia_europe,1.3436551305403766
2020-03-10,52.964285714285715,42.464285714285715,Bab el-Mandeb Strait,Cape of Good Hope,asia_europe,0.8017532029669588
2020-04-01,53.32142857142857,44.07142857142857,Bab el-Mandeb Strait,Cape of Good Hope,asia_europe,0.826523777628935
2020-04-08,55.75,44.32142857142857,Bab el-Mandeb Strait,Cape of Good Hope,asia_europe,0.7950032030749519
2020-04-10,55.892857142857146,45.42857142857143,Bab el-Mandeb Strait,Cape of Good Hope,asia_europe,0.8127795527156549
2020-04-23,56.857142857142854,50.535714285714285,Bab el-Mandeb Strait,Cape of Good Hope,asia_europe,0.8888190954773869
2020-05-15,56.5,52.25,Bab el-Mandeb Strait,Cape of Good Hope,asia_europe,0.9247787610619469
2020-05-26,54.82142857142857,53.642857142857146,Bab el-Mandeb Strait,Cape of Good Hope,asia_europe,0.9785016286644952
2020-07-04,48.57142857142857,53.67857142857143,Bab el-Mandeb Strait,Cape of Good Hope,asia_europe,1.1051470588235295
2020-07-24,51.642857142857146,59.535714285714285,Bab el-Mandeb Strait,Cape of Good Hope,asia_europe,1.15283540802213
2020-08-05,53.07142857142857,61.142857142857146,Bab el-Mandeb Strait,Cape of Good Hope,asia_europe,1.152086137281292
2020-08-07,53.142857142857146,60.857142857142854,Bab el-Mandeb Strait,Cape of Good Hope,asia_europe,1.1451612903225805
2020-08-09,53.214285714285715,61.035714285714285,Bab el-Mandeb Strait,Cape of Good Hope,asia_europe,1.146979865771812
2020-09-30,55.714285714285715,54.464285714285715,Bab el-Mandeb Strait,Cape of Good Hope,asia_europe,0.9775641025641025
2020-10-05,54.82142857142857,52.464285714285715,Bab el-Mandeb Strait,Cape of Good Hope,asia_europe,0.9570032573289903
2020-10-12,55.892857142857146,52.5,Bab el-Mandeb Strait,Cape of Good Hope,asia_europe,0.939297124600639
2020-10-23,55.25,50.32142857142857,Bab el-Mandeb Strait,Cape of Good Hope,asia_europe,0.9107950872656755
2020-10-30,55.142857142857146,50.392857142857146,Bab el-Mandeb Strait,Cape of Good Hope,asia_europe,0.913860103626943
2020-11-02,55.5,49.607142857142854,Bab el-Mandeb Strait,Cape of Good Hope,asia_europe,0.8938223938223938
2020-11-07,54.392857142857146,48.67857142857143,Bab el-Mandeb Strait,Cape of Good Hope,asia_europe,0.8949441891004596
2020-11-22,56.214285714285715,48.285714285714285,Bab el-Mandeb Strait,Cape of Good Hope,asia_europe,0.8589580686149936
2020-11-29,55.92857142857143,48.82142857142857,Bab el-Mandeb Strait,Cape of Good Hope,asia_europe,0.8729246487867177
2020-11-30,55.92857142857143,48.75,Bab el-Mandeb Strait,Cape of Good Hope,asia_europe,0.871647509578544
2020-12-07,56.25,47.035714285714285,Bab el-Mandeb Strait,Cape of Good Hope,asia_europe,0.8361904761904762
2020-12-09,56.0,47.392857142857146,Bab el-Mandeb Strait,Cape of Good Hope,asia_europe,0.8463010204081634
2021-01-06,56.25,43.035714285714285,Bab el-Mandeb Strait,Cape of Good Hope,asia_europe,0.765079365079365
2021-01-18,56.357142857142854,43.142857142857146,Bab el-Mandeb Strait,Cape of Good Hope,asia_europe,0.7655259822560204
2021-01-25,57.0,42.392857142857146,Bab el-Mandeb Strait,Cape of Good Hope,asia_europe,0.743734335839599
2021-02-26,59.25,46.714285714285715,Bab el-Mandeb Strait,Cape of Good Hope,asia_europe,0.7884267631103075
2021-04-17,54.67857142857143,50.464285714285715,Bab el-Mandeb Strait,Cape of Good Hope,asia_europe,0.9229261920313521
2021-05-05,58.107142857142854,50.785714285714285,Bab el-Mandeb Strait,Cape of Good Hope,asia_europe,0.8740012292563
2021-05-18,55.75,50.5,Bab el-Mandeb Strait,Cape of Good Hope,asia_europe,0.905829596412556
2021-05-24,56.75,49.607142857142854,Bab el-Mandeb Strait,Cape of Good Hope,asia_europe,0.8741346758967904
2021-06-05,55.857142857142854,49.892857142857146,Bab el-Mandeb Strait,Cape of Good Hope,asia_europe,0.893222506393862
2021-06-09,55.857142857142854,51.07142857142857,Bab el-Mandeb Strait,Cape of Good Hope,asia_europe,0.9143222506393862
2021-06-14,56.25,50.142857142857146,Bab el-Mandeb Strait,Cape of Good Hope,asia_europe,0.8914285714285715
2021-07-19,58.57142857142857,50.392857142857146,Bab el-Mandeb Strait,Cape of Good Hope,asia_europe,0.8603658536585367
2021-08-16,60.857142857142854,49.035714285714285,Bab el-Mandeb Strait,Cape of Good Hope,asia_europe,0.8057511737089202
2021-09-12,60.5,48.464285714285715,Bab el-Mandeb Strait,Cape of Good Hope,asia_europe,0.8010625737898466
2021-10-20,60.214285714285715,42.82142857142857,Bab el-Mandeb Strait,Cape of Good Hope,asia_europe,0.7111506524317912
2021-11-01,58.75,41.892857142857146,Bab el-Mandeb Strait,Cape of Good Hope,asia_europe,0.7130699088145898
2021-11-25,61.892857142857146,41.142857142857146,Bab el-Mandeb Strait,Cape of Good Hope,asia_europe,0.6647432198499712
2021-11-28,62.17857142857143,41.5,Bab el-Mandeb Strait,Cape of Good Hope,asia_europe,0.6674325100516945
2021-12-09,62.357142857142854,42.357142857142854,Bab el-Mandeb Strait,Cape of Good Hope,asia_europe,0.6792668957617412
2021-12-15,62.785714285714285,43.25,Bab el-Mandeb Strait,Cape of Good Hope,asia_europe,0.6888509670079636
2022-01-23,61.142857142857146,41.32142857142857,Bab el-Mandeb Strait,Cape of Good Hope,asia_europe,0.6758177570093458
2022-02-04,60.785714285714285,42.285714285714285,Bab el-Mandeb Strait,Cape of Good Hope,asia_europe,0.6956521739130435
2022-03-22,61.75,41.107142857142854,Bab el-Mandeb Strait,Cape of Good Hope,asia_europe,0.6657027183342973
2022-04-08,63.07142857142857,39.785714285714285,Bab el-Mandeb Strait,Cape of Good Hope,asia_europe,0.6308040770101925
2022-04-22,64.67857142857143,40.035714285714285,Bab el-Mandeb Strait,Cape of Good Hope,asia_europe,0.6189950303699613
2022-06-12,64.32142857142857,46.464285714285715,Bab el-Mandeb Strait,Cape of Good Hope,asia_europe,0.722376457523598
2022-07-11,68.14285714285714,47.0,Bab el-Mandeb Strait,Cape of Good Hope,asia_europe,0.689727463312369
2022-07-19,68.53571428571429,49.25,Bab el-Mandeb Strait,Cape of Good Hope,asia_europe,0.7186034392912974
2022-07-23,69.35714285714286,48.07142857142857,Bab el-Mandeb Strait,Cape of Good Hope,asia_europe,0.6930998970133881
2022-07-27,68.35714285714286,47.535714285714285,Bab el-Mandeb Strait,Cape of Good Hope,asia_europe,0.6954022988505747
2022-08-02,67.92857142857143,47.5,Bab el-Mandeb Strait,Cape of Good Hope,asia_europe,0.6992639327024185
2022-08-07,69.07142857142857,47.857142857142854,Bab el-Mandeb Strait,Cape of Good Hope,asia_europe,0.6928645294725956
2022-08-26,69.28571428571429,48.035714285714285,Bab el-Mandeb Strait,Cape of Good Hope,asia_europe,0.6932989690721649
2022-09-07,70.60714285714286,47.17857142857143,Bab el-Mandeb Strait,Cape of Good Hope,asia_europe,0.6681841173495194
2022-09-19,70.5,48.17857142857143,Bab el-Mandeb Strait,Cape of Good Hope,asia_europe,0.6833839918946302
2022-10-14,69.60714285714286,45.214285714285715,Bab el-Mandeb Strait,Cape of Good Hope,asia_europe,0.6495638789122626
2022-10-26,71.42857142857143,42.75,Bab el-Mandeb Strait,Cape of Good Hope,asia_europe,0.5985
2022-11-04,71.89285714285714,42.285714285714285,Bab el-Mandeb Strait,Cape of Good Hope,asia_europe,0.5881768504719325
2022-11-11,73.21428571428571,42.5,Bab el-Mandeb Strait,Cape of Good Hope,asia_europe,0.5804878048780489
2022-11-23,72.57142857142857,42.642857142857146,Bab el-Mandeb Strait,Cape of Good Hope,asia_europe,0.5875984251968505
2022-12-07,71.10714285714286,41.857142857142854,Bab el-Mandeb Strait,Cape of Good Hope,asia_europe,0.5886489201406327
2022-12-12,70.67857142857143,41.57142857142857,Bab el-Mandeb Strait,Cape of Good Hope,asia_europe,0.5881758463870641
2022-12-25,70.64285714285714,40.892857142857146,Bab el-Mandeb Strait,Cape of Good Hope,asia_europe,0.5788675429726998
2023-01-06,73.92857142857143,39.92857142857143,Bab el-Mandeb Strait,Cape of Good Hope,asia_europe,0.5400966183574879
2023-01-18,73.57142857142857,42.0,Bab el-Mandeb Strait,Cape of Good Hope,asia_europe,0.570873786407767
2023-02-01,71.46428571428571,41.857142857142854,Bab el-Mandeb Strait,Cape of Good Hope,asia_europe,0.5857071464267866
2023-02-02,72.0,41.82142857142857,Bab el-Mandeb Strait,Cape of Good Hope,asia_europe,0.5808531746031745
2023-02-12,70.75,41.892857142857146,Bab el-Mandeb Strait,Cape of Good Hope,asia_europe,0.5921251892983342
2023-02-21,70.07142857142857,42.464285714285715,Bab el-Mandeb Strait,Cape of Good Hope,asia_europe,0.6060142711518859
2023-03-17,71.57142857142857,41.964285714285715,Bab el-Mandeb Strait,Cape of Good Hope,asia_europe,0.5863273453093812
2023-03-20,72.35714285714286,43.214285714285715,Bab el-Mandeb Strait,Cape of Good Hope,asia_europe,0.5972359328726554
2023-04-24,74.42857142857143,44.392857142857146,Bab el-Mandeb Strait,Cape of Good Hope,asia_europe,0.5964491362763916
2023-05-03,75.96428571428571,44.57142857142857,Bab el-Mandeb Strait,Cape of Good Hope,asia_europe,0.5867418899858956
2023-05-19,77.89285714285714,48.07142857142857,Bab el-Mandeb Strait,Cape of Good Hope,asia_europe,0.6171480972031178
2023-05-20,77.46428571428571,47.857142857142854,Bab el-Mandeb Strait,Cape of Good Hope,asia_europe,0.6177962194559705
2023-05-22,78.5,47.214285714285715,Bab el-Mandeb Strait,Cape of Good Hope,asia_europe,0.6014558689717926
2023-05-25,78.28571428571429,48.285714285714285,Bab el-Mandeb Strait,Cape of Good Hope,asia_europe,0.6167883211678832
2023-06-07,78.42857142857143,50.285714285714285,Bab el-Mandeb Strait,Cape of Good Hope,asia_europe,0.6411657559198543
2023-07-11,75.32142857142857,51.57142857142857,Bab el-Mandeb Strait,Cape of Good Hope,asia_europe,0.6846846846846847
2023-07-19,74.89285714285714,53.07142857142857,Bab el-Mandeb Strait,Cape of Good Hope,asia_europe,0.7086313781592751
2023-09-14,74.96428571428571,55.5,Bab el-Mandeb Strait,Cape of Good Hope,asia_europe,0.7403525488327776
2023-09-17,74.39285714285714,51.07142857142857,Bab el-Mandeb Strait,Cape of Good Hope,asia_europe,0.686509841574652
2023-10-06,76.07142857142857,55.535714285714285,Bab el-Mandeb Strait,Cape of Good Hope,asia_europe,0.7300469483568075
2023-11-23,77.5,48.357142857142854,Bab el-Mandeb Strait,Cape of Good Hope,asia_europe,0.623963133640553
2023-12-13,76.53571428571429,48.285714285714285,Bab el-Mandeb Strait,Cape of Good Hope,asia_europe,0.6308912739150723
2023-12-25,69.60714285714286,48.607142857142854,Bab el-Mandeb Strait,Cape of Good Hope,asia_europe,0.6983068240123139
2023-12-28,66.35714285714286,49.67857142857143,Bab el-Mandeb Strait,Cape of Good Hope,asia_europe,0.7486544671689989
2024-01-04,60.17857142857143,56.25,Bab el-Mandeb Strait,Cape of Good Hope,asia_europe,0.9347181008902077
2024-02-05,36.82142857142857,74.14285714285714,Bab el-Mandeb Strait,Cape of Good Hope,asia_europe,2.0135790494665375
2024-02-24,34.285714285714285,85.10714285714286,Bab el-Mandeb Strait,Cape of Good Hope,asia_europe,2.482291666666667
2024-03-06,34.857142857142854,88.5,Bab el-Mandeb Strait,Cape of Good Hope,asia_europe,2.5389344262295084
2024-04-03,31.892857142857142,83.14285714285714,Bab el-Mandeb Strait,Cape of Good Hope,asia_europe,2.6069428891377378
2024-04-05,31.928571428571427,82.35714285714286,Bab el-Mandeb Strait,Cape of Good Hope,asia_europe,2.579418344519016
2024-04-16,32.464285714285715,84.10714285714286,Bab el-Mandeb Strait,Cape of Good Hope,asia_europe,2.5907590759075907
2024-04-23,31.5,87.42857142857143,Bab el-Mandeb Strait,Cape of Good Hope,asia_europe,2.7755102040816326
2024-04-26,32.142857142857146,88.42857142857143,Bab el-Mandeb Strait,Cape of Good Hope,asia_europe,2.751111111111111
2024-05-02,33.142857142857146,88.75,Bab el-Mandeb Strait,Cape of Good Hope,asia_europe,2.6778017241379306
2024-05-19,32.57142857142857,90.28571428571429,Bab el-Mandeb Strait,Cape of Good Hope,asia_europe,2.7719298245614037
2024-05-30,31.928571428571427,91.67857142857143,Bab el-Mandeb Strait,Cape of Good Hope,asia_europe,2.871364653243848
2024-06-04,31.535714285714285,91.39285714285714,Bab el-Mandeb Strait,Cape of Good Hope,asia_europe,2.898074745186863
2024-07-21,29.535714285714285,93.10714285714286,Bab el-Mandeb Strait,Cape of Good Hope,asia_europe,3.1523579201934706
2024-08-11,29.035714285714285,91.07142857142857,Bab el-Mandeb Strait,Cape of Good Hope,asia_europe,3.1365313653136533
2024-08-17,29.25,92.35714285714286,Bab el-Mandeb Strait,Cape of Good Hope,asia_europe,3.157509157509158
2024-08-26,30.75,99.0,Bab el-Mandeb Strait,Cape of Good Hope,asia_europe,3.2195121951219514
2024-08-27,31.0,95.92857142857143,Bab el-Mandeb Strait,Cape of Good Hope,asia_europe,3.0944700460829493
2024-08-28,31.178571428571427,90.82142857142857,Bab el-Mandeb Strait,Cape of Good Hope,asia_europe,2.912943871706758
2024-10-15,31.178571428571427,86.35714285714286,Bab el-Mandeb Strait,Cape of Good Hope,asia_europe,2.7697594501718217
2024-10-21,31.285714285714285,85.82142857142857,Bab el-Mandeb Strait,Cape of Good Hope,asia_europe,2.743150684931507
2024-11-28,33.25,84.0,Bab el-Mandeb Strait,Cape of Good Hope,asia_europe,2.526315789473684
2024-12-09,31.892857142857142,83.25,Bab el-Mandeb Strait,Cape of Good Hope,asia_europe,2.6103023516237402
2024-12-26,31.607142857142858,81.21428571428571,Bab el-Mandeb Strait,Cape of Good Hope,asia_europe,2.5694915254237287
2024-12-27,31.428571428571427,81.75,Bab el-Mandeb Strait,Cape of Good Hope,asia_europe,2.6011363636363636
2024-12-28,31.5,81.67857142857143,Bab el-Mandeb Strait,Cape of Good Hope,asia_europe,2.5929705215419503
2024-12-30,32.42857142857143,81.03571428571429,Bab el-Mandeb Strait,Cape of Good Hope,asia_europe,2.498898678414097
2025-01-16,32.464285714285715,81.5,Bab el-Mandeb Strait,Cape of Good Hope,asia_europe,2.5104510451045106
2025-01-18,32.142857142857146,81.14285714285714,Bab el-Mandeb Strait,Cape of Good Hope,asia_europe,2.5244444444444443
2025-01-19,32.42857142857143,81.14285714285714,Bab el-Mandeb Strait,Cape of Good Hope,asia_europe,2.502202643171806
2025-01-26,32.535714285714285,83.82142857142857,Bab el-Mandeb Strait,Cape of Good Hope,asia_europe,2.57628979143798
2025-01-28,32.32142857142857,84.10714285714286,Bab el-Mandeb Strait,Cape of Good Hope,asia_europe,2.6022099447513813
2025-01-31,32.0,84.71428571428571,Bab el-Mandeb Strait,Cape of Good Hope,asia_europe,2.6473214285714284
2025-02-02,32.67857142857143,83.92857142857143,Bab el-Mandeb Strait,Cape of Good Hope,asia_europe,2.5683060109289615
2025-02-14,31.75,86.39285714285714,Bab el-Mandeb Strait,Cape of Good Hope,asia_europe,2.72103487064117
2025-02-25,32.0,88.07142857142857,Bab el-Mandeb Strait,Cape of Good Hope,asia_europe,2.752232142857143
2025-04-16,32.57142857142857,82.67857142857143,Bab el-Mandeb Strait,Cape of Good Hope,asia_europe,2.5383771929824563
2025-04-24,33.25,83.60714285714286,Bab el-Mandeb Strait,Cape of Good Hope,asia_europe,2.514500537056928
2025-05-31,33.42857142857143,92.07142857142857,Bab el-Mandeb Strait,Cape of Good Hope,asia_europe,2.7542735042735043
2025-06-29,31.464285714285715,90.57142857142857,Bab el-Mandeb Strait,Cape of Good Hope,asia_europe,2.878547105561861
2025-07-01,31.678571428571427,93.32142857142857,Bab el-Mandeb Strait,Cape of Good Hope,asia_europe,2.9458850056369785
2025-07-13,30.5,93.57142857142857,Bab el-Mandeb Strait,Cape of Good Hope,asia_europe,3.0679156908665104
2025-09-01,34.714285714285715,98.03571428571429,Bab el-Mandeb Strait,Cape of Good Hope,asia_europe,2.824074074074074
2025-10-31,36.32142857142857,93.78571428571429,Bab el-Mandeb Strait,Cape of Good Hope,asia_europe,2.5821042281219277
2025-11-09,37.535714285714285,88.5,Bab el-Mandeb Strait,Cape of Good Hope,asia_europe,2.357754519505233
2025-12-10,35.714285714285715,86.35714285714286,Bab el-Mandeb Strait,Cape of Good Hope,asia_europe,2.418
2025-12-25,32.5,84.85714285714286,Bab el-Mandeb Strait,Cape of Good Hope,asia_europe,2.610989010989011
2026-02-03,34.142857142857146,87.32142857142857,Bab el-Mandeb Strait,Cape of Good Hope,asia_europe,2.557531380753138
2026-02-26,36.92857142857143,86.78571428571429,Bab el-Mandeb Strait,Cape of Good Hope,asia_europe,2.3500967117988396
2026-03-21,35.857142857142854,92.35714285714286,Bab el-Mandeb Strait,Cape of Good Hope,asia_europe,2.575697211155379
2026-03-28,35.07142857142857,91.39285714285714,Bab el-Mandeb Strait,Cape of Good Hope,asia_europe,2.605906313645621
2026-03-29,35.32142857142857,91.82142857142857,Bab el-Mandeb Strait,Cape of Good Hope,asia_europe,2.5995955510616784
2026-05-02,36.535714285714285,92.96428571428571,Bab el-Mandeb Strait,Cape of Good Hope,asia_europe,2.544477028347996
2026-05-20,36.0,97.21428571428571,Bab el-Mandeb Strait,Cape of Good Hope,asia_europe,2.700396825396825
2026-07-01,36.464285714285715,93.25,Bab el-Mandeb Strait,Cape of Good Hope,asia_europe,2.557296767874633
2026-07-08,35.357142857142854,92.92857142857143,Bab el-Mandeb Strait,Cape of Good Hope,asia_europe,2.6282828282828286
2026-07-29,33.75,89.85714285714286,Bab el-Mandeb Strait,Cape of Good Hope,asia_europe,2.6624338624338626
2026-08-07,32.17857142857143,90.5,Bab el-Mandeb Strait,Cape of Good Hope,asia_europe,2.8124306326304103
2019-01-17,53.05882352941177,48.294117647058826,Bab el-Mandeb Strait,Cape of Good Hope,asia_europe,0.9101995565410199
2019-02-09,51.107142857142854,47.607142857142854,Bab el-Mandeb Strait,Cape of Good Hope,asia_europe,0.9315164220824598
2019-03-31,52.357142857142854,43.142857142857146,Bab el-Mandeb Strait,Cape of Good Hope,asia_europe,0.8240109140518419
2019-04-11,53.535714285714285,45.285714285714285,Bab el-Mandeb Strait,Cape of Good Hope,asia_europe,0.8458972648432288
2019-04-12,53.392857142857146,45.82142857142857,Bab el-Mandeb Strait,Cape of Good Hope,asia_europe,0.8581939799331103
2019-04-19,53.642857142857146,44.392857142857146,Bab el-Mandeb Strait,Cape of Good Hope,asia_europe,0.8275632490013316
2019-04-21,53.892857142857146,44.17857142857143,Bab el-Mandeb Strait,Cape of Good Hope,asia_europe,0.8197481776010603
2019-04-23,53.82142857142857,44.642857142857146,Bab el-Mandeb Strait,Cape of Good Hope,asia_europe,0.8294625082946252
2019-05-26,52.857142857142854,45.607142857142854,Bab el-Mandeb Strait,Cape of Good Hope,asia_europe,0.8628378378378379
2019-06-10,51.464285714285715,48.42857142857143,Bab el-Mandeb Strait,Cape of Good Hope,asia_europe,0.9410131852879945
2019-06-11,51.607142857142854,48.107142857142854,Bab el-Mandeb Strait,Cape of Good Hope,asia_europe,0.9321799307958477
2019-06-27,51.857142857142854,50.464285714285715,Bab el-Mandeb Strait,Cape of Good Hope,asia_europe,0.9731404958677686
2019-06-30,51.464285714285715,50.642857142857146,Bab el-Mandeb Strait,Cape of Good Hope,asia_europe,0.9840388619014574
2019-07-06,51.214285714285715,50.0,Bab el-Mandeb Strait,Cape of Good Hope,asia_europe,0.9762900976290098
2019-08-02,53.785714285714285,51.75,Bab el-Mandeb Strait,Cape of Good Hope,asia_europe,0.9621513944223108
2019-08-30,54.607142857142854,51.464285714285715,Bab el-Mandeb Strait,Cape of Good Hope,asia_europe,0.9424460431654677
2019-09-06,54.142857142857146,49.67857142857143,Bab el-Mandeb Strait,Cape of Good Hope,asia_europe,0.9175461741424802
2019-09-26,54.464285714285715,51.142857142857146,Bab el-Mandeb Strait,Cape of Good Hope,asia_europe,0.939016393442623
2019-11-04,55.32142857142857,49.57142857142857,Bab el-Mandeb Strait,Cape of Good Hope,asia_europe,0.8960619754680439
2019-11-07,55.607142857142854,49.92857142857143,Bab el-Mandeb Strait,Cape of Good Hope,asia_europe,0.8978805394990367
2019-11-21,55.32142857142857,47.67857142857143,Bab el-Mandeb Strait,Cape of Good Hope,asia_europe,0.8618463524854746
2019-11-24,55.214285714285715,47.75,Bab el-Mandeb Strait,Cape of Good Hope,asia_europe,0.8648124191461837
2019-12-23,53.17857142857143,42.785714285714285,Bab el-Mandeb Strait,Cape of Good Hope,asia_europe,0.8045668233713902
2019-12-25,54.0,42.5,Bab el-Mandeb Strait,Cape of Good Hope,asia_europe,0.7870370370370371
2019-12-30,54.642857142857146,41.142857142857146,Bab el-Mandeb Strait,Cape of Good Hope,asia_europe,0.7529411764705882
2020-01-20,54.57142857142857,39.5,Bab el-Mandeb Strait,Cape of Good Hope,asia_europe,0.7238219895287958
2020-02-17,58.535714285714285,80.64285714285714,Bab el-Mandeb Strait,Cape of Good Hope,asia_europe,1.3776693105552165
2020-05-05,56.25,53.57142857142857,Bab el-Mandeb Strait,Cape of Good Hope,asia_europe,0.9523809523809523
2020-08-14,52.785714285714285,59.07142857142857,Bab el-Mandeb Strait,Cape of Good Hope,asia_europe,1.1190798376184032
2020-08-29,53.107142857142854,55.67857142857143,Bab el-Mandeb Strait,Cape of Good Hope,asia_europe,1.0484196368527237
2020-09-27,55.035714285714285,54.607142857142854,Bab el-Mandeb Strait,Cape of Good Hope,asia_europe,0.9922128487994808
2020-10-10,55.67857142857143,52.5,Bab el-Mandeb Strait,Cape of Good Hope,asia_europe,0.9429121231558691
2020-11-26,55.75,47.57142857142857,Bab el-Mandeb Strait,Cape of Good Hope,asia_europe,0.8532991672005125
2020-11-27,55.607142857142854,47.857142857142854,Bab el-Mandeb Strait,Cape of Good Hope,asia_europe,0.8606294155427103
2020-11-28,55.75,48.0,Bab el-Mandeb Strait,Cape of Good Hope,asia_europe,0.8609865470852018
2020-12-08,55.964285714285715,47.107142857142854,Bab el-Mandeb Strait,Cape of Good Hope,asia_europe,0.8417358008934268
2021-01-07,56.107142857142854,42.892857142857146,Bab el-Mandeb Strait,Cape of Good Hope,asia_europe,0.7644812221514959
2021-01-10,56.32142857142857,42.357142857142854,Bab el-Mandeb Strait,Cape of Good Hope,asia_europe,0.7520608750792644
2021-02-14,58.035714285714285,43.714285714285715,Bab el-Mandeb Strait,Cape of Good Hope,asia_europe,0.7532307692307693
2021-03-10,59.857142857142854,48.607142857142854,Bab el-Mandeb Strait,Cape of Good Hope,asia_europe,0.8120525059665871
2021-03-19,59.607142857142854,49.464285714285715,Bab el-Mandeb Strait,Cape of Good Hope,asia_europe,0.8298382264829239
2021-04-22,54.464285714285715,51.642857142857146,Bab el-Mandeb Strait,Cape of Good Hope,asia_europe,0.9481967213114755
2021-05-29,56.535714285714285,50.42857142857143,Bab el-Mandeb Strait,Cape of Good Hope,asia_europe,0.8919772583701833
2021-06-07,56.714285714285715,50.75,Bab el-Mandeb Strait,Cape of Good Hope,asia_europe,0.8948362720403022
2021-06-12,55.92857142857143,50.535714285714285,Bab el-Mandeb Strait,Cape of Good Hope,asia_europe,0.9035759897828863
2021-08-30,60.642857142857146,46.32142857142857,Bab el-Mandeb Strait,Cape of Good Hope,asia_europe,0.7638398115429916
2021-09-09,61.32142857142857,48.357142857142854,Bab el-Mandeb Strait,Cape of Good Hope,asia_europe,0.7885847408270239
2021-09-28,61.714285714285715,49.714285714285715,Bab el-Mandeb Strait,Cape of Good Hope,asia_europe,0.8055555555555556
2021-10-04,61.67857142857143,46.214285714285715,Bab el-Mandeb Strait,Cape of Good Hope,asia_europe,0.7492762015055009
2021-10-05,61.035714285714285,45.964285714285715,Bab el-Mandeb Strait,Cape of Good Hope,asia_europe,0.7530719719133997
2021-10-15,61.392857142857146,44.142857142857146,Bab el-Mandeb Strait,Cape of Good Hope,asia_europe,0.7190226876090751
2021-10-17,61.714285714285715,43.142857142857146,Bab el-Mandeb Strait,Cape of Good Hope,asia_europe,0.6990740740740741
2021-10-18,60.642857142857146,43.464285714285715,Bab el-Mandeb Strait,Cape of Good Hope,asia_europe,0.7167255594817432
2021-12-11,62.25,42.785714285714285,Bab el-Mandeb Strait,Cape of Good Hope,asia_europe,0.6873207114170969
2021-12-31,60.57142857142857,42.07142857142857,Bab el-Mandeb Strait,Cape of Good Hope,asia_europe,0.6945754716981132
2022-01-10,61.67857142857143,40.75,Bab el-Mandeb Strait,Cape of Good Hope,asia_europe,0.6606832657788072
2022-01-21,61.535714285714285,41.607142857142854,Bab el-Mandeb Strait,Cape of Good Hope,asia_europe,0.6761462565293093
2022-01-26,60.464285714285715,41.785714285714285,Bab el-Mandeb Strait,Cape of Good Hope,asia_europe,0.6910809214412286
2022-01-31,60.964285714285715,41.5,Bab el-Mandeb Strait,Cape of Good Hope,asia_europe,0.6807264206209724
2022-02-01,61.07142857142857,41.82142857142857,Bab el-Mandeb Strait,Cape of Good Hope,asia_europe,0.6847953216374268
2022-02-16,62.214285714285715,42.82142857142857,Bab el-Mandeb Strait,Cape of Good Hope,asia_europe,0.6882893226176808
2022-04-16,63.392857142857146,38.535714285714285,Bab el-Mandeb Strait,Cape of Good Hope,asia_europe,0.607887323943662
2022-05-12,65.0,44.57142857142857,Bab el-Mandeb Strait,Cape of Good Hope,asia_europe,0.6857142857142857
2022-05-15,64.03571428571429,45.142857142857146,Bab el-Mandeb Strait,Cape of Good Hope,asia_europe,0.7049637479085331
2022-05-19,63.07142857142857,45.285714285714285,Bab el-Mandeb Strait,Cape of Good Hope,asia_europe,0.7180067950169875
2022-05-23,64.21428571428571,45.25,Bab el-Mandeb Strait,Cape of Good Hope,asia_europe,0.7046718576195774
2022-05-24,64.32142857142857,45.67857142857143,Bab el-Mandeb Strait,Cape of Good Hope,asia_europe,0.7101610216546363
2022-07-01,66.5,49.107142857142854,Bab el-Mandeb Strait,Cape of Good Hope,asia_europe,0.738453276047261
2022-07-17,68.21428571428571,49.214285714285715,Bab el-Mandeb Strait,Cape of Good Hope,asia_europe,0.7214659685863876
2022-08-08,68.67857142857143,47.892857142857146,Bab el-Mandeb Strait,Cape of Good Hope,asia_europe,0.6973478939157567
2022-08-16,68.0,46.285714285714285,Bab el-Mandeb Strait,Cape of Good Hope,asia_europe,0.680672268907563
2022-09-09,70.57142857142857,48.42857142857143,Bab el-Mandeb Strait,Cape of Good Hope,asia_europe,0.6862348178137653
2022-09-25,70.32142857142857,46.107142857142854,Bab el-Mandeb Strait,Cape of Good Hope,asia_europe,0.6556627729812087
2022-10-09,69.75,45.32142857142857,Bab el-Mandeb Strait,Cape of Good Hope,asia_europe,0.6497695852534562
2022-10-21,70.17857142857143,43.42857142857143,Bab el-Mandeb Strait,Cape of Good Hope,asia_europe,0.6188295165394402
2022-10-24,71.03571428571429,43.857142857142854,Bab el-Mandeb Strait,Cape of Good Hope,asia_europe,0.6173956762192055
2022-11-08,72.64285714285714,42.0,Bab el-Mandeb Strait,Cape of Good Hope,asia_europe,0.5781710914454278
2022-11-09,72.78571428571429,41.92857142857143,Bab el-Mandeb Strait,Cape of Good Hope,asia_europe,0.5760549558390579
2022-11-27,73.32142857142857,41.82142857142857,Bab el-Mandeb Strait,Cape of Good Hope,asia_europe,0.5703848027277155
2022-11-28,73.25,42.035714285714285,Bab el-Mandeb Strait,Cape of Good Hope,asia_europe,0.5738664066309117
2022-12-01,71.96428571428571,41.857142857142854,Bab el-Mandeb Strait,Cape of Good Hope,asia_europe,0.5816377171215881
2023-01-04,72.57142857142857,40.035714285714285,Bab el-Mandeb Strait,Cape of Good Hope,asia_europe,0.5516732283464567
2023-01-10,73.60714285714286,40.32142857142857,Bab el-Mandeb Strait,Cape of Good Hope,asia_europe,0.5477923338185346
2023-01-15,73.0,41.535714285714285,Bab el-Mandeb Strait,Cape of Good Hope,asia_europe,0.5689823874755382
2023-02-09,72.07142857142857,42.392857142857146,Bab el-Mandeb Strait,Cape of Good Hope,asia_europe,0.5882061446977206
2023-02-15,70.10714285714286,42.17857142857143,Bab el-Mandeb Strait,Cape of Good Hope,asia_europe,0.6016301579215486
2023-02-25,70.32142857142857,42.32142857142857,Bab el-Mandeb Strait,Cape of Good Hope,asia_europe,0.6018283392585069
2023-03-04,70.28571428571429,41.07142857142857,Bab el-Mandeb Strait,Cape of Good Hope,asia_europe,0.5843495934959348
2023-03-08,68.85714285714286,40.464285714285715,Bab el-Mandeb Strait,Cape of Good Hope,asia_europe,0.5876556016597511
2023-03-14,70.67857142857143,41.142857142857146,Bab el-Mandeb Strait,Cape of Good Hope,asia_europe,0.5821121778676099
2023-04-04,73.0,44.464285714285715,Bab el-Mandeb Strait,Cape of Good Hope,asia_europe,0.6090998043052838
2023-04-12,73.60714285714286,43.607142857142854,Bab el-Mandeb Strait,Cape of Good Hope,asia_europe,0.5924308588064046
2023-04-14,73.21428571428571,43.535714285714285,Bab el-Mandeb Strait,Cape of Good Hope,asia_europe,0.5946341463414635
2023-07-17,75.39285714285714,53.392857142857146,Bab el-Mandeb Strait,Cape of Good Hope,asia_europe,0.7081951681667457
2023-07-27,73.39285714285714,54.17857142857143,Bab el-Mandeb Strait,Cape of Good Hope,asia_europe,0.7381995133819952
2023-08-02,73.28571428571429,52.42857142857143,Bab el-Mandeb Strait,Cape of Good Hope,asia_europe,0.7153996101364523
2023-08-04,73.07142857142857,53.642857142857146,Bab el-Mandeb Strait,Cape of Good Hope,asia_europe,0.7341153470185728
2023-08-23,74.03571428571429,52.82142857142857,Bab el-Mandeb Strait,Cape of Good Hope,asia_europe,0.7134587554269174
2023-09-19,74.53571428571429,55.214285714285715,Bab el-Mandeb Strait,Cape of Good Hope,asia_europe,0.7407762338284618
2023-09-20,74.57142857142857,56.357142857142854,Bab el-Mandeb Strait,Cape of Good Hope,asia_europe,0.7557471264367815
2023-09-30,75.42857142857143,55.964285714285715,Bab el-Mandeb Strait,Cape of Good Hope,asia_europe,0.7419507575757576
2023-10-07,76.25,55.32142857142857,Bab el-Mandeb Strait,Cape of Good Hope,asia_europe,0.7255269320843091
2023-10-22,78.39285714285714,52.42857142857143,Bab el-Mandeb Strait,Cape of Good Hope,asia_europe,0.6687927107061504
2023-10-28,79.10714285714286,51.607142857142854,Bab el-Mandeb Strait,Cape of Good Hope,asia_europe,0.6523702031602708
2023-11-04,78.96428571428571,50.035714285714285,Bab el-Mandeb Strait,Cape of Good Hope,asia_europe,0.6336499321573948
2023-11-05,78.89285714285714,49.857142857142854,Bab el-Mandeb Strait,Cape of Good Hope,asia_europe,0.6319601629696695
2023-11-22,77.03571428571429,48.67857142857143,Bab el-Mandeb Strait,Cape of Good Hope,asia_europe,0.6318961520630505
2023-11-27,77.10714285714286,49.75,Bab el-Mandeb Strait,Cape of Good Hope,asia_europe,0.6452061139416396
2023-12-22,71.32142857142857,48.42857142857143,Bab el-Mandeb Strait,Cape of Good Hope,asia_europe,0.6790185277916876
2024-01-14,49.5,63.57142857142857,Bab el-Mandeb Strait,Cape of Good Hope,asia_europe,1.2842712842712842
2024-01-18,46.67857142857143,65.89285714285714,Bab el-Mandeb Strait,Cape of Good Hope,asia_europe,1.411629686304514
2024-01-22,44.214285714285715,68.64285714285714,Bab el-Mandeb Strait,Cape of Good Hope,asia_europe,1.552504038772213
2024-01-27,40.642857142857146,71.17857142857143,Bab el-Mandeb Strait,Cape of Good Hope,asia_europe,1.751318101933216
2024-01-31,39.035714285714285,71.57142857142857,Bab el-Mandeb Strait,Cape of Good Hope,asia_europe,1.8334858188472094
2024-04-19,32.607142857142854,85.85714285714286,Bab el-Mandeb Strait,Cape of Good Hope,asia_europe,2.6330777656078865
2024-04-28,32.42857142857143,88.46428571428571,Bab el-Mandeb Strait,Cape of Good Hope,asia_europe,2.727973568281938
2024-05-11,32.642857142857146,92.96428571428571,Bab el-Mandeb Strait,Cape of Good Hope,asia_europe,2.847921225382932
2024-08-01,29.464285714285715,93.92857142857143,Bab el-Mandeb Strait,Cape of Good Hope,asia_europe,3.187878787878788
2024-08-12,29.178571428571427,92.10714285714286,Bab el-Mandeb Strait,Cape of Good Hope,asia_europe,3.156670746634027
2024-08-13,29.357142857142858,91.60714285714286,Bab el-Mandeb Strait,Cape of Good Hope,asia_europe,3.1204379562043796
2024-09-28,30.75,89.57142857142857,Bab el-Mandeb Strait,Cape of Good Hope,asia_europe,2.912891986062718
2024-09-30,30.642857142857142,85.35714285714286,Bab el-Mandeb Strait,Cape of Good Hope,asia_europe,2.7855477855477857
2024-10-18,30.964285714285715,86.85714285714286,Bab el-Mandeb Strait,Cape of Good Hope,asia_europe,2.8050749711649368
2024-11-09,32.285714285714285,84.85714285714286,Bab el-Mandeb Strait,Cape of Good Hope,asia_europe,2.6283185840707968
2024-11-14,33.07142857142857,86.10714285714286,Bab el-Mandeb Strait,Cape of Good Hope,asia_europe,2.603671706263499
2024-11-22,32.82142857142857,85.5,Bab el-Mandeb Strait,Cape of Good Hope,asia_europe,2.6050054406964094
2024-12-25,31.357142857142858,81.53571428571429,Bab el-Mandeb Strait,Cape of Good Hope,asia_europe,2.600227790432802
2025-01-08,32.107142857142854,80.78571428571429,Bab el-Mandeb Strait,Cape of Good Hope,asia_europe,2.516129032258065
2025-01-25,32.857142857142854,83.42857142857143,Bab el-Mandeb Strait,Cape of Good Hope,asia_europe,2.539130434782609
2025-02-01,32.32142857142857,84.17857142857143,Bab el-Mandeb Strait,Cape of Good Hope,asia_europe,2.6044198895027626
2025-02-15,32.214285714285715,87.17857142857143,Bab el-Mandeb Strait,Cape of Good Hope,asia_europe,2.7062084257206207
2025-03-10,31.928571428571427,89.07142857142857,Bab el-Mandeb Strait,Cape of Good Hope,asia_europe,2.7897091722595078
2025-03-18,32.67857142857143,84.14285714285714,Bab el-Mandeb Strait,Cape of Good Hope,asia_europe,2.5748633879781417
2025-03-20,32.5,82.46428571428571,Bab el-Mandeb Strait,Cape of Good Hope,asia_europe,2.5373626373626372
2025-04-14,33.107142857142854,80.78571428571429,Bab el-Mandeb Strait,Cape of Good Hope,asia_europe,2.4401294498381882
2025-04-29,33.32142857142857,84.32142857142857,Bab el-Mandeb Strait,Cape of Good Hope,asia_europe,2.5305466237942125
2025-05-12,32.214285714285715,86.35714285714286,Bab el-Mandeb Strait,Cape of Good Hope,asia_europe,2.680709534368071
2025-05-16,32.82142857142857,89.64285714285714,Bab el-Mandeb Strait,Cape of Good Hope,asia_europe,2.7312295973884657
2025-06-08,34.42857142857143,93.60714285714286,Bab el-Mandeb Strait,Cape of Good Hope,asia_europe,2.7188796680497926
2025-07-05,30.642857142857142,92.25,Bab el-Mandeb Strait,Cape of Good Hope,asia_europe,3.0104895104895104
2025-07-06,30.642857142857142,91.64285714285714,Bab el-Mandeb Strait,Cape of Good Hope,asia_europe,2.9906759906759905
2025-07-12,30.571428571428573,92.42857142857143,Bab el-Mandeb Strait,Cape of Good Hope,asia_europe,3.0233644859813085
2025-07-17,31.0,94.89285714285714,Bab el-Mandeb Strait,Cape of Good Hope,asia_europe,3.0610599078341014
2025-09-03,34.714285714285715,98.07142857142857,Bab el-Mandeb Strait,Cape of Good Hope,asia_europe,2.825102880658436
2025-10-08,34.357142857142854,95.17857142857143,Bab el-Mandeb Strait,Cape of Good Hope,asia_europe,2.7702702702702706
2025-10-16,33.642857142857146,97.75,Bab el-Mandeb Strait,Cape of Good Hope,asia_europe,2.9055201698513797
2025-10-20,34.92857142857143,94.67857142857143,Bab el-Mandeb Strait,Cape of Good Hope,asia_europe,2.710633946830266
2025-10-23,35.75,94.82142857142857,Bab el-Mandeb Strait,Cape of Good Hope,asia_europe,2.652347652347652
2025-11-28,37.607142857142854,87.03571428571429,Bab el-Mandeb Strait,Cape of Good Hope,asia_europe,2.314339981006648
2025-12-13,35.107142857142854,88.07142857142857,Bab el-Mandeb Strait,Cape of Good Hope,asia_europe,2.508646998982706
2026-01-14,33.285714285714285,84.64285714285714,Bab el-Mandeb Strait,Cape of Good Hope,asia_europe,2.5429184549356223
2026-01-16,33.714285714285715,85.96428571428571,Bab el-Mandeb Strait,Cape of Good Hope,asia_europe,2.54978813559322
2026-01-19,34.035714285714285,86.39285714285714,Bab el-Mandeb Strait,Cape of Good Hope,asia_europe,2.5383001049317944
2026-03-02,36.82142857142857,87.5,Bab el-Mandeb Strait,Cape of Good Hope,asia_europe,2.376333656644035
2026-05-12,36.214285714285715,89.0,Bab el-Mandeb Strait,Cape of Good Hope,asia_europe,2.4575936883629192
2026-06-19,36.75,92.75,Bab el-Mandeb Strait,Cape of Good Hope,asia_europe,2.5238095238095237
2026-07-24,34.964285714285715,92.53571428571429,Bab el-Mandeb Strait,Cape of Good Hope,asia_europe,2.6465781409601634
2026-07-31,33.607142857142854,90.71428571428571,Bab el-Mandeb Strait,Cape of Good Hope,asia_europe,2.699256110520723
2026-08-12,29.357142857142858,88.39285714285714,Bab el-Mandeb Strait,Cape of Good Hope,asia_europe,3.0109489051094886
2026-08-16,28.464285714285715,89.5,Bab el-Mandeb Strait,Cape of Good Hope,asia_europe,3.1442910915934754
2026-08-21,28.035714285714285,89.92857142857143,Bab el-Mandeb Strait,Cape of Good Hope,asia_europe,3.207643312101911
2026-08-22,28.428571428571427,90.10714285714286,Bab el-Mandeb Strait,Cape of Good Hope,asia_europe,3.169597989949749
2019-01-16,53.5,49.5,Bab el-Mandeb Strait,Cape of Good Hope,asia_europe,0.9252336448598131
2019-02-02,50.857142857142854,46.714285714285715,Bab el-Mandeb Strait,Cape of Good Hope,asia_europe,0.9185393258426967
2019-02-04,50.857142857142854,47.0,Bab el-Mandeb Strait,Cape of Good Hope,asia_europe,0.9241573033707866
2019-02-17,52.5,48.0,Bab el-Mandeb Strait,Cape of Good Hope,asia_europe,0.9142857142857143
2019-02-25,53.964285714285715,50.535714285714285,Bab el-Mandeb Strait,Cape of Good Hope,asia_europe,0.9364659166115156
2019-03-05,51.82142857142857,51.714285714285715,Bab el-Mandeb Strait,Cape of Good Hope,asia_europe,0.9979324603721572
2019-03-18,52.392857142857146,47.5,Bab el-Mandeb Strait,Cape of Good Hope,asia_europe,0.9066121336059986
2019-03-22,52.142857142857146,45.964285714285715,Bab el-Mandeb Strait,Cape of Good Hope,asia_europe,0.8815068493150685
2019-04-06,52.964285714285715,43.07142857142857,Bab el-Mandeb Strait,Cape of Good Hope,asia_europe,0.813216453135536
2019-04-16,53.42857142857143,43.92857142857143,Bab el-Mandeb Strait,Cape of Good Hope,asia_europe,0.8221925133689839
2019-04-30,55.357142857142854,46.32142857142857,Bab el-Mandeb Strait,Cape of Good Hope,asia_europe,0.8367741935483871
2019-05-14,54.107142857142854,44.535714285714285,Bab el-Mandeb Strait,Cape of Good Hope,asia_europe,0.8231023102310231
2019-05-19,53.75,45.785714285714285,Bab el-Mandeb Strait,Cape of Good Hope,asia_europe,0.8518272425249169
2019-05-25,52.92857142857143,45.42857142857143,Bab el-Mandeb Strait,Cape of Good Hope,asia_europe,0.8582995951417004
2019-06-19,49.535714285714285,49.464285714285715,Bab el-Mandeb Strait,Cape of Good Hope,asia_europe,0.9985580389329488
2019-06-25,50.892857142857146,50.67857142857143,Bab el-Mandeb Strait,Cape of Good Hope,asia_europe,0.9957894736842106
2019-07-14,51.67857142857143,51.07142857142857,Bab el-Mandeb Strait,Cape of Good Hope,asia_europe,0.9882515549412577
2019-08-25,54.785714285714285,52.0,Bab el-Mandeb Strait,Cape of Good Hope,asia_europe,0.9491525423728814
2019-10-02,53.964285714285715,53.75,Bab el-Mandeb Strait,Cape of Good Hope,asia_europe,0.9960291197882197
2019-10-24,54.857142857142854,52.75,Bab el-Mandeb Strait,Cape of Good Hope,asia_europe,0.9615885416666667
2019-10-25,54.642857142857146,52.035714285714285,Bab el-Mandeb Strait,Cape of Good Hope,asia_europe,0.9522875816993464
2019-10-30,54.785714285714285,49.892857142857146,Bab el-Mandeb Strait,Cape of Good Hope,asia_europe,0.9106910039113429
2019-11-12,55.17857142857143,48.464285714285715,Bab el-Mandeb Strait,Cape of Good Hope,asia_europe,0.8783171521035599
2019-11-20,54.92857142857143,47.785714285714285,Bab el-Mandeb Strait,Cape of Good Hope,asia_europe,0.8699609882964889
2019-12-11,53.785714285714285,45.535714285714285,Bab el-Mandeb Strait,Cape of Good Hope,asia_europe,0.8466135458167331
2020-01-03,54.92857142857143,41.464285714285715,Bab el-Mandeb Strait,Cape of Good Hope,asia_europe,0.7548764629388817
2020-01-31,57.75,68.35714285714286,Bab el-Mandeb Strait,Cape of Good Hope,asia_europe,1.183673469387755
2020-02-06,58.464285714285715,77.53571428571429,Bab el-Mandeb Strait,Cape of Good Hope,asia_europe,1.3262064752596214
2020-02-23,58.42857142857143,80.28571428571429,Bab el-Mandeb Strait,Cape of Good Hope,asia_europe,1.374083129584352
2020-03-15,53.42857142857143,42.5,Bab el-Mandeb Strait,Cape of Good Hope,asia_europe,0.7954545454545454
2020-03-27,53.357142857142854,42.92857142857143,Bab el-Mandeb Strait,Cape of Good Hope,asia_europe,0.8045515394912987
2020-03-31,53.892857142857146,44.107142857142854,Bab el-Mandeb Strait,Cape of Good Hope,asia_europe,0.8184227965540092
2020-04-04,54.285714285714285,44.17857142857143,Bab el-Mandeb Strait,Cape of Good Hope,asia_europe,0.8138157894736843
2020-05-03,57.035714285714285,52.5,Bab el-Mandeb Strait,Cape of Good Hope,asia_europe,0.9204758922980589
2020-06-01,52.67857142857143,56.035714285714285,Bab el-Mandeb Strait,Cape of Good Hope,asia_europe,1.063728813559322
2020-06-05,51.357142857142854,55.75,Bab el-Mandeb Strait,Cape of Good Hope,asia_europe,1.0855354659248957
2020-06-13,49.714285714285715,54.57142857142857,Bab el-Mandeb Strait,Cape of Good Hope,asia_europe,1.0977011494252873
2020-06-25,48.214285714285715,54.857142857142854,Bab el-Mandeb Strait,Cape of Good Hope,asia_europe,1.1377777777777778
2020-07-28,52.107142857142854,61.17857142857143,Bab el-Mandeb Strait,Cape of Good Hope,asia_europe,1.1740918437285812
2020-09-07,55.5,55.5,Bab el-Mandeb Strait,Cape of Good Hope,asia_europe,1.0
2020-10-25,54.964285714285715,50.57142857142857,Bab el-Mandeb Strait,Cape of Good Hope,asia_europe,0.9200779727095516
2020-11-10,54.464285714285715,48.642857142857146,Bab el-Mandeb Strait,Cape of Good Hope,asia_europe,0.8931147540983607
2020-12-05,56.464285714285715,47.107142857142854,Bab el-Mandeb Strait,Cape of Good Hope,asia_europe,0.8342820999367488
2020-12-06,56.607142857142854,47.107142857142854,Bab el-Mandeb Strait,Cape of Good Hope,asia_europe,0.8321766561514196
2020-12-24,56.392857142857146,45.17857142857143,Bab el-Mandeb Strait,Cape of Good Hope,asia_europe,0.8011399620012666
2021-01-01,55.07142857142857,43.607142857142854,Bab el-Mandeb Strait,Cape of Good Hope,asia_europe,0.791828793774319
2021-01-11,56.42857142857143,42.0,Bab el-Mandeb Strait,Cape of Good Hope,asia_europe,0.7443037974683544
2021-03-11,59.392857142857146,48.464285714285715,Bab el-Mandeb Strait,Cape of Good Hope,asia_europe,0.8159951894167168
2021-03-27,57.32142857142857,48.57142857142857,Bab el-Mandeb Strait,Cape of Good Hope,asia_europe,0.8473520249221184
2021-04-18,54.25,50.607142857142854,Bab el-Mandeb Strait,Cape of Good Hope,asia_europe,0.9328505595786701
2021-04-26,57.25,52.42857142857143,Bab el-Mandeb Strait,Cape of Good Hope,asia_europe,0.9157829070492827
2021-04-29,59.42857142857143,52.92857142857143,Bab el-Mandeb Strait,Cape of Good Hope,asia_europe,0.890625
2021-05-12,55.892857142857146,49.392857142857146,Bab el-Mandeb Strait,Cape of Good Hope,asia_europe,0.8837060702875399
2021-05-26,56.5,49.57142857142857,Bab el-Mandeb Strait,Cape of Good Hope,asia_europe,0.877370417193426
2021-06-01,55.535714285714285,49.82142857142857,Bab el-Mandeb Strait,Cape of Good Hope,asia_europe,0.8971061093247589
2021-07-02,58.75,50.57142857142857,Bab el-Mandeb Strait,Cape of Good Hope,asia_europe,0.860790273556231
2021-07-10,58.964285714285715,49.92857142857143,Bab el-Mandeb Strait,Cape of Good Hope,asia_europe,0.8467595396729255
2021-07-21,58.92857142857143,49.785714285714285,Bab el-Mandeb Strait,Cape of Good Hope,asia_europe,0.8448484848484848
2021-07-28,58.75,51.285714285714285,Bab el-Mandeb Strait,Cape of Good Hope,asia_europe,0.8729483282674771
2021-07-29,58.964285714285715,51.75,Bab el-Mandeb Strait,Cape of Good Hope,asia_europe,0.8776499091459721
2021-08-14,60.535714285714285,49.57142857142857,Bab el-Mandeb Strait,Cape of Good Hope,asia_europe,0.8188790560471976
2021-09-23,60.892857142857146,48.357142857142854,Bab el-Mandeb Strait,Cape of Good Hope,asia_europe,0.7941348973607038
2021-09-30,61.285714285714285,48.57142857142857,Bab el-Mandeb Strait,Cape of Good Hope,asia_europe,0.7925407925407926
2021-10-09,60.92857142857143,45.714285714285715,Bab el-Mandeb Strait,Cape of Good Hope,asia_europe,0.7502930832356389
2021-10-28,58.964285714285715,41.92857142857143,Bab el-Mandeb Strait,Cape of Good Hope,asia_europe,0.711084191399152
2021-11-30,61.714285714285715,42.17857142857143,Bab el-Mandeb Strait,Cape of Good Hope,asia_europe,0.6834490740740741
2021-12-04,61.5,43.285714285714285,Bab el-Mandeb Strait,Cape of Good Hope,asia_europe,0.7038327526132404
2021-12-26,60.892857142857146,42.642857142857146,Bab el-Mandeb Strait,Cape of Good Hope,asia_europe,0.7002932551319648
2022-01-19,61.32142857142857,41.32142857142857,Bab el-Mandeb Strait,Cape of Good Hope,asia_europe,0.6738497379149679
2022-01-29,61.142857142857146,41.32142857142857,Bab el-Mandeb Strait,Cape of Good Hope,asia_europe,0.6758177570093458
2022-02-09,61.57142857142857,41.142857142857146,Bab el-Mandeb Strait,Cape of Good Hope,asia_europe,0.6682134570765662
2022-03-04,62.5,42.0,Bab el-Mandeb Strait,Cape of Good Hope,asia_europe,0.672
2022-03-09,61.285714285714285,42.42857142857143,Bab el-Mandeb Strait,Cape of Good Hope,asia_europe,0.6923076923076924
2022-03-17,62.035714285714285,41.357142857142854,Bab el-Mandeb Strait,Cape of Good Hope,asia_europe,0.6666666666666666
2022-04-12,63.642857142857146,39.57142857142857,Bab el-Mandeb Strait,Cape of Good Hope,asia_europe,0.621773288439955
2022-06-01,63.857142857142854,44.535714285714285,Bab el-Mandeb Strait,Cape of Good Hope,asia_europe,0.6974272930648769
2022-06-17,65.64285714285714,45.57142857142857,Bab el-Mandeb Strait,Cape of Good Hope,asia_europe,0.6942328618063113
2022-06-18,65.67857142857143,45.607142857142854,Bab el-Mandeb Strait,Cape of Good Hope,asia_europe,0.6943991299619358
2022-06-29,66.67857142857143,48.17857142857143,Bab el-Mandeb Strait,Cape of Good Hope,asia_europe,0.7225495447241564
2022-07-14,68.17857142857143,46.785714285714285,Bab el-Mandeb Strait,Cape of Good Hope,asia_europe,0.6862231534834992
2022-08-14,68.57142857142857,46.57142857142857,Bab el-Mandeb Strait,Cape of Good Hope,asia_europe,0.6791666666666667
2022-08-24,69.60714285714286,47.57142857142857,Bab el-Mandeb Strait,Cape of Good Hope,asia_europe,0.6834273986659825
2022-09-01,69.85714285714286,46.285714285714285,Bab el-Mandeb Strait,Cape of Good Hope,asia_europe,0.6625766871165644
2022-09-22,71.21428571428571,47.107142857142854,Bab el-Mandeb Strait,Cape of Good Hope,asia_europe,0.6614844533600802
2022-11-05,72.71428571428571,42.357142857142854,Bab el-Mandeb Strait,Cape of Good Hope,asia_europe,0.5825147347740668
2022-12-08,71.14285714285714,42.07142857142857,Bab el-Mandeb Strait,Cape of Good Hope,asia_europe,0.5913654618473896
2022-12-17,70.67857142857143,41.82142857142857,Bab el-Mandeb Strait,Cape of Good Hope,asia_europe,0.5917129863567457
2022-12-28,70.82142857142857,40.607142857142854,Bab el-Mandeb Strait,Cape of Good Hope,asia_europe,0.5733736762481089
2023-01-25,73.07142857142857,41.5,Bab el-Mandeb Strait,Cape of Good Hope,asia_europe,0.5679374389051809
2023-01-27,72.60714285714286,42.0,Bab el-Mandeb Strait,Cape of Good Hope,asia_europe,0.5784554845056566
2023-02-20,69.71428571428571,42.42857142857143,Bab el-Mandeb Strait,Cape of Good Hope,asia_europe,0.6086065573770493
2023-02-27,70.39285714285714,42.142857142857146,Bab el-Mandeb Strait,Cape of Good Hope,asia_europe,0.5986808726534755
2023-03-01,70.60714285714286,42.0,Bab el-Mandeb Strait,Cape of Good Hope,asia_europe,0.5948406676783005
2023-04-07,73.85714285714286,44.285714285714285,Bab el-Mandeb Strait,Cape of Good Hope,asia_europe,0.5996131528046421
2023-04-16,72.67857142857143,42.714285714285715,Bab el-Mandeb Strait,Cape of Good Hope,asia_europe,0.5877149877149878
2023-06-04,79.32142857142857,51.214285714285715,Bab el-Mandeb Strait,Cape of Good Hope,asia_europe,0.6456551103106709
2023-07-31,74.07142857142857,51.392857142857146,Bab el-Mandeb Strait,Cape of Good Hope,asia_europe,0.6938283510125363
2023-08-21,73.42857142857143,54.285714285714285,Bab el-Mandeb Strait,Cape of Good Hope,asia_europe,0.7392996108949416
2023-09-22,74.57142857142857,57.57142857142857,Bab el-Mandeb Strait,Cape of Good Hope,asia_europe,0.7720306513409961
2023-10-31,78.78571428571429,48.92857142857143,Bab el-Mandeb Strait,Cape of Good Hope,asia_europe,0.6210335448776065
2023-11-26,77.78571428571429,49.464285714285715,Bab el-Mandeb Strait,Cape of Good Hope,asia_europe,0.6359044995408631
2023-12-01,76.5,48.82142857142857,Bab el-Mandeb Strait,Cape of Good Hope,asia_europe,0.638188608776844
2023-12-26,68.89285714285714,48.892857142857146,Bab el-Mandeb Strait,Cape of Good Hope,asia_europe,0.7096941420425091
2023-12-29,66.57142857142857,50.535714285714285,Bab el-Mandeb Strait,Cape of Good Hope,asia_europe,0.7591201716738197
2024-01-07,56.92857142857143,58.75,Bab el-Mandeb Strait,Cape of Good Hope,asia_europe,1.031994981179423
2024-01-13,50.57142857142857,63.75,Bab el-Mandeb Strait,Cape of Good Hope,asia_europe,1.2605932203389831
2024-02-11,34.607142857142854,75.53571428571429,Bab el-Mandeb Strait,Cape of Good Hope,asia_europe,2.1826625386996907
2024-03-02,34.464285714285715,87.0,Bab el-Mandeb Strait,Cape of Good Hope,asia_europe,2.5243523316062175
2024-03-09,34.785714285714285,89.82142857142857,Bab el-Mandeb Strait,Cape of Good Hope,asia_europe,2.582135523613963
2024-03-17,34.0,88.75,Bab el-Mandeb Strait,Cape of Good Hope,asia_europe,2.610294117647059
2024-03-24,32.67857142857143,86.71428571428571,Bab el-Mandeb Strait,Cape of Good Hope,asia_europe,2.6535519125683056
2024-03-25,32.357142857142854,86.39285714285714,Bab el-Mandeb Strait,Cape of Good Hope,asia_europe,2.6699779249448126
2024-04-04,31.928571428571427,82.67857142857143,Bab el-Mandeb Strait,Cape of Good Hope,asia_europe,2.5894854586129754
2024-04-06,32.07142857142857,81.85714285714286,Bab el-Mandeb Strait,Cape of Good Hope,asia_europe,2.5523385300668155
2024-04-25,31.607142857142858,87.42857142857143,Bab el-Mandeb Strait,Cape of Good Hope,asia_europe,2.766101694915254
2024-05-28,32.035714285714285,91.57142857142857,Bab el-Mandeb Strait,Cape of Good Hope,asia_europe,2.858416945373467
2024-06-06,31.75,92.10714285714286,Bab el-Mandeb Strait,Cape of Good Hope,asia_europe,2.9010123734533186
2024-06-25,32.0,94.5,Bab el-Mandeb Strait,Cape of Good Hope,asia_europe,2.953125
2024-07-05,30.607142857142858,94.28571428571429,Bab el-Mandeb Strait,Cape of Good Hope,asia_europe,3.0805134189031507
2024-07-11,30.214285714285715,88.78571428571429,Bab el-Mandeb Strait,Cape of Good Hope,asia_europe,2.938534278959811
2024-07-17,29.5,94.53571428571429,Bab el-Mandeb Strait,Cape of Good Hope,asia_europe,3.2046004842615012
2024-07-23,29.607142857142858,95.46428571428571,Bab el-Mandeb Strait,Cape of Good Hope,asia_europe,3.2243667068757538
2024-07-30,29.321428571428573,88.35714285714286,Bab el-Mandeb Strait,Cape of Good Hope,asia_europe,3.0133982947624847
2024-08-14,29.607142857142858,89.0,Bab el-Mandeb Strait,Cape of Good Hope,asia_europe,3.006031363088058
2024-08-25,30.392857142857142,98.25,Bab el-Mandeb Strait,Cape of Good Hope,asia_europe,3.2326674500587544
2024-09-09,30.678571428571427,92.46428571428571,Bab el-Mandeb Strait,Cape of Good Hope,asia_europe,3.0139697322467986
2024-10-01,31.0,85.35714285714286,Bab el-Mandeb Strait,Cape of Good Hope,asia_europe,2.753456221198157
2024-10-05,30.571428571428573,87.60714285714286,Bab el-Mandeb Strait,Cape of Good Hope,asia_europe,2.8656542056074765
2024-10-30,31.607142857142858,87.53571428571429,Bab el-Mandeb Strait,Cape of Good Hope,asia_europe,2.769491525423729
2024-11-24,33.392857142857146,86.78571428571429,Bab el-Mandeb Strait,Cape of Good Hope,asia_europe,2.598930481283422
2024-12-18,32.892857142857146,80.14285714285714,Bab el-Mandeb Strait,Cape of Good Hope,asia_europe,2.4364820846905535
2024-12-20,32.535714285714285,80.03571428571429,Bab el-Mandeb Strait,Cape of Good Hope,asia_europe,2.45993413830955
2025-03-04,31.964285714285715,88.07142857142857,Bab el-Mandeb Strait,Cape of Good Hope,asia_europe,2.7553072625698323
2025-03-05,32.035714285714285,88.03571428571429,Bab el-Mandeb Strait,Cape of Good Hope,asia_europe,2.748049052396879
2025-03-23,32.92857142857143,81.92857142857143,Bab el-Mandeb Strait,Cape of Good Hope,asia_europe,2.4880694143167026
2025-03-25,32.75,80.14285714285714,Bab el-Mandeb Strait,Cape of Good Hope,asia_europe,2.4471101417666303
2025-03-27,32.535714285714285,80.71428571428571,Bab el-Mandeb Strait,Cape of Good Hope,asia_europe,2.4807903402854006
2025-04-25,32.964285714285715,83.32142857142857,Bab el-Mandeb Strait,Cape of Good Hope,asia_europe,2.5276273022751896
2025-05-05,32.035714285714285,84.35714285714286,Bab el-Mandeb Strait,Cape of Good Hope,asia_europe,2.6332218506131553
2025-05-25,33.142857142857146,89.35714285714286,Bab el-Mandeb Strait,Cape of Good Hope,asia_europe,2.696120689655172
2025-06-12,35.285714285714285,89.78571428571429,Bab el-Mandeb Strait,Cape of Good Hope,asia_europe,2.544534412955466
2025-06-23,32.57142857142857,90.28571428571429,Bab el-Mandeb Strait,Cape of Good Hope,asia_europe,2.7719298245614037
2025-06-26,32.107142857142854,89.07142857142857,Bab el-Mandeb Strait,Cape of Good Hope,asia_europe,2.774193548387097
2025-07-26,31.357142857142858,99.46428571428571,Bab el-Mandeb Strait,Cape of Good Hope,asia_europe,3.1719817767653757
2025-08-09,31.607142857142858,96.64285714285714,Bab el-Mandeb Strait,Cape of Good Hope,asia_europe,3.0576271186440676
2025-08-31,34.82142857142857,97.57142857142857,Bab el-Mandeb Strait,Cape of Good Hope,asia_europe,2.802051282051282
2025-09-08,34.357142857142854,98.35714285714286,Bab el-Mandeb Strait,Cape of Good Hope,asia_europe,2.8627858627858633
2025-09-25,35.07142857142857,93.92857142857143,Bab el-Mandeb Strait,Cape of Good Hope,asia_europe,2.6782077393075356
2025-09-30,34.285714285714285,94.85714285714286,Bab el-Mandeb Strait,Cape of Good Hope,asia_europe,2.766666666666667
2025-10-04,34.25,95.78571428571429,Bab el-Mandeb Strait,Cape of Good Hope,asia_europe,2.796663190823775
2025-10-22,36.07142857142857,94.32142857142857,Bab el-Mandeb Strait,Cape of Good Hope,asia_europe,2.614851485148515
2025-11-03,36.142857142857146,93.10714285714286,Bab el-Mandeb Strait,Cape of Good Hope,asia_europe,2.5760869565217392
2025-11-15,36.714285714285715,86.92857142857143,Bab el-Mandeb Strait,Cape of Good Hope,asia_europe,2.367704280155642
2025-11-21,37.142857142857146,86.17857142857143,Bab el-Mandeb Strait,Cape of Good Hope,asia_europe,2.3201923076923077
2025-12-03,38.25,86.42857142857143,Bab el-Mandeb Strait,Cape of Good Hope,asia_europe,2.2595704948646125
2025-12-15,34.57142857142857,89.17857142857143,Bab el-Mandeb Strait,Cape of Good Hope,asia_europe,2.5795454545454546
2025-12-18,34.0,87.60714285714286,Bab el-Mandeb Strait,Cape of Good Hope,asia_europe,2.5766806722689077
2025-12-19,33.642857142857146,86.85714285714286,Bab el-Mandeb Strait,Cape of Good Hope,asia_europe,2.581740976645435
2026-01-11,33.535714285714285,84.25,Bab el-Mandeb Strait,Cape of Good Hope,asia_europe,2.512247071352503
2026-01-18,33.714285714285715,86.92857142857143,Bab el-Mandeb Strait,Cape of Good Hope,asia_europe,2.5783898305084745
2026-03-18,35.75,93.25,Bab el-Mandeb Strait,Cape of Good Hope,asia_europe,2.6083916083916083
2026-03-20,35.75,92.46428571428571,Bab el-Mandeb Strait,Cape of Good Hope,asia_europe,2.5864135864135864
2026-04-02,36.464285714285715,89.60714285714286,Bab el-Mandeb Strait,Cape of Good Hope,asia_europe,2.4573947110675807
2026-04-08,36.892857142857146,89.85714285714286,Bab el-Mandeb Strait,Cape of Good Hope,asia_europe,2.435624394966118
2026-04-28,36.92857142857143,92.89285714285714,Bab el-Mandeb Strait,Cape of Good Hope,asia_europe,2.5154738878143132
2026-05-04,36.714285714285715,95.28571428571429,Bab el-Mandeb Strait,Cape of Good Hope,asia_europe,2.595330739299611
2026-06-09,36.857142857142854,100.35714285714286,Bab el-Mandeb Strait,Cape of Good Hope,asia_europe,2.722868217054264
2026-06-16,36.25,94.71428571428571,Bab el-Mandeb Strait,Cape of Good Hope,asia_europe,2.612807881773399
2026-07-07,35.357142857142854,93.96428571428571,Bab el-Mandeb Strait,Cape of Good Hope,asia_europe,2.6575757575757577
2026-07-11,34.642857142857146,93.92857142857143,Bab el-Mandeb Strait,Cape of Good Hope,asia_europe,2.7113402061855667
2026-07-14,36.07142857142857,94.03571428571429,Bab el-Mandeb Strait,Cape of Good Hope,asia_europe,2.606930693069307
2026-07-17,35.892857142857146,94.0,Bab el-Mandeb Strait,Cape of Good Hope,asia_europe,2.6189054726368157
2026-07-22,35.607142857142854,92.82142857142857,Bab el-Mandeb Strait,Cape of Good Hope,asia_europe,2.6068204613841526
2019-01-12,53.666666666666664,47.833333333333336,Bab el-Mandeb Strait,Cape of Good Hope,asia_europe,0.891304347826087
2019-01-21,52.57142857142857,47.523809523809526,Bab el-Mandeb Strait,Cape of Good Hope,asia_europe,0.9039855072463768
2019-01-23,52.30434782608695,47.04347826086956,Bab el-Mandeb Strait,Cape of Good Hope,asia_europe,0.8994181213632585
2019-02-13,51.785714285714285,47.0,Bab el-Mandeb Strait,Cape of Good Hope,asia_europe,0.9075862068965518
2019-02-15,51.857142857142854,47.57142857142857,Bab el-Mandeb Strait,Cape of Good Hope,asia_europe,0.9173553719008265
2019-03-25,52.357142857142854,45.285714285714285,Bab el-Mandeb Strait,Cape of Good Hope,asia_europe,0.8649386084583902
2019-03-27,52.92857142857143,45.035714285714285,Bab el-Mandeb Strait,Cape of Good Hope,asia_europe,0.8508771929824561
2019-04-13,52.964285714285715,45.142857142857146,Bab el-Mandeb Strait,Cape of Good Hope,asia_europe,0.8523263654753878
2019-07-03,50.964285714285715,49.857142857142854,Bab el-Mandeb Strait,Cape of Good Hope,asia_europe,0.9782761037140855
2019-07-05,51.464285714285715,50.107142857142854,Bab el-Mandeb Strait,Cape of Good Hope,asia_europe,0.9736294240111033
2019-07-15,52.964285714285715,51.07142857142857,Bab el-Mandeb Strait,Cape of Good Hope,asia_europe,0.9642616318273769
2019-08-01,53.785714285714285,51.32142857142857,Bab el-Mandeb Strait,Cape of Good Hope,asia_europe,0.9541832669322708
2019-08-07,55.535714285714285,52.535714285714285,Bab el-Mandeb Strait,Cape of Good Hope,asia_europe,0.9459807073954984
2019-08-08,55.642857142857146,52.535714285714285,Bab el-Mandeb Strait,Cape of Good Hope,asia_europe,0.9441591784338895
2019-08-10,55.5,52.392857142857146,Bab el-Mandeb Strait,Cape of Good Hope,asia_europe,0.944015444015444
2019-08-20,54.892857142857146,51.607142857142854,Bab el-Mandeb Strait,Cape of Good Hope,asia_europe,0.9401431359791801
2019-09-19,53.42857142857143,50.785714285714285,Bab el-Mandeb Strait,Cape of Good Hope,asia_europe,0.9505347593582887
2019-09-30,54.0,52.785714285714285,Bab el-Mandeb Strait,Cape of Good Hope,asia_europe,0.9775132275132274
2019-10-10,54.07142857142857,52.892857142857146,Bab el-Mandeb Strait,Cape of Good Hope,asia_europe,0.9782034346103039
2019-10-15,54.07142857142857,53.17857142857143,Bab el-Mandeb Strait,Cape of Good Hope,asia_europe,0.9834874504623514
2019-12-08,53.535714285714285,45.535714285714285,Bab el-Mandeb Strait,Cape of Good Hope,asia_europe,0.8505670446964643
2019-12-26,54.67857142857143,42.42857142857143,Bab el-Mandeb Strait,Cape of Good Hope,asia_europe,0.7759634225996082
2020-03-02,53.714285714285715,44.92857142857143,Bab el-Mandeb Strait,Cape of Good Hope,asia_europe,0.836436170212766
2020-03-07,53.357142857142854,43.75,Bab el-Mandeb Strait,Cape of Good Hope,asia_europe,0.819946452476573
2020-03-14,53.32142857142857,42.642857142857146,Bab el-Mandeb Strait,Cape of Good Hope,asia_europe,0.7997320830542533
2020-03-24,53.32142857142857,43.0,Bab el-Mandeb Strait,Cape of Good Hope,asia_europe,0.8064300066979236
2020-06-27,48.285714285714285,52.75,Bab el-Mandeb Strait,Cape of Good Hope,asia_europe,1.092455621301775
2020-07-19,51.964285714285715,56.82142857142857,Bab el-Mandeb Strait,Cape of Good Hope,asia_europe,1.0934707903780068
2020-08-04,52.607142857142854,61.17857142857143,Bab el-Mandeb Strait,Cape of Good Hope,asia_europe,1.1629327902240327
2020-09-04,54.5,54.714285714285715,Bab el-Mandeb Strait,Cape of Good Hope,asia_europe,1.0039318479685453
2020-09-11,55.785714285714285,55.0,Bab el-Mandeb Strait,Cape of Good Hope,asia_europe,0.9859154929577465
2020-09-13,56.57142857142857,55.714285714285715,Bab el-Mandeb Strait,Cape of Good Hope,asia_europe,0.9848484848484849
2020-10-07,54.57142857142857,52.964285714285715,Bab el-Mandeb Strait,Cape of Good Hope,asia_europe,0.9705497382198953
2020-10-27,55.607142857142854,50.464285714285715,Bab el-Mandeb Strait,Cape of Good Hope,asia_europe,0.9075144508670521
2020-11-03,55.0,49.107142857142854,Bab el-Mandeb Strait,Cape of Good Hope,asia_europe,0.8928571428571428
2020-11-16,55.42857142857143,48.5,Bab el-Mandeb Strait,Cape of Good Hope,asia_europe,0.875
2020-11-20,55.535714285714285,48.32142857142857,Bab el-Mandeb Strait,Cape of Good Hope,asia_europe,0.870096463022508
2020-12-26,56.285714285714285,44.535714285714285,Bab el-Mandeb Strait,Cape of Good Hope,asia_europe,0.791243654822335
2021-01-15,57.035714285714285,43.357142857142854,Bab el-Mandeb Strait,Cape of Good Hope,asia_europe,0.76017532874139
2021-01-17,56.857142857142854,43.464285714285715,Bab el-Mandeb Strait,Cape of Good Hope,asia_europe,0.7644472361809046
2021-02-16,59.142857142857146,43.607142857142854,Bab el-Mandeb Strait,Cape of Good Hope,asia_europe,0.7373188405797101
2021-03-05,59.57142857142857,47.857142857142854,Bab el-Mandeb Strait,Cape of Good Hope,asia_europe,0.8033573141486811
2021-04-09,54.214285714285715,49.285714285714285,Bab el-Mandeb Strait,Cape of Good Hope,asia_europe,0.9090909090909091
2021-05-10,56.25,49.464285714285715,Bab el-Mandeb Strait,Cape of Good Hope,asia_europe,0.8793650793650793
2021-05-28,56.25,50.32142857142857,Bab el-Mandeb Strait,Cape of Good Hope,asia_europe,0.8946031746031746
2021-06-15,56.25,50.285714285714285,Bab el-Mandeb Strait,Cape of Good Hope,asia_europe,0.893968253968254
2021-07-01,58.464285714285715,50.32142857142857,Bab el-Mandeb Strait,Cape of Good Hope,asia_europe,0.8607208307880269
2021-07-17,58.25,50.357142857142854,Bab el-Mandeb Strait,Cape of Good Hope,asia_europe,0.8645003065603923
2021-08-04,58.857142857142854,52.107142857142854,Bab el-Mandeb Strait,Cape of Good Hope,asia_europe,0.8853155339805825
2021-08-13,60.17857142857143,49.357142857142854,Bab el-Mandeb Strait,Cape of Good Hope,asia_europe,0.8201780415430266
2021-08-15,60.92857142857143,49.035714285714285,Bab el-Mandeb Strait,Cape of Good Hope,asia_europe,0.8048065650644782
2021-08-20,59.857142857142854,48.892857142857146,Bab el-Mandeb Strait,Cape of Good Hope,asia_europe,0.8168257756563246
2021-10-01,60.82142857142857,48.357142857142854,Bab el-Mandeb Strait,Cape of Good Hope,asia_europe,0.7950675278919553
2021-10-06,60.92857142857143,45.785714285714285,Bab el-Mandeb Strait,Cape of Good Hope,asia_europe,0.7514654161781945
2021-10-21,59.75,42.5,Bab el-Mandeb Strait,Cape of Good Hope,asia_europe,0.7112970711297071
2021-10-22,59.142857142857146,42.964285714285715,Bab el-Mandeb Strait,Cape of Good Hope,asia_europe,0.7264492753623188
2021-10-27,58.75,41.67857142857143,Bab el-Mandeb Strait,Cape of Good Hope,asia_europe,0.7094224924012158
2021-11-16,59.57142857142857,42.57142857142857,Bab el-Mandeb Strait,Cape of Good Hope,asia_europe,0.7146282973621103
2021-12-08,61.785714285714285,42.142857142857146,Bab el-Mandeb Strait,Cape of Good Hope,asia_europe,0.6820809248554914
2021-12-13,62.214285714285715,43.107142857142854,Bab el-Mandeb Strait,Cape of Good Hope,asia_europe,0.692881745120551
2021-12-21,60.82142857142857,42.92857142857143,Bab el-Mandeb Strait,Cape of Good Hope,asia_europe,0.705813270698767
2022-01-07,61.42857142857143,41.714285714285715,Bab el-Mandeb Strait,Cape of Good Hope,asia_europe,0.6790697674418604
2022-01-08,61.142857142857146,41.464285714285715,Bab el-Mandeb Strait,Cape of Good Hope,asia_europe,0.6781542056074766
2022-02-03,60.75,42.357142857142854,Bab el-Mandeb Strait,Cape of Good Hope,asia_europe,0.6972369194591417
2022-03-16,61.57142857142857,41.714285714285715,Bab el-Mandeb Strait,Cape of Good Hope,asia_europe,0.6774941995359629
2022-03-20,62.392857142857146,40.785714285714285,Bab el-Mandeb Strait,Cape of Good Hope,asia_europe,0.6536920435031482
2022-04-19,63.964285714285715,39.17857142857143,Bab el-Mandeb Strait,Cape of Good Hope,asia_europe,0.6125069793411502
2022-05-01,64.57142857142857,42.142857142857146,Bab el-Mandeb Strait,Cape of Good Hope,asia_europe,0.6526548672566372
2022-05-27,64.35714285714286,45.857142857142854,Bab el-Mandeb Strait,Cape of Good Hope,asia_europe,0.7125416204217535
2022-06-06,63.964285714285715,44.964285714285715,Bab el-Mandeb Strait,Cape of Good Hope,asia_europe,0.7029592406476829
2022-06-08,64.07142857142857,46.0,Bab el-Mandeb Strait,Cape of Good Hope,asia_europe,0.717948717948718
2022-06-11,63.82142857142857,46.535714285714285,Bab el-Mandeb Strait,Cape of Good Hope,asia_europe,0.7291550083939563
2022-07-12,68.10714285714286,47.57142857142857,Bab el-Mandeb Strait,Cape of Good Hope,asia_europe,0.6984792868379653
2022-07-13,68.07142857142857,47.392857142857146,Bab el-Mandeb Strait,Cape of Good Hope,asia_europe,0.6962224554039875
2022-07-20,68.75,48.785714285714285,Bab el-Mandeb Strait,Cape of Good Hope,asia_europe,0.7096103896103896
2022-09-21,70.67857142857143,47.5,Bab el-Mandeb Strait,Cape of Good Hope,asia_europe,0.6720565942395149
2022-09-29,70.60714285714286,48.142857142857146,Bab el-Mandeb Strait,Cape of Good Hope,asia_europe,0.6818411734951948
2022-10-02,70.03571428571429,47.32142857142857,Bab el-Mandeb Strait,Cape of Good Hope,asia_europe,0.6756756756756755
2022-10-05,69.71428571428571,47.142857142857146,Bab el-Mandeb Strait,Cape of Good Hope,asia_europe,0.6762295081967215
2022-10-08,69.42857142857143,44.535714285714285,Bab el-Mandeb Strait,Cape of Good Hope,asia_europe,0.6414609053497942
2022-12-13,70.03571428571429,41.82142857142857,Bab el-Mandeb Strait,Cape of Good Hope,asia_europe,0.5971443141254461
2022-12-16,70.46428571428571,41.92857142857143,Bab el-Mandeb Strait,Cape of Good Hope,asia_europe,0.5950329447541816
2022-12-30,71.46428571428571,40.142857142857146,Bab el-Mandeb Strait,Cape of Good Hope,asia_europe,0.5617191404297852
2023-01-07,73.78571428571429,40.285714285714285,Bab el-Mandeb Strait,Cape of Good Hope,asia_europe,0.5459825750242013
2023-01-17,73.60714285714286,42.25,Bab el-Mandeb Strait,Cape of Good Hope,asia_europe,0.5739932071809801
2023-01-28,72.07142857142857,42.07142857142857,Bab el-Mandeb Strait,Cape of Good Hope,asia_europe,0.5837462834489594
2023-03-03,70.17857142857143,41.642857142857146,Bab el-Mandeb Strait,Cape of Good Hope,asia_europe,0.593384223918575
2023-03-25,72.39285714285714,43.5,Bab el-Mandeb Strait,Cape of Good Hope,asia_europe,0.6008880118401579
2023-04-03,73.5,44.214285714285715,Bab el-Mandeb Strait,Cape of Good Hope,asia_europe,0.6015549076773566
2023-05-07,76.10714285714286,45.17857142857143,Bab el-Mandeb Strait,Cape of Good Hope,asia_europe,0.5936180197090568
2023-05-21,78.17857142857143,47.285714285714285,Bab el-Mandeb Strait,Cape of Good Hope,asia_europe,0.6048423937871173
2023-05-23,79.14285714285714,47.785714285714285,Bab el-Mandeb Strait,Cape of Good Hope,asia_europe,0.6037906137184116
2023-05-31,77.53571428571429,49.785714285714285,Bab el-Mandeb Strait,Cape of Good Hope,asia_europe,0.6421004145555043
2023-06-21,75.78571428571429,49.642857142857146,Bab el-Mandeb Strait,Cape of Good Hope,asia_europe,0.6550424128180962
2023-06-23,76.60714285714286,52.107142857142854,Bab el-Mandeb Strait,Cape of Good Hope,asia_europe,0.6801864801864801
2023-06-30,75.75,50.32142857142857,Bab el-Mandeb Strait,Cape of Good Hope,asia_europe,0.6643092880716642
2023-07-10,75.21428571428571,50.92857142857143,Bab el-Mandeb Strait,Cape of Good Hope,asia_europe,0.6771130104463439
2023-07-14,75.60714285714286,51.892857142857146,Bab el-Mandeb Strait,Cape of Good Hope,asia_europe,0.6863486065186585
2023-07-23,73.89285714285714,51.357142857142854,Bab el-Mandeb Strait,Cape of Good Hope,asia_europe,0.6950217496375061
2023-08-17,73.28571428571429,55.035714285714285,Bab el-Mandeb Strait,Cape of Good Hope,asia_europe,0.7509746588693956
2023-08-31,72.85714285714286,55.07142857142857,Bab el-Mandeb Strait,Cape of Good Hope,asia_europe,0.7558823529411764
2023-09-02,73.28571428571429,54.57142857142857,Bab el-Mandeb Strait,Cape of Good Hope,asia_europe,0.7446393762183235
2023-10-12,75.78571428571429,54.57142857142857,Bab el-Mandeb Strait,Cape of Good Hope,asia_europe,0.7200754005655041
2023-10-15,76.96428571428571,58.07142857142857,Bab el-Mandeb Strait,Cape of Good Hope,asia_europe,0.754524361948956
2023-10-29,78.35714285714286,50.392857142857146,Bab el-Mandeb Strait,Cape of Good Hope,asia_europe,0.6431175934366454
2023-11-16,76.85714285714286,48.392857142857146,Bab el-Mandeb Strait,Cape of Good Hope,asia_europe,0.6296468401486989
2023-11-21,77.10714285714286,48.67857142857143,Bab el-Mandeb Strait,Cape of Good Hope,asia_europe,0.6313107920333487
2024-02-10,34.214285714285715,74.89285714285714,Bab el-Mandeb Strait,Cape of Good Hope,asia_europe,2.1889352818371606
2024-03-21,33.035714285714285,87.5,Bab el-Mandeb Strait,Cape of Good Hope,asia_europe,2.6486486486486487
2024-03-30,32.964285714285715,84.35714285714286,Bab el-Mandeb Strait,Cape of Good Hope,asia_europe,2.5590465872156014
2024-04-24,31.357142857142858,88.21428571428571,Bab el-Mandeb Strait,Cape of Good Hope,asia_europe,2.8132118451025057
2024-05-05,33.107142857142854,91.17857142857143,Bab el-Mandeb Strait,Cape of Good Hope,asia_europe,2.754045307443366
2024-05-22,33.535714285714285,89.96428571428571,Bab el-Mandeb Strait,Cape of Good Hope,asia_europe,2.6826411075612353
2024-05-31,31.857142857142858,91.78571428571429,Bab el-Mandeb Strait,Cape of Good Hope,asia_europe,2.881165919282511
2024-06-08,32.32142857142857,93.03571428571429,Bab el-Mandeb Strait,Cape of Good Hope,asia_europe,2.8784530386740337
2024-06-18,32.0,94.5,Bab el-Mandeb Strait,Cape of Good Hope,asia_europe,2.953125
2024-06-27,31.464285714285715,94.96428571428571,Bab el-Mandeb Strait,Cape of Good Hope,asia_europe,3.0181611804767305
2024-07-18,29.607142857142858,94.14285714285714,Bab el-Mandeb Strait,Cape of Good Hope,asia_europe,3.179734620024125
2024-07-29,29.25,88.64285714285714,Bab el-Mandeb Strait,Cape of Good Hope,asia_europe,3.0305250305250304
2024-08-31,30.964285714285715,90.82142857142857,Bab el-Mandeb Strait,Cape of Good Hope,asia_europe,2.933102652825836
2024-09-02,30.785714285714285,93.10714285714286,Bab el-Mandeb Strait,Cape of Good Hope,asia_europe,3.024361948955917
2024-09-13,31.25,93.10714285714286,Bab el-Mandeb Strait,Cape of Good Hope,asia_europe,2.9794285714285715
2024-10-06,30.642857142857142,89.21428571428571,Bab el-Mandeb Strait,Cape of Good Hope,asia_europe,2.911421911421911
2024-12-08,31.785714285714285,83.78571428571429,Bab el-Mandeb Strait,Cape of Good Hope,asia_europe,2.6359550561797755
2024-12-17,32.607142857142854,79.75,Bab el-Mandeb Strait,Cape of Good Hope,asia_europe,2.4457831325301207
2025-01-17,32.57142857142857,81.39285714285714,Bab el-Mandeb Strait,Cape of Good Hope,asia_europe,2.49890350877193
2025-02-04,32.42857142857143,85.21428571428571,Bab el-Mandeb Strait,Cape of Good Hope,asia_europe,2.627753303964757
2025-02-22,32.142857142857146,86.89285714285714,Bab el-Mandeb Strait,Cape of Good Hope,asia_europe,2.703333333333333
2025-03-07,32.0,87.17857142857143,Bab el-Mandeb Strait,Cape of Good Hope,asia_europe,2.724330357142857
2025-03-29,32.964285714285715,81.10714285714286,Bab el-Mandeb Strait,Cape of Good Hope,asia_europe,2.460455037919827
2025-05-08,31.892857142857142,87.35714285714286,Bab el-Mandeb Strait,Cape of Good Hope,asia_europe,2.739081746920493
2025-05-21,32.857142857142854,89.21428571428571,Bab el-Mandeb Strait,Cape of Good Hope,asia_europe,2.715217391304348
2025-05-26,33.17857142857143,89.96428571428571,Bab el-Mandeb Strait,Cape of Good Hope,asia_europe,2.711517761033369
2025-06-06,34.25,91.42857142857143,Bab el-Mandeb Strait,Cape of Good Hope,asia_europe,2.6694473409801875
2025-06-22,32.714285714285715,91.57142857142857,Bab el-Mandeb Strait,Cape of Good Hope,asia_europe,2.799126637554585
2025-07-11,30.464285714285715,94.14285714285714,Bab el-Mandeb Strait,Cape of Good Hope,asia_europe,3.0902696365767874
2025-08-26,33.714285714285715,97.39285714285714,Bab el-Mandeb Strait,Cape of Good Hope,asia_europe,2.8887711864406778
2025-09-16,35.107142857142854,92.75,Bab el-Mandeb Strait,Cape of Good Hope,asia_europe,2.6419125127161753
2025-10-15,33.785714285714285,98.71428571428571,Bab el-Mandeb Strait,Cape of Good Hope,asia_europe,2.9217758985200843
2025-11-05,36.214285714285715,92.46428571428571,Bab el-Mandeb Strait,Cape of Good Hope,asia_europe,2.553254437869822
2026-01-01,32.285714285714285,84.53571428571429,Bab el-Mandeb Strait,Cape of Good Hope,asia_europe,2.6183628318584073
2026-02-02,33.82142857142857,87.03571428571429,Bab el-Mandeb Strait,Cape of Good Hope,asia_europe,2.5733896515311514
2026-02-05,34.214285714285715,88.03571428571429,Bab el-Mandeb Strait,Cape of Good Hope,asia_europe,2.573068893528184
2026-03-12,36.142857142857146,91.78571428571429,Bab el-Mandeb Strait,Cape of Good Hope,asia_europe,2.5395256916996045
2026-03-31,35.67857142857143,91.71428571428571,Bab el-Mandeb Strait,Cape of Good Hope,asia_europe,2.5705705705705704
2026-04-04,36.42857142857143,91.89285714285714,Bab el-Mandeb Strait,Cape of Good Hope,asia_europe,2.522549019607843
2026-04-09,37.142857142857146,90.64285714285714,Bab el-Mandeb Strait,Cape of Good Hope,asia_europe,2.440384615384615
2026-05-09,36.035714285714285,94.39285714285714,Bab el-Mandeb Strait,Cape of Good Hope,asia_europe,2.6194251734390486
2026-05-22,35.892857142857146,95.85714285714286,Bab el-Mandeb Strait,Cape of Good Hope,asia_europe,2.670646766169154
2026-06-02,36.25,96.85714285714286,Bab el-Mandeb Strait,Cape of Good Hope,asia_europe,2.67192118226601
2026-06-03,36.25,97.25,Bab el-Mandeb Strait,Cape of Good Hope,asia_europe,2.682758620689655
2026-06-29,36.42857142857143,91.85714285714286,Bab el-Mandeb Strait,Cape of Good Hope,asia_europe,2.5215686274509803
2026-07-03,36.285714285714285,94.17857142857143,Bab el-Mandeb Strait,Cape of Good Hope,asia_europe,2.595472440944882
2026-07-19,35.785714285714285,92.92857142857143,Bab el-Mandeb Strait,Cape of Good Hope,asia_europe,2.596806387225549
2026-07-27,33.857142857142854,92.07142857142857,Bab el-Mandeb Strait,Cape of Good Hope,asia_europe,2.719409282700422
2026-08-23,28.678571428571427,89.5,Bab el-Mandeb Strait,Cape of Good Hope,asia_europe,3.12079701120797
2019-01-09,56.22222222222222,47.888888888888886,Bab el-Mandeb Strait,Cape of Good Hope,asia_europe,0.8517786561264822
2019-01-15,52.733333333333334,48.8,Bab el-Mandeb Strait,Cape of Good Hope,asia_europe,0.9254108723135271
2019-03-03,52.75,51.57142857142857,Bab el-Mandeb Strait,Cape of Good Hope,asia_europe,0.9776574136763709
2019-04-07,53.392857142857146,43.5,Bab el-Mandeb Strait,Cape of Good Hope,asia_europe,0.8147157190635451
2019-04-09,52.857142857142854,44.285714285714285,Bab el-Mandeb Strait,Cape of Good Hope,asia_europe,0.8378378378378378
2019-05-04,55.57142857142857,45.82142857142857,Bab el-Mandeb Strait,Cape of Good Hope,asia_europe,0.8245501285347043
2019-05-15,54.392857142857146,44.57142857142857,Bab el-Mandeb Strait,Cape of Good Hope,asia_europe,0.8194353250164149
2019-05-16,54.0,44.535714285714285,Bab el-Mandeb Strait,Cape of Good Hope,asia_europe,0.8247354497354498
2019-06-07,51.642857142857146,46.785714285714285,Bab el-Mandeb Strait,Cape of Good Hope,asia_europe,0.9059474412171507
2019-06-24,50.17857142857143,50.642857142857146,Bab el-Mandeb Strait,Cape of Good Hope,asia_europe,1.009252669039146
2019-07-01,51.32142857142857,50.25,Bab el-Mandeb Strait,Cape of Good Hope,asia_europe,0.9791231732776619
2019-07-20,52.607142857142854,51.07142857142857,Bab el-Mandeb Strait,Cape of Good Hope,asia_europe,0.9708078750848609
2019-08-14,55.0,51.464285714285715,Bab el-Mandeb Strait,Cape of Good Hope,asia_europe,0.9357142857142857
2019-08-15,54.642857142857146,51.464285714285715,Bab el-Mandeb Strait,Cape of Good Hope,asia_europe,0.9418300653594771
2019-08-24,55.892857142857146,52.392857142857146,Bab el-Mandeb Strait,Cape of Good Hope,asia_europe,0.9373801916932908
2019-08-31,54.535714285714285,51.07142857142857,Bab el-Mandeb Strait,Cape of Good Hope,asia_europe,0.9364767518009168
2019-09-29,53.92857142857143,52.285714285714285,Bab el-Mandeb Strait,Cape of Good Hope,asia_europe,0.9695364238410595
2019-10-17,54.57142857142857,53.035714285714285,Bab el-Mandeb Strait,Cape of Good Hope,asia_europe,0.9718586387434555
2019-10-22,54.67857142857143,52.5,Bab el-Mandeb Strait,Cape of Good Hope,asia_europe,0.9601567602873938
2019-11-05,55.107142857142854,50.57142857142857,Bab el-Mandeb Strait,Cape of Good Hope,asia_europe,0.9176928062216462
2019-11-09,55.285714285714285,49.535714285714285,Bab el-Mandeb Strait,Cape of Good Hope,asia_europe,0.8959948320413437
2019-11-13,55.107142857142854,48.25,Bab el-Mandeb Strait,Cape of Good Hope,asia_europe,0.8755670771224887
2019-11-25,55.107142857142854,48.142857142857146,Bab el-Mandeb Strait,Cape of Good Hope,asia_europe,0.8736228127025276
2019-12-01,54.535714285714285,46.75,Bab el-Mandeb Strait,Cape of Good Hope,asia_europe,0.8572364112639161
2019-12-06,53.82142857142857,45.464285714285715,Bab el-Mandeb Strait,Cape of Good Hope,asia_europe,0.8447246184472462
2020-01-01,54.535714285714285,40.857142857142854,Bab el-Mandeb Strait,Cape of Good Hope,asia_europe,0.7491814014407334
2020-01-05,55.857142857142854,40.0,Bab el-Mandeb Strait,Cape of Good Hope,asia_europe,0.7161125319693095
2020-01-10,56.035714285714285,39.25,Bab el-Mandeb Strait,Cape of Good Hope,asia_europe,0.7004461440407903
2020-01-13,54.785714285714285,39.892857142857146,Bab el-Mandeb Strait,Cape of Good Hope,asia_europe,0.728161668839635
2020-01-25,53.392857142857146,39.857142857142854,Bab el-Mandeb Strait,Cape of Good Hope,asia_europe,0.7464882943143811
2020-02-03,57.642857142857146,76.96428571428571,Bab el-Mandeb Strait,Cape of Good Hope,asia_europe,1.3351920693928128
2020-02-04,57.464285714285715,76.67857142857143,Bab el-Mandeb Strait,Cape of Good Hope,asia_europe,1.334369173399627
2020-02-15,58.357142857142854,79.71428571428571,Bab el-Mandeb Strait,Cape of Good Hope,asia_europe,1.3659730722154222
2020-03-03,54.142857142857146,45.17857142857143,Bab el-Mandeb Strait,Cape of Good Hope,asia_europe,0.8344327176781002
2020-03-16,53.142857142857146,42.107142857142854,Bab el-Mandeb Strait,Cape of Good Hope,asia_europe,0.7923387096774193
2020-03-28,53.535714285714285,44.0,Bab el-Mandeb Strait,Cape of Good Hope,asia_europe,0.8218812541694464
2020-04-17,55.607142857142854,48.357142857142854,Bab el-Mandeb Strait,Cape of Good Hope,asia_europe,0.8696210661528581
2020-04-26,56.67857142857143,50.214285714285715,Bab el-Mandeb Strait,Cape of Good Hope,asia_europe,0.8859483301827347
2020-05-07,56.75,54.035714285714285,Bab el-Mandeb Strait,Cape of Good Hope,asia_europe,0.9521711768407803
2020-06-14,49.642857142857146,55.25,Bab el-Mandeb Strait,Cape of Good Hope,asia_europe,1.1129496402877697
2020-06-16,49.357142857142854,54.857142857142854,Bab el-Mandeb Strait,Cape of Good Hope,asia_europe,1.1114327062228655
2020-08-08,53.57142857142857,60.857142857142854,Bab el-Mandeb Strait,Cape of Good Hope,asia_europe,1.136
2020-08-10,53.0,62.57142857142857,Bab el-Mandeb Strait,Cape of Good Hope,asia_europe,1.1805929919137466
2020-08-15,52.82142857142857,58.0,Bab el-Mandeb Strait,Cape of Good Hope,asia_europe,1.0980392156862746
2020-08-21,53.5,56.357142857142854,Bab el-Mandeb Strait,Cape of Good Hope,asia_europe,1.0534045393858478
2020-08-22,53.17857142857143,56.285714285714285,Bab el-Mandeb Strait,Cape of Good Hope,asia_europe,1.058428475486904
2020-08-23,53.142857142857146,56.714285714285715,Bab el-Mandeb Strait,Cape of Good Hope,asia_europe,1.0672043010752688
2020-08-25,53.714285714285715,57.25,Bab el-Mandeb Strait,Cape of Good Hope,asia_europe,1.0658244680851063
2020-09-15,56.785714285714285,56.357142857142854,Bab el-Mandeb Strait,Cape of Good Hope,asia_europe,0.9924528301886792
2020-09-16,57.17857142857143,56.357142857142854,Bab el-Mandeb Strait,Cape of Good Hope,asia_europe,0.9856339787632729
2020-09-20,56.57142857142857,54.392857142857146,Bab el-Mandeb Strait,Cape of Good Hope,asia_europe,0.9614898989898991
2020-09-26,55.42857142857143,53.857142857142854,Bab el-Mandeb Strait,Cape of Good Hope,asia_europe,0.9716494845360824
2020-11-14,54.17857142857143,48.392857142857146,Bab el-Mandeb Strait,Cape of Good Hope,asia_europe,0.893210283454186
2020-11-17,55.392857142857146,49.107142857142854,Bab el-Mandeb Strait,Cape of Good Hope,asia_europe,0.8865248226950354
2020-11-25,55.392857142857146,47.57142857142857,Bab el-Mandeb Strait,Cape of Good Hope,asia_europe,0.8588007736943907
2020-12-15,56.035714285714285,46.142857142857146,Bab el-Mandeb Strait,Cape of Good Hope,asia_europe,0.8234544295729765
2020-12-20,55.857142857142854,44.92857142857143,Bab el-Mandeb Strait,Cape of Good Hope,asia_europe,0.8043478260869567
2020-12-27,55.964285714285715,43.5,Bab el-Mandeb Strait,Cape of Good Hope,asia_europe,0.7772814294830886
2020-12-30,55.32142857142857,43.964285714285715,Bab el-Mandeb Strait,Cape of Good Hope,asia_europe,0.7947062621045836
2021-02-05,57.07142857142857,42.92857142857143,Bab el-Mandeb Strait,Cape of Good Hope,asia_europe,0.7521902377972466
2021-04-05,52.964285714285715,48.42857142857143,Bab el-Mandeb Strait,Cape of Good Hope,asia_europe,0.9143627781523939
2021-04-14,54.714285714285715,50.892857142857146,Bab el-Mandeb Strait,Cape of Good Hope,asia_europe,0.9301566579634465
2021-04-15,55.392857142857146,50.464285714285715,Bab el-Mandeb Strait,Cape of Good Hope,asia_europe,0.9110251450676983
2021-04-24,55.714285714285715,52.07142857142857,Bab el-Mandeb Strait,Cape of Good Hope,asia_europe,0.9346153846153845
2021-05-21,55.892857142857146,49.67857142857143,Bab el-Mandeb Strait,Cape of Good Hope,asia_europe,0.8888178913738018
2021-06-04,55.75,50.17857142857143,Bab el-Mandeb Strait,Cape of Good Hope,asia_europe,0.9000640614990391
2021-06-21,56.464285714285715,51.035714285714285,Bab el-Mandeb Strait,Cape of Good Hope,asia_europe,0.9038583175205566
2021-06-25,58.035714285714285,49.892857142857146,Bab el-Mandeb Strait,Cape of Good Hope,asia_europe,0.8596923076923078
2021-07-23,58.714285714285715,50.607142857142854,Bab el-Mandeb Strait,Cape of Good Hope,asia_europe,0.8619221411192214
2021-07-27,58.5,51.214285714285715,Bab el-Mandeb Strait,Cape of Good Hope,asia_europe,0.8754578754578755
2021-08-12,59.42857142857143,50.464285714285715,Bab el-Mandeb Strait,Cape of Good Hope,asia_europe,0.8491586538461539
2021-08-31,60.57142857142857,45.392857142857146,Bab el-Mandeb Strait,Cape of Good Hope,asia_europe,0.7494103773584906
2021-09-11,61.17857142857143,48.17857142857143,Bab el-Mandeb Strait,Cape of Good Hope,asia_europe,0.7875072971395213
2021-10-16,61.285714285714285,43.964285714285715,Bab el-Mandeb Strait,Cape of Good Hope,asia_europe,0.7173659673659674
2021-11-11,59.0,41.214285714285715,Bab el-Mandeb Strait,Cape of Good Hope,asia_europe,0.698547215496368
2021-11-22,61.107142857142854,41.607142857142854,Bab el-Mandeb Strait,Cape of Good Hope,asia_europe,0.6808883693746347
2021-11-27,61.785714285714285,41.17857142857143,Bab el-Mandeb Strait,Cape of Good Hope,asia_europe,0.6664739884393064
2021-12-01,61.392857142857146,42.392857142857146,Bab el-Mandeb Strait,Cape of Good Hope,asia_europe,0.6905177428737639
2021-12-06,62.035714285714285,42.82142857142857,Bab el-Mandeb Strait,Cape of Good Hope,asia_europe,0.6902705814622913
2021-12-19,61.285714285714285,43.357142857142854,Bab el-Mandeb Strait,Cape of Good Hope,asia_europe,0.7074592074592074
2021-12-30,60.857142857142854,41.642857142857146,Bab el-Mandeb Strait,Cape of Good Hope,asia_europe,0.6842723004694836
2022-01-05,60.714285714285715,42.0,Bab el-Mandeb Strait,Cape of Good Hope,asia_europe,0.691764705882353
2022-01-13,61.357142857142854,41.07142857142857,Bab el-Mandeb Strait,Cape of Good Hope,asia_europe,0.6693830034924331
2022-01-20,61.392857142857146,41.67857142857143,Bab el-Mandeb Strait,Cape of Good Hope,asia_europe,0.6788830715532286
2022-01-22,61.07142857142857,41.285714285714285,Bab el-Mandeb Strait,Cape of Good Hope,asia_europe,0.6760233918128655
2022-02-02,60.857142857142854,42.17857142857143,Bab el-Mandeb Strait,Cape of Good Hope,asia_europe,0.6930751173708921
2022-03-18,61.75,41.107142857142854,Bab el-Mandeb Strait,Cape of Good Hope,asia_europe,0.6657027183342973
2022-03-21,62.42857142857143,41.07142857142857,Bab el-Mandeb Strait,Cape of Good Hope,asia_europe,0.6578947368421052
2022-03-27,60.92857142857143,40.464285714285715,Bab el-Mandeb Strait,Cape of Good Hope,asia_europe,0.664126611957796
2022-04-14,63.07142857142857,38.892857142857146,Bab el-Mandeb Strait,Cape of Good Hope,asia_europe,0.6166477916194791
2022-04-17,63.75,38.964285714285715,Bab el-Mandeb Strait,Cape of Good Hope,asia_europe,0.6112044817927171
2022-06-10,63.92857142857143,46.25,Bab el-Mandeb Strait,Cape of Good Hope,asia_europe,0.723463687150838
2022-06-13,64.64285714285714,46.17857142857143,Bab el-Mandeb Strait,Cape of Good Hope,asia_europe,0.714364640883978
2022-06-14,65.0,45.392857142857146,Bab el-Mandeb Strait,Cape of Good Hope,asia_europe,0.6983516483516484
2022-06-30,66.71428571428571,48.42857142857143,Bab el-Mandeb Strait,Cape of Good Hope,asia_europe,0.7259100642398288
2022-07-07,66.5,47.07142857142857,Bab el-Mandeb Strait,Cape of Good Hope,asia_europe,0.7078410311493017
2022-07-30,68.5,46.214285714285715,Bab el-Mandeb Strait,Cape of Good Hope,asia_europe,0.6746611053180397
2022-08-01,68.17857142857143,47.5,Bab el-Mandeb Strait,Cape of Good Hope,asia_europe,0.6966998428496595
2022-08-23,69.0,46.67857142857143,Bab el-Mandeb Strait,Cape of Good Hope,asia_europe,0.6765010351966874
2022-09-23,70.96428571428571,46.857142857142854,Bab el-Mandeb Strait,Cape of Good Hope,asia_europe,0.6602918973326624
2022-10-03,70.35714285714286,48.25,Bab el-Mandeb Strait,Cape of Good Hope,asia_europe,0.6857868020304568
2022-10-17,70.64285714285714,44.607142857142854,Bab el-Mandeb Strait,Cape of Good Hope,asia_europe,0.6314459049544995
2022-10-20,69.96428571428571,43.607142857142854,Bab el-Mandeb Strait,Cape of Good Hope,asia_europe,0.6232771822358346
2022-10-23,70.35714285714286,44.0,Bab el-Mandeb Strait,Cape of Good Hope,asia_europe,0.6253807106598984
2022-11-06,72.42857142857143,42.142857142857146,Bab el-Mandeb Strait,Cape of Good Hope,asia_europe,0.5818540433925049
2022-11-07,72.60714285714286,42.357142857142854,Bab el-Mandeb Strait,Cape of Good Hope,asia_europe,0.5833743236596163
2022-11-22,72.67857142857143,42.607142857142854,Bab el-Mandeb Strait,Cape of Good Hope,asia_europe,0.5862407862407862
2022-12-22,70.82142857142857,40.285714285714285,Bab el-Mandeb Strait,Cape of Good Hope,asia_europe,0.5688350983358548
2023-01-12,73.28571428571429,41.142857142857146,Bab el-Mandeb Strait,Cape of Good Hope,asia_europe,0.5614035087719298
2023-01-14,72.71428571428571,41.285714285714285,Bab el-Mandeb Strait,Cape of Good Hope,asia_europe,0.5677799607072692
2023-01-16,73.82142857142857,41.857142857142854,Bab el-Mandeb Strait,Cape of Good Hope,asia_europe,0.5670053217223028
2023-01-21,73.82142857142857,41.464285714285715,Bab el-Mandeb Strait,Cape of Good Hope,asia_europe,0.5616835994194485
2023-01-31,71.35714285714286,42.142857142857146,Bab el-Mandeb Strait,Cape of Good Hope,asia_europe,0.5905905905905906
2023-02-07,71.85714285714286,42.92857142857143,Bab el-Mandeb Strait,Cape of Good Hope,asia_europe,0.5974155069582505
2023-02-14,70.10714285714286,41.714285714285715,Bab el-Mandeb Strait,Cape of Good Hope,asia_europe,0.5950076413652572
2023-02-22,70.32142857142857,42.535714285714285,Bab el-Mandeb Strait,Cape of Good Hope,asia_europe,0.6048755713560183
2023-03-26,72.35714285714286,43.75,Bab el-Mandeb Strait,Cape of Good Hope,asia_europe,0.604639684106614
2023-04-11,73.57142857142857,43.642857142857146,Bab el-Mandeb Strait,Cape of Good Hope,asia_europe,0.5932038834951456
2023-06-11,77.75,50.92857142857143,Bab el-Mandeb Strait,Cape of Good Hope,asia_europe,0.6550298576022049
2023-06-13,76.89285714285714,51.0,Bab el-Mandeb Strait,Cape of Good Hope,asia_europe,0.6632605666511844
2023-06-14,76.64285714285714,50.107142857142854,Bab el-Mandeb Strait,Cape of Good Hope,asia_europe,0.6537744641192917
2023-06-17,76.17857142857143,50.75,Bab el-Mandeb Strait,Cape of Good Hope,asia_europe,0.6661978434130332
2023-06-27,77.10714285714286,52.25,Bab el-Mandeb Strait,Cape of Good Hope,asia_europe,0.6776285317276517
2023-07-06,75.78571428571429,51.642857142857146,Bab el-Mandeb Strait,Cape of Good Hope,asia_europe,0.6814326107445806
2023-07-28,73.25,53.92857142857143,Bab el-Mandeb Strait,Cape of Good Hope,asia_europe,0.7362262311067772
2023-08-24,74.10714285714286,53.07142857142857,Bab el-Mandeb Strait,Cape of Good Hope,asia_europe,0.716144578313253
2023-08-28,72.17857142857143,55.642857142857146,Bab el-Mandeb Strait,Cape of Good Hope,asia_europe,0.7709054923305294
2023-10-08,76.32142857142857,55.857142857142854,Bab el-Mandeb Strait,Cape of Good Hope,asia_europe,0.7318671034160037
2023-10-11,76.39285714285714,54.5,Bab el-Mandeb Strait,Cape of Good Hope,asia_europe,0.7134174848059841
2023-10-16,77.32142857142857,57.67857142857143,Bab el-Mandeb Strait,Cape of Good Hope,asia_europe,0.745958429561201
2023-10-24,78.32142857142857,51.714285714285715,Bab el-Mandeb Strait,Cape of Good Hope,asia_europe,0.6602827177382581
2023-10-27,79.03571428571429,51.67857142857143,Bab el-Mandeb Strait,Cape of Good Hope,asia_europe,0.6538635336647085
2023-10-30,78.78571428571429,49.285714285714285,Bab el-Mandeb Strait,Cape of Good Hope,asia_europe,0.6255666364460561
2023-11-11,77.92857142857143,48.892857142857146,Bab el-Mandeb Strait,Cape of Good Hope,asia_europe,0.6274060494958754
2023-12-10,76.67857142857143,48.42857142857143,Bab el-Mandeb Strait,Cape of Good Hope,asia_europe,0.631578947368421
2023-12-27,67.32142857142857,49.42857142857143,Bab el-Mandeb Strait,Cape of Good Hope,asia_europe,0.7342175066312998
2024-01-03,60.92857142857143,55.214285714285715,Bab el-Mandeb Strait,Cape of Good Hope,asia_europe,0.9062133645955451
2024-01-15,48.67857142857143,64.07142857142857,Bab el-Mandeb Strait,Cape of Good Hope,asia_europe,1.3162142333088773
2024-01-28,40.0,72.03571428571429,Bab el-Mandeb Strait,Cape of Good Hope,asia_europe,1.8008928571428573
2024-02-06,36.25,74.82142857142857,Bab el-Mandeb Strait,Cape of Good Hope,asia_europe,2.064039408866995
2024-02-15,34.214285714285715,78.89285714285714,Bab el-Mandeb Strait,Cape of Good Hope,asia_europe,2.3058455114822545
2024-03-28,32.714285714285715,85.92857142857143,Bab el-Mandeb Strait,Cape of Good Hope,asia_europe,2.626637554585153
2024-04-09,32.035714285714285,81.0,Bab el-Mandeb Strait,Cape of Good Hope,asia_europe,2.528428093645485
2024-04-13,32.285714285714285,79.64285714285714,Bab el-Mandeb Strait,Cape of Good Hope,asia_europe,2.4668141592920354
2024-04-20,32.42857142857143,86.92857142857143,Bab el-Mandeb Strait,Cape of Good Hope,asia_europe,2.6806167400881056
2024-05-04,33.07142857142857,89.85714285714286,Bab el-Mandeb Strait,Cape of Good Hope,asia_europe,2.717062634989201
2024-05-07,32.857142857142854,91.39285714285714,Bab el-Mandeb Strait,Cape of Good Hope,asia_europe,2.7815217391304348
2024-05-18,32.67857142857143,89.71428571428571,Bab el-Mandeb Strait,Cape of Good Hope,asia_europe,2.7453551912568304
2024-06-13,32.32142857142857,92.64285714285714,Bab el-Mandeb Strait,Cape of Good Hope,asia_europe,2.8662983425414366
2024-06-15,32.392857142857146,93.89285714285714,Bab el-Mandeb Strait,Cape of Good Hope,asia_europe,2.8985667034178606
2024-06-20,31.964285714285715,94.78571428571429,Bab el-Mandeb Strait,Cape of Good Hope,asia_europe,2.9653631284916204
2024-08-04,29.392857142857142,96.71428571428571,Bab el-Mandeb Strait,Cape of Good Hope,asia_europe,3.2904009720534626
2024-08-19,29.607142857142858,92.0,Bab el-Mandeb Strait,Cape of Good Hope,asia_europe,3.1073582629674306
2024-08-30,30.821428571428573,87.35714285714286,Bab el-Mandeb Strait,Cape of Good Hope,asia_europe,2.8342989571263035
2024-09-06,31.321428571428573,94.07142857142857,Bab el-Mandeb Strait,Cape of Good Hope,asia_europe,3.0034207525655643
2024-09-15,30.892857142857142,91.0,Bab el-Mandeb Strait,Cape of Good Hope,asia_europe,2.945664739884393
2024-09-21,31.357142857142858,87.82142857142857,Bab el-Mandeb Strait,Cape of Good Hope,asia_europe,2.800683371298405
2024-10-13,31.464285714285715,88.10714285714286,Bab el-Mandeb Strait,Cape of Good Hope,asia_europe,2.800227014755959
2024-11-06,32.214285714285715,86.14285714285714,Bab el-Mandeb Strait,Cape of Good Hope,asia_europe,2.6740576496674056
2024-11-12,32.75,86.42857142857143,Bab el-Mandeb Strait,Cape of Good Hope,asia_europe,2.6390403489640133
2024-11-23,32.82142857142857,85.60714285714286,Bab el-Mandeb Strait,Cape of Good Hope,asia_europe,2.6082698585418935
2024-12-04,31.75,83.92857142857143,Bab el-Mandeb Strait,Cape of Good Hope,asia_europe,2.643419572553431
2025-02-11,31.892857142857142,85.5,Bab el-Mandeb Strait,Cape of Good Hope,asia_europe,2.6808510638297873
2025-03-26,32.464285714285715,80.82142857142857,Bab el-Mandeb Strait,Cape of Good Hope,asia_europe,2.4895489548954894
2025-04-15,32.785714285714285,81.46428571428571,Bab el-Mandeb Strait,Cape of Good Hope,asia_europe,2.4847494553376905
2025-05-02,32.107142857142854,82.78571428571429,Bab el-Mandeb Strait,Cape of Good Hope,asia_europe,2.5784204671857625
2025-05-18,33.035714285714285,91.67857142857143,Bab el-Mandeb Strait,Cape of Good Hope,asia_europe,2.775135135135135
2025-05-28,33.0,90.64285714285714,Bab el-Mandeb Strait,Cape of Good Hope,asia_europe,2.7467532467532467
2025-06-10,34.75,93.10714285714286,Bab el-Mandeb Strait,Cape of Good Hope,asia_europe,2.6793422404933196
2025-06-14,34.857142857142854,89.21428571428571,Bab el-Mandeb Strait,Cape of Good Hope,asia_europe,2.5594262295081966
2025-07-08,30.571428571428573,92.17857142857143,Bab el-Mandeb Strait,Cape of Good Hope,asia_europe,3.0151869158878504
2025-07-19,30.928571428571427,94.39285714285714,Bab el-Mandeb Strait,Cape of Good Hope,asia_europe,3.051963048498845
2025-07-23,31.321428571428573,99.07142857142857,Bab el-Mandeb Strait,Cape of Good Hope,asia_europe,3.163055872291904
2025-08-19,32.892857142857146,96.85714285714286,Bab el-Mandeb Strait,Cape of Good Hope,asia_europe,2.9446254071661238
2025-09-12,33.357142857142854,96.46428571428571,Bab el-Mandeb Strait,Cape of Good Hope,asia_europe,2.89186295503212
2025-09-14,34.57142857142857,96.03571428571429,Bab el-Mandeb Strait,Cape of Good Hope,asia_europe,2.7778925619834713
2025-10-12,33.82142857142857,97.21428571428571,Bab el-Mandeb Strait,Cape of Good Hope,asia_europe,2.874340021119324
2025-10-13,33.714285714285715,98.5,Bab el-Mandeb Strait,Cape of Good Hope,asia_europe,2.9216101694915255
2025-12-14,35.07142857142857,88.5,Bab el-Mandeb Strait,Cape of Good Hope,asia_europe,2.523421588594705
2025-12-27,32.42857142857143,83.92857142857143,Bab el-Mandeb Strait,Cape of Good Hope,asia_europe,2.5881057268722465
2026-01-06,32.17857142857143,85.03571428571429,Bab el-Mandeb Strait,Cape of Good Hope,asia_europe,2.6426193118756935
2026-01-07,32.75,83.28571428571429,Bab el-Mandeb Strait,Cape of Good Hope,asia_europe,2.543075245365322
2026-01-13,33.892857142857146,84.60714285714286,Bab el-Mandeb Strait,Cape of Good Hope,asia_europe,2.4963119072708113
2026-01-15,33.42857142857143,85.57142857142857,Bab el-Mandeb Strait,Cape of Good Hope,asia_europe,2.5598290598290596
2026-01-23,33.82142857142857,87.07142857142857,Bab el-Mandeb Strait,Cape of Good Hope,asia_europe,2.5744456177402326
2026-01-26,33.607142857142854,88.10714285714286,Bab el-Mandeb Strait,Cape of Good Hope,asia_europe,2.621679064824655
2026-02-07,33.857142857142854,86.57142857142857,Bab el-Mandeb Strait,Cape of Good Hope,asia_europe,2.556962025316456
2026-02-11,34.464285714285715,85.92857142857143,Bab el-Mandeb Strait,Cape of Good Hope,asia_europe,2.493264248704663
2026-02-19,35.285714285714285,85.57142857142857,Bab el-Mandeb Strait,Cape of Good Hope,asia_europe,2.425101214574899
2026-03-06,36.642857142857146,90.42857142857143,Bab el-Mandeb Strait,Cape of Good Hope,asia_europe,2.4678362573099415
2026-03-10,36.25,91.25,Bab el-Mandeb Strait,Cape of Good Hope,asia_europe,2.5172413793103448
2026-03-22,35.535714285714285,91.35714285714286,Bab el-Mandeb Strait,Cape of Good Hope,asia_europe,2.570854271356784
2026-03-26,34.642857142857146,91.53571428571429,Bab el-Mandeb Strait,Cape of Good Hope,asia_europe,2.6422680412371133
2026-03-27,34.67857142857143,90.67857142857143,Bab el-Mandeb Strait,Cape of Good Hope,asia_europe,2.614830072090628
2026-03-30,35.964285714285715,91.92857142857143,Bab el-Mandeb Strait,Cape of Good Hope,asia_europe,2.5561072492552137
2026-04-15,36.964285714285715,91.92857142857143,Bab el-Mandeb Strait,Cape of Good Hope,asia_europe,2.4869565217391303
2026-05-28,36.57142857142857,96.28571428571429,Bab el-Mandeb Strait,Cape of Good Hope,asia_europe,2.6328125000000004
2026-06-05,36.464285714285715,96.60714285714286,Bab el-Mandeb Strait,Cape of Good Hope,asia_europe,2.6493633692458376
2026-06-07,37.07142857142857,96.78571428571429,Bab el-Mandeb Strait,Cape of Good Hope,asia_europe,2.6107899807321777
2026-06-13,37.357142857142854,93.60714285714286,Bab el-Mandeb Strait,Cape of Good Hope,asia_europe,2.5057361376673044
2026-07-23,35.17857142857143,92.89285714285714,Bab el-Mandeb Strait,Cape of Good Hope,asia_europe,2.6406091370558373
2026-08-10,30.642857142857142,89.07142857142857,Bab el-Mandeb Strait,Cape of Good Hope,asia_europe,2.906759906759907
2019-01-06,57.0,45.166666666666664,Bab el-Mandeb Strait,Cape of Good Hope,asia_europe,0.7923976608187134
2019-01-08,57.0,45.25,Bab el-Mandeb Strait,Cape of Good Hope,asia_europe,0.793859649122807
2019-01-25,51.12,46.6,Bab el-Mandeb Strait,Cape of Good Hope,asia_europe,0.9115805946791863
2019-02-03,51.107142857142854,47.142857142857146,Bab el-Mandeb Strait,Cape of Good Hope,asia_europe,0.9224318658280923
2019-02-14,51.642857142857146,47.785714285714285,Bab el-Mandeb Strait,Cape of Good Hope,asia_europe,0.925311203319502
2019-02-28,53.17857142857143,49.892857142857146,Bab el-Mandeb Strait,Cape of Good Hope,asia_europe,0.9382135661517798
2019-03-09,52.5,49.535714285714285,Bab el-Mandeb Strait,Cape of Good Hope,asia_europe,0.9435374149659864
2019-04-04,53.357142857142854,42.714285714285715,Bab el-Mandeb Strait,Cape of Good Hope,asia_europe,0.8005354752342705
2019-04-17,53.035714285714285,43.892857142857146,Bab el-Mandeb Strait,Cape of Good Hope,asia_europe,0.8276094276094277
2019-04-29,55.642857142857146,45.892857142857146,Bab el-Mandeb Strait,Cape of Good Hope,asia_europe,0.824775353016688
2019-05-11,53.964285714285715,44.964285714285715,Bab el-Mandeb Strait,Cape of Good Hope,asia_europe,0.8332230311052283
2019-06-02,51.17857142857143,47.107142857142854,Bab el-Mandeb Strait,Cape of Good Hope,asia_europe,0.9204466154919748
2019-06-13,51.035714285714285,48.0,Bab el-Mandeb Strait,Cape of Good Hope,asia_europe,0.940517844646606
2019-06-20,49.67857142857143,49.5,Bab el-Mandeb Strait,Cape of Good Hope,asia_europe,0.9964054636951832
2019-07-10,50.714285714285715,50.357142857142854,Bab el-Mandeb Strait,Cape of Good Hope,asia_europe,0.9929577464788731
2019-07-21,52.892857142857146,50.892857142857146,Bab el-Mandeb Strait,Cape of Good Hope,asia_europe,0.962187711006077
2019-07-25,51.285714285714285,50.035714285714285,Bab el-Mandeb Strait,Cape of Good Hope,asia_europe,0.9756267409470752
2019-08-16,54.142857142857146,51.892857142857146,Bab el-Mandeb Strait,Cape of Good Hope,asia_europe,0.9584432717678101
2019-08-17,54.57142857142857,52.42857142857143,Bab el-Mandeb Strait,Cape of Good Hope,asia_europe,0.9607329842931938
2019-09-01,54.67857142857143,50.82142857142857,Bab el-Mandeb Strait,Cape of Good Hope,asia_europe,0.9294578706727629
2019-09-14,54.42857142857143,50.17857142857143,Bab el-Mandeb Strait,Cape of Good Hope,asia_europe,0.9219160104986877
2019-09-16,54.107142857142854,50.25,Bab el-Mandeb Strait,Cape of Good Hope,asia_europe,0.9287128712871288
2019-10-07,54.07142857142857,54.25,Bab el-Mandeb Strait,Cape of Good Hope,asia_europe,1.0033025099075297
2019-10-08,53.964285714285715,53.785714285714285,Bab el-Mandeb Strait,Cape of Good Hope,asia_europe,0.9966909331568498
2019-11-06,55.607142857142854,50.5,Bab el-Mandeb Strait,Cape of Good Hope,asia_europe,0.9081567116249197
2019-12-02,54.07142857142857,46.82142857142857,Bab el-Mandeb Strait,Cape of Good Hope,asia_europe,0.8659180977542933
2019-12-04,53.392857142857146,45.785714285714285,Bab el-Mandeb Strait,Cape of Good Hope,asia_europe,0.85752508361204
2019-12-07,53.82142857142857,45.5,Bab el-Mandeb Strait,Cape of Good Hope,asia_europe,0.8453881884538819
2020-01-04,55.357142857142854,40.642857142857146,Bab el-Mandeb Strait,Cape of Good Hope,asia_europe,0.7341935483870968
2020-01-06,55.714285714285715,40.07142857142857,Bab el-Mandeb Strait,Cape of Good Hope,asia_europe,0.7192307692307692
2020-01-17,54.5,40.107142857142854,Bab el-Mandeb Strait,Cape of Good Hope,asia_europe,0.7359108781127129
2020-01-28,55.42857142857143,51.17857142857143,Bab el-Mandeb Strait,Cape of Good Hope,asia_europe,0.9233247422680413
2020-02-14,58.642857142857146,79.28571428571429,Bab el-Mandeb Strait,Cape of Good Hope,asia_europe,1.3520097442143728
2020-02-27,55.5,58.57142857142857,Bab el-Mandeb Strait,Cape of Good Hope,asia_europe,1.0553410553410554
2020-03-05,54.0,44.32142857142857,Bab el-Mandeb Strait,Cape of Good Hope,asia_europe,0.8207671957671957
2020-03-06,53.75,44.035714285714285,Bab el-Mandeb Strait,Cape of Good Hope,asia_europe,0.8192691029900332
2020-04-21,56.42857142857143,49.42857142857143,Bab el-Mandeb Strait,Cape of Good Hope,asia_europe,0.8759493670886076
2020-04-25,56.57142857142857,49.892857142857146,Bab el-Mandeb Strait,Cape of Good Hope,asia_europe,0.8819444444444445
2020-04-28,56.82142857142857,50.67857142857143,Bab el-Mandeb Strait,Cape of Good Hope,asia_europe,0.891891891891892
2020-05-13,57.25,53.07142857142857,Bab el-Mandeb Strait,Cape of Good Hope,asia_europe,0.9270118527760449
2020-05-20,55.17857142857143,54.357142857142854,Bab el-Mandeb Strait,Cape of Good Hope,asia_europe,0.9851132686084142
2020-05-23,54.82142857142857,55.214285714285715,Bab el-Mandeb Strait,Cape of Good Hope,asia_europe,1.0071661237785017
2020-05-30,54.035714285714285,55.392857142857146,Bab el-Mandeb Strait,Cape of Good Hope,asia_europe,1.0251156642432255
2020-05-31,53.25,55.785714285714285,Bab el-Mandeb Strait,Cape of Good Hope,asia_europe,1.0476190476190477
2020-06-06,50.714285714285715,55.285714285714285,Bab el-Mandeb Strait,Cape of Good Hope,asia_europe,1.0901408450704224
2020-06-24,47.964285714285715,55.25,Bab el-Mandeb Strait,Cape of Good Hope,asia_europe,1.1518987341772151
2020-07-06,49.107142857142854,53.357142857142854,Bab el-Mandeb Strait,Cape of Good Hope,asia_europe,1.0865454545454545
2020-07-22,51.714285714285715,59.357142857142854,Bab el-Mandeb Strait,Cape of Good Hope,asia_europe,1.1477900552486187
2020-07-29,52.67857142857143,60.82142857142857,Bab el-Mandeb Strait,Cape of Good Hope,asia_europe,1.1545762711864407
2020-07-31,53.42857142857143,60.42857142857143,Bab el-Mandeb Strait,Cape of Good Hope,asia_europe,1.1310160427807487
2020-08-13,52.82142857142857,59.964285714285715,Bab el-Mandeb Strait,Cape of Good Hope,asia_europe,1.1352265043948615
2020-09-05,54.57142857142857,54.857142857142854,Bab el-Mandeb Strait,Cape of Good Hope,asia_europe,1.0052356020942408
2020-10-01,55.607142857142854,53.892857142857146,Bab el-Mandeb Strait,Cape of Good Hope,asia_europe,0.9691714836223507
2020-10-02,55.464285714285715,52.785714285714285,Bab el-Mandeb Strait,Cape of Good Hope,asia_europe,0.9517063747585318
2020-10-03,55.285714285714285,52.75,Bab el-Mandeb Strait,Cape of Good Hope,asia_europe,0.9541343669250646
2020-10-06,55.0,53.214285714285715,Bab el-Mandeb Strait,Cape of Good Hope,asia_europe,0.9675324675324676
2020-10-15,55.32142857142857,50.607142857142854,Bab el-Mandeb Strait,Cape of Good Hope,asia_europe,0.9147837314396384
2020-11-05,55.0,49.07142857142857,Bab el-Mandeb Strait,Cape of Good Hope,asia_europe,0.8922077922077921
2020-11-13,54.25,48.92857142857143,Bab el-Mandeb Strait,Cape of Good Hope,asia_europe,0.9019091507570771
2021-01-04,55.142857142857146,43.5,Bab el-Mandeb Strait,Cape of Good Hope,asia_europe,0.7888601036269429
2021-01-16,56.857142857142854,43.535714285714285,Bab el-Mandeb Strait,Cape of Good Hope,asia_europe,0.7657035175879398
2021-01-26,57.035714285714285,42.357142857142854,Bab el-Mandeb Strait,Cape of Good Hope,asia_europe,0.7426424546023794
2021-01-30,57.5,42.82142857142857,Bab el-Mandeb Strait,Cape of Good Hope,asia_europe,0.7447204968944099
2021-02-08,57.82142857142857,43.25,Bab el-Mandeb Strait,Cape of Good Hope,asia_europe,0.7479925880172946
2021-02-15,58.92857142857143,43.642857142857146,Bab el-Mandeb Strait,Cape of Good Hope,asia_europe,0.7406060606060606
2021-02-17,58.75,43.82142857142857,Bab el-Mandeb Strait,Cape of Good Hope,asia_europe,0.7458966565349544
2021-02-23,59.07142857142857,45.07142857142857,Bab el-Mandeb Strait,Cape of Good Hope,asia_europe,0.7629987908101572
2021-02-25,58.964285714285715,46.107142857142854,Bab el-Mandeb Strait,Cape of Good Hope,asia_europe,0.7819503331314355
2021-03-07,59.857142857142854,47.714285714285715,Bab el-Mandeb Strait,Cape of Good Hope,asia_europe,0.7971360381861575
2021-03-14,59.607142857142854,48.07142857142857,Bab el-Mandeb Strait,Cape of Good Hope,asia_europe,0.8064709406830437
2021-03-20,59.92857142857143,49.142857142857146,Bab el-Mandeb Strait,Cape of Good Hope,asia_europe,0.8200238379022646
2021-03-21,59.892857142857146,49.607142857142854,Bab el-Mandeb Strait,Cape of Good Hope,asia_europe,0.8282647584973165
2021-05-08,57.785714285714285,49.75,Bab el-Mandeb Strait,Cape of Good Hope,asia_europe,0.8609394313967862
2021-05-31,56.42857142857143,50.42857142857143,Bab el-Mandeb Strait,Cape of Good Hope,asia_europe,0.8936708860759494
2021-07-04,58.892857142857146,49.607142857142854,Bab el-Mandeb Strait,Cape of Good Hope,asia_europe,0.8423286840509399
2021-08-11,59.0,51.214285714285715,Bab el-Mandeb Strait,Cape of Good Hope,asia_europe,0.8680387409200969
2021-08-26,59.92857142857143,48.0,Bab el-Mandeb Strait,Cape of Good Hope,asia_europe,0.800953516090584
2021-09-01,60.75,45.57142857142857,Bab el-Mandeb Strait,Cape of Good Hope,asia_europe,0.7501469723691946
2021-09-06,61.107142857142854,47.5,Bab el-Mandeb Strait,Cape of Good Hope,asia_europe,0.777323202805377
2021-10-14,61.464285714285715,44.642857142857146,Bab el-Mandeb Strait,Cape of Good Hope,asia_europe,0.7263219058686811
2021-11-12,58.857142857142854,41.357142857142854,Bab el-Mandeb Strait,Cape of Good Hope,asia_europe,0.7026699029126213
2021-11-14,59.0,42.857142857142854,Bab el-Mandeb Strait,Cape of Good Hope,asia_europe,0.7263922518159805
2021-12-05,61.357142857142854,43.357142857142854,Bab el-Mandeb Strait,Cape of Good Hope,asia_europe,0.7066356228172294
2021-12-20,60.892857142857146,43.107142857142854,Bab el-Mandeb Strait,Cape of Good Hope,asia_europe,0.7079178885630497
2022-01-04,60.25,42.142857142857146,Bab el-Mandeb Strait,Cape of Good Hope,asia_europe,0.6994665085951394
2022-01-11,61.32142857142857,40.67857142857143,Bab el-Mandeb Strait,Cape of Good Hope,asia_europe,0.6633663366336634
2022-01-18,61.392857142857146,41.5,Bab el-Mandeb Strait,Cape of Good Hope,asia_europe,0.6759744037230948
2022-01-24,60.67857142857143,41.535714285714285,Bab el-Mandeb Strait,Cape of Good Hope,asia_europe,0.6845203060623896
2022-01-25,61.035714285714285,41.464285714285715,Bab el-Mandeb Strait,Cape of Good Hope,asia_europe,0.6793446459918081
2022-02-05,61.357142857142854,41.92857142857143,Bab el-Mandeb Strait,Cape of Good Hope,asia_europe,0.6833527357392317
2022-02-08,61.642857142857146,41.285714285714285,Bab el-Mandeb Strait,Cape of Good Hope,asia_europe,0.6697566628041715
2022-02-14,63.107142857142854,42.285714285714285,Bab el-Mandeb Strait,Cape of Good Hope,asia_europe,0.6700622524052066
2022-02-15,62.5,42.785714285714285,Bab el-Mandeb Strait,Cape of Good Hope,asia_europe,0.6845714285714286
2022-02-20,62.0,43.607142857142854,Bab el-Mandeb Strait,Cape of Good Hope,asia_europe,0.7033410138248848
2022-02-27,63.107142857142854,42.964285714285715,Bab el-Mandeb Strait,Cape of Good Hope,asia_europe,0.6808149405772497
2022-03-01,62.92857142857143,42.107142857142854,Bab el-Mandeb Strait,Cape of Good Hope,asia_europe,0.6691259931895572
2022-03-03,63.142857142857146,41.75,Bab el-Mandeb Strait,Cape of Good Hope,asia_europe,0.6611990950226244
2022-03-11,61.214285714285715,42.857142857142854,Bab el-Mandeb Strait,Cape of Good Hope,asia_europe,0.7001166861143523
2022-03-12,61.285714285714285,42.67857142857143,Bab el-Mandeb Strait,Cape of Good Hope,asia_europe,0.6963869463869464
2022-03-26,60.75,40.392857142857146,Bab el-Mandeb Strait,Cape of Good Hope,asia_europe,0.6649029982363316
2022-04-02,62.82142857142857,39.892857142857146,Bab el-Mandeb Strait,Cape of Good Hope,asia_europe,0.6350198976691303
2022-04-10,63.75,39.892857142857146,Bab el-Mandeb Strait,Cape of Good Hope,asia_europe,0.6257703081232493
2022-04-24,64.67857142857143,40.535714285714285,Bab el-Mandeb Strait,Cape of Good Hope,asia_europe,0.6267255659856432
2022-05-08,64.39285714285714,43.82142857142857,Bab el-Mandeb Strait,Cape of Good Hope,asia_europe,0.680532445923461
2022-05-14,64.5,45.285714285714285,Bab el-Mandeb Strait,Cape of Good Hope,asia_europe,0.7021040974529347
2022-05-16,63.785714285714285,45.32142857142857,Bab el-Mandeb Strait,Cape of Good Hope,asia_europe,0.7105263157894737
2022-05-25,64.03571428571429,45.392857142857146,Bab el-Mandeb Strait,Cape of Good Hope,asia_europe,0.7088678192972672
2022-06-05,63.5,44.5,Bab el-Mandeb Strait,Cape of Good Hope,asia_europe,0.7007874015748031
2022-06-07,63.964285714285715,45.5,Bab el-Mandeb Strait,Cape of Good Hope,asia_europe,0.7113344500279174
2022-06-09,63.892857142857146,46.0,Bab el-Mandeb Strait,Cape of Good Hope,asia_europe,0.7199552822806037
2022-07-04,67.35714285714286,47.785714285714285,Bab el-Mandeb Strait,Cape of Good Hope,asia_europe,0.7094379639448568
2022-07-10,67.75,46.714285714285715,Bab el-Mandeb Strait,Cape of Good Hope,asia_europe,0.6895097522403796
2022-07-16,68.78571428571429,48.17857142857143,Bab el-Mandeb Strait,Cape of Good Hope,asia_europe,0.7004153686396677
2022-08-12,68.14285714285714,48.607142857142854,Bab el-Mandeb Strait,Cape of Good Hope,asia_europe,0.7133123689727463
2022-08-21,68.75,46.607142857142854,Bab el-Mandeb Strait,Cape of Good Hope,asia_europe,0.6779220779220779
2022-08-27,69.25,48.464285714285715,Bab el-Mandeb Strait,Cape of Good Hope,asia_europe,0.6998452810727179
2022-09-08,70.82142857142857,48.32142857142857,Bab el-Mandeb Strait,Cape of Good Hope,asia_europe,0.6822995461422088
2022-11-13,73.42857142857143,42.32142857142857,Bab el-Mandeb Strait,Cape of Good Hope,asia_europe,0.5763618677042801
2022-12-27,71.14285714285714,41.035714285714285,Bab el-Mandeb Strait,Cape of Good Hope,asia_europe,0.5768072289156627
2023-01-19,73.92857142857143,41.714285714285715,Bab el-Mandeb Strait,Cape of Good Hope,asia_europe,0.5642512077294686
2023-02-18,69.46428571428571,42.357142857142854,Bab el-Mandeb Strait,Cape of Good Hope,asia_europe,0.6097686375321337
2023-03-02,70.21428571428571,42.07142857142857,Bab el-Mandeb Strait,Cape of Good Hope,asia_europe,0.5991861648016277
2023-03-09,69.57142857142857,41.32142857142857,Bab el-Mandeb Strait,Cape of Good Hope,asia_europe,0.5939425051334702
2023-03-13,70.57142857142857,40.714285714285715,Bab el-Mandeb Strait,Cape of Good Hope,asia_europe,0.576923076923077
2023-04-05,73.60714285714286,44.67857142857143,Bab el-Mandeb Strait,Cape of Good Hope,asia_europe,0.6069868995633187
2023-04-06,73.46428571428571,44.107142857142854,Bab el-Mandeb Strait,Cape of Good Hope,asia_europe,0.6003889158969373
2023-04-22,74.28571428571429,44.25,Bab el-Mandeb Strait,Cape of Good Hope,asia_europe,0.5956730769230769
2023-05-08,77.03571428571429,46.464285714285715,Bab el-Mandeb Strait,Cape of Good Hope,asia_europe,0.6031525266573945
2023-06-19,76.21428571428571,49.82142857142857,Bab el-Mandeb Strait,Cape of Good Hope,asia_europe,0.6537019681349578
2023-07-26,73.28571428571429,53.785714285714285,Bab el-Mandeb Strait,Cape of Good Hope,asia_europe,0.7339181286549706
2023-09-09,74.89285714285714,55.142857142857146,Bab el-Mandeb Strait,Cape of Good Hope,asia_europe,0.7362899380066763
2023-09-15,74.82142857142857,54.67857142857143,Bab el-Mandeb Strait,Cape of Good Hope,asia_europe,0.7307875894988067
2023-10-03,75.32142857142857,56.714285714285715,Bab el-Mandeb Strait,Cape of Good Hope,asia_europe,0.7529634898055951
2023-10-10,75.85714285714286,55.607142857142854,Bab el-Mandeb Strait,Cape of Good Hope,asia_europe,0.733050847457627
2023-11-10,78.0,49.07142857142857,Bab el-Mandeb Strait,Cape of Good Hope,asia_europe,0.6291208791208791
2024-02-02,38.035714285714285,72.57142857142857,Bab el-Mandeb Strait,Cape of Good Hope,asia_europe,1.907981220657277
2024-02-17,34.07142857142857,80.21428571428571,Bab el-Mandeb Strait,Cape of Good Hope,asia_europe,2.3542976939203353
2024-02-23,34.5,84.60714285714286,Bab el-Mandeb Strait,Cape of Good Hope,asia_europe,2.4523809523809526
2024-03-13,34.392857142857146,90.71428571428571,Bab el-Mandeb Strait,Cape of Good Hope,asia_europe,2.637590861889927
2024-03-29,33.142857142857146,84.96428571428571,Bab el-Mandeb Strait,Cape of Good Hope,asia_europe,2.5635775862068964
2024-03-31,32.392857142857146,84.10714285714286,Bab el-Mandeb Strait,Cape of Good Hope,asia_europe,2.5964718853362734
2024-04-29,32.142857142857146,88.78571428571429,Bab el-Mandeb Strait,Cape of Good Hope,asia_europe,2.7622222222222224
2024-05-15,32.107142857142854,90.71428571428571,Bab el-Mandeb Strait,Cape of Good Hope,asia_europe,2.825361512791991
2024-05-21,33.57142857142857,90.03571428571429,Bab el-Mandeb Strait,Cape of Good Hope,asia_europe,2.6819148936170216
2024-05-29,32.17857142857143,91.35714285714286,Bab el-Mandeb Strait,Cape of Good Hope,asia_europe,2.839067702552719
2024-06-05,31.464285714285715,92.39285714285714,Bab el-Mandeb Strait,Cape of Good Hope,asia_europe,2.9364358683314413
2024-06-19,32.214285714285715,95.21428571428571,Bab el-Mandeb Strait,Cape of Good Hope,asia_europe,2.9556541019955653
2024-06-22,32.107142857142854,95.17857142857143,Bab el-Mandeb Strait,Cape of Good Hope,asia_europe,2.9644048943270302
2024-07-19,29.642857142857142,93.53571428571429,Bab el-Mandeb Strait,Cape of Good Hope,asia_europe,3.155421686746988
2024-08-06,29.321428571428573,99.96428571428571,Bab el-Mandeb Strait,Cape of Good Hope,asia_europe,3.40925700365408
2024-08-29,30.964285714285715,86.60714285714286,Bab el-Mandeb Strait,Cape of Good Hope,asia_europe,2.7970011534025376
2024-09-04,30.857142857142858,92.03571428571429,Bab el-Mandeb Strait,Cape of Good Hope,asia_europe,2.982638888888889
2024-09-05,31.285714285714285,91.96428571428571,Bab el-Mandeb Strait,Cape of Good Hope,asia_europe,2.939497716894977
2024-09-16,30.607142857142858,91.17857142857143,Bab el-Mandeb Strait,Cape of Good Hope,asia_europe,2.9789964994165694
2024-09-17,30.571428571428573,89.67857142857143,Bab el-Mandeb Strait,Cape of Good Hope,asia_europe,2.9334112149532707
2024-09-19,31.035714285714285,89.17857142857143,Bab el-Mandeb Strait,Cape of Good Hope,asia_europe,2.8734177215189876
2024-10-22,31.214285714285715,85.60714285714286,Bab el-Mandeb Strait,Cape of Good Hope,asia_europe,2.742562929061785
2024-10-27,31.0,87.07142857142857,Bab el-Mandeb Strait,Cape of Good Hope,asia_europe,2.8087557603686637
2024-10-29,31.5,88.03571428571429,Bab el-Mandeb Strait,Cape of Good Hope,asia_europe,2.7947845804988662
2024-11-01,32.0,86.92857142857143,Bab el-Mandeb Strait,Cape of Good Hope,asia_europe,2.716517857142857
2025-01-20,32.607142857142854,81.46428571428571,Bab el-Mandeb Strait,Cape of Good Hope,asia_europe,2.498357064622125
2025-01-23,32.714285714285715,83.10714285714286,Bab el-Mandeb Strait,Cape of Good Hope,asia_europe,2.5403930131004366
2025-02-13,31.535714285714285,86.03571428571429,Bab el-Mandeb Strait,Cape of Good Hope,asia_europe,2.7281993204983017
2025-02-19,32.285714285714285,86.14285714285714,Bab el-Mandeb Strait,Cape of Good Hope,asia_europe,2.668141592920354
2025-03-06,32.07142857142857,87.82142857142857,Bab el-Mandeb Strait,Cape of Good Hope,asia_europe,2.7383073496659245
2025-03-11,32.214285714285715,88.32142857142857,Bab el-Mandeb Strait,Cape of Good Hope,asia_europe,2.7416851441241685
2025-03-22,32.5,82.53571428571429,Bab el-Mandeb Strait,Cape of Good Hope,asia_europe,2.53956043956044
2025-03-28,32.892857142857146,81.0,Bab el-Mandeb Strait,Cape of Good Hope,asia_europe,2.4625407166123776
2025-04-03,33.25,80.39285714285714,Bab el-Mandeb Strait,Cape of Good Hope,asia_europe,2.417830290010741
2025-05-01,32.642857142857146,83.39285714285714,Bab el-Mandeb Strait,Cape of Good Hope,asia_europe,2.5547045951859952
2025-05-27,33.17857142857143,90.07142857142857,Bab el-Mandeb Strait,Cape of Good Hope,asia_europe,2.7147470398277718
2025-05-29,33.42857142857143,91.25,Bab el-Mandeb Strait,Cape of Good Hope,asia_europe,2.7297008547008543
2025-06-03,34.107142857142854,90.85714285714286,Bab el-Mandeb Strait,Cape of Good Hope,asia_europe,2.6638743455497385
2025-06-07,34.392857142857146,92.67857142857143,Bab el-Mandeb Strait,Cape of Good Hope,asia_europe,2.6947040498442365
2025-06-27,32.0,88.82142857142857,Bab el-Mandeb Strait,Cape of Good Hope,asia_europe,2.775669642857143
2025-07-09,30.285714285714285,94.28571428571429,Bab el-Mandeb Strait,Cape of Good Hope,asia_europe,3.1132075471698117
2025-08-02,31.678571428571427,95.21428571428571,Bab el-Mandeb Strait,Cape of Good Hope,asia_europe,3.0056369785794814
2025-08-11,32.17857142857143,93.07142857142857,Bab el-Mandeb Strait,Cape of Good Hope,asia_europe,2.892341842397336
2025-08-20,33.464285714285715,96.57142857142857,Bab el-Mandeb Strait,Cape of Good Hope,asia_europe,2.8858057630736393
2025-08-27,34.285714285714285,98.10714285714286,Bab el-Mandeb Strait,Cape of Good Hope,asia_europe,2.8614583333333337
2025-09-05,34.785714285714285,97.46428571428571,Bab el-Mandeb Strait,Cape of Good Hope,asia_europe,2.8018480492813143
2025-09-19,35.57142857142857,94.60714285714286,Bab el-Mandeb Strait,Cape of Good Hope,asia_europe,2.6596385542168677
2025-11-02,36.0,92.42857142857143,Bab el-Mandeb Strait,Cape of Good Hope,asia_europe,2.5674603174603177
2025-11-25,38.107142857142854,85.89285714285714,Bab el-Mandeb Strait,Cape of Good Hope,asia_europe,2.25398313027179
2025-12-16,34.357142857142854,88.53571428571429,Bab el-Mandeb Strait,Cape of Good Hope,asia_europe,2.5769230769230775
2025-12-26,32.25,84.46428571428571,Bab el-Mandeb Strait,Cape of Good Hope,asia_europe,2.619047619047619
2026-01-27,33.57142857142857,87.75,Bab el-Mandeb Strait,Cape of Good Hope,asia_europe,2.613829787234043
2026-02-10,33.82142857142857,85.92857142857143,Bab el-Mandeb Strait,Cape of Good Hope,asia_europe,2.5406546990496306
2026-03-05,36.57142857142857,90.46428571428571,Bab el-Mandeb Strait,Cape of Good Hope,asia_europe,2.4736328125
2026-03-15,35.642857142857146,92.32142857142857,Bab el-Mandeb Strait,Cape of Good Hope,asia_europe,2.5901803607214426
2026-03-19,36.357142857142854,92.78571428571429,Bab el-Mandeb Strait,Cape of Good Hope,asia_europe,2.5520628683693523
2026-03-23,35.214285714285715,90.67857142857143,Bab el-Mandeb Strait,Cape of Good Hope,asia_europe,2.575050709939148
2026-03-25,34.92857142857143,90.96428571428571,Bab el-Mandeb Strait,Cape of Good Hope,asia_europe,2.604294478527607
2026-04-21,37.535714285714285,91.5,Bab el-Mandeb Strait,Cape of Good Hope,asia_europe,2.43767840152236
2026-05-21,36.214285714285715,96.82142857142857,Bab el-Mandeb Strait,Cape of Good Hope,asia_europe,2.673570019723866
2026-06-22,36.07142857142857,93.75,Bab el-Mandeb Strait,Cape of Good Hope,asia_europe,2.599009900990099
2026-06-25,36.25,93.78571428571429,Bab el-Mandeb Strait,Cape of Good Hope,asia_europe,2.5871921182266013
2026-06-27,36.464285714285715,93.32142857142857,Bab el-Mandeb Strait,Cape of Good Hope,asia_europe,2.5592556317335946
2026-07-02,36.17857142857143,94.25,Bab el-Mandeb Strait,Cape of Good Hope,asia_europe,2.605133267522211
2026-07-06,35.75,93.64285714285714,Bab el-Mandeb Strait,Cape of Good Hope,asia_europe,2.6193806193806193
2019-01-28,51.535714285714285,47.285714285714285,Bab el-Mandeb Strait,Cape of Good Hope,asia_europe,0.9175329175329175
2019-03-01,53.107142857142854,50.92857142857143,Bab el-Mandeb Strait,Cape of Good Hope,asia_europe,0.9589778076664426
2019-03-12,52.5,48.642857142857146,Bab el-Mandeb Strait,Cape of Good Hope,asia_europe,0.926530612244898
2019-03-13,51.75,48.57142857142857,Bab el-Mandeb Strait,Cape of Good Hope,asia_europe,0.9385783298826776
2019-03-28,52.714285714285715,45.214285714285715,Bab el-Mandeb Strait,Cape of Good Hope,asia_europe,0.8577235772357723
2019-03-29,52.714285714285715,44.17857142857143,Bab el-Mandeb Strait,Cape of Good Hope,asia_europe,0.8380758807588076
2019-04-14,53.357142857142854,45.107142857142854,Bab el-Mandeb Strait,Cape of Good Hope,asia_europe,0.8453815261044176
2019-05-01,55.42857142857143,46.392857142857146,Bab el-Mandeb Strait,Cape of Good Hope,asia_europe,0.8369845360824743
2019-05-22,53.67857142857143,45.285714285714285,Bab el-Mandeb Strait,Cape of Good Hope,asia_europe,0.8436460412508316
2019-06-06,51.25,46.5,Bab el-Mandeb Strait,Cape of Good Hope,asia_europe,0.9073170731707317
2019-07-04,51.392857142857146,50.42857142857143,Bab el-Mandeb Strait,Cape of Good Hope,asia_europe,0.9812369701181376
2019-07-09,50.535714285714285,49.357142857142854,Bab el-Mandeb Strait,Cape of Good Hope,asia_europe,0.976678445229682
2019-07-18,53.107142857142854,50.857142857142854,Bab el-Mandeb Strait,Cape of Good Hope,asia_europe,0.9576328177538669
2019-10-09,54.535714285714285,53.17857142857143,Bab el-Mandeb Strait,Cape of Good Hope,asia_europe,0.9751146037982974
2019-10-20,54.357142857142854,53.75,Bab el-Mandeb Strait,Cape of Good Hope,asia_europe,0.9888304862023654
2019-10-23,54.964285714285715,52.57142857142857,Bab el-Mandeb Strait,Cape of Good Hope,asia_europe,0.9564652371669915
2019-11-03,54.785714285714285,49.75,Bab el-Mandeb Strait,Cape of Good Hope,asia_europe,0.9080834419817471
2019-11-17,55.107142857142854,48.107142857142854,Bab el-Mandeb Strait,Cape of Good Hope,asia_europe,0.8729747245625405
2019-11-19,55.42857142857143,48.0,Bab el-Mandeb Strait,Cape of Good Hope,asia_europe,0.8659793814432989
2019-11-29,54.392857142857146,47.214285714285715,Bab el-Mandeb Strait,Cape of Good Hope,asia_europe,0.8680236375574524
2020-01-19,54.285714285714285,39.5,Bab el-Mandeb Strait,Cape of Good Hope,asia_europe,0.7276315789473684
2020-01-22,53.642857142857146,39.464285714285715,Bab el-Mandeb Strait,Cape of Good Hope,asia_europe,0.7356857523302264
2020-02-22,58.714285714285715,81.46428571428571,Bab el-Mandeb Strait,Cape of Good Hope,asia_europe,1.3874695863746958
2020-03-01,53.92857142857143,45.535714285714285,Bab el-Mandeb Strait,Cape of Good Hope,asia_europe,0.8443708609271523
2020-04-11,55.642857142857146,45.714285714285715,Bab el-Mandeb Strait,Cape of Good Hope,asia_europe,0.821566110397946
2020-05-18,55.42857142857143,53.857142857142854,Bab el-Mandeb Strait,Cape of Good Hope,asia_europe,0.9716494845360824
2020-05-24,55.07142857142857,54.92857142857143,Bab el-Mandeb Strait,Cape of Good Hope,asia_europe,0.9974059662775617
2020-06-02,52.57142857142857,56.17857142857143,Bab el-Mandeb Strait,Cape of Good Hope,asia_europe,1.0686141304347827
2020-06-07,50.25,55.17857142857143,Bab el-Mandeb Strait,Cape of Good Hope,asia_europe,1.0980810234541578
2020-06-08,50.32142857142857,55.67857142857143,Bab el-Mandeb Strait,Cape of Good Hope,asia_europe,1.106458481192335
2020-07-20,51.67857142857143,57.82142857142857,Bab el-Mandeb Strait,Cape of Good Hope,asia_europe,1.118866620594333
2020-08-19,52.642857142857146,55.607142857142854,Bab el-Mandeb Strait,Cape of Good Hope,asia_europe,1.0563093622795114
2020-10-26,55.464285714285715,50.214285714285715,Bab el-Mandeb Strait,Cape of Good Hope,asia_europe,0.9053444945267225
2020-11-06,54.892857142857146,49.464285714285715,Bab el-Mandeb Strait,Cape of Good Hope,asia_europe,0.9011060507482108
2020-11-18,55.535714285714285,49.25,Bab el-Mandeb Strait,Cape of Good Hope,asia_europe,0.8868167202572348
2020-12-03,56.142857142857146,46.964285714285715,Bab el-Mandeb Strait,Cape of Good Hope,asia_europe,0.8365139949109415
2020-12-28,55.392857142857146,43.464285714285715,Bab el-Mandeb Strait,Cape of Good Hope,asia_europe,0.7846550612508059
2021-01-09,56.42857142857143,42.392857142857146,Bab el-Mandeb Strait,Cape of Good Hope,asia_europe,0.7512658227848101
2021-01-21,56.285714285714285,43.107142857142854,Bab el-Mandeb Strait,Cape of Good Hope,asia_europe,0.7658629441624365
2021-01-29,57.357142857142854,42.75,Bab el-Mandeb Strait,Cape of Good Hope,asia_europe,0.7453300124533002
2021-02-07,57.25,43.214285714285715,Bab el-Mandeb Strait,Cape of Good Hope,asia_europe,0.7548346849656894
2021-02-28,58.82142857142857,46.67857142857143,Bab el-Mandeb Strait,Cape of Good Hope,asia_europe,0.7935640558591379
2021-03-09,59.32142857142857,47.892857142857146,Bab el-Mandeb Strait,Cape of Good Hope,asia_europe,0.8073449729078869
2021-04-04,52.857142857142854,48.857142857142854,Bab el-Mandeb Strait,Cape of Good Hope,asia_europe,0.9243243243243243
2021-04-12,54.5,50.357142857142854,Bab el-Mandeb Strait,Cape of Good Hope,asia_europe,0.9239842726081258
2021-04-30,59.714285714285715,52.035714285714285,Bab el-Mandeb Strait,Cape of Good Hope,asia_europe,0.8714114832535885
2021-05-06,58.214285714285715,50.214285714285715,Bab el-Mandeb Strait,Cape of Good Hope,asia_europe,0.8625766871165644
2021-05-13,55.035714285714285,49.607142857142854,Bab el-Mandeb Strait,Cape of Good Hope,asia_europe,0.9013627514600908
2021-05-22,56.285714285714285,49.214285714285715,Bab el-Mandeb Strait,Cape of Good Hope,asia_europe,0.8743654822335025
2021-05-25,56.964285714285715,49.535714285714285,Bab el-Mandeb Strait,Cape of Good Hope,asia_europe,0.8695924764890282
2021-06-06,56.357142857142854,49.82142857142857,Bab el-Mandeb Strait,Cape of Good Hope,asia_europe,0.8840304182509506
2021-09-03,61.142857142857146,46.5,Bab el-Mandeb Strait,Cape of Good Hope,asia_europe,0.7605140186915887
2021-09-05,61.42857142857143,46.92857142857143,Bab el-Mandeb Strait,Cape of Good Hope,asia_europe,0.763953488372093
2021-09-17,60.32142857142857,49.035714285714285,Bab el-Mandeb Strait,Cape of Good Hope,asia_europe,0.812907045589106
2021-09-21,59.464285714285715,47.785714285714285,Bab el-Mandeb Strait,Cape of Good Hope,asia_europe,0.8036036036036036
2021-10-29,59.25,41.67857142857143,Bab el-Mandeb Strait,Cape of Good Hope,asia_europe,0.7034358047016275
2021-11-08,59.82142857142857,41.25,Bab el-Mandeb Strait,Cape of Good Hope,asia_europe,0.6895522388059702
2021-11-20,60.607142857142854,41.42857142857143,Bab el-Mandeb Strait,Cape of Good Hope,asia_europe,0.6835592221567472
2021-11-21,60.92857142857143,41.714285714285715,Bab el-Mandeb Strait,Cape of Good Hope,asia_europe,0.6846424384525205
2021-12-02,61.07142857142857,42.964285714285715,Bab el-Mandeb Strait,Cape of Good Hope,asia_europe,0.7035087719298246
2021-12-14,62.607142857142854,43.32142857142857,Bab el-Mandeb Strait,Cape of Good Hope,asia_europe,0.6919566457501426
2021-12-24,60.892857142857146,43.107142857142854,Bab el-Mandeb Strait,Cape of Good Hope,asia_europe,0.7079178885630497
2021-12-29,60.892857142857146,41.82142857142857,Bab el-Mandeb Strait,Cape of Good Hope,asia_europe,0.6868035190615835
2022-01-15,61.535714285714285,41.07142857142857,Bab el-Mandeb Strait,Cape of Good Hope,asia_europe,0.6674405107370864
2022-01-16,61.607142857142854,41.0,Bab el-Mandeb Strait,Cape of Good Hope,asia_europe,0.6655072463768116
2022-02-06,61.32142857142857,41.892857142857146,Bab el-Mandeb Strait,Cape of Good Hope,asia_europe,0.6831683168316832
2022-03-06,62.035714285714285,41.785714285714285,Bab el-Mandeb Strait,Cape of Good Hope,asia_europe,0.6735751295336787
2022-04-06,63.535714285714285,40.42857142857143,Bab el-Mandeb Strait,Cape of Good Hope,asia_europe,0.6363125351320967
2022-04-11,63.785714285714285,39.392857142857146,Bab el-Mandeb Strait,Cape of Good Hope,asia_europe,0.6175811870100785
2022-04-28,64.14285714285714,41.464285714285715,Bab el-Mandeb Strait,Cape of Good Hope,asia_europe,0.6464365256124722
2022-05-09,64.21428571428571,44.32142857142857,Bab el-Mandeb Strait,Cape of Good Hope,asia_europe,0.6902113459399333
2022-05-29,63.75,46.0,Bab el-Mandeb Strait,Cape of Good Hope,asia_europe,0.7215686274509804
2022-06-04,64.0,45.0,Bab el-Mandeb Strait,Cape of Good Hope,asia_europe,0.703125
2022-06-20,65.39285714285714,45.892857142857146,Bab el-Mandeb Strait,Cape of Good Hope,asia_europe,0.7018022938285091
2022-08-05,69.46428571428571,47.714285714285715,Bab el-Mandeb Strait,Cape of Good Hope,asia_europe,0.6868894601542417
2022-08-25,69.5,47.82142857142857,Bab el-Mandeb Strait,Cape of Good Hope,asia_europe,0.6880781089414183
2022-09-13,70.53571428571429,47.785714285714285,Bab el-Mandeb Strait,Cape of Good Hope,asia_europe,0.6774683544303797
2022-10-13,70.32142857142857,44.857142857142854,Bab el-Mandeb Strait,Cape of Good Hope,asia_europe,0.6378872524123921
2022-10-15,69.75,45.464285714285715,Bab el-Mandeb Strait,Cape of Good Hope,asia_europe,0.6518177163338453
2022-10-22,70.53571428571429,43.607142857142854,Bab el-Mandeb Strait,Cape of Good Hope,asia_europe,0.6182278481012657
2022-12-02,72.03571428571429,42.035714285714285,Bab el-Mandeb Strait,Cape of Good Hope,asia_europe,0.5835399107585523
2022-12-10,70.96428571428571,41.285714285714285,Bab el-Mandeb Strait,Cape of Good Hope,asia_europe,0.5817815802717665
2023-01-11,73.53571428571429,40.5,Bab el-Mandeb Strait,Cape of Good Hope,asia_europe,0.5507527926177755
2023-01-29,72.03571428571429,41.75,Bab el-Mandeb Strait,Cape of Good Hope,asia_europe,0.579573624194348
2023-02-05,71.67857142857143,43.035714285714285,Bab el-Mandeb Strait,Cape of Good Hope,asia_europe,0.6003986048829097
2023-02-13,70.07142857142857,41.892857142857146,Bab el-Mandeb Strait,Cape of Good Hope,asia_europe,0.5978593272171254
2023-03-23,71.60714285714286,42.67857142857143,Bab el-Mandeb Strait,Cape of Good Hope,asia_europe,0.5960099750623441
2023-03-29,73.10714285714286,43.964285714285715,Bab el-Mandeb Strait,Cape of Good Hope,asia_europe,0.6013678553981436
2023-06-09,78.57142857142857,50.857142857142854,Bab el-Mandeb Strait,Cape of Good Hope,asia_europe,0.6472727272727272
2023-06-16,75.89285714285714,50.5,Bab el-Mandeb Strait,Cape of Good Hope,asia_europe,0.6654117647058824
2023-08-08,73.39285714285714,54.964285714285715,Bab el-Mandeb Strait,Cape of Good Hope,asia_europe,0.7489051094890512
2023-08-29,72.32142857142857,56.285714285714285,Bab el-Mandeb Strait,Cape of Good Hope,asia_europe,0.7782716049382716
2023-09-18,74.53571428571429,52.392857142857146,Bab el-Mandeb Strait,Cape of Good Hope,asia_europe,0.7029228557738381
2023-09-21,74.14285714285714,56.392857142857146,Bab el-Mandeb Strait,Cape of Good Hope,asia_europe,0.760597302504817
2023-09-23,75.89285714285714,58.464285714285715,Bab el-Mandeb Strait,Cape of Good Hope,asia_europe,0.7703529411764707
2023-09-27,75.32142857142857,55.892857142857146,Bab el-Mandeb Strait,Cape of Good Hope,asia_europe,0.7420578473210053
2023-11-07,78.46428571428571,50.214285714285715,Bab el-Mandeb Strait,Cape of Good Hope,asia_europe,0.6399635867091489
2023-11-15,77.17857142857143,48.67857142857143,Bab el-Mandeb Strait,Cape of Good Hope,asia_europe,0.6307265155020824
2023-11-19,76.17857142857143,48.392857142857146,Bab el-Mandeb Strait,Cape of Good Hope,asia_europe,0.6352555086732302
2023-11-25,76.85714285714286,48.67857142857143,Bab el-Mandeb Strait,Cape of Good Hope,asia_europe,0.633364312267658
2023-12-15,76.71428571428571,48.464285714285715,Bab el-Mandeb Strait,Cape of Good Hope,asia_europe,0.6317504655493483
2023-12-30,65.75,51.07142857142857,Bab el-Mandeb Strait,Cape of Good Hope,asia_europe,0.7767517653449212
2024-01-10,54.107142857142854,60.642857142857146,Bab el-Mandeb Strait,Cape of Good Hope,asia_europe,1.120792079207921
2024-02-28,34.92857142857143,85.14285714285714,Bab el-Mandeb Strait,Cape of Good Hope,asia_europe,2.4376278118609402
2024-03-04,34.92857142857143,87.96428571428571,Bab el-Mandeb Strait,Cape of Good Hope,asia_europe,2.51840490797546
2024-04-07,31.892857142857142,80.64285714285714,Bab el-Mandeb Strait,Cape of Good Hope,asia_europe,2.5285554311310188
2024-05-20,32.785714285714285,90.46428571428571,Bab el-Mandeb Strait,Cape of Good Hope,asia_europe,2.759259259259259
2024-05-23,33.285714285714285,91.28571428571429,Bab el-Mandeb Strait,Cape of Good Hope,asia_europe,2.742489270386266
2024-05-27,32.142857142857146,91.17857142857143,Bab el-Mandeb Strait,Cape of Good Hope,asia_europe,2.8366666666666664
2024-07-03,31.178571428571427,95.82142857142857,Bab el-Mandeb Strait,Cape of Good Hope,asia_europe,3.073310423825888
2024-07-04,30.678571428571427,95.25,Bab el-Mandeb Strait,Cape of Good Hope,asia_europe,3.10477299185099
2024-07-20,29.642857142857142,93.32142857142857,Bab el-Mandeb Strait,Cape of Good Hope,asia_europe,3.148192771084337
2024-08-03,29.428571428571427,95.32142857142857,Bab el-Mandeb Strait,Cape of Good Hope,asia_europe,3.2390776699029127
2024-08-16,29.464285714285715,90.64285714285714,Bab el-Mandeb Strait,Cape of Good Hope,asia_europe,3.076363636363636
2024-08-22,30.392857142857142,91.71428571428571,Bab el-Mandeb Strait,Cape of Good Hope,asia_europe,3.0176263219741477
2024-09-10,30.571428571428573,91.85714285714286,Bab el-Mandeb Strait,Cape of Good Hope,asia_europe,3.0046728971962615
2024-11-29,33.25,83.5,Bab el-Mandeb Strait,Cape of Good Hope,asia_europe,2.511278195488722
2024-11-30,33.285714285714285,82.96428571428571,Bab el-Mandeb Strait,Cape of Good Hope,asia_europe,2.4924892703862658
2024-12-05,31.642857142857142,84.5,Bab el-Mandeb Strait,Cape of Good Hope,asia_europe,2.670428893905192
2024-12-16,32.892857142857146,80.10714285714286,Bab el-Mandeb Strait,Cape of Good Hope,asia_europe,2.4353963083604775
2024-12-21,32.607142857142854,79.57142857142857,Bab el-Mandeb Strait,Cape of Good Hope,asia_europe,2.440306681270537
2025-01-15,32.17857142857143,81.42857142857143,Bab el-Mandeb Strait,Cape of Good Hope,asia_europe,2.530521642619312
2025-02-07,32.42857142857143,85.92857142857143,Bab el-Mandeb Strait,Cape of Good Hope,asia_europe,2.649779735682819
2025-04-02,33.142857142857146,80.07142857142857,Bab el-Mandeb Strait,Cape of Good Hope,asia_europe,2.4159482758620685
2025-04-10,33.75,79.64285714285714,Bab el-Mandeb Strait,Cape of Good Hope,asia_europe,2.3597883597883595
2025-05-15,32.57142857142857,88.89285714285714,Bab el-Mandeb Strait,Cape of Good Hope,asia_europe,2.7291666666666665
2025-05-22,32.714285714285715,87.85714285714286,Bab el-Mandeb Strait,Cape of Good Hope,asia_europe,2.685589519650655
2025-06-01,33.642857142857146,91.14285714285714,Bab el-Mandeb Strait,Cape of Good Hope,asia_europe,2.709129511677282
2025-06-02,34.142857142857146,90.82142857142857,Bab el-Mandeb Strait,Cape of Good Hope,asia_europe,2.6600418410041837
2025-06-25,32.464285714285715,89.0,Bab el-Mandeb Strait,Cape of Good Hope,asia_europe,2.7414741474147415
2025-08-12,32.42857142857143,93.71428571428571,Bab el-Mandeb Strait,Cape of Good Hope,asia_europe,2.8898678414096914
2025-08-30,34.714285714285715,99.28571428571429,Bab el-Mandeb Strait,Cape of Good Hope,asia_europe,2.860082304526749
2025-09-02,34.714285714285715,97.64285714285714,Bab el-Mandeb Strait,Cape of Good Hope,asia_europe,2.8127572016460904
2025-10-14,33.785714285714285,99.25,Bab el-Mandeb Strait,Cape of Good Hope,asia_europe,2.937632135306554
2025-10-26,35.67857142857143,95.82142857142857,Bab el-Mandeb Strait,Cape of Good Hope,asia_europe,2.6856856856856854
2025-11-07,36.67857142857143,89.67857142857143,Bab el-Mandeb Strait,Cape of Good Hope,asia_europe,2.444985394352483
2025-12-22,32.785714285714285,85.78571428571429,Bab el-Mandeb Strait,Cape of Good Hope,asia_europe,2.616557734204793
2026-01-03,31.714285714285715,84.39285714285714,Bab el-Mandeb Strait,Cape of Good Hope,asia_europe,2.6610360360360357
2026-02-12,34.285714285714285,85.42857142857143,Bab el-Mandeb Strait,Cape of Good Hope,asia_europe,2.4916666666666667
2026-02-14,34.642857142857146,84.96428571428571,Bab el-Mandeb Strait,Cape of Good Hope,asia_europe,2.4525773195876286
2026-02-17,35.0,85.78571428571429,Bab el-Mandeb Strait,Cape of Good Hope,asia_europe,2.4510204081632656
2026-02-18,35.392857142857146,85.21428571428571,Bab el-Mandeb Strait,Cape of Good Hope,asia_europe,2.407669021190716
2026-03-04,36.5,89.10714285714286,Bab el-Mandeb Strait,Cape of Good Hope,asia_europe,2.4412915851272015
2026-03-16,36.32142857142857,91.57142857142857,Bab el-Mandeb Strait,Cape of Good Hope,asia_europe,2.521140609636185
2026-03-17,35.714285714285715,92.14285714285714,Bab el-Mandeb Strait,Cape of Good Hope,asia_europe,2.5799999999999996
2026-04-01,36.17857142857143,90.57142857142857,Bab el-Mandeb Strait,Cape of Good Hope,asia_europe,2.5034550839091803
2026-04-10,36.892857142857146,91.03571428571429,Bab el-Mandeb Strait,Cape of Good Hope,asia_europe,2.4675701839303
2026-04-13,36.964285714285715,92.25,Bab el-Mandeb Strait,Cape of Good Hope,asia_europe,2.4956521739130433
2026-05-01,36.92857142857143,92.64285714285714,Bab el-Mandeb Strait,Cape of Good Hope,asia_europe,2.508704061895551
2026-05-08,36.392857142857146,93.21428571428571,Bab el-Mandeb Strait,Cape of Good Hope,asia_europe,2.5613346418056913
2026-06-17,36.42857142857143,93.67857142857143,Bab el-Mandeb Strait,Cape of Good Hope,asia_europe,2.57156862745098
2026-07-04,35.92857142857143,93.21428571428571,Bab el-Mandeb Strait,Cape of Good Hope,asia_europe,2.5944333996023854
2026-08-11,29.892857142857142,89.03571428571429,Bab el-Mandeb Strait,Cape of Good Hope,asia_europe,2.9784946236559144
2019-01-31,31.285714285714285,3.3214285714285716,Panama Canal,Magellan Strait,americas_interocean,0.10616438356164384
2019-02-07,32.035714285714285,4.178571428571429,Panama Canal,Magellan Strait,americas_interocean,0.13043478260869568
2019-03-06,31.035714285714285,2.857142857142857,Panama Canal,Magellan Strait,americas_interocean,0.09205983889528194
2019-03-17,31.964285714285715,2.9642857142857144,Panama Canal,Magellan Strait,americas_interocean,0.09273743016759776
2019-03-20,32.07142857142857,3.0,Panama Canal,Magellan Strait,americas_interocean,0.0935412026726058
2019-03-24,31.928571428571427,2.9285714285714284,Panama Canal,Magellan Strait,americas_interocean,0.09172259507829977
2019-04-28,30.5,3.6785714285714284,Panama Canal,Magellan Strait,americas_interocean,0.12060889929742388
2019-05-08,30.785714285714285,3.9285714285714284,Panama Canal,Magellan Strait,americas_interocean,0.12761020881670534
2019-05-18,31.785714285714285,3.7142857142857144,Panama Canal,Magellan Strait,americas_interocean,0.11685393258426967
2019-05-29,31.071428571428573,3.5714285714285716,Panama Canal,Magellan Strait,americas_interocean,0.11494252873563218
2019-06-14,30.285714285714285,3.0714285714285716,Panama Canal,Magellan Strait,americas_interocean,0.10141509433962265
2019-07-24,30.142857142857142,3.357142857142857,Panama Canal,Magellan Strait,americas_interocean,0.11137440758293839
2019-08-05,30.857142857142858,4.0,Panama Canal,Magellan Strait,americas_interocean,0.12962962962962962
2019-09-04,34.42857142857143,4.071428571428571,Panama Canal,Magellan Strait,americas_interocean,0.11825726141078836
2019-09-11,33.32142857142857,4.071428571428571,Panama Canal,Magellan Strait,americas_interocean,0.12218649517684887
2019-09-24,32.464285714285715,4.0,Panama Canal,Magellan Strait,americas_interocean,0.12321232123212321
2019-10-11,32.642857142857146,3.9285714285714284,Panama Canal,Magellan Strait,americas_interocean,0.12035010940919036
2019-11-16,34.142857142857146,3.8214285714285716,Panama Canal,Magellan Strait,americas_interocean,0.11192468619246862
2019-12-03,34.82142857142857,3.75,Panama Canal,Magellan Strait,americas_interocean,0.1076923076923077
2019-12-14,34.535714285714285,3.607142857142857,Panama Canal,Magellan Strait,americas_interocean,0.10444674250258532
2019-12-18,34.535714285714285,3.6785714285714284,Panama Canal,Magellan Strait,americas_interocean,0.10651499482936919
2019-12-29,33.214285714285715,3.392857142857143,Panama Canal,Magellan Strait,americas_interocean,0.1021505376344086
2020-02-12,48.964285714285715,13.428571428571429,Panama Canal,Magellan Strait,americas_interocean,0.27425237053245805
2020-02-18,48.714285714285715,13.392857142857142,Panama Canal,Magellan Strait,americas_interocean,0.2749266862170088
2020-02-19,48.464285714285715,13.5,Panama Canal,Magellan Strait,americas_interocean,0.27855563743551953
2020-03-17,31.857142857142858,3.0,Panama Canal,Magellan Strait,americas_interocean,0.09417040358744394
2020-04-03,31.321428571428573,3.107142857142857,Panama Canal,Magellan Strait,americas_interocean,0.0992018244013683
2020-04-13,30.178571428571427,3.142857142857143,Panama Canal,Magellan Strait,americas_interocean,0.10414201183431954
2020-06-21,26.25,2.892857142857143,Panama Canal,Magellan Strait,americas_interocean,0.11020408163265306
2020-07-02,25.857142857142858,2.6785714285714284,Panama Canal,Magellan Strait,americas_interocean,0.10359116022099446
2020-07-16,26.892857142857142,2.6785714285714284,Panama Canal,Magellan Strait,americas_interocean,0.099601593625498
2020-08-01,28.607142857142858,3.25,Panama Canal,Magellan Strait,americas_interocean,0.1136079900124844
2020-08-03,28.964285714285715,3.2857142857142856,Panama Canal,Magellan Strait,americas_interocean,0.11344019728729962
2020-09-01,30.357142857142858,3.5357142857142856,Panama Canal,Magellan Strait,americas_interocean,0.11647058823529412
2020-10-22,32.714285714285715,3.357142857142857,Panama Canal,Magellan Strait,americas_interocean,0.10262008733624454
2020-12-12,33.82142857142857,2.642857142857143,Panama Canal,Magellan Strait,americas_interocean,0.0781414994720169
2020-12-13,34.0,2.607142857142857,Panama Canal,Magellan Strait,americas_interocean,0.07668067226890757
2021-01-20,32.464285714285715,3.0357142857142856,Panama Canal,Magellan Strait,americas_interocean,0.09350935093509351
2021-01-28,32.82142857142857,2.9642857142857144,Panama Canal,Magellan Strait,americas_interocean,0.09031556039173015
2021-02-10,33.214285714285715,2.8214285714285716,Panama Canal,Magellan Strait,americas_interocean,0.08494623655913978
2021-03-17,33.785714285714285,2.857142857142857,Panama Canal,Magellan Strait,americas_interocean,0.08456659619450317
2021-03-22,33.32142857142857,2.9642857142857144,Panama Canal,Magellan Strait,americas_interocean,0.08896034297963559
2021-03-28,33.42857142857143,3.142857142857143,Panama Canal,Magellan Strait,americas_interocean,0.09401709401709402
2021-04-02,32.857142857142854,3.1785714285714284,Panama Canal,Magellan Strait,americas_interocean,0.0967391304347826
2021-04-03,32.82142857142857,3.25,Panama Canal,Magellan Strait,americas_interocean,0.09902067464635474
2021-04-23,32.285714285714285,3.4642857142857144,Panama Canal,Magellan Strait,americas_interocean,0.10730088495575223
2021-05-03,31.964285714285715,3.4642857142857144,Panama Canal,Magellan Strait,americas_interocean,0.10837988826815642
2021-05-11,31.678571428571427,3.642857142857143,Panama Canal,Magellan Strait,americas_interocean,0.11499436302142052
2021-06-11,31.678571428571427,3.2857142857142856,Panama Canal,Magellan Strait,americas_interocean,0.10372040586245772
2021-06-16,32.107142857142854,3.4285714285714284,Panama Canal,Magellan Strait,americas_interocean,0.1067853170189099
2021-06-19,31.785714285714285,3.3214285714285716,Panama Canal,Magellan Strait,americas_interocean,0.10449438202247192
2021-06-23,31.214285714285715,3.5714285714285716,Panama Canal,Magellan Strait,americas_interocean,0.11441647597254005
2021-06-29,31.321428571428573,3.857142857142857,Panama Canal,Magellan Strait,americas_interocean,0.12314709236031926
2021-07-08,30.0,4.142857142857143,Panama Canal,Magellan Strait,americas_interocean,0.1380952380952381
2021-07-09,30.0,4.214285714285714,Panama Canal,Magellan Strait,americas_interocean,0.14047619047619048
2021-07-18,28.928571428571427,4.214285714285714,Panama Canal,Magellan Strait,americas_interocean,0.14567901234567904
2021-08-21,34.107142857142854,5.321428571428571,Panama Canal,Magellan Strait,americas_interocean,0.15602094240837697
2021-08-25,33.714285714285715,5.285714285714286,Panama Canal,Magellan Strait,americas_interocean,0.15677966101694915
2021-08-27,33.642857142857146,5.214285714285714,Panama Canal,Magellan Strait,americas_interocean,0.15498938428874734
2021-09-19,30.035714285714285,4.107142857142857,Panama Canal,Magellan Strait,americas_interocean,0.13674197384066586
2021-10-08,28.892857142857142,4.714285714285714,Panama Canal,Magellan Strait,americas_interocean,0.1631644004944376
2021-11-03,32.67857142857143,4.5,Panama Canal,Magellan Strait,americas_interocean,0.13770491803278687
2021-11-13,33.535714285714285,4.321428571428571,Panama Canal,Magellan Strait,americas_interocean,0.1288604898828541
2021-11-23,34.107142857142854,4.214285714285714,Panama Canal,Magellan Strait,americas_interocean,0.12356020942408379
2021-12-18,36.464285714285715,4.142857142857143,Panama Canal,Magellan Strait,americas_interocean,0.11361410381978453
2021-12-23,35.92857142857143,4.035714285714286,Panama Canal,Magellan Strait,americas_interocean,0.11232604373757454
2022-01-01,35.07142857142857,3.9642857142857144,Panama Canal,Magellan Strait,americas_interocean,0.11303462321792261
2022-02-19,34.0,4.214285714285714,Panama Canal,Magellan Strait,americas_interocean,0.12394957983193278
2022-02-25,34.285714285714285,4.321428571428571,Panama Canal,Magellan Strait,americas_interocean,0.12604166666666666
2022-03-02,34.535714285714285,4.428571428571429,Panama Canal,Magellan Strait,americas_interocean,0.1282316442605998
2022-03-14,34.214285714285715,4.392857142857143,Panama Canal,Magellan Strait,americas_interocean,0.12839248434237996
2022-03-28,33.142857142857146,4.214285714285714,Panama Canal,Magellan Strait,americas_interocean,0.1271551724137931
2022-03-29,33.285714285714285,4.178571428571429,Panama Canal,Magellan Strait,americas_interocean,0.1255364806866953
2022-04-04,32.785714285714285,3.857142857142857,Panama Canal,Magellan Strait,americas_interocean,0.11764705882352942
2022-04-27,32.607142857142854,4.071428571428571,Panama Canal,Magellan Strait,americas_interocean,0.12486308871851041
2022-05-04,32.67857142857143,3.857142857142857,Panama Canal,Magellan Strait,americas_interocean,0.11803278688524589
2022-05-20,33.357142857142854,4.035714285714286,Panama Canal,Magellan Strait,americas_interocean,0.12098501070663813
2022-05-21,33.142857142857146,4.321428571428571,Panama Canal,Magellan Strait,americas_interocean,0.13038793103448273
2022-05-31,33.107142857142854,4.321428571428571,Panama Canal,Magellan Strait,americas_interocean,0.13052858683926646
2022-06-15,34.392857142857146,4.0,Panama Canal,Magellan Strait,americas_interocean,0.11630321910695741
2022-07-03,34.607142857142854,3.642857142857143,Panama Canal,Magellan Strait,americas_interocean,0.10526315789473685
2022-07-06,34.32142857142857,3.7142857142857144,Panama Canal,Magellan Strait,americas_interocean,0.10822060353798128
2022-08-09,32.5,4.428571428571429,Panama Canal,Magellan Strait,americas_interocean,0.13626373626373628
2022-10-25,32.857142857142854,4.357142857142857,Panama Canal,Magellan Strait,americas_interocean,0.13260869565217392
2022-10-28,33.285714285714285,4.321428571428571,Panama Canal,Magellan Strait,americas_interocean,0.1298283261802575
2022-11-16,34.357142857142854,4.107142857142857,Panama Canal,Magellan Strait,americas_interocean,0.11954261954261954
2022-12-19,33.25,3.7857142857142856,Panama Canal,Magellan Strait,americas_interocean,0.11385606874328678
2023-02-03,32.642857142857146,3.392857142857143,Panama Canal,Magellan Strait,americas_interocean,0.10393873085339167
2023-02-11,32.5,3.4285714285714284,Panama Canal,Magellan Strait,americas_interocean,0.1054945054945055
2023-02-17,32.142857142857146,3.392857142857143,Panama Canal,Magellan Strait,americas_interocean,0.10555555555555554
2023-02-24,31.785714285714285,3.8214285714285716,Panama Canal,Magellan Strait,americas_interocean,0.1202247191011236
2023-03-21,32.857142857142854,4.071428571428571,Panama Canal,Magellan Strait,americas_interocean,0.12391304347826088
2023-04-23,33.857142857142854,4.071428571428571,Panama Canal,Magellan Strait,americas_interocean,0.12025316455696203
2023-05-04,33.42857142857143,3.7857142857142856,Panama Canal,Magellan Strait,americas_interocean,0.11324786324786323
2023-05-05,33.357142857142854,3.75,Panama Canal,Magellan Strait,americas_interocean,0.11241970021413278
2023-05-29,31.214285714285715,3.9285714285714284,Panama Canal,Magellan Strait,americas_interocean,0.12585812356979403
2023-06-03,30.928571428571427,4.0,Panama Canal,Magellan Strait,americas_interocean,0.12933025404157045
2023-06-22,30.357142857142858,3.642857142857143,Panama Canal,Magellan Strait,americas_interocean,0.12
2023-07-15,31.678571428571427,4.678571428571429,Panama Canal,Magellan Strait,americas_interocean,0.14768883878241265
2023-08-01,31.285714285714285,4.678571428571429,Panama Canal,Magellan Strait,americas_interocean,0.1495433789954338
2023-08-05,31.392857142857142,4.321428571428571,Panama Canal,Magellan Strait,americas_interocean,0.13765642775881684
2023-08-12,30.964285714285715,4.035714285714286,Panama Canal,Magellan Strait,americas_interocean,0.1303344867358708
2023-08-18,31.214285714285715,4.25,Panama Canal,Magellan Strait,americas_interocean,0.13615560640732266
2023-08-27,30.964285714285715,4.392857142857143,Panama Canal,Magellan Strait,americas_interocean,0.14186851211072665
2023-10-04,30.928571428571427,4.178571428571429,Panama Canal,Magellan Strait,americas_interocean,0.1351039260969977
2023-10-09,30.964285714285715,4.392857142857143,Panama Canal,Magellan Strait,americas_interocean,0.14186851211072665
2023-10-26,30.107142857142858,5.071428571428571,Panama Canal,Magellan Strait,americas_interocean,0.16844602609727163
2023-11-14,27.392857142857142,4.357142857142857,Panama Canal,Magellan Strait,americas_interocean,0.15906127770534548
2023-11-17,26.892857142857142,4.464285714285714,Panama Canal,Magellan Strait,americas_interocean,0.1660026560424967
2023-11-28,24.25,4.5,Panama Canal,Magellan Strait,americas_interocean,0.18556701030927836
2023-12-19,22.392857142857142,6.107142857142857,Panama Canal,Magellan Strait,americas_interocean,0.2727272727272727
2023-12-20,22.25,6.428571428571429,Panama Canal,Magellan Strait,americas_interocean,0.28892455858747995
2024-01-06,21.142857142857142,7.321428571428571,Panama Canal,Magellan Strait,americas_interocean,0.34628378378378377
2024-01-20,20.428571428571427,6.214285714285714,Panama Canal,Magellan Strait,americas_interocean,0.3041958041958042
2024-02-22,20.785714285714285,5.714285714285714,Panama Canal,Magellan Strait,americas_interocean,0.27491408934707906
2024-03-11,21.107142857142858,5.0,Panama Canal,Magellan Strait,americas_interocean,0.23688663282571912
2024-03-26,21.5,4.357142857142857,Panama Canal,Magellan Strait,americas_interocean,0.2026578073089701
2024-04-11,22.964285714285715,4.928571428571429,Panama Canal,Magellan Strait,americas_interocean,0.21461897356143078
2024-04-18,23.178571428571427,6.214285714285714,Panama Canal,Magellan Strait,americas_interocean,0.2681047765793529
2024-05-13,23.464285714285715,5.75,Panama Canal,Magellan Strait,americas_interocean,0.2450532724505327
2024-06-11,26.428571428571427,4.25,Panama Canal,Magellan Strait,americas_interocean,0.16081081081081083
2024-06-16,26.642857142857142,4.178571428571429,Panama Canal,Magellan Strait,americas_interocean,0.15683646112600538
2024-06-28,27.357142857142858,4.0,Panama Canal,Magellan Strait,americas_interocean,0.1462140992167102
2024-06-30,27.857142857142858,4.0,Panama Canal,Magellan Strait,americas_interocean,0.14358974358974358
2024-07-16,27.857142857142858,4.464285714285714,Panama Canal,Magellan Strait,americas_interocean,0.16025641025641027
2024-07-24,28.678571428571427,4.678571428571429,Panama Canal,Magellan Strait,americas_interocean,0.16313823163138233
2024-07-28,28.642857142857142,4.75,Panama Canal,Magellan Strait,americas_interocean,0.1658354114713217
2024-09-14,30.75,4.5,Panama Canal,Magellan Strait,americas_interocean,0.14634146341463414
2024-10-09,28.928571428571427,4.285714285714286,Panama Canal,Magellan Strait,americas_interocean,0.14814814814814814
2024-10-16,28.928571428571427,3.9285714285714284,Panama Canal,Magellan Strait,americas_interocean,0.13580246913580246
2024-10-17,29.142857142857142,3.7857142857142856,Panama Canal,Magellan Strait,americas_interocean,0.12990196078431374
2024-11-07,30.571428571428573,3.642857142857143,Panama Canal,Magellan Strait,americas_interocean,0.11915887850467288
2024-11-16,32.357142857142854,3.2142857142857144,Panama Canal,Magellan Strait,americas_interocean,0.09933774834437087
2024-12-02,31.071428571428573,3.4642857142857144,Panama Canal,Magellan Strait,americas_interocean,0.11149425287356322
2024-12-06,30.928571428571427,3.25,Panama Canal,Magellan Strait,americas_interocean,0.10508083140877598
2024-12-24,31.392857142857142,3.5357142857142856,Panama Canal,Magellan Strait,americas_interocean,0.11262798634812286
2024-12-31,31.392857142857142,3.642857142857143,Panama Canal,Magellan Strait,americas_interocean,0.11604095563139932
2025-01-10,31.428571428571427,3.7142857142857144,Panama Canal,Magellan Strait,americas_interocean,0.1181818181818182
2025-01-11,31.214285714285715,3.6785714285714284,Panama Canal,Magellan Strait,americas_interocean,0.11784897025171624
2025-02-03,29.892857142857142,3.2857142857142856,Panama Canal,Magellan Strait,americas_interocean,0.10991636798088411
2025-02-08,30.285714285714285,3.7142857142857144,Panama Canal,Magellan Strait,americas_interocean,0.12264150943396228
2025-02-16,30.607142857142858,3.7857142857142856,Panama Canal,Magellan Strait,americas_interocean,0.12368728121353559
2025-02-18,30.785714285714285,3.75,Panama Canal,Magellan Strait,americas_interocean,0.12180974477958237
2025-02-20,30.642857142857142,4.0,Panama Canal,Magellan Strait,americas_interocean,0.13053613053613053
2025-02-23,30.892857142857142,4.071428571428571,Panama Canal,Magellan Strait,americas_interocean,0.13179190751445086
2025-03-02,31.607142857142858,4.0,Panama Canal,Magellan Strait,americas_interocean,0.12655367231638417
2025-03-16,31.142857142857142,3.4285714285714284,Panama Canal,Magellan Strait,americas_interocean,0.11009174311926605
2025-03-17,31.214285714285715,3.4642857142857144,Panama Canal,Magellan Strait,americas_interocean,0.11098398169336385
2025-03-19,31.285714285714285,3.357142857142857,Panama Canal,Magellan Strait,americas_interocean,0.10730593607305937
2025-03-24,31.571428571428573,3.5714285714285716,Panama Canal,Magellan Strait,americas_interocean,0.11312217194570136
2025-04-04,31.178571428571427,3.5357142857142856,Panama Canal,Magellan Strait,americas_interocean,0.1134020618556701
2025-04-06,31.107142857142858,3.5714285714285716,Panama Canal,Magellan Strait,americas_interocean,0.1148105625717566
2025-04-11,31.535714285714285,3.7142857142857144,Panama Canal,Magellan Strait,americas_interocean,0.11778029445073614
2025-07-20,31.928571428571427,5.25,Panama Canal,Magellan Strait,americas_interocean,0.1644295302013423
2025-07-24,32.035714285714285,5.607142857142857,Panama Canal,Magellan Strait,americas_interocean,0.17502787068004458
2025-08-06,31.107142857142858,5.071428571428571,Panama Canal,Magellan Strait,americas_interocean,0.16303099885189437
2025-08-16,30.464285714285715,4.928571428571429,Panama Canal,Magellan Strait,americas_interocean,0.16178194607268465
2025-08-22,30.642857142857142,4.535714285714286,Panama Canal,Magellan Strait,americas_interocean,0.14801864801864803
2025-09-11,31.107142857142858,4.285714285714286,Panama Canal,Magellan Strait,americas_interocean,0.1377726750861079
2025-09-20,31.642857142857142,4.321428571428571,Panama Canal,Magellan Strait,americas_interocean,0.136568848758465
2025-10-10,31.821428571428573,4.035714285714286,Panama Canal,Magellan Strait,americas_interocean,0.12682379349046013
2025-10-28,32.285714285714285,3.7857142857142856,Panama Canal,Magellan Strait,americas_interocean,0.1172566371681416
2025-10-30,32.214285714285715,3.7857142857142856,Panama Canal,Magellan Strait,americas_interocean,0.11751662971175166
2025-11-13,31.821428571428573,3.4642857142857144,Panama Canal,Magellan Strait,americas_interocean,0.10886644219977554
2025-12-12,32.142857142857146,3.5714285714285716,Panama Canal,Magellan Strait,americas_interocean,0.1111111111111111
2025-12-21,32.892857142857146,3.5,Panama Canal,Magellan Strait,americas_interocean,0.10640608034744842
2025-12-31,31.321428571428573,3.9285714285714284,Panama Canal,Magellan Strait,americas_interocean,0.12542759407069554
2026-01-24,30.535714285714285,3.5,Panama Canal,Magellan Strait,americas_interocean,0.11461988304093568
2026-01-30,31.071428571428573,3.4642857142857144,Panama Canal,Magellan Strait,americas_interocean,0.11149425287356322
2026-02-09,30.821428571428573,3.25,Panama Canal,Magellan Strait,americas_interocean,0.10544611819235225
2026-02-13,30.678571428571427,3.0,Panama Canal,Magellan Strait,americas_interocean,0.09778812572759023
2026-02-28,32.392857142857146,2.8214285714285716,Panama Canal,Magellan Strait,americas_interocean,0.08710033076074972
2026-05-05,35.17857142857143,4.214285714285714,Panama Canal,Magellan Strait,americas_interocean,0.1197969543147208
2026-05-13,35.17857142857143,4.25,Panama Canal,Magellan Strait,americas_interocean,0.12081218274111674
2026-05-16,34.857142857142854,4.428571428571429,Panama Canal,Magellan Strait,americas_interocean,0.12704918032786888
2026-06-08,32.92857142857143,4.214285714285714,Panama Canal,Magellan Strait,americas_interocean,0.1279826464208243
2026-06-11,32.07142857142857,4.464285714285714,Panama Canal,Magellan Strait,americas_interocean,0.13919821826280626
2026-06-28,29.571428571428573,4.714285714285714,Panama Canal,Magellan Strait,americas_interocean,0.15942028985507245
2026-07-05,30.107142857142858,5.071428571428571,Panama Canal,Magellan Strait,americas_interocean,0.16844602609727163
2026-07-10,30.892857142857142,5.464285714285714,Panama Canal,Magellan Strait,americas_interocean,0.176878612716763
2026-07-20,33.357142857142854,5.428571428571429,Panama Canal,Magellan Strait,americas_interocean,0.16274089935760175
2026-07-21,33.214285714285715,5.392857142857143,Panama Canal,Magellan Strait,americas_interocean,0.16236559139784948
2026-08-01,32.142857142857146,5.035714285714286,Panama Canal,Magellan Strait,americas_interocean,0.15666666666666665
2019-01-03,33.0,3.6666666666666665,Panama Canal,Magellan Strait,americas_interocean,0.1111111111111111
2019-01-20,30.95,3.25,Panama Canal,Magellan Strait,americas_interocean,0.1050080775444265
2019-01-24,31.333333333333332,3.5416666666666665,Panama Canal,Magellan Strait,americas_interocean,0.11303191489361702
2019-01-26,31.26923076923077,3.5,Panama Canal,Magellan Strait,americas_interocean,0.11193111931119311
2019-02-20,31.321428571428573,3.7857142857142856,Panama Canal,Magellan Strait,americas_interocean,0.12086659064994298
2019-04-01,31.214285714285715,3.7142857142857144,Panama Canal,Magellan Strait,americas_interocean,0.11899313501144165
2019-04-10,30.035714285714285,3.3214285714285716,Panama Canal,Magellan Strait,americas_interocean,0.11058263971462545
2019-04-27,30.321428571428573,3.7142857142857144,Panama Canal,Magellan Strait,americas_interocean,0.12249705535924617
2019-05-10,30.892857142857142,3.8214285714285716,Panama Canal,Magellan Strait,americas_interocean,0.12369942196531793
2019-05-28,31.071428571428573,3.5,Panama Canal,Magellan Strait,americas_interocean,0.11264367816091954
2019-06-12,30.571428571428573,3.142857142857143,Panama Canal,Magellan Strait,americas_interocean,0.102803738317757
2019-07-23,30.25,3.4285714285714284,Panama Canal,Magellan Strait,americas_interocean,0.11334120425029515
2019-08-09,31.5,4.142857142857143,Panama Canal,Magellan Strait,americas_interocean,0.13151927437641725
2019-08-27,33.67857142857143,4.321428571428571,Panama Canal,Magellan Strait,americas_interocean,0.1283138918345705
2019-09-27,31.964285714285715,4.285714285714286,Panama Canal,Magellan Strait,americas_interocean,0.1340782122905028
2019-10-04,31.785714285714285,4.107142857142857,Panama Canal,Magellan Strait,americas_interocean,0.1292134831460674
2019-11-11,33.75,3.9642857142857144,Panama Canal,Magellan Strait,americas_interocean,0.11746031746031746
2019-11-18,34.07142857142857,3.75,Panama Canal,Magellan Strait,americas_interocean,0.11006289308176101
2019-11-23,34.42857142857143,3.7142857142857144,Panama Canal,Magellan Strait,americas_interocean,0.10788381742738588
2020-02-28,35.392857142857146,4.785714285714286,Panama Canal,Magellan Strait,americas_interocean,0.1352169525731584
2020-02-29,33.142857142857146,3.3214285714285716,Panama Canal,Magellan Strait,americas_interocean,0.10021551724137931
2020-03-21,31.857142857142858,3.0357142857142856,Panama Canal,Magellan Strait,americas_interocean,0.0952914798206278
2020-03-22,31.964285714285715,3.142857142857143,Panama Canal,Magellan Strait,americas_interocean,0.09832402234636871
2020-03-30,31.75,3.1785714285714284,Panama Canal,Magellan Strait,americas_interocean,0.10011248593925759
2020-04-14,29.964285714285715,3.25,Panama Canal,Magellan Strait,americas_interocean,0.10846245530393325
2020-04-29,29.642857142857142,3.25,Panama Canal,Magellan Strait,americas_interocean,0.10963855421686747
2020-05-19,28.25,3.107142857142857,Panama Canal,Magellan Strait,americas_interocean,0.1099873577749684
2020-06-12,25.535714285714285,3.1785714285714284,Panama Canal,Magellan Strait,americas_interocean,0.12447552447552447
2020-06-22,26.321428571428573,2.7857142857142856,Panama Canal,Magellan Strait,americas_interocean,0.10583446404341926
2020-07-18,27.107142857142858,2.642857142857143,Panama Canal,Magellan Strait,americas_interocean,0.09749670619235837
2020-07-30,28.642857142857142,3.142857142857143,Panama Canal,Magellan Strait,americas_interocean,0.10972568578553615
2020-09-02,30.321428571428573,3.5357142857142856,Panama Canal,Magellan Strait,americas_interocean,0.1166077738515901
2020-10-13,31.25,3.4642857142857144,Panama Canal,Magellan Strait,americas_interocean,0.11085714285714286
2020-10-24,33.17857142857143,3.107142857142857,Panama Canal,Magellan Strait,americas_interocean,0.09364908503767491
2020-10-29,33.75,3.107142857142857,Panama Canal,Magellan Strait,americas_interocean,0.09206349206349207
2020-11-12,33.392857142857146,3.0714285714285716,Panama Canal,Magellan Strait,americas_interocean,0.09197860962566845
2020-11-23,32.214285714285715,3.392857142857143,Panama Canal,Magellan Strait,americas_interocean,0.10532150776053215
2020-12-25,33.92857142857143,2.6785714285714284,Panama Canal,Magellan Strait,americas_interocean,0.07894736842105263
2021-01-19,32.535714285714285,3.107142857142857,Panama Canal,Magellan Strait,americas_interocean,0.09549945115257959
2021-01-31,32.857142857142854,2.9642857142857144,Panama Canal,Magellan Strait,americas_interocean,0.09021739130434783
2021-02-21,33.17857142857143,2.5714285714285716,Panama Canal,Magellan Strait,americas_interocean,0.077502691065662
2021-03-23,33.32142857142857,3.0,Panama Canal,Magellan Strait,americas_interocean,0.09003215434083602
2021-04-13,32.32142857142857,3.5357142857142856,Panama Canal,Magellan Strait,americas_interocean,0.10939226519337017
2021-04-28,32.357142857142854,3.5357142857142856,Panama Canal,Magellan Strait,americas_interocean,0.10927152317880795
2021-05-15,30.964285714285715,3.642857142857143,Panama Canal,Magellan Strait,americas_interocean,0.11764705882352941
2021-05-23,31.107142857142858,3.892857142857143,Panama Canal,Magellan Strait,americas_interocean,0.12514351320321468
2021-05-30,31.285714285714285,3.607142857142857,Panama Canal,Magellan Strait,americas_interocean,0.11529680365296804
2021-06-03,31.607142857142858,3.6785714285714284,Panama Canal,Magellan Strait,americas_interocean,0.11638418079096044
2021-06-13,31.857142857142858,3.5,Panama Canal,Magellan Strait,americas_interocean,0.10986547085201794
2021-06-28,31.321428571428573,3.6785714285714284,Panama Canal,Magellan Strait,americas_interocean,0.11744583808437856
2021-07-07,30.214285714285715,3.9285714285714284,Panama Canal,Magellan Strait,americas_interocean,0.13002364066193853
2021-07-12,29.321428571428573,4.071428571428571,Panama Canal,Magellan Strait,americas_interocean,0.13885505481120583
2021-07-16,28.535714285714285,4.214285714285714,Panama Canal,Magellan Strait,americas_interocean,0.1476846057571965
2021-07-24,30.392857142857142,4.285714285714286,Panama Canal,Magellan Strait,americas_interocean,0.1410105757931845
2021-08-06,33.57142857142857,4.75,Panama Canal,Magellan Strait,americas_interocean,0.14148936170212767
2021-10-02,28.571428571428573,4.321428571428571,Panama Canal,Magellan Strait,americas_interocean,0.15125
2021-10-03,28.571428571428573,4.357142857142857,Panama Canal,Magellan Strait,americas_interocean,0.15249999999999997
2021-11-02,32.714285714285715,4.642857142857143,Panama Canal,Magellan Strait,americas_interocean,0.14192139737991266
2021-11-19,33.82142857142857,4.214285714285714,Panama Canal,Magellan Strait,americas_interocean,0.12460401267159452
2021-11-26,34.642857142857146,4.107142857142857,Panama Canal,Magellan Strait,americas_interocean,0.11855670103092782
2022-01-17,33.75,3.607142857142857,Panama Canal,Magellan Strait,americas_interocean,0.10687830687830688
2022-02-11,34.035714285714285,3.9285714285714284,Panama Canal,Magellan Strait,americas_interocean,0.11542497376705141
2022-02-13,34.0,3.9642857142857144,Panama Canal,Magellan Strait,americas_interocean,0.11659663865546219
2022-02-24,34.142857142857146,4.357142857142857,Panama Canal,Magellan Strait,americas_interocean,0.12761506276150625
2022-03-25,33.714285714285715,4.107142857142857,Panama Canal,Magellan Strait,americas_interocean,0.12182203389830507
2022-03-31,32.857142857142854,3.9642857142857144,Panama Canal,Magellan Strait,americas_interocean,0.12065217391304349
2022-04-01,32.82142857142857,3.8214285714285716,Panama Canal,Magellan Strait,americas_interocean,0.11643090315560393
2022-04-05,32.964285714285715,3.8214285714285716,Panama Canal,Magellan Strait,americas_interocean,0.11592632719393282
2022-04-07,32.67857142857143,3.9642857142857144,Panama Canal,Magellan Strait,americas_interocean,0.12131147540983606
2022-04-25,32.392857142857146,4.0,Panama Canal,Magellan Strait,americas_interocean,0.12348401323042998
2022-05-07,33.17857142857143,3.75,Panama Canal,Magellan Strait,americas_interocean,0.11302475780409041
2022-05-10,33.357142857142854,3.8214285714285716,Panama Canal,Magellan Strait,americas_interocean,0.11456102783725912
2022-05-13,33.214285714285715,3.9642857142857144,Panama Canal,Magellan Strait,americas_interocean,0.11935483870967742
2022-06-16,34.57142857142857,3.9285714285714284,Panama Canal,Magellan Strait,americas_interocean,0.11363636363636363
2022-08-10,32.82142857142857,4.428571428571429,Panama Canal,Magellan Strait,americas_interocean,0.1349292709466812
2022-09-02,34.142857142857146,4.107142857142857,Panama Canal,Magellan Strait,americas_interocean,0.12029288702928868
2022-09-06,33.5,3.9642857142857144,Panama Canal,Magellan Strait,americas_interocean,0.11833688699360341
2022-09-17,32.464285714285715,4.285714285714286,Panama Canal,Magellan Strait,americas_interocean,0.132013201320132
2022-10-06,32.57142857142857,4.285714285714286,Panama Canal,Magellan Strait,americas_interocean,0.13157894736842105
2022-10-10,32.142857142857146,3.8214285714285716,Panama Canal,Magellan Strait,americas_interocean,0.11888888888888888
2022-10-31,33.214285714285715,4.214285714285714,Panama Canal,Magellan Strait,americas_interocean,0.12688172043010754
2022-11-29,33.714285714285715,3.9642857142857144,Panama Canal,Magellan Strait,americas_interocean,0.11758474576271187
2022-12-31,34.142857142857146,2.9285714285714284,Panama Canal,Magellan Strait,americas_interocean,0.08577405857740585
2023-01-08,33.5,3.0357142857142856,Panama Canal,Magellan Strait,americas_interocean,0.0906183368869936
2023-02-19,32.035714285714285,3.5714285714285716,Panama Canal,Magellan Strait,americas_interocean,0.11148272017837237
2023-04-10,33.42857142857143,3.892857142857143,Panama Canal,Magellan Strait,americas_interocean,0.11645299145299144
2023-04-18,33.785714285714285,3.8214285714285716,Panama Canal,Magellan Strait,americas_interocean,0.113107822410148
2023-05-01,33.57142857142857,4.071428571428571,Panama Canal,Magellan Strait,americas_interocean,0.12127659574468085
2023-05-02,33.357142857142854,3.9642857142857144,Panama Canal,Magellan Strait,americas_interocean,0.11884368308351179
2023-05-06,33.392857142857146,4.107142857142857,Panama Canal,Magellan Strait,americas_interocean,0.12299465240641709
2023-05-11,32.67857142857143,4.357142857142857,Panama Canal,Magellan Strait,americas_interocean,0.1333333333333333
2023-05-12,32.464285714285715,4.357142857142857,Panama Canal,Magellan Strait,americas_interocean,0.1342134213421342
2023-05-17,31.464285714285715,4.392857142857143,Panama Canal,Magellan Strait,americas_interocean,0.13961407491486946
2023-06-06,30.964285714285715,3.9642857142857144,Panama Canal,Magellan Strait,americas_interocean,0.12802768166089964
2023-06-24,30.285714285714285,3.9285714285714284,Panama Canal,Magellan Strait,americas_interocean,0.12971698113207547
2023-06-28,30.464285714285715,3.892857142857143,Panama Canal,Magellan Strait,americas_interocean,0.12778429073856976
2023-09-26,31.107142857142858,4.035714285714286,Panama Canal,Magellan Strait,americas_interocean,0.12973593570608496
2023-10-13,30.714285714285715,4.464285714285714,Panama Canal,Magellan Strait,americas_interocean,0.14534883720930233
2023-10-21,30.214285714285715,4.964285714285714,Panama Canal,Magellan Strait,americas_interocean,0.16430260047281323
2023-10-23,30.178571428571427,5.0,Panama Canal,Magellan Strait,americas_interocean,0.16568047337278108
2023-11-03,29.75,4.821428571428571,Panama Canal,Magellan Strait,americas_interocean,0.16206482593037214
2023-11-08,28.714285714285715,4.535714285714286,Panama Canal,Magellan Strait,americas_interocean,0.15796019900497513
2023-11-20,25.964285714285715,4.5,Panama Canal,Magellan Strait,americas_interocean,0.1733149931224209
2023-12-05,23.571428571428573,4.928571428571429,Panama Canal,Magellan Strait,americas_interocean,0.20909090909090908
2023-12-11,22.75,5.142857142857143,Panama Canal,Magellan Strait,americas_interocean,0.2260596546310832
2023-12-31,21.321428571428573,7.142857142857143,Panama Canal,Magellan Strait,americas_interocean,0.3350083752093802
2024-01-17,20.75,6.357142857142857,Panama Canal,Magellan Strait,americas_interocean,0.306368330464716
2024-01-21,20.25,6.428571428571429,Panama Canal,Magellan Strait,americas_interocean,0.3174603174603175
2024-01-26,19.5,6.25,Panama Canal,Magellan Strait,americas_interocean,0.32051282051282054
2024-02-14,19.785714285714285,6.214285714285714,Panama Canal,Magellan Strait,americas_interocean,0.3140794223826715
2024-03-03,20.642857142857142,5.392857142857143,Panama Canal,Magellan Strait,americas_interocean,0.26124567474048443
2024-03-07,20.785714285714285,5.178571428571429,Panama Canal,Magellan Strait,americas_interocean,0.2491408934707904
2024-06-12,26.535714285714285,4.357142857142857,Panama Canal,Magellan Strait,americas_interocean,0.1641991924629879
2024-06-24,27.535714285714285,4.142857142857143,Panama Canal,Magellan Strait,americas_interocean,0.15045395590142674
2024-06-26,27.357142857142858,4.214285714285714,Panama Canal,Magellan Strait,americas_interocean,0.15404699738903394
2024-07-10,27.428571428571427,4.25,Panama Canal,Magellan Strait,americas_interocean,0.15494791666666669
2024-07-13,27.642857142857142,4.535714285714286,Panama Canal,Magellan Strait,americas_interocean,0.1640826873385013
2024-08-02,28.75,5.071428571428571,Panama Canal,Magellan Strait,americas_interocean,0.1763975155279503
2024-08-09,28.571428571428573,4.892857142857143,Panama Canal,Magellan Strait,americas_interocean,0.17125
2024-08-10,28.571428571428573,4.607142857142857,Panama Canal,Magellan Strait,americas_interocean,0.16124999999999998
2024-09-03,30.428571428571427,4.25,Panama Canal,Magellan Strait,americas_interocean,0.13967136150234744
2024-09-08,30.607142857142858,4.357142857142857,Panama Canal,Magellan Strait,americas_interocean,0.1423570595099183
2024-10-07,29.5,4.464285714285714,Panama Canal,Magellan Strait,americas_interocean,0.1513317191283293
2024-10-10,28.892857142857142,4.107142857142857,Panama Canal,Magellan Strait,americas_interocean,0.14215080346106304
2024-10-14,28.892857142857142,3.857142857142857,Panama Canal,Magellan Strait,americas_interocean,0.1334981458590853
2024-10-26,28.892857142857142,3.7142857142857144,Panama Canal,Magellan Strait,americas_interocean,0.12855377008652658
2024-11-13,31.857142857142858,3.3214285714285716,Panama Canal,Magellan Strait,americas_interocean,0.10426008968609866
2024-11-18,32.285714285714285,3.25,Panama Canal,Magellan Strait,americas_interocean,0.1006637168141593
2024-12-01,31.0,3.4285714285714284,Panama Canal,Magellan Strait,americas_interocean,0.11059907834101382
2024-12-15,30.178571428571427,3.5357142857142856,Panama Canal,Magellan Strait,americas_interocean,0.11715976331360947
2025-01-04,31.321428571428573,3.9642857142857144,Panama Canal,Magellan Strait,americas_interocean,0.1265678449258837
2025-01-13,31.392857142857142,3.642857142857143,Panama Canal,Magellan Strait,americas_interocean,0.11604095563139932
2025-01-21,30.357142857142858,3.642857142857143,Panama Canal,Magellan Strait,americas_interocean,0.12
2025-01-27,30.321428571428573,3.2857142857142856,Panama Canal,Magellan Strait,americas_interocean,0.1083627797408716
2025-02-06,29.964285714285715,3.642857142857143,Panama Canal,Magellan Strait,americas_interocean,0.12157330154946364
2025-02-27,31.642857142857142,3.9285714285714284,Panama Canal,Magellan Strait,americas_interocean,0.12415349887133183
2025-05-09,31.821428571428573,4.142857142857143,Panama Canal,Magellan Strait,americas_interocean,0.13019079685746354
2025-05-19,30.5,4.178571428571429,Panama Canal,Magellan Strait,americas_interocean,0.13700234192037472
2025-05-23,30.892857142857142,4.071428571428571,Panama Canal,Magellan Strait,americas_interocean,0.13179190751445086
2025-06-28,29.857142857142858,4.214285714285714,Panama Canal,Magellan Strait,americas_interocean,0.1411483253588517
2025-08-01,31.678571428571427,5.535714285714286,Panama Canal,Magellan Strait,americas_interocean,0.17474633596392333
2025-08-23,30.678571428571427,4.642857142857143,Panama Canal,Magellan Strait,americas_interocean,0.1513387660069849
2025-08-25,31.142857142857142,4.535714285714286,Panama Canal,Magellan Strait,americas_interocean,0.14564220183486237
2025-09-07,31.142857142857142,4.428571428571429,Panama Canal,Magellan Strait,americas_interocean,0.14220183486238533
2025-09-17,31.571428571428573,4.392857142857143,Panama Canal,Magellan Strait,americas_interocean,0.13914027149321267
2025-09-27,31.535714285714285,4.571428571428571,Panama Canal,Magellan Strait,americas_interocean,0.144960362400906
2025-10-06,31.714285714285715,4.392857142857143,Panama Canal,Magellan Strait,americas_interocean,0.13851351351351351
2025-10-09,31.821428571428573,4.071428571428571,Panama Canal,Magellan Strait,americas_interocean,0.12794612794612792
2025-10-29,32.214285714285715,3.892857142857143,Panama Canal,Magellan Strait,americas_interocean,0.12084257206208425
2025-11-04,31.964285714285715,3.2142857142857144,Panama Canal,Magellan Strait,americas_interocean,0.1005586592178771
2025-11-18,31.071428571428573,3.25,Panama Canal,Magellan Strait,americas_interocean,0.10459770114942528
2025-12-04,31.785714285714285,3.4642857142857144,Panama Canal,Magellan Strait,americas_interocean,0.10898876404494383
2025-12-06,31.928571428571427,3.4285714285714284,Panama Canal,Magellan Strait,americas_interocean,0.10738255033557047
2025-12-07,31.892857142857142,3.4642857142857144,Panama Canal,Magellan Strait,americas_interocean,0.10862262038073908
2025-12-08,32.214285714285715,3.5714285714285716,Panama Canal,Magellan Strait,americas_interocean,0.11086474501108648
2025-12-11,32.07142857142857,3.5357142857142856,Panama Canal,Magellan Strait,americas_interocean,0.11024498886414254
2025-12-20,32.857142857142854,3.5714285714285716,Panama Canal,Magellan Strait,americas_interocean,0.10869565217391305
2026-01-02,30.75,3.75,Panama Canal,Magellan Strait,americas_interocean,0.12195121951219512
2026-02-06,30.928571428571427,3.25,Panama Canal,Magellan Strait,americas_interocean,0.10508083140877598
2026-03-01,32.5,2.857142857142857,Panama Canal,Magellan Strait,americas_interocean,0.08791208791208792
2026-04-20,34.17857142857143,3.6785714285714284,Panama Canal,Magellan Strait,americas_interocean,0.1076280041797283
2026-05-14,35.0,4.321428571428571,Panama Canal,Magellan Strait,americas_interocean,0.12346938775510204
2026-05-19,34.857142857142854,4.607142857142857,Panama Canal,Magellan Strait,americas_interocean,0.13217213114754098
2026-05-23,35.0,4.785714285714286,Panama Canal,Magellan Strait,americas_interocean,0.13673469387755102
2026-05-25,34.857142857142854,4.642857142857143,Panama Canal,Magellan Strait,americas_interocean,0.13319672131147542
2026-05-26,34.785714285714285,4.535714285714286,Panama Canal,Magellan Strait,americas_interocean,0.13039014373716631
2026-06-01,33.82142857142857,4.5,Panama Canal,Magellan Strait,americas_interocean,0.133051742344245
2026-06-15,30.642857142857142,4.464285714285714,Panama Canal,Magellan Strait,americas_interocean,0.1456876456876457
2026-08-05,31.892857142857142,5.107142857142857,Panama Canal,Magellan Strait,americas_interocean,0.16013437849944007
2026-08-15,29.607142857142858,5.107142857142857,Panama Canal,Magellan Strait,americas_interocean,0.17249698431845595
2026-08-20,29.464285714285715,5.607142857142857,Panama Canal,Magellan Strait,americas_interocean,0.19030303030303028
2019-01-01,35.0,2.0,Panama Canal,Magellan Strait,americas_interocean,0.05714285714285714
2019-01-10,30.7,2.6,Panama Canal,Magellan Strait,americas_interocean,0.08469055374592835
2019-02-26,31.464285714285715,3.607142857142857,Panama Canal,Magellan Strait,americas_interocean,0.11464245175936436
2019-03-02,31.178571428571427,3.0357142857142856,Panama Canal,Magellan Strait,americas_interocean,0.09736540664375716
2019-03-08,31.0,2.857142857142857,Panama Canal,Magellan Strait,americas_interocean,0.09216589861751152
2019-03-19,31.857142857142858,2.9642857142857144,Panama Canal,Magellan Strait,americas_interocean,0.0930493273542601
2019-05-17,31.785714285714285,3.642857142857143,Panama Canal,Magellan Strait,americas_interocean,0.11460674157303372
2019-06-15,30.285714285714285,3.107142857142857,Panama Canal,Magellan Strait,americas_interocean,0.10259433962264151
2019-06-21,30.214285714285715,2.9642857142857144,Panama Canal,Magellan Strait,americas_interocean,0.09810874704491726
2019-06-26,30.607142857142858,3.107142857142857,Panama Canal,Magellan Strait,americas_interocean,0.10151691948658109
2019-06-29,30.357142857142858,3.2142857142857144,Panama Canal,Magellan Strait,americas_interocean,0.10588235294117647
2019-07-07,29.821428571428573,3.4285714285714284,Panama Canal,Magellan Strait,americas_interocean,0.1149700598802395
2019-07-16,30.142857142857142,3.7142857142857144,Panama Canal,Magellan Strait,americas_interocean,0.12322274881516589
2019-07-27,30.464285714285715,3.5,Panama Canal,Magellan Strait,americas_interocean,0.1148886283704572
2019-08-11,31.785714285714285,4.214285714285714,Panama Canal,Magellan Strait,americas_interocean,0.13258426966292136
2019-08-22,33.67857142857143,4.285714285714286,Panama Canal,Magellan Strait,americas_interocean,0.12725344644750794
2019-08-29,34.142857142857146,4.107142857142857,Panama Canal,Magellan Strait,americas_interocean,0.12029288702928868
2019-09-09,33.714285714285715,4.0,Panama Canal,Magellan Strait,americas_interocean,0.11864406779661017
2019-10-19,32.67857142857143,4.035714285714286,Panama Canal,Magellan Strait,americas_interocean,0.12349726775956282
2019-10-29,33.892857142857146,3.892857142857143,Panama Canal,Magellan Strait,americas_interocean,0.11485774499473128
2019-11-10,33.714285714285715,3.8214285714285716,Panama Canal,Magellan Strait,americas_interocean,0.11334745762711865
2019-12-17,34.42857142857143,3.642857142857143,Panama Canal,Magellan Strait,americas_interocean,0.10580912863070539
2020-01-09,32.32142857142857,3.142857142857143,Panama Canal,Magellan Strait,americas_interocean,0.09723756906077348
2020-02-05,48.75,13.678571428571429,Panama Canal,Magellan Strait,americas_interocean,0.2805860805860806
2020-02-24,44.5,11.892857142857142,Panama Canal,Magellan Strait,americas_interocean,0.26725521669341895
2020-03-11,31.75,2.6785714285714284,Panama Canal,Magellan Strait,americas_interocean,0.0843644544431946
2020-04-16,30.0,3.2142857142857144,Panama Canal,Magellan Strait,americas_interocean,0.10714285714285715
2020-04-18,29.821428571428573,3.107142857142857,Panama Canal,Magellan Strait,americas_interocean,0.10419161676646706
2020-04-30,29.607142857142858,3.2142857142857144,Panama Canal,Magellan Strait,americas_interocean,0.10856453558504223
2020-05-01,29.571428571428573,3.25,Panama Canal,Magellan Strait,americas_interocean,0.10990338164251207
2020-05-17,28.642857142857142,3.142857142857143,Panama Canal,Magellan Strait,americas_interocean,0.10972568578553615
2020-06-09,25.857142857142858,3.1785714285714284,Panama Canal,Magellan Strait,americas_interocean,0.1229281767955801
2020-06-10,25.642857142857142,3.1785714285714284,Panama Canal,Magellan Strait,americas_interocean,0.12395543175487465
2020-06-20,25.928571428571427,3.0357142857142856,Panama Canal,Magellan Strait,americas_interocean,0.11707988980716254
2020-06-29,26.214285714285715,2.6785714285714284,Panama Canal,Magellan Strait,americas_interocean,0.10217983651226156
2020-07-09,26.571428571428573,2.5357142857142856,Panama Canal,Magellan Strait,americas_interocean,0.0954301075268817
2020-07-12,26.642857142857142,2.5357142857142856,Panama Canal,Magellan Strait,americas_interocean,0.09517426273458444
2020-07-13,26.678571428571427,2.5357142857142856,Panama Canal,Magellan Strait,americas_interocean,0.09504685408299866
2020-07-25,27.928571428571427,3.142857142857143,Panama Canal,Magellan Strait,americas_interocean,0.11253196930946292
2020-08-11,29.464285714285715,3.392857142857143,Panama Canal,Magellan Strait,americas_interocean,0.11515151515151514
2020-08-18,29.857142857142858,3.1785714285714284,Panama Canal,Magellan Strait,americas_interocean,0.10645933014354066
2020-08-28,30.678571428571427,3.6785714285714284,Panama Canal,Magellan Strait,americas_interocean,0.119906868451688
2020-09-23,29.714285714285715,2.857142857142857,Panama Canal,Magellan Strait,americas_interocean,0.09615384615384616
2020-10-09,31.035714285714285,3.2142857142857144,Panama Canal,Magellan Strait,americas_interocean,0.10356731875719218
2020-10-17,31.75,3.5714285714285716,Panama Canal,Magellan Strait,americas_interocean,0.1124859392575928
2020-10-21,32.392857142857146,3.3214285714285716,Panama Canal,Magellan Strait,americas_interocean,0.10253583241455347
2020-11-19,32.535714285714285,3.0714285714285716,Panama Canal,Magellan Strait,americas_interocean,0.09440175631174534
2021-02-02,32.785714285714285,2.9285714285714284,Panama Canal,Magellan Strait,americas_interocean,0.08932461873638343
2021-03-01,33.25,2.75,Panama Canal,Magellan Strait,americas_interocean,0.08270676691729323
2021-03-02,33.25,2.8214285714285716,Panama Canal,Magellan Strait,americas_interocean,0.08485499462943072
2021-03-15,33.607142857142854,2.8214285714285716,Panama Canal,Magellan Strait,americas_interocean,0.08395324123273115
2021-03-30,33.142857142857146,3.0714285714285716,Panama Canal,Magellan Strait,americas_interocean,0.09267241379310344
2021-04-08,32.392857142857146,3.392857142857143,Panama Canal,Magellan Strait,americas_interocean,0.10474090407938257
2021-05-01,31.928571428571427,3.5,Panama Canal,Magellan Strait,americas_interocean,0.10961968680089486
2021-05-27,31.25,3.75,Panama Canal,Magellan Strait,americas_interocean,0.12
2021-07-03,31.142857142857142,3.892857142857143,Panama Canal,Magellan Strait,americas_interocean,0.125
2021-07-06,30.535714285714285,3.857142857142857,Panama Canal,Magellan Strait,americas_interocean,0.12631578947368421
2021-07-15,28.678571428571427,4.107142857142857,Panama Canal,Magellan Strait,americas_interocean,0.1432129514321295
2021-07-25,30.571428571428573,4.285714285714286,Panama Canal,Magellan Strait,americas_interocean,0.14018691588785046
2021-07-31,31.785714285714285,4.285714285714286,Panama Canal,Magellan Strait,americas_interocean,0.1348314606741573
2021-08-05,33.392857142857146,4.571428571428571,Panama Canal,Magellan Strait,americas_interocean,0.1368983957219251
2021-08-08,34.17857142857143,4.857142857142857,Panama Canal,Magellan Strait,americas_interocean,0.14211076280041796
2021-08-10,34.785714285714285,5.0,Panama Canal,Magellan Strait,americas_interocean,0.1437371663244353
2021-08-28,33.607142857142854,5.214285714285714,Panama Canal,Magellan Strait,americas_interocean,0.15515409139213604
2021-09-13,30.857142857142858,4.5,Panama Canal,Magellan Strait,americas_interocean,0.14583333333333334
2021-09-26,28.642857142857142,4.428571428571429,Panama Canal,Magellan Strait,americas_interocean,0.1546134663341646
2021-10-07,28.714285714285715,4.714285714285714,Panama Canal,Magellan Strait,americas_interocean,0.16417910447761194
2021-10-24,31.857142857142858,4.75,Panama Canal,Magellan Strait,americas_interocean,0.1491031390134529
2021-11-04,33.107142857142854,4.321428571428571,Panama Canal,Magellan Strait,americas_interocean,0.13052858683926646
2021-12-28,35.42857142857143,4.0,Panama Canal,Magellan Strait,americas_interocean,0.11290322580645161
2022-01-27,33.17857142857143,3.642857142857143,Panama Canal,Magellan Strait,americas_interocean,0.10979547900968782
2022-03-07,34.607142857142854,4.607142857142857,Panama Canal,Magellan Strait,americas_interocean,0.13312693498452013
2022-03-24,33.82142857142857,4.0,Panama Canal,Magellan Strait,americas_interocean,0.11826821541710666
2022-04-15,32.07142857142857,3.9642857142857144,Panama Canal,Magellan Strait,americas_interocean,0.12360801781737195
2022-04-18,31.964285714285715,4.107142857142857,Panama Canal,Magellan Strait,americas_interocean,0.12849162011173182
2022-04-20,32.07142857142857,4.214285714285714,Panama Canal,Magellan Strait,americas_interocean,0.1314031180400891
2022-04-23,32.32142857142857,3.9285714285714284,Panama Canal,Magellan Strait,americas_interocean,0.12154696132596685
2022-05-11,33.17857142857143,3.857142857142857,Panama Canal,Magellan Strait,americas_interocean,0.116254036598493
2022-07-02,34.785714285714285,3.7142857142857144,Panama Canal,Magellan Strait,americas_interocean,0.10677618069815195
2022-07-05,34.357142857142854,3.7142857142857144,Panama Canal,Magellan Strait,americas_interocean,0.10810810810810813
2022-07-09,33.857142857142854,3.4642857142857144,Panama Canal,Magellan Strait,americas_interocean,0.10232067510548525
2022-07-15,32.964285714285715,3.8214285714285716,Panama Canal,Magellan Strait,americas_interocean,0.11592632719393282
2022-08-11,33.035714285714285,4.535714285714286,Panama Canal,Magellan Strait,americas_interocean,0.1372972972972973
2022-08-15,33.964285714285715,4.785714285714286,Panama Canal,Magellan Strait,americas_interocean,0.1409043112513144
2022-08-17,34.5,4.785714285714286,Panama Canal,Magellan Strait,americas_interocean,0.13871635610766045
2022-08-20,34.5,4.75,Panama Canal,Magellan Strait,americas_interocean,0.13768115942028986
2022-08-22,34.75,4.5,Panama Canal,Magellan Strait,americas_interocean,0.12949640287769784
2022-09-04,33.785714285714285,3.9642857142857144,Panama Canal,Magellan Strait,americas_interocean,0.11733615221987316
2022-09-12,32.892857142857146,4.25,Panama Canal,Magellan Strait,americas_interocean,0.12920738327904452
2022-09-15,32.714285714285715,4.428571428571429,Panama Canal,Magellan Strait,americas_interocean,0.13537117903930132
2022-10-18,32.25,4.178571428571429,Panama Canal,Magellan Strait,americas_interocean,0.12956810631229237
2022-11-10,34.0,4.142857142857143,Panama Canal,Magellan Strait,americas_interocean,0.12184873949579833
2022-11-26,33.892857142857146,3.9642857142857144,Panama Canal,Magellan Strait,americas_interocean,0.11696522655426764
2022-12-26,33.892857142857146,3.0357142857142856,Panama Canal,Magellan Strait,americas_interocean,0.08956796628029504
2023-01-20,33.32142857142857,3.4642857142857144,Panama Canal,Magellan Strait,americas_interocean,0.10396570203644159
2023-02-04,32.714285714285715,3.4285714285714284,Panama Canal,Magellan Strait,americas_interocean,0.10480349344978165
2023-02-16,32.214285714285715,3.392857142857143,Panama Canal,Magellan Strait,americas_interocean,0.10532150776053215
2023-03-18,32.785714285714285,3.9642857142857144,Panama Canal,Magellan Strait,americas_interocean,0.12091503267973858
2023-03-28,32.892857142857146,3.8214285714285716,Panama Canal,Magellan Strait,americas_interocean,0.11617806731813246
2023-03-30,32.92857142857143,3.6785714285714284,Panama Canal,Magellan Strait,americas_interocean,0.11171366594360085
2023-04-21,33.964285714285715,3.9285714285714284,Panama Canal,Magellan Strait,americas_interocean,0.11566771819137749
2023-04-29,33.607142857142854,4.214285714285714,Panama Canal,Magellan Strait,americas_interocean,0.12539851222104145
2023-05-24,31.392857142857142,4.0,Panama Canal,Magellan Strait,americas_interocean,0.12741751990898748
2023-06-18,30.857142857142858,3.857142857142857,Panama Canal,Magellan Strait,americas_interocean,0.125
2023-06-29,30.428571428571427,3.9642857142857144,Panama Canal,Magellan Strait,americas_interocean,0.1302816901408451
2023-07-02,30.785714285714285,3.9642857142857144,Panama Canal,Magellan Strait,americas_interocean,0.12877030162412995
2023-07-21,31.571428571428573,4.607142857142857,Panama Canal,Magellan Strait,americas_interocean,0.14592760180995473
2023-07-30,31.357142857142858,4.571428571428571,Panama Canal,Magellan Strait,americas_interocean,0.14578587699316628
2023-08-09,31.214285714285715,4.107142857142857,Panama Canal,Magellan Strait,americas_interocean,0.13157894736842105
2023-09-01,30.821428571428573,4.928571428571429,Panama Canal,Magellan Strait,americas_interocean,0.15990730011587487
2023-09-05,30.785714285714285,4.607142857142857,Panama Canal,Magellan Strait,americas_interocean,0.14965197215777262
2023-09-07,30.892857142857142,4.607142857142857,Panama Canal,Magellan Strait,americas_interocean,0.1491329479768786
2023-09-12,31.035714285714285,4.642857142857143,Panama Canal,Magellan Strait,americas_interocean,0.14959723820483317
2023-11-13,27.642857142857142,4.535714285714286,Panama Canal,Magellan Strait,americas_interocean,0.1640826873385013
2023-12-02,23.892857142857142,4.75,Panama Canal,Magellan Strait,americas_interocean,0.19880418535127056
2023-12-06,23.357142857142858,4.964285714285714,Panama Canal,Magellan Strait,americas_interocean,0.21253822629969418
2023-12-09,23.0,5.321428571428571,Panama Canal,Magellan Strait,americas_interocean,0.23136645962732919
2023-12-12,22.714285714285715,5.5,Panama Canal,Magellan Strait,americas_interocean,0.24213836477987422
2023-12-18,22.5,5.928571428571429,Panama Canal,Magellan Strait,americas_interocean,0.2634920634920635
2024-02-07,19.928571428571427,6.142857142857143,Panama Canal,Magellan Strait,americas_interocean,0.30824372759856633
2024-03-08,20.892857142857142,5.107142857142857,Panama Canal,Magellan Strait,americas_interocean,0.24444444444444444
2024-04-02,22.285714285714285,4.892857142857143,Panama Canal,Magellan Strait,americas_interocean,0.21955128205128208
2024-04-08,22.892857142857142,4.964285714285714,Panama Canal,Magellan Strait,americas_interocean,0.2168486739469579
2024-04-30,23.714285714285715,6.25,Panama Canal,Magellan Strait,americas_interocean,0.2635542168674699
2024-05-16,23.857142857142858,5.392857142857143,Panama Canal,Magellan Strait,americas_interocean,0.22604790419161677
2024-05-25,24.321428571428573,5.142857142857143,Panama Canal,Magellan Strait,americas_interocean,0.21145374449339208
2024-05-26,24.428571428571427,5.142857142857143,Panama Canal,Magellan Strait,americas_interocean,0.2105263157894737
2024-06-03,24.75,4.642857142857143,Panama Canal,Magellan Strait,americas_interocean,0.1875901875901876
2024-07-31,29.142857142857142,5.107142857142857,Panama Canal,Magellan Strait,americas_interocean,0.17524509803921567
2024-09-12,31.035714285714285,4.607142857142857,Panama Canal,Magellan Strait,americas_interocean,0.14844649021864212
2024-09-20,30.464285714285715,4.857142857142857,Panama Canal,Magellan Strait,americas_interocean,0.15943728018757325
2024-10-24,29.142857142857142,3.892857142857143,Panama Canal,Magellan Strait,americas_interocean,0.13357843137254902
2024-11-02,29.535714285714285,3.4285714285714284,Panama Canal,Magellan Strait,americas_interocean,0.11608222490931076
2024-11-04,29.928571428571427,3.4285714285714284,Panama Canal,Magellan Strait,americas_interocean,0.11455847255369929
2024-11-25,31.5,3.2857142857142856,Panama Canal,Magellan Strait,americas_interocean,0.10430839002267574
2024-12-13,30.071428571428573,3.642857142857143,Panama Canal,Magellan Strait,americas_interocean,0.12114014251781471
2025-01-05,31.25,3.892857142857143,Panama Canal,Magellan Strait,americas_interocean,0.12457142857142857
2025-01-07,31.392857142857142,3.75,Panama Canal,Magellan Strait,americas_interocean,0.11945392491467577
2025-01-09,31.392857142857142,3.9285714285714284,Panama Canal,Magellan Strait,americas_interocean,0.12514220705346984
2025-01-22,30.285714285714285,3.4285714285714284,Panama Canal,Magellan Strait,americas_interocean,0.11320754716981132
2025-03-03,31.607142857142858,4.071428571428571,Panama Canal,Magellan Strait,americas_interocean,0.1288135593220339
2025-04-01,30.964285714285715,3.5,Panama Canal,Magellan Strait,americas_interocean,0.11303344867358708
2025-04-18,31.5,3.607142857142857,Panama Canal,Magellan Strait,americas_interocean,0.1145124716553288
2025-04-26,31.642857142857142,3.892857142857143,Panama Canal,Magellan Strait,americas_interocean,0.12302483069977427
2025-04-27,31.607142857142858,4.035714285714286,Panama Canal,Magellan Strait,americas_interocean,0.12768361581920903
2025-06-18,29.392857142857142,4.25,Panama Canal,Magellan Strait,americas_interocean,0.1445929526123937
2025-06-20,29.321428571428573,4.107142857142857,Panama Canal,Magellan Strait,americas_interocean,0.14007308160779536
2025-07-29,31.535714285714285,5.75,Panama Canal,Magellan Strait,americas_interocean,0.1823329558323896
2025-08-03,31.535714285714285,5.392857142857143,Panama Canal,Magellan Strait,americas_interocean,0.17100792751981883
2025-08-17,30.357142857142858,4.857142857142857,Panama Canal,Magellan Strait,americas_interocean,0.15999999999999998
2025-08-29,31.357142857142858,4.5,Panama Canal,Magellan Strait,americas_interocean,0.14350797266514806
2025-09-04,31.178571428571427,4.464285714285714,Panama Canal,Magellan Strait,americas_interocean,0.14318442153493702
2025-10-17,32.0,3.75,Panama Canal,Magellan Strait,americas_interocean,0.1171875
2025-11-01,32.0,3.4642857142857144,Panama Canal,Magellan Strait,americas_interocean,0.10825892857142858
2025-11-06,31.928571428571427,3.357142857142857,Panama Canal,Magellan Strait,americas_interocean,0.10514541387024609
2025-11-20,31.107142857142858,2.9642857142857144,Panama Canal,Magellan Strait,americas_interocean,0.09529276693455799
2025-11-22,30.785714285714285,3.107142857142857,Panama Canal,Magellan Strait,americas_interocean,0.10092807424593968
2026-01-29,30.892857142857142,3.392857142857143,Panama Canal,Magellan Strait,americas_interocean,0.10982658959537572
2026-02-22,31.714285714285715,2.9285714285714284,Panama Canal,Magellan Strait,americas_interocean,0.09234234234234233
2026-02-27,32.17857142857143,2.8214285714285716,Panama Canal,Magellan Strait,americas_interocean,0.0876803551609323
2026-03-08,33.82142857142857,2.857142857142857,Panama Canal,Magellan Strait,americas_interocean,0.08447729672650475
2026-04-14,33.32142857142857,3.857142857142857,Panama Canal,Magellan Strait,americas_interocean,0.11575562700964631
2026-04-18,34.035714285714285,3.8214285714285716,Panama Canal,Magellan Strait,americas_interocean,0.11227701993704094
2026-05-03,34.892857142857146,3.8214285714285716,Panama Canal,Magellan Strait,americas_interocean,0.10951893551688843
2026-06-30,29.607142857142858,4.642857142857143,Panama Canal,Magellan Strait,americas_interocean,0.15681544028950545
2026-08-04,31.928571428571427,5.178571428571429,Panama Canal,Magellan Strait,americas_interocean,0.1621923937360179
2019-02-08,32.285714285714285,4.035714285714286,Panama Canal,Magellan Strait,americas_interocean,0.125
2019-03-04,30.928571428571427,3.0357142857142856,Panama Canal,Magellan Strait,americas_interocean,0.09815242494226328
2019-03-15,31.857142857142858,3.3214285714285716,Panama Canal,Magellan Strait,americas_interocean,0.10426008968609866
2019-03-30,31.642857142857142,3.5714285714285716,Panama Canal,Magellan Strait,americas_interocean,0.11286681715575622
2019-05-02,30.535714285714285,3.7857142857142856,Panama Canal,Magellan Strait,americas_interocean,0.1239766081871345
2019-05-03,30.5,3.7142857142857144,Panama Canal,Magellan Strait,americas_interocean,0.12177985948477753
2019-05-12,31.285714285714285,3.7142857142857144,Panama Canal,Magellan Strait,americas_interocean,0.11872146118721462
2019-05-27,30.892857142857142,3.5,Panama Canal,Magellan Strait,americas_interocean,0.11329479768786127
2019-06-23,30.178571428571427,3.0714285714285716,Panama Canal,Magellan Strait,americas_interocean,0.1017751479289941
2019-07-08,29.714285714285715,3.5714285714285716,Panama Canal,Magellan Strait,americas_interocean,0.1201923076923077
2019-07-28,30.607142857142858,3.5357142857142856,Panama Canal,Magellan Strait,americas_interocean,0.11551925320886813
2019-07-29,30.75,3.642857142857143,Panama Canal,Magellan Strait,americas_interocean,0.11846689895470383
2019-07-31,30.785714285714285,3.7857142857142856,Panama Canal,Magellan Strait,americas_interocean,0.12296983758700696
2019-08-18,33.17857142857143,4.25,Panama Canal,Magellan Strait,americas_interocean,0.12809472551130247
2019-08-21,33.42857142857143,4.25,Panama Canal,Magellan Strait,americas_interocean,0.12713675213675213
2019-08-28,33.964285714285715,4.214285714285714,Panama Canal,Magellan Strait,americas_interocean,0.12407991587802314
2019-09-07,33.964285714285715,3.9642857142857144,Panama Canal,Magellan Strait,americas_interocean,0.1167192429022082
2019-09-13,32.75,4.357142857142857,Panama Canal,Magellan Strait,americas_interocean,0.13304252998909485
2019-10-13,32.92857142857143,3.9642857142857144,Panama Canal,Magellan Strait,americas_interocean,0.12039045553145336
2019-11-15,34.035714285714285,3.9285714285714284,Panama Canal,Magellan Strait,americas_interocean,0.11542497376705141
2019-12-13,34.464285714285715,3.5357142857142856,Panama Canal,Magellan Strait,americas_interocean,0.10259067357512952
2020-02-21,48.285714285714285,13.392857142857142,Panama Canal,Magellan Strait,americas_interocean,0.27736686390532544
2020-02-26,40.357142857142854,8.392857142857142,Panama Canal,Magellan Strait,americas_interocean,0.2079646017699115
2020-03-12,31.678571428571427,2.75,Panama Canal,Magellan Strait,americas_interocean,0.08680947012401354
2020-03-26,31.892857142857142,3.107142857142857,Panama Canal,Magellan Strait,americas_interocean,0.09742441209406495
2020-04-09,30.392857142857142,3.3214285714285716,Panama Canal,Magellan Strait,americas_interocean,0.10928319623971798
2020-04-19,29.821428571428573,3.0714285714285716,Panama Canal,Magellan Strait,americas_interocean,0.1029940119760479
2020-04-27,29.857142857142858,3.2142857142857144,Panama Canal,Magellan Strait,americas_interocean,0.1076555023923445
2020-05-06,29.821428571428573,3.142857142857143,Panama Canal,Magellan Strait,americas_interocean,0.10538922155688622
2020-06-03,26.071428571428573,3.142857142857143,Panama Canal,Magellan Strait,americas_interocean,0.12054794520547944
2020-06-11,25.5,3.142857142857143,Panama Canal,Magellan Strait,americas_interocean,0.12324929971988795
2020-07-01,25.821428571428573,2.6785714285714284,Panama Canal,Magellan Strait,americas_interocean,0.10373443983402489
2020-07-07,26.321428571428573,2.5,Panama Canal,Magellan Strait,americas_interocean,0.09497964721845319
2020-07-08,26.535714285714285,2.5357142857142856,Panama Canal,Magellan Strait,americas_interocean,0.09555854643337819
2020-07-10,26.5,2.5,Panama Canal,Magellan Strait,americas_interocean,0.09433962264150944
2020-07-23,27.464285714285715,2.9642857142857144,Panama Canal,Magellan Strait,americas_interocean,0.10793237971391417
2020-09-09,29.892857142857142,3.607142857142857,Panama Canal,Magellan Strait,americas_interocean,0.12066905615292713
2020-09-12,30.071428571428573,3.3214285714285716,Panama Canal,Magellan Strait,americas_interocean,0.11045130641330167
2020-09-17,29.821428571428573,3.107142857142857,Panama Canal,Magellan Strait,americas_interocean,0.10419161676646706
2020-09-21,29.607142857142858,2.7857142857142856,Panama Canal,Magellan Strait,americas_interocean,0.09408926417370325
2020-10-04,30.535714285714285,3.0714285714285716,Panama Canal,Magellan Strait,americas_interocean,0.10058479532163743
2020-10-19,32.07142857142857,3.4285714285714284,Panama Canal,Magellan Strait,americas_interocean,0.10690423162583519
2020-11-04,33.964285714285715,3.2142857142857144,Panama Canal,Magellan Strait,americas_interocean,0.0946372239747634
2020-11-08,33.857142857142854,3.0714285714285716,Panama Canal,Magellan Strait,americas_interocean,0.09071729957805909
2020-11-24,32.25,3.3214285714285716,Panama Canal,Magellan Strait,americas_interocean,0.10299003322259137
2021-01-03,33.5,2.5714285714285716,Panama Canal,Magellan Strait,americas_interocean,0.0767590618336887
2021-02-04,32.82142857142857,3.0714285714285716,Panama Canal,Magellan Strait,americas_interocean,0.09357997823721438
2021-02-24,33.285714285714285,2.6785714285714284,Panama Canal,Magellan Strait,americas_interocean,0.08047210300429185
2021-03-03,33.17857142857143,2.857142857142857,Panama Canal,Magellan Strait,americas_interocean,0.08611410118406888
2021-03-08,33.32142857142857,2.7142857142857144,Panama Canal,Magellan Strait,americas_interocean,0.08145766345123259
2021-03-13,33.75,2.642857142857143,Panama Canal,Magellan Strait,americas_interocean,0.07830687830687831
2021-03-25,33.464285714285715,3.0714285714285716,Panama Canal,Magellan Strait,americas_interocean,0.09178228388473852
2021-03-26,33.5,3.1785714285714284,Panama Canal,Magellan Strait,americas_interocean,0.09488272921108741
2021-04-07,32.42857142857143,3.5357142857142856,Panama Canal,Magellan Strait,americas_interocean,0.10903083700440527
2021-05-07,31.785714285714285,3.5357142857142856,Panama Canal,Magellan Strait,americas_interocean,0.11123595505617978
2021-05-16,30.928571428571427,3.5357142857142856,Panama Canal,Magellan Strait,americas_interocean,0.11431870669745958
2021-07-11,29.535714285714285,4.035714285714286,Panama Canal,Magellan Strait,americas_interocean,0.13663845223700122
2021-07-20,29.535714285714285,4.321428571428571,Panama Canal,Magellan Strait,americas_interocean,0.14631197097944376
2021-07-26,30.714285714285715,4.357142857142857,Panama Canal,Magellan Strait,americas_interocean,0.14186046511627906
2021-07-30,31.607142857142858,4.214285714285714,Panama Canal,Magellan Strait,americas_interocean,0.13333333333333333
2021-08-03,32.857142857142854,4.642857142857143,Panama Canal,Magellan Strait,americas_interocean,0.14130434782608697
2021-09-04,32.642857142857146,5.107142857142857,Panama Canal,Magellan Strait,americas_interocean,0.15645514223194745
2021-09-10,31.321428571428573,4.714285714285714,Panama Canal,Magellan Strait,americas_interocean,0.15051311288483465
2021-09-14,30.75,4.285714285714286,Panama Canal,Magellan Strait,americas_interocean,0.13937282229965156
2021-09-22,29.464285714285715,4.285714285714286,Panama Canal,Magellan Strait,americas_interocean,0.14545454545454545
2021-11-07,33.535714285714285,4.321428571428571,Panama Canal,Magellan Strait,americas_interocean,0.1288604898828541
2021-11-18,33.82142857142857,4.214285714285714,Panama Canal,Magellan Strait,americas_interocean,0.12460401267159452
2021-11-24,34.32142857142857,4.107142857142857,Panama Canal,Magellan Strait,americas_interocean,0.11966701352757544
2021-12-12,36.392857142857146,4.035714285714286,Panama Canal,Magellan Strait,americas_interocean,0.11089303238469086
2021-12-16,36.42857142857143,3.857142857142857,Panama Canal,Magellan Strait,americas_interocean,0.10588235294117647
2022-01-28,33.0,3.6785714285714284,Panama Canal,Magellan Strait,americas_interocean,0.11147186147186147
2022-01-30,33.142857142857146,3.75,Panama Canal,Magellan Strait,americas_interocean,0.11314655172413791
2022-02-12,34.0,4.107142857142857,Panama Canal,Magellan Strait,americas_interocean,0.12079831932773108
2022-02-22,34.25,4.25,Panama Canal,Magellan Strait,americas_interocean,0.12408759124087591
2022-03-08,34.357142857142854,4.642857142857143,Panama Canal,Magellan Strait,americas_interocean,0.13513513513513517
2022-04-30,32.67857142857143,4.071428571428571,Panama Canal,Magellan Strait,americas_interocean,0.12459016393442622
2022-05-26,33.035714285714285,4.178571428571429,Panama Canal,Magellan Strait,americas_interocean,0.1264864864864865
2022-06-03,33.214285714285715,4.428571428571429,Panama Canal,Magellan Strait,americas_interocean,0.13333333333333333
2022-06-22,35.07142857142857,3.607142857142857,Panama Canal,Magellan Strait,americas_interocean,0.10285132382892058
2022-06-25,35.142857142857146,3.6785714285714284,Panama Canal,Magellan Strait,americas_interocean,0.10467479674796747
2022-07-25,31.678571428571427,3.9642857142857144,Panama Canal,Magellan Strait,americas_interocean,0.12514092446448705
2022-07-29,31.678571428571427,3.75,Panama Canal,Magellan Strait,americas_interocean,0.11837655016910936
2022-08-06,32.42857142857143,4.642857142857143,Panama Canal,Magellan Strait,americas_interocean,0.14317180616740088
2022-08-19,34.357142857142854,4.714285714285714,Panama Canal,Magellan Strait,americas_interocean,0.13721413721413722
2022-09-16,32.714285714285715,4.392857142857143,Panama Canal,Magellan Strait,americas_interocean,0.13427947598253276
2022-10-04,32.392857142857146,4.321428571428571,Panama Canal,Magellan Strait,americas_interocean,0.13340683572216094
2022-10-11,31.964285714285715,3.8214285714285716,Panama Canal,Magellan Strait,americas_interocean,0.11955307262569832
2022-10-12,32.035714285714285,3.8214285714285716,Panama Canal,Magellan Strait,americas_interocean,0.11928651059085843
2022-11-12,34.07142857142857,3.9285714285714284,Panama Canal,Magellan Strait,americas_interocean,0.11530398322851153
2022-11-14,34.214285714285715,3.892857142857143,Panama Canal,Magellan Strait,americas_interocean,0.11377870563674321
2022-11-19,34.17857142857143,4.071428571428571,Panama Canal,Magellan Strait,americas_interocean,0.11912225705329152
2022-11-30,33.67857142857143,3.9642857142857144,Panama Canal,Magellan Strait,americas_interocean,0.11770943796394485
2022-12-21,33.5,3.4642857142857144,Panama Canal,Magellan Strait,americas_interocean,0.10341151385927505
2023-01-02,34.107142857142854,2.892857142857143,Panama Canal,Magellan Strait,americas_interocean,0.08481675392670157
2023-01-13,33.464285714285715,3.2142857142857144,Panama Canal,Magellan Strait,americas_interocean,0.096051227321238
2023-03-11,32.32142857142857,3.8214285714285716,Panama Canal,Magellan Strait,americas_interocean,0.11823204419889505
2023-04-09,33.285714285714285,4.035714285714286,Panama Canal,Magellan Strait,americas_interocean,0.12124463519313304
2023-04-15,33.464285714285715,3.7142857142857144,Panama Canal,Magellan Strait,americas_interocean,0.11099252934898612
2023-04-19,34.035714285714285,3.7142857142857144,Panama Canal,Magellan Strait,americas_interocean,0.10912906610703044
2023-04-30,33.714285714285715,4.142857142857143,Panama Canal,Magellan Strait,americas_interocean,0.1228813559322034
2023-06-12,31.285714285714285,3.5357142857142856,Panama Canal,Magellan Strait,americas_interocean,0.11301369863013698
2023-06-25,30.25,3.892857142857143,Panama Canal,Magellan Strait,americas_interocean,0.12868949232585597
2023-06-26,30.142857142857142,4.035714285714286,Panama Canal,Magellan Strait,americas_interocean,0.1338862559241706
2023-07-09,31.035714285714285,4.392857142857143,Panama Canal,Magellan Strait,americas_interocean,0.141542002301496
2023-07-16,31.714285714285715,4.5,Panama Canal,Magellan Strait,americas_interocean,0.14189189189189189
2023-07-22,31.5,4.535714285714286,Panama Canal,Magellan Strait,americas_interocean,0.1439909297052154
2023-08-06,31.321428571428573,4.214285714285714,Panama Canal,Magellan Strait,americas_interocean,0.1345496009122007
2023-08-11,31.071428571428573,4.071428571428571,Panama Canal,Magellan Strait,americas_interocean,0.13103448275862067
2023-08-19,31.25,4.285714285714286,Panama Canal,Magellan Strait,americas_interocean,0.13714285714285715
2023-08-20,31.357142857142858,4.357142857142857,Panama Canal,Magellan Strait,americas_interocean,0.1389521640091116
2023-09-03,30.892857142857142,4.785714285714286,Panama Canal,Magellan Strait,americas_interocean,0.15491329479768787
2023-09-16,31.178571428571427,4.428571428571429,Panama Canal,Magellan Strait,americas_interocean,0.14203894616265753
2023-09-24,31.25,4.107142857142857,Panama Canal,Magellan Strait,americas_interocean,0.13142857142857142
2023-09-28,31.107142857142858,3.857142857142857,Panama Canal,Magellan Strait,americas_interocean,0.12399540757749714
2023-09-29,31.107142857142858,3.857142857142857,Panama Canal,Magellan Strait,americas_interocean,0.12399540757749714
2023-10-19,30.428571428571427,4.928571428571429,Panama Canal,Magellan Strait,americas_interocean,0.1619718309859155
2023-11-06,29.0,4.821428571428571,Panama Canal,Magellan Strait,americas_interocean,0.16625615763546797
2023-11-18,26.714285714285715,4.428571428571429,Panama Canal,Magellan Strait,americas_interocean,0.1657754010695187
2023-12-17,22.5,5.821428571428571,Panama Canal,Magellan Strait,americas_interocean,0.2587301587301587
2024-01-29,19.285714285714285,6.392857142857143,Panama Canal,Magellan Strait,americas_interocean,0.33148148148148154
2024-02-01,19.464285714285715,6.392857142857143,Panama Canal,Magellan Strait,americas_interocean,0.3284403669724771
2024-02-08,19.928571428571427,6.178571428571429,Panama Canal,Magellan Strait,americas_interocean,0.31003584229390685
2024-02-19,20.357142857142858,5.75,Panama Canal,Magellan Strait,americas_interocean,0.2824561403508772
2024-02-29,20.714285714285715,5.5,Panama Canal,Magellan Strait,americas_interocean,0.2655172413793103
2024-03-14,21.142857142857142,5.142857142857143,Panama Canal,Magellan Strait,americas_interocean,0.24324324324324326
2024-04-10,23.035714285714285,5.107142857142857,Panama Canal,Magellan Strait,americas_interocean,0.22170542635658913
2024-05-03,23.642857142857142,6.428571428571429,Panama Canal,Magellan Strait,americas_interocean,0.2719033232628399
2024-05-14,23.642857142857142,5.678571428571429,Panama Canal,Magellan Strait,americas_interocean,0.24018126888217525
2024-06-09,26.178571428571427,4.321428571428571,Panama Canal,Magellan Strait,americas_interocean,0.165075034106412
2024-06-14,26.714285714285715,4.357142857142857,Panama Canal,Magellan Strait,americas_interocean,0.16310160427807485
2024-07-06,27.428571428571427,3.9285714285714284,Panama Canal,Magellan Strait,americas_interocean,0.14322916666666666
2024-07-09,27.357142857142858,4.25,Panama Canal,Magellan Strait,americas_interocean,0.15535248041775457
2024-07-25,28.714285714285715,4.714285714285714,Panama Canal,Magellan Strait,americas_interocean,0.16417910447761194
2024-09-01,30.5,4.25,Panama Canal,Magellan Strait,americas_interocean,0.13934426229508196
2024-09-25,30.428571428571427,4.428571428571429,Panama Canal,Magellan Strait,americas_interocean,0.1455399061032864
2024-10-03,30.035714285714285,4.5,Panama Canal,Magellan Strait,americas_interocean,0.1498216409036861
2024-10-28,29.0,3.6785714285714284,Panama Canal,Magellan Strait,americas_interocean,0.12684729064039407
2024-11-03,29.642857142857142,3.4642857142857144,Panama Canal,Magellan Strait,americas_interocean,0.11686746987951808
2024-11-17,32.32142857142857,3.142857142857143,Panama Canal,Magellan Strait,americas_interocean,0.09723756906077348
2024-12-03,30.928571428571427,3.4642857142857144,Panama Canal,Magellan Strait,americas_interocean,0.11200923787528869
2024-12-23,31.25,3.5357142857142856,Panama Canal,Magellan Strait,americas_interocean,0.11314285714285714
2025-01-12,31.357142857142858,3.6785714285714284,Panama Canal,Magellan Strait,americas_interocean,0.11731207289293849
2025-02-12,29.928571428571427,3.5714285714285716,Panama Canal,Magellan Strait,americas_interocean,0.11933174224343676
2025-03-14,31.214285714285715,3.5357142857142856,Panama Canal,Magellan Strait,americas_interocean,0.11327231121281464
2025-04-19,31.321428571428573,3.5714285714285716,Panama Canal,Magellan Strait,americas_interocean,0.11402508551881414
2025-04-22,31.5,3.4285714285714284,Panama Canal,Magellan Strait,americas_interocean,0.10884353741496598
2025-05-07,31.857142857142858,3.892857142857143,Panama Canal,Magellan Strait,americas_interocean,0.12219730941704035
2025-05-24,30.785714285714285,4.285714285714286,Panama Canal,Magellan Strait,americas_interocean,0.13921113689095127
2025-06-15,29.892857142857142,4.214285714285714,Panama Canal,Magellan Strait,americas_interocean,0.14097968936678615
2025-06-19,29.214285714285715,4.25,Panama Canal,Magellan Strait,americas_interocean,0.14547677261613692
2025-07-02,29.464285714285715,4.5,Panama Canal,Magellan Strait,americas_interocean,0.1527272727272727
2025-07-16,31.535714285714285,5.0,Panama Canal,Magellan Strait,americas_interocean,0.15855039637599094
2025-07-21,32.142857142857146,5.428571428571429,Panama Canal,Magellan Strait,americas_interocean,0.1688888888888889
2025-08-04,31.428571428571427,5.321428571428571,Panama Canal,Magellan Strait,americas_interocean,0.1693181818181818
2025-08-18,30.107142857142858,4.821428571428571,Panama Canal,Magellan Strait,americas_interocean,0.16014234875444838
2025-10-24,32.17857142857143,3.9285714285714284,Panama Canal,Magellan Strait,americas_interocean,0.12208657047724748
2025-11-23,30.714285714285715,3.2857142857142856,Panama Canal,Magellan Strait,americas_interocean,0.10697674418604651
2025-12-05,31.964285714285715,3.3214285714285716,Panama Canal,Magellan Strait,americas_interocean,0.10391061452513967
2025-12-17,32.607142857142854,3.642857142857143,Panama Canal,Magellan Strait,americas_interocean,0.11171960569550932
2025-12-30,31.464285714285715,3.892857142857143,Panama Canal,Magellan Strait,americas_interocean,0.12372304199772985
2026-01-10,30.178571428571427,3.7142857142857144,Panama Canal,Magellan Strait,americas_interocean,0.12307692307692308
2026-01-20,30.785714285714285,3.7142857142857144,Panama Canal,Magellan Strait,americas_interocean,0.12064965197215778
2026-01-28,30.678571428571427,3.392857142857143,Panama Canal,Magellan Strait,americas_interocean,0.11059371362048895
2026-02-16,30.642857142857142,3.142857142857143,Panama Canal,Magellan Strait,americas_interocean,0.10256410256410256
2026-02-20,31.107142857142858,3.107142857142857,Panama Canal,Magellan Strait,americas_interocean,0.09988518943742825
2026-03-07,33.67857142857143,2.892857142857143,Panama Canal,Magellan Strait,americas_interocean,0.08589607635206786
2026-03-13,33.785714285714285,2.9642857142857144,Panama Canal,Magellan Strait,americas_interocean,0.08773784355179705
2026-04-03,33.607142857142854,4.142857142857143,Panama Canal,Magellan Strait,americas_interocean,0.12327311370882042
2026-04-05,33.75,3.9642857142857144,Panama Canal,Magellan Strait,americas_interocean,0.11746031746031746
2026-04-07,33.714285714285715,3.892857142857143,Panama Canal,Magellan Strait,americas_interocean,0.11546610169491525
2026-04-26,34.714285714285715,3.6785714285714284,Panama Canal,Magellan Strait,americas_interocean,0.1059670781893004
2026-04-29,34.857142857142854,3.7857142857142856,Panama Canal,Magellan Strait,americas_interocean,0.10860655737704919
2026-05-30,34.25,4.678571428571429,Panama Canal,Magellan Strait,americas_interocean,0.13660062565172054
2026-06-04,33.285714285714285,4.25,Panama Canal,Magellan Strait,americas_interocean,0.1276824034334764
2026-06-12,31.714285714285715,4.357142857142857,Panama Canal,Magellan Strait,americas_interocean,0.13738738738738737
2026-06-20,29.5,4.392857142857143,Panama Canal,Magellan Strait,americas_interocean,0.14891041162227603
2026-07-15,33.857142857142854,5.178571428571429,Panama Canal,Magellan Strait,americas_interocean,0.15295358649789031
2026-08-02,31.785714285714285,5.071428571428571,Panama Canal,Magellan Strait,americas_interocean,0.15955056179775282
2019-01-02,32.0,1.5,Panama Canal,Magellan Strait,americas_interocean,0.046875
2019-01-18,30.77777777777778,2.9444444444444446,Panama Canal,Magellan Strait,americas_interocean,0.09566787003610108
2019-02-01,31.607142857142858,3.5357142857142856,Panama Canal,Magellan Strait,americas_interocean,0.11186440677966102
2019-02-22,31.357142857142858,3.7857142857142856,Panama Canal,Magellan Strait,americas_interocean,0.12072892938496582
2019-02-23,31.214285714285715,3.642857142857143,Panama Canal,Magellan Strait,americas_interocean,0.11670480549199085
2019-02-24,31.535714285714285,3.642857142857143,Panama Canal,Magellan Strait,americas_interocean,0.11551528878822197
2019-02-27,31.571428571428573,3.6785714285714284,Panama Canal,Magellan Strait,americas_interocean,0.11651583710407239
2019-04-05,30.785714285714285,3.5357142857142856,Panama Canal,Magellan Strait,americas_interocean,0.1148491879350348
2019-04-22,29.714285714285715,4.0,Panama Canal,Magellan Strait,americas_interocean,0.1346153846153846
2019-05-06,30.464285714285715,3.9642857142857144,Panama Canal,Magellan Strait,americas_interocean,0.13012895662368112
2019-05-07,30.428571428571427,3.8214285714285716,Panama Canal,Magellan Strait,americas_interocean,0.1255868544600939
2019-06-01,31.178571428571427,3.4285714285714284,Panama Canal,Magellan Strait,americas_interocean,0.10996563573883161
2019-06-05,30.928571428571427,3.357142857142857,Panama Canal,Magellan Strait,americas_interocean,0.10854503464203234
2019-07-13,30.107142857142858,3.4642857142857144,Panama Canal,Magellan Strait,americas_interocean,0.11506524317912219
2019-07-26,30.285714285714285,3.3214285714285716,Panama Canal,Magellan Strait,americas_interocean,0.10966981132075472
2019-08-04,30.714285714285715,4.035714285714286,Panama Canal,Magellan Strait,americas_interocean,0.1313953488372093
2019-08-06,30.714285714285715,4.071428571428571,Panama Canal,Magellan Strait,americas_interocean,0.1325581395348837
2019-08-19,33.464285714285715,4.25,Panama Canal,Magellan Strait,americas_interocean,0.12700106723585913
2019-09-03,34.607142857142854,4.214285714285714,Panama Canal,Magellan Strait,americas_interocean,0.12177502579979362
2019-10-03,31.785714285714285,4.0,Panama Canal,Magellan Strait,americas_interocean,0.1258426966292135
2019-12-09,34.642857142857146,3.357142857142857,Panama Canal,Magellan Strait,americas_interocean,0.09690721649484535
2019-12-12,34.392857142857146,3.5714285714285716,Panama Canal,Magellan Strait,americas_interocean,0.10384215991692627
2019-12-19,34.642857142857146,3.607142857142857,Panama Canal,Magellan Strait,americas_interocean,0.10412371134020618
2019-12-21,34.5,3.5714285714285716,Panama Canal,Magellan Strait,americas_interocean,0.10351966873706005
2019-12-28,33.392857142857146,3.5,Panama Canal,Magellan Strait,americas_interocean,0.10481283422459892
2019-12-31,33.0,3.357142857142857,Panama Canal,Magellan Strait,americas_interocean,0.10173160173160173
2020-01-07,32.32142857142857,3.4642857142857144,Panama Canal,Magellan Strait,americas_interocean,0.10718232044198896
2020-01-16,31.857142857142858,3.142857142857143,Panama Canal,Magellan Strait,americas_interocean,0.09865470852017937
2020-02-08,49.035714285714285,13.785714285714286,Panama Canal,Magellan Strait,americas_interocean,0.2811361981063365
2020-03-13,31.678571428571427,2.892857142857143,Panama Canal,Magellan Strait,americas_interocean,0.09131905298759865
2020-04-07,30.642857142857142,3.0714285714285716,Panama Canal,Magellan Strait,americas_interocean,0.10023310023310024
2020-04-22,29.714285714285715,3.0714285714285716,Panama Canal,Magellan Strait,americas_interocean,0.10336538461538462
2020-05-08,29.75,3.3214285714285716,Panama Canal,Magellan Strait,americas_interocean,0.11164465786314526
2020-05-10,29.285714285714285,3.4285714285714284,Panama Canal,Magellan Strait,americas_interocean,0.11707317073170731
2020-05-21,27.821428571428573,2.9642857142857144,Panama Canal,Magellan Strait,americas_interocean,0.10654685494223363
2020-05-27,26.857142857142858,3.2142857142857144,Panama Canal,Magellan Strait,americas_interocean,0.1196808510638298
2020-05-28,26.821428571428573,3.1785714285714284,Panama Canal,Magellan Strait,americas_interocean,0.11850865512649798
2020-06-19,25.857142857142858,3.0357142857142856,Panama Canal,Magellan Strait,americas_interocean,0.11740331491712706
2020-06-28,26.25,2.7142857142857144,Panama Canal,Magellan Strait,americas_interocean,0.1034013605442177
2020-07-11,26.535714285714285,2.5714285714285716,Panama Canal,Magellan Strait,americas_interocean,0.09690444145356664
2020-07-21,27.214285714285715,2.9642857142857144,Panama Canal,Magellan Strait,americas_interocean,0.1089238845144357
2020-08-02,28.821428571428573,3.2857142857142856,Panama Canal,Magellan Strait,americas_interocean,0.11400247831474596
2020-09-24,29.464285714285715,2.857142857142857,Panama Canal,Magellan Strait,americas_interocean,0.09696969696969697
2020-11-15,32.964285714285715,3.0357142857142856,Panama Canal,Magellan Strait,americas_interocean,0.09209100758396532
2020-12-18,34.035714285714285,2.642857142857143,Panama Canal,Magellan Strait,americas_interocean,0.0776495278069255
2020-12-22,34.035714285714285,2.5,Panama Canal,Magellan Strait,americas_interocean,0.07345225603357818
2020-12-23,34.142857142857146,2.5357142857142856,Panama Canal,Magellan Strait,americas_interocean,0.07426778242677823
2021-01-14,32.67857142857143,2.7857142857142856,Panama Canal,Magellan Strait,americas_interocean,0.08524590163934426
2021-02-01,32.714285714285715,2.9642857142857144,Panama Canal,Magellan Strait,americas_interocean,0.0906113537117904
2021-02-03,32.82142857142857,2.9642857142857144,Panama Canal,Magellan Strait,americas_interocean,0.09031556039173015
2021-02-13,32.857142857142854,2.6785714285714284,Panama Canal,Magellan Strait,americas_interocean,0.08152173913043478
2021-02-18,32.964285714285715,2.357142857142857,Panama Canal,Magellan Strait,americas_interocean,0.07150595882990249
2021-03-04,33.17857142857143,2.7857142857142856,Panama Canal,Magellan Strait,americas_interocean,0.08396124865446716
2021-03-16,33.714285714285715,2.857142857142857,Panama Canal,Magellan Strait,americas_interocean,0.0847457627118644
2021-03-18,33.714285714285715,3.0,Panama Canal,Magellan Strait,americas_interocean,0.08898305084745763
2021-03-31,33.107142857142854,3.0714285714285716,Panama Canal,Magellan Strait,americas_interocean,0.09277238403451997
2021-04-01,33.107142857142854,3.0714285714285716,Panama Canal,Magellan Strait,americas_interocean,0.09277238403451997
2021-04-06,32.392857142857146,3.5714285714285716,Panama Canal,Magellan Strait,americas_interocean,0.11025358324145534
2021-04-11,32.25,3.4642857142857144,Panama Canal,Magellan Strait,americas_interocean,0.10741971207087486
2021-04-16,32.32142857142857,3.7142857142857144,Panama Canal,Magellan Strait,americas_interocean,0.11491712707182322
2021-04-20,32.535714285714285,3.607142857142857,Panama Canal,Magellan Strait,americas_interocean,0.11086717892425905
2021-04-27,32.32142857142857,3.5,Panama Canal,Magellan Strait,americas_interocean,0.10828729281767957
2021-05-04,31.964285714285715,3.4642857142857144,Panama Canal,Magellan Strait,americas_interocean,0.10837988826815642
2021-05-09,31.892857142857142,3.7142857142857144,Panama Canal,Magellan Strait,americas_interocean,0.11646136618141098
2021-06-17,32.035714285714285,3.357142857142857,Panama Canal,Magellan Strait,americas_interocean,0.10479375696767002
2021-08-07,33.92857142857143,4.785714285714286,Panama Canal,Magellan Strait,americas_interocean,0.14105263157894735
2021-08-17,34.92857142857143,5.107142857142857,Panama Canal,Magellan Strait,americas_interocean,0.1462167689161554
2021-08-22,34.0,5.5,Panama Canal,Magellan Strait,americas_interocean,0.16176470588235295
2021-08-23,33.92857142857143,5.392857142857143,Panama Canal,Magellan Strait,americas_interocean,0.15894736842105264
2021-10-19,31.035714285714285,4.785714285714286,Panama Canal,Magellan Strait,americas_interocean,0.15420023014959724
2021-11-05,33.07142857142857,4.392857142857143,Panama Canal,Magellan Strait,americas_interocean,0.13282937365010802
2021-11-06,33.035714285714285,4.5,Panama Canal,Magellan Strait,americas_interocean,0.1362162162162162
2021-12-25,35.714285714285715,4.142857142857143,Panama Canal,Magellan Strait,americas_interocean,0.116
2022-01-02,34.964285714285715,3.8214285714285716,Panama Canal,Magellan Strait,americas_interocean,0.10929519918283963
2022-01-06,34.464285714285715,3.7857142857142856,Panama Canal,Magellan Strait,americas_interocean,0.10984455958549222
2022-01-12,33.857142857142854,3.75,Panama Canal,Magellan Strait,americas_interocean,0.11075949367088608
2022-02-17,34.035714285714285,4.25,Panama Canal,Magellan Strait,americas_interocean,0.1248688352570829
2022-02-18,33.964285714285715,4.035714285714286,Panama Canal,Magellan Strait,americas_interocean,0.11882229232386961
2022-02-23,34.17857142857143,4.357142857142857,Panama Canal,Magellan Strait,americas_interocean,0.12748171368861022
2022-03-13,34.285714285714285,4.392857142857143,Panama Canal,Magellan Strait,americas_interocean,0.12812500000000002
2022-04-13,32.214285714285715,4.142857142857143,Panama Canal,Magellan Strait,americas_interocean,0.1286031042128603
2022-04-29,32.607142857142854,4.142857142857143,Panama Canal,Magellan Strait,americas_interocean,0.12705366922234396
2022-05-18,33.25,3.9642857142857144,Panama Canal,Magellan Strait,americas_interocean,0.11922663802363051
2022-06-26,35.035714285714285,3.7142857142857144,Panama Canal,Magellan Strait,americas_interocean,0.10601427115188584
2022-06-27,35.142857142857146,3.5714285714285716,Panama Canal,Magellan Strait,americas_interocean,0.1016260162601626
2022-07-22,31.642857142857142,3.857142857142857,Panama Canal,Magellan Strait,americas_interocean,0.12189616252821671
2022-07-26,31.678571428571427,4.035714285714286,Panama Canal,Magellan Strait,americas_interocean,0.1273957158962796
2022-07-28,31.75,3.9642857142857144,Panama Canal,Magellan Strait,americas_interocean,0.12485939257592801
2022-08-13,33.535714285714285,4.642857142857143,Panama Canal,Magellan Strait,americas_interocean,0.13844515441959532
2022-08-18,34.464285714285715,4.821428571428571,Panama Canal,Magellan Strait,americas_interocean,0.13989637305699482
2022-08-28,34.642857142857146,4.428571428571429,Panama Canal,Magellan Strait,americas_interocean,0.12783505154639174
2022-09-05,33.57142857142857,3.892857142857143,Panama Canal,Magellan Strait,americas_interocean,0.11595744680851064
2022-09-11,32.892857142857146,4.142857142857143,Panama Canal,Magellan Strait,americas_interocean,0.1259500542888165
2022-09-20,32.0,4.25,Panama Canal,Magellan Strait,americas_interocean,0.1328125
2022-11-02,33.357142857142854,4.142857142857143,Panama Canal,Magellan Strait,americas_interocean,0.12419700214132764
2022-11-03,33.285714285714285,3.9642857142857144,Panama Canal,Magellan Strait,americas_interocean,0.11909871244635194
2022-11-20,34.0,4.107142857142857,Panama Canal,Magellan Strait,americas_interocean,0.12079831932773108
2022-11-21,34.0,3.892857142857143,Panama Canal,Magellan Strait,americas_interocean,0.11449579831932773
2022-12-23,33.642857142857146,3.4285714285714284,Panama Canal,Magellan Strait,americas_interocean,0.1019108280254777
2023-01-23,33.035714285714285,3.5357142857142856,Panama Canal,Magellan Strait,americas_interocean,0.10702702702702703
2023-02-08,32.57142857142857,3.642857142857143,Panama Canal,Magellan Strait,americas_interocean,0.1118421052631579
2023-02-28,32.107142857142854,3.6785714285714284,Panama Canal,Magellan Strait,americas_interocean,0.11457174638487208
2023-03-05,32.357142857142854,3.642857142857143,Panama Canal,Magellan Strait,americas_interocean,0.11258278145695365
2023-03-06,32.357142857142854,3.642857142857143,Panama Canal,Magellan Strait,americas_interocean,0.11258278145695365
2023-03-10,32.285714285714285,3.7142857142857144,Panama Canal,Magellan Strait,americas_interocean,0.11504424778761063
2023-03-27,33.035714285714285,4.0,Panama Canal,Magellan Strait,americas_interocean,0.12108108108108108
2023-04-17,33.714285714285715,3.8214285714285716,Panama Canal,Magellan Strait,americas_interocean,0.11334745762711865
2023-04-20,34.07142857142857,4.071428571428571,Panama Canal,Magellan Strait,americas_interocean,0.11949685534591195
2023-04-26,33.714285714285715,4.285714285714286,Panama Canal,Magellan Strait,americas_interocean,0.1271186440677966
2023-05-09,32.857142857142854,4.214285714285714,Panama Canal,Magellan Strait,americas_interocean,0.1282608695652174
2023-05-13,32.32142857142857,4.25,Panama Canal,Magellan Strait,americas_interocean,0.13149171270718232
2023-05-14,32.285714285714285,4.357142857142857,Panama Canal,Magellan Strait,americas_interocean,0.13495575221238937
2023-05-15,32.07142857142857,4.285714285714286,Panama Canal,Magellan Strait,americas_interocean,0.133630289532294
2023-06-05,30.964285714285715,3.75,Panama Canal,Magellan Strait,americas_interocean,0.12110726643598616
2023-06-20,30.571428571428573,3.8214285714285716,Panama Canal,Magellan Strait,americas_interocean,0.125
2023-07-01,30.642857142857142,3.9642857142857144,Panama Canal,Magellan Strait,americas_interocean,0.12937062937062938
2023-07-04,30.892857142857142,3.8214285714285716,Panama Canal,Magellan Strait,americas_interocean,0.12369942196531793
2023-07-12,31.392857142857142,4.642857142857143,Panama Canal,Magellan Strait,americas_interocean,0.1478953356086462
2023-08-25,30.892857142857142,4.107142857142857,Panama Canal,Magellan Strait,americas_interocean,0.1329479768786127
2023-08-26,30.892857142857142,4.25,Panama Canal,Magellan Strait,americas_interocean,0.13757225433526013
2023-09-08,30.964285714285715,4.821428571428571,Panama Canal,Magellan Strait,americas_interocean,0.15570934256055363
2023-09-10,31.0,4.642857142857143,Panama Canal,Magellan Strait,americas_interocean,0.14976958525345624
2023-09-25,31.178571428571427,4.035714285714286,Panama Canal,Magellan Strait,americas_interocean,0.12943871706758306
2023-10-14,30.678571428571427,4.642857142857143,Panama Canal,Magellan Strait,americas_interocean,0.1513387660069849
2023-10-17,30.464285714285715,4.892857142857143,Panama Canal,Magellan Strait,americas_interocean,0.16060961313012898
2023-11-12,27.821428571428573,4.535714285714286,Panama Canal,Magellan Strait,americas_interocean,0.16302952503209242
2023-12-03,23.821428571428573,4.785714285714286,Panama Canal,Magellan Strait,americas_interocean,0.20089955022488754
2023-12-14,22.571428571428573,5.464285714285714,Panama Canal,Magellan Strait,americas_interocean,0.2420886075949367
2023-12-16,22.428571428571427,5.714285714285714,Panama Canal,Magellan Strait,americas_interocean,0.25477707006369427
2024-01-02,21.214285714285715,7.035714285714286,Panama Canal,Magellan Strait,americas_interocean,0.33164983164983164
2024-01-24,19.964285714285715,6.25,Panama Canal,Magellan Strait,americas_interocean,0.31305903398926654
2024-02-16,20.0,6.071428571428571,Panama Canal,Magellan Strait,americas_interocean,0.30357142857142855
2024-02-25,20.892857142857142,5.642857142857143,Panama Canal,Magellan Strait,americas_interocean,0.2700854700854701
2024-02-26,21.035714285714285,5.607142857142857,Panama Canal,Magellan Strait,americas_interocean,0.266553480475382
2024-03-05,20.678571428571427,5.178571428571429,Panama Canal,Magellan Strait,americas_interocean,0.2504317789291883
2024-03-12,21.142857142857142,5.071428571428571,Panama Canal,Magellan Strait,americas_interocean,0.23986486486486486
2024-03-18,21.107142857142858,4.821428571428571,Panama Canal,Magellan Strait,americas_interocean,0.22842639593908629
2024-03-19,21.107142857142858,4.678571428571429,Panama Canal,Magellan Strait,americas_interocean,0.22165820642978004
2024-03-20,21.25,4.642857142857143,Panama Canal,Magellan Strait,americas_interocean,0.21848739495798322
2024-04-01,22.107142857142858,4.892857142857143,Panama Canal,Magellan Strait,americas_interocean,0.22132471728594508
2024-04-12,23.178571428571427,5.107142857142857,Panama Canal,Magellan Strait,americas_interocean,0.22033898305084745
2024-04-27,23.714285714285715,6.142857142857143,Panama Canal,Magellan Strait,americas_interocean,0.25903614457831325
2024-06-02,24.821428571428573,4.714285714285714,Panama Canal,Magellan Strait,americas_interocean,0.18992805755395684
2024-06-07,25.678571428571427,4.357142857142857,Panama Canal,Magellan Strait,americas_interocean,0.16968011126564672
2024-06-10,26.321428571428573,4.357142857142857,Panama Canal,Magellan Strait,americas_interocean,0.16553595658073267
2024-07-01,27.821428571428573,4.107142857142857,Panama Canal,Magellan Strait,americas_interocean,0.14762516046213092
2024-07-02,27.642857142857142,4.142857142857143,Panama Canal,Magellan Strait,americas_interocean,0.14987080103359174
2024-07-14,27.75,4.464285714285714,Panama Canal,Magellan Strait,americas_interocean,0.16087516087516088
2024-08-18,28.75,4.392857142857143,Panama Canal,Magellan Strait,americas_interocean,0.15279503105590064
2024-09-26,30.321428571428573,4.285714285714286,Panama Canal,Magellan Strait,americas_interocean,0.14134275618374556
2024-09-27,30.285714285714285,4.321428571428571,Panama Canal,Magellan Strait,americas_interocean,0.14268867924528303
2024-09-29,30.178571428571427,4.285714285714286,Panama Canal,Magellan Strait,americas_interocean,0.14201183431952663
2024-11-27,31.571428571428573,3.357142857142857,Panama Canal,Magellan Strait,americas_interocean,0.10633484162895927
2024-12-10,30.464285714285715,3.4642857142857144,Panama Canal,Magellan Strait,americas_interocean,0.11371629542790153
2025-03-12,31.428571428571427,3.607142857142857,Panama Canal,Magellan Strait,americas_interocean,0.11477272727272728
2025-03-15,31.107142857142858,3.4285714285714284,Panama Canal,Magellan Strait,americas_interocean,0.11021814006888633
2025-04-17,31.5,3.4642857142857144,Panama Canal,Magellan Strait,americas_interocean,0.10997732426303855
2025-05-30,30.035714285714285,3.8214285714285716,Panama Canal,Magellan Strait,americas_interocean,0.12722948870392392
2025-06-04,29.464285714285715,3.7857142857142856,Panama Canal,Magellan Strait,americas_interocean,0.12848484848484848
2025-06-24,29.214285714285715,4.178571428571429,Panama Canal,Magellan Strait,americas_interocean,0.1430317848410758
2025-07-31,31.857142857142858,5.678571428571429,Panama Canal,Magellan Strait,americas_interocean,0.1782511210762332
2025-08-24,30.785714285714285,4.607142857142857,Panama Canal,Magellan Strait,americas_interocean,0.14965197215777262
2025-09-10,31.178571428571427,4.214285714285714,Panama Canal,Magellan Strait,americas_interocean,0.13516609392898055
2025-10-19,32.0,3.892857142857143,Panama Canal,Magellan Strait,americas_interocean,0.12165178571428571
2025-10-27,32.25,3.7142857142857144,Panama Canal,Magellan Strait,americas_interocean,0.11517165005537099
2025-11-11,31.785714285714285,3.642857142857143,Panama Canal,Magellan Strait,americas_interocean,0.11460674157303372
2025-11-14,31.607142857142858,3.5,Panama Canal,Magellan Strait,americas_interocean,0.11073446327683616
2025-11-24,30.821428571428573,3.357142857142857,Panama Canal,Magellan Strait,americas_interocean,0.10892236384704519
2025-12-02,31.785714285714285,3.607142857142857,Panama Canal,Magellan Strait,americas_interocean,0.11348314606741573
2025-12-09,32.17857142857143,3.607142857142857,Panama Canal,Magellan Strait,americas_interocean,0.11209766925638179
2026-01-04,30.285714285714285,3.607142857142857,Panama Canal,Magellan Strait,americas_interocean,0.11910377358490566
2026-01-22,30.714285714285715,3.5357142857142856,Panama Canal,Magellan Strait,americas_interocean,0.11511627906976743
2026-02-01,31.178571428571427,3.392857142857143,Panama Canal,Magellan Strait,americas_interocean,0.10882016036655212
2026-02-24,31.821428571428573,2.8214285714285716,Panama Canal,Magellan Strait,americas_interocean,0.08866442199775533
2026-03-14,34.0,2.9285714285714284,Panama Canal,Magellan Strait,americas_interocean,0.0861344537815126
2026-04-06,33.82142857142857,3.7857142857142856,Panama Canal,Magellan Strait,americas_interocean,0.1119324181626188
2026-04-16,33.5,3.7857142857142856,Panama Canal,Magellan Strait,americas_interocean,0.11300639658848614
2026-05-29,34.42857142857143,4.642857142857143,Panama Canal,Magellan Strait,americas_interocean,0.13485477178423236
2026-06-26,29.464285714285715,4.642857142857143,Panama Canal,Magellan Strait,americas_interocean,0.1575757575757576
2026-07-09,30.642857142857142,5.392857142857143,Panama Canal,Magellan Strait,americas_interocean,0.175990675990676
2026-08-13,29.642857142857142,4.928571428571429,Panama Canal,Magellan Strait,americas_interocean,0.16626506024096388
2019-01-04,31.25,3.25,Panama Canal,Magellan Strait,americas_interocean,0.104
2019-03-26,31.928571428571427,2.9642857142857144,Panama Canal,Magellan Strait,americas_interocean,0.09284116331096198
2019-04-02,31.071428571428573,3.7142857142857144,Panama Canal,Magellan Strait,americas_interocean,0.11954022988505747
2019-04-08,30.357142857142858,3.2142857142857144,Panama Canal,Magellan Strait,americas_interocean,0.10588235294117647
2019-04-15,30.107142857142858,3.4285714285714284,Panama Canal,Magellan Strait,americas_interocean,0.11387900355871886
2019-05-30,31.321428571428573,3.5357142857142856,Panama Canal,Magellan Strait,americas_interocean,0.11288483466362599
2019-06-08,31.142857142857142,3.142857142857143,Panama Canal,Magellan Strait,americas_interocean,0.10091743119266056
2019-06-09,31.0,3.1785714285714284,Panama Canal,Magellan Strait,americas_interocean,0.10253456221198157
2019-07-11,30.071428571428573,3.5357142857142856,Panama Canal,Magellan Strait,americas_interocean,0.1175771971496437
2019-07-17,30.285714285714285,3.75,Panama Canal,Magellan Strait,americas_interocean,0.12382075471698113
2019-08-13,32.464285714285715,4.035714285714286,Panama Canal,Magellan Strait,americas_interocean,0.1243124312431243
2019-09-05,34.25,3.9642857142857144,Panama Canal,Magellan Strait,americas_interocean,0.11574556830031282
2019-09-10,33.464285714285715,4.071428571428571,Panama Canal,Magellan Strait,americas_interocean,0.12166488794023478
2019-10-01,31.464285714285715,3.892857142857143,Panama Canal,Magellan Strait,americas_interocean,0.12372304199772985
2019-10-12,32.82142857142857,3.9285714285714284,Panama Canal,Magellan Strait,americas_interocean,0.11969532100108814
2019-10-14,32.785714285714285,3.9642857142857144,Panama Canal,Magellan Strait,americas_interocean,0.12091503267973858
2019-11-14,33.92857142857143,4.0,Panama Canal,Magellan Strait,americas_interocean,0.11789473684210526
2019-12-10,34.57142857142857,3.392857142857143,Panama Canal,Magellan Strait,americas_interocean,0.0981404958677686
2019-12-20,34.535714285714285,3.607142857142857,Panama Canal,Magellan Strait,americas_interocean,0.10444674250258532
2020-01-11,32.107142857142854,3.107142857142857,Panama Canal,Magellan Strait,americas_interocean,0.09677419354838711
2020-01-23,32.0,2.8214285714285716,Panama Canal,Magellan Strait,americas_interocean,0.08816964285714286
2020-02-13,48.92857142857143,13.428571428571429,Panama Canal,Magellan Strait,americas_interocean,0.27445255474452557
2020-02-16,49.0,13.392857142857142,Panama Canal,Magellan Strait,americas_interocean,0.27332361516034986
2020-03-04,31.607142857142858,2.5357142857142856,Panama Canal,Magellan Strait,americas_interocean,0.08022598870056497
2020-03-18,31.928571428571427,2.9642857142857144,Panama Canal,Magellan Strait,americas_interocean,0.09284116331096198
2020-03-23,31.892857142857142,3.107142857142857,Panama Canal,Magellan Strait,americas_interocean,0.09742441209406495
2020-04-02,31.5,3.1785714285714284,Panama Canal,Magellan Strait,americas_interocean,0.10090702947845805
2020-04-24,29.928571428571427,3.107142857142857,Panama Canal,Magellan Strait,americas_interocean,0.10381861575178998
2020-05-14,29.0,3.2857142857142856,Panama Canal,Magellan Strait,americas_interocean,0.11330049261083744
2020-05-16,28.821428571428573,3.25,Panama Canal,Magellan Strait,americas_interocean,0.1127633209417596
2020-05-22,27.535714285714285,3.107142857142857,Panama Canal,Magellan Strait,americas_interocean,0.11284046692607004
2020-08-06,29.071428571428573,3.4642857142857144,Panama Canal,Magellan Strait,americas_interocean,0.11916461916461916
2020-08-12,29.428571428571427,3.3214285714285716,Panama Canal,Magellan Strait,americas_interocean,0.11286407766990292
2020-08-16,29.428571428571427,3.357142857142857,Panama Canal,Magellan Strait,americas_interocean,0.11407766990291263
2020-08-17,29.642857142857142,3.357142857142857,Panama Canal,Magellan Strait,americas_interocean,0.11325301204819277
2020-08-30,30.642857142857142,3.5,Panama Canal,Magellan Strait,americas_interocean,0.11421911421911422
2020-08-31,30.464285714285715,3.5,Panama Canal,Magellan Strait,americas_interocean,0.1148886283704572
2020-09-03,30.25,3.392857142857143,Panama Canal,Magellan Strait,americas_interocean,0.11216056670602124
2020-09-14,29.821428571428573,3.142857142857143,Panama Canal,Magellan Strait,americas_interocean,0.10538922155688622
2020-09-18,29.821428571428573,2.857142857142857,Panama Canal,Magellan Strait,americas_interocean,0.09580838323353293
2020-09-19,29.678571428571427,2.7857142857142856,Panama Canal,Magellan Strait,americas_interocean,0.09386281588447654
2020-10-31,33.82142857142857,3.1785714285714284,Panama Canal,Magellan Strait,americas_interocean,0.09398099260823653
2020-11-09,33.607142857142854,3.0357142857142856,Panama Canal,Magellan Strait,americas_interocean,0.09032943676939427
2020-12-01,32.67857142857143,2.7857142857142856,Panama Canal,Magellan Strait,americas_interocean,0.08524590163934426
2020-12-02,32.964285714285715,2.9285714285714284,Panama Canal,Magellan Strait,americas_interocean,0.08884073672806066
2020-12-04,33.035714285714285,2.9285714285714284,Panama Canal,Magellan Strait,americas_interocean,0.08864864864864865
2020-12-21,34.07142857142857,2.4642857142857144,Panama Canal,Magellan Strait,americas_interocean,0.07232704402515724
2021-01-13,32.857142857142854,2.7142857142857144,Panama Canal,Magellan Strait,americas_interocean,0.08260869565217392
2021-02-12,33.107142857142854,2.6785714285714284,Panama Canal,Magellan Strait,americas_interocean,0.08090614886731391
2021-03-29,33.25,3.0357142857142856,Panama Canal,Magellan Strait,americas_interocean,0.09129967776584318
2021-04-19,32.464285714285715,3.7142857142857144,Panama Canal,Magellan Strait,americas_interocean,0.11441144114411442
2021-04-21,32.535714285714285,3.607142857142857,Panama Canal,Magellan Strait,americas_interocean,0.11086717892425905
2021-04-25,32.142857142857146,3.5714285714285716,Panama Canal,Magellan Strait,americas_interocean,0.1111111111111111
2021-05-14,31.285714285714285,3.5714285714285716,Panama Canal,Magellan Strait,americas_interocean,0.11415525114155252
2021-05-17,30.821428571428573,3.5357142857142856,Panama Canal,Magellan Strait,americas_interocean,0.11471610660486674
2021-06-02,31.357142857142858,3.6785714285714284,Panama Canal,Magellan Strait,americas_interocean,0.11731207289293849
2021-06-18,31.892857142857142,3.392857142857143,Panama Canal,Magellan Strait,americas_interocean,0.10638297872340426
2021-06-26,31.178571428571427,3.6785714285714284,Panama Canal,Magellan Strait,americas_interocean,0.11798396334478808
2021-07-14,28.785714285714285,3.9642857142857144,Panama Canal,Magellan Strait,americas_interocean,0.13771712158808935
2021-07-22,29.75,4.392857142857143,Panama Canal,Magellan Strait,americas_interocean,0.1476590636254502
2021-08-01,31.928571428571427,4.428571428571429,Panama Canal,Magellan Strait,americas_interocean,0.13870246085011187
2021-08-02,32.357142857142854,4.5,Panama Canal,Magellan Strait,americas_interocean,0.13907284768211922
2021-09-02,33.035714285714285,4.964285714285714,Panama Canal,Magellan Strait,americas_interocean,0.1502702702702703
2021-09-08,32.107142857142854,4.678571428571429,Panama Canal,Magellan Strait,americas_interocean,0.14571746384872084
2021-09-15,30.464285714285715,4.25,Panama Canal,Magellan Strait,americas_interocean,0.1395076201641266
2021-09-25,28.785714285714285,4.464285714285714,Panama Canal,Magellan Strait,americas_interocean,0.15508684863523575
2021-09-29,28.535714285714285,4.285714285714286,Panama Canal,Magellan Strait,americas_interocean,0.15018773466833543
2021-10-23,31.892857142857142,4.642857142857143,Panama Canal,Magellan Strait,americas_interocean,0.14557670772676373
2021-11-15,33.67857142857143,4.428571428571429,Panama Canal,Magellan Strait,americas_interocean,0.13149522799575822
2021-11-29,35.107142857142854,4.071428571428571,Panama Canal,Magellan Strait,americas_interocean,0.11597151576805698
2021-12-17,36.32142857142857,4.0,Panama Canal,Magellan Strait,americas_interocean,0.11012782694198624
2022-01-03,34.82142857142857,3.857142857142857,Panama Canal,Magellan Strait,americas_interocean,0.11076923076923077
2022-02-07,33.535714285714285,3.857142857142857,Panama Canal,Magellan Strait,americas_interocean,0.11501597444089458
2022-03-30,32.964285714285715,4.071428571428571,Panama Canal,Magellan Strait,americas_interocean,0.12351029252437702
2022-04-09,32.464285714285715,4.142857142857143,Panama Canal,Magellan Strait,americas_interocean,0.1276127612761276
2022-05-03,32.714285714285715,3.892857142857143,Panama Canal,Magellan Strait,americas_interocean,0.11899563318777293
2022-05-22,33.107142857142854,4.107142857142857,Panama Canal,Magellan Strait,americas_interocean,0.12405609492988134
2022-05-30,33.107142857142854,4.178571428571429,Panama Canal,Magellan Strait,americas_interocean,0.12621359223300974
2022-06-02,33.214285714285715,4.357142857142857,Panama Canal,Magellan Strait,americas_interocean,0.13118279569892471
2022-06-21,34.857142857142854,3.642857142857143,Panama Canal,Magellan Strait,americas_interocean,0.10450819672131148
2022-06-23,35.25,3.5357142857142856,Panama Canal,Magellan Strait,americas_interocean,0.10030395136778116
2022-07-21,31.678571428571427,3.7857142857142856,Panama Canal,Magellan Strait,americas_interocean,0.11950394588500564
2022-09-10,32.92857142857143,4.178571428571429,Panama Canal,Magellan Strait,americas_interocean,0.12689804772234273
2022-09-28,31.75,4.142857142857143,Panama Canal,Magellan Strait,americas_interocean,0.13048368953880765
2022-10-01,32.142857142857146,4.142857142857143,Panama Canal,Magellan Strait,americas_interocean,0.1288888888888889
2022-10-07,32.32142857142857,4.285714285714286,Panama Canal,Magellan Strait,americas_interocean,0.13259668508287292
2022-10-16,32.17857142857143,4.285714285714286,Panama Canal,Magellan Strait,americas_interocean,0.1331853496115427
2022-10-29,33.214285714285715,4.214285714285714,Panama Canal,Magellan Strait,americas_interocean,0.12688172043010754
2022-11-01,33.25,4.107142857142857,Panama Canal,Magellan Strait,americas_interocean,0.12352309344790546
2022-11-25,33.785714285714285,3.7857142857142856,Panama Canal,Magellan Strait,americas_interocean,0.11205073995771671
2022-12-05,33.5,3.857142857142857,Panama Canal,Magellan Strait,americas_interocean,0.11513859275053305
2023-01-03,34.07142857142857,2.892857142857143,Panama Canal,Magellan Strait,americas_interocean,0.0849056603773585
2023-01-26,32.92857142857143,3.4285714285714284,Panama Canal,Magellan Strait,americas_interocean,0.10412147505422992
2023-01-30,32.857142857142854,3.607142857142857,Panama Canal,Magellan Strait,americas_interocean,0.10978260869565219
2023-02-10,32.57142857142857,3.5357142857142856,Panama Canal,Magellan Strait,americas_interocean,0.10855263157894737
2023-03-15,32.67857142857143,4.035714285714286,Panama Canal,Magellan Strait,americas_interocean,0.12349726775956282
2023-03-16,32.607142857142854,4.107142857142857,Panama Canal,Magellan Strait,americas_interocean,0.12595837897042717
2023-04-25,33.892857142857146,4.071428571428571,Panama Canal,Magellan Strait,americas_interocean,0.12012644889357216
2023-05-26,31.5,4.0,Panama Canal,Magellan Strait,americas_interocean,0.12698412698412698
2023-05-28,31.107142857142858,3.9285714285714284,Panama Canal,Magellan Strait,americas_interocean,0.12629161882893225
2023-06-02,31.0,4.285714285714286,Panama Canal,Magellan Strait,americas_interocean,0.13824884792626727
2023-07-05,31.0,3.857142857142857,Panama Canal,Magellan Strait,americas_interocean,0.12442396313364056
2023-07-24,31.464285714285715,4.535714285714286,Panama Canal,Magellan Strait,americas_interocean,0.1441543700340522
2023-08-07,31.321428571428573,4.25,Panama Canal,Magellan Strait,americas_interocean,0.13568985176738882
2023-08-16,31.107142857142858,4.107142857142857,Panama Canal,Magellan Strait,americas_interocean,0.13203214695752008
2023-08-30,30.857142857142858,4.678571428571429,Panama Canal,Magellan Strait,americas_interocean,0.15162037037037038
2023-09-04,30.857142857142858,4.714285714285714,Panama Canal,Magellan Strait,americas_interocean,0.1527777777777778
2023-10-05,30.857142857142858,4.214285714285714,Panama Canal,Magellan Strait,americas_interocean,0.13657407407407407
2023-10-20,30.357142857142858,4.964285714285714,Panama Canal,Magellan Strait,americas_interocean,0.1635294117647059
2023-10-25,30.142857142857142,4.892857142857143,Panama Canal,Magellan Strait,americas_interocean,0.1623222748815166
2023-11-02,30.035714285714285,4.892857142857143,Panama Canal,Magellan Strait,americas_interocean,0.16290130796670632
2023-11-24,24.857142857142858,4.392857142857143,Panama Canal,Magellan Strait,americas_interocean,0.1767241379310345
2023-11-29,23.892857142857142,4.535714285714286,Panama Canal,Magellan Strait,americas_interocean,0.1898355754857997
2024-01-01,21.25,7.035714285714286,Panama Canal,Magellan Strait,americas_interocean,0.3310924369747899
2024-01-25,19.607142857142858,6.25,Panama Canal,Magellan Strait,americas_interocean,0.31876138433515483
2024-02-21,20.642857142857142,5.857142857142857,Panama Canal,Magellan Strait,americas_interocean,0.28373702422145325
2024-03-16,21.0,4.821428571428571,Panama Canal,Magellan Strait,americas_interocean,0.22959183673469385
2024-05-24,24.464285714285715,5.214285714285714,Panama Canal,Magellan Strait,americas_interocean,0.21313868613138687
2024-06-01,24.714285714285715,4.892857142857143,Panama Canal,Magellan Strait,americas_interocean,0.19797687861271676
2024-07-12,27.5,4.285714285714286,Panama Canal,Magellan Strait,americas_interocean,0.15584415584415584
2024-10-02,29.857142857142858,4.392857142857143,Panama Canal,Magellan Strait,americas_interocean,0.14712918660287083
2024-10-31,29.285714285714285,3.392857142857143,Panama Canal,Magellan Strait,americas_interocean,0.11585365853658537
2024-11-05,30.178571428571427,3.5357142857142856,Panama Canal,Magellan Strait,americas_interocean,0.11715976331360947
2024-11-19,32.142857142857146,3.0357142857142856,Panama Canal,Magellan Strait,americas_interocean,0.09444444444444443
2024-12-12,30.214285714285715,3.357142857142857,Panama Canal,Magellan Strait,americas_interocean,0.1111111111111111
2025-01-01,31.321428571428573,3.857142857142857,Panama Canal,Magellan Strait,americas_interocean,0.12314709236031926
2025-01-24,30.285714285714285,3.2857142857142856,Panama Canal,Magellan Strait,americas_interocean,0.10849056603773585
2025-02-05,29.892857142857142,3.4642857142857144,Panama Canal,Magellan Strait,americas_interocean,0.11589008363201912
2025-02-09,30.0,3.7142857142857144,Panama Canal,Magellan Strait,americas_interocean,0.12380952380952381
2025-02-17,30.678571428571427,3.7142857142857144,Panama Canal,Magellan Strait,americas_interocean,0.12107101280558791
2025-03-13,31.321428571428573,3.5714285714285716,Panama Canal,Magellan Strait,americas_interocean,0.11402508551881414
2025-04-05,31.0,3.4642857142857144,Panama Canal,Magellan Strait,americas_interocean,0.11175115207373272
2025-04-07,31.142857142857142,3.6785714285714284,Panama Canal,Magellan Strait,americas_interocean,0.11811926605504587
2025-04-09,31.392857142857142,3.857142857142857,Panama Canal,Magellan Strait,americas_interocean,0.12286689419795223
2025-04-13,31.535714285714285,3.75,Panama Canal,Magellan Strait,americas_interocean,0.11891279728199321
2025-04-21,31.607142857142858,3.5714285714285716,Panama Canal,Magellan Strait,americas_interocean,0.11299435028248588
2025-04-28,31.607142857142858,4.035714285714286,Panama Canal,Magellan Strait,americas_interocean,0.12768361581920903
2025-04-30,31.321428571428573,4.035714285714286,Panama Canal,Magellan Strait,americas_interocean,0.12884834663625996
2025-06-11,29.678571428571427,3.9285714285714284,Panama Canal,Magellan Strait,americas_interocean,0.13237063778580024
2025-06-16,29.642857142857142,4.285714285714286,Panama Canal,Magellan Strait,americas_interocean,0.14457831325301204
2025-07-30,31.75,5.571428571428571,Panama Canal,Magellan Strait,americas_interocean,0.17547806524184476
2025-08-05,31.178571428571427,5.392857142857143,Panama Canal,Magellan Strait,americas_interocean,0.17296678121420392
2025-08-21,30.571428571428573,4.714285714285714,Panama Canal,Magellan Strait,americas_interocean,0.1542056074766355
2025-09-15,31.357142857142858,4.357142857142857,Panama Canal,Magellan Strait,americas_interocean,0.1389521640091116
2025-09-18,31.607142857142858,4.285714285714286,Panama Canal,Magellan Strait,americas_interocean,0.13559322033898305
2025-09-21,31.535714285714285,4.392857142857143,Panama Canal,Magellan Strait,americas_interocean,0.13929784824462063
2025-09-28,31.785714285714285,4.535714285714286,Panama Canal,Magellan Strait,americas_interocean,0.14269662921348314
2025-09-29,31.821428571428573,4.321428571428571,Panama Canal,Magellan Strait,americas_interocean,0.13580246913580246
2025-11-19,31.035714285714285,3.142857142857143,Panama Canal,Magellan Strait,americas_interocean,0.10126582278481013
2025-11-26,31.107142857142858,3.25,Panama Canal,Magellan Strait,americas_interocean,0.1044776119402985
2025-12-24,32.464285714285715,3.5714285714285716,Panama Canal,Magellan Strait,americas_interocean,0.11001100110011001
2026-04-17,33.82142857142857,3.857142857142857,Panama Canal,Magellan Strait,americas_interocean,0.11404435058078143
2026-04-19,34.17857142857143,3.75,Panama Canal,Magellan Strait,americas_interocean,0.10971786833855798
2026-04-27,34.535714285714285,3.7857142857142856,Panama Canal,Magellan Strait,americas_interocean,0.10961737331954498
2026-05-06,35.57142857142857,4.25,Panama Canal,Magellan Strait,americas_interocean,0.11947791164658635
2026-05-10,35.714285714285715,4.392857142857143,Panama Canal,Magellan Strait,americas_interocean,0.12300000000000001
2026-05-24,34.92857142857143,4.714285714285714,Panama Canal,Magellan Strait,americas_interocean,0.13496932515337423
2026-06-14,30.964285714285715,4.357142857142857,Panama Canal,Magellan Strait,americas_interocean,0.14071510957324104
2026-06-24,29.321428571428573,4.714285714285714,Panama Canal,Magellan Strait,americas_interocean,0.1607795371498173
2026-07-12,31.392857142857142,5.357142857142857,Panama Canal,Magellan Strait,americas_interocean,0.1706484641638225
2026-07-26,32.392857142857146,5.178571428571429,Panama Canal,Magellan Strait,americas_interocean,0.15986769570011025
2026-07-28,32.357142857142854,5.214285714285714,Panama Canal,Magellan Strait,americas_interocean,0.1611479028697572
2026-07-30,32.214285714285715,5.035714285714286,Panama Canal,Magellan Strait,americas_interocean,0.15631929046563192
2026-08-06,31.785714285714285,5.0,Panama Canal,Magellan Strait,americas_interocean,0.15730337078651685
2019-01-05,32.8,3.0,Panama Canal,Magellan Strait,americas_interocean,0.09146341463414635
2019-01-07,32.0,2.5714285714285716,Panama Canal,Magellan Strait,americas_interocean,0.08035714285714286
2019-01-11,30.454545454545453,2.8181818181818183,Panama Canal,Magellan Strait,americas_interocean,0.09253731343283583
2019-01-22,31.136363636363637,3.272727272727273,Panama Canal,Magellan Strait,americas_interocean,0.10510948905109489
2019-02-05,31.785714285714285,3.8214285714285716,Panama Canal,Magellan Strait,americas_interocean,0.1202247191011236
2019-02-06,31.785714285714285,4.035714285714286,Panama Canal,Magellan Strait,americas_interocean,0.12696629213483146
2019-02-12,32.357142857142854,4.142857142857143,Panama Canal,Magellan Strait,americas_interocean,0.12803532008830024
2019-02-21,31.214285714285715,3.607142857142857,Panama Canal,Magellan Strait,americas_interocean,0.11556064073226545
2019-03-11,31.642857142857142,3.25,Panama Canal,Magellan Strait,americas_interocean,0.10270880361173815
2019-04-20,29.428571428571427,3.7142857142857144,Panama Canal,Magellan Strait,americas_interocean,0.1262135922330097
2019-05-09,30.892857142857142,3.8214285714285716,Panama Canal,Magellan Strait,americas_interocean,0.12369942196531793
2019-05-23,31.428571428571427,3.642857142857143,Panama Canal,Magellan Strait,americas_interocean,0.1159090909090909
2019-06-17,30.428571428571427,2.9285714285714284,Panama Canal,Magellan Strait,americas_interocean,0.09624413145539906
2019-08-12,32.035714285714285,4.035714285714286,Panama Canal,Magellan Strait,americas_interocean,0.12597547380156077
2019-09-12,33.107142857142854,4.25,Panama Canal,Magellan Strait,americas_interocean,0.1283710895361381
2019-09-20,32.82142857142857,4.071428571428571,Panama Canal,Magellan Strait,americas_interocean,0.12404787812840043
2019-09-25,32.25,4.071428571428571,Panama Canal,Magellan Strait,americas_interocean,0.12624584717607973
2019-10-06,32.107142857142854,4.285714285714286,Panama Canal,Magellan Strait,americas_interocean,0.13348164627363737
2019-10-28,33.857142857142854,3.7142857142857144,Panama Canal,Magellan Strait,americas_interocean,0.10970464135021099
2019-11-02,34.142857142857146,3.7142857142857144,Panama Canal,Magellan Strait,americas_interocean,0.10878661087866108
2019-12-22,34.32142857142857,3.5,Panama Canal,Magellan Strait,americas_interocean,0.10197710718002082
2019-12-27,33.75,3.4285714285714284,Panama Canal,Magellan Strait,americas_interocean,0.10158730158730159
2020-01-14,31.821428571428573,3.3214285714285716,Panama Canal,Magellan Strait,americas_interocean,0.10437710437710437
2020-01-18,31.821428571428573,3.107142857142857,Panama Canal,Magellan Strait,americas_interocean,0.09764309764309764
2020-02-20,48.392857142857146,13.428571428571429,Panama Canal,Magellan Strait,americas_interocean,0.27749077490774904
2020-03-08,31.678571428571427,2.5714285714285716,Panama Canal,Magellan Strait,americas_interocean,0.08117249154453214
2020-04-06,30.714285714285715,2.9642857142857144,Panama Canal,Magellan Strait,americas_interocean,0.09651162790697675
2020-04-15,29.928571428571427,3.2857142857142856,Panama Canal,Magellan Strait,americas_interocean,0.10978520286396182
2020-04-20,29.821428571428573,3.107142857142857,Panama Canal,Magellan Strait,americas_interocean,0.10419161676646706
2020-05-04,29.75,3.25,Panama Canal,Magellan Strait,americas_interocean,0.1092436974789916
2020-05-09,29.535714285714285,3.2857142857142856,Panama Canal,Magellan Strait,americas_interocean,0.11124546553808948
2020-05-11,29.107142857142858,3.4285714285714284,Panama Canal,Magellan Strait,americas_interocean,0.11779141104294477
2020-05-12,29.142857142857142,3.3214285714285716,Panama Canal,Magellan Strait,americas_interocean,0.11397058823529413
2020-07-15,26.714285714285715,2.5357142857142856,Panama Canal,Magellan Strait,americas_interocean,0.09491978609625668
2020-08-20,30.107142857142858,3.5,Panama Canal,Magellan Strait,americas_interocean,0.1162514827995255
2020-09-10,29.964285714285715,3.6785714285714284,Panama Canal,Magellan Strait,americas_interocean,0.12276519666269367
2020-09-22,29.642857142857142,2.857142857142857,Panama Canal,Magellan Strait,americas_interocean,0.0963855421686747
2020-09-25,29.5,2.9642857142857144,Panama Canal,Magellan Strait,americas_interocean,0.10048426150121066
2020-10-11,31.321428571428573,3.392857142857143,Panama Canal,Magellan Strait,americas_interocean,0.10832383124287343
2020-10-16,31.535714285714285,3.5,Panama Canal,Magellan Strait,americas_interocean,0.11098527746319366
2020-10-28,33.642857142857146,3.107142857142857,Panama Canal,Magellan Strait,americas_interocean,0.09235668789808917
2020-11-01,33.92857142857143,3.25,Panama Canal,Magellan Strait,americas_interocean,0.09578947368421052
2020-12-16,33.964285714285715,2.75,Panama Canal,Magellan Strait,americas_interocean,0.08096740273396424
2020-12-31,33.5,2.607142857142857,Panama Canal,Magellan Strait,americas_interocean,0.07782515991471216
2021-01-05,33.17857142857143,2.5357142857142856,Panama Canal,Magellan Strait,americas_interocean,0.07642626480086114
2021-01-08,33.0,2.5,Panama Canal,Magellan Strait,americas_interocean,0.07575757575757576
2021-02-20,33.142857142857146,2.4285714285714284,Panama Canal,Magellan Strait,americas_interocean,0.07327586206896551
2021-02-27,33.107142857142854,2.8214285714285716,Panama Canal,Magellan Strait,americas_interocean,0.08522114347357067
2021-03-24,33.25,3.107142857142857,Panama Canal,Magellan Strait,americas_interocean,0.09344790547798067
2021-06-08,31.464285714285715,3.5357142857142856,Panama Canal,Magellan Strait,americas_interocean,0.11237230419977298
2021-08-29,33.57142857142857,5.107142857142857,Panama Canal,Magellan Strait,americas_interocean,0.15212765957446808
2021-09-18,30.321428571428573,4.142857142857143,Panama Canal,Magellan Strait,americas_interocean,0.13663133097762073
2021-10-12,29.392857142857142,4.642857142857143,Panama Canal,Magellan Strait,americas_interocean,0.15795868772782504
2021-10-13,29.678571428571427,4.642857142857143,Panama Canal,Magellan Strait,americas_interocean,0.15643802647412758
2021-10-25,32.142857142857146,4.678571428571429,Panama Canal,Magellan Strait,americas_interocean,0.14555555555555555
2021-10-31,32.535714285714285,4.5,Panama Canal,Magellan Strait,americas_interocean,0.13830954994511527
2021-11-17,33.82142857142857,4.285714285714286,Panama Canal,Magellan Strait,americas_interocean,0.12671594508975714
2021-12-10,36.42857142857143,4.107142857142857,Panama Canal,Magellan Strait,americas_interocean,0.11274509803921567
2022-02-10,34.035714285714285,3.9642857142857144,Panama Canal,Magellan Strait,americas_interocean,0.11647429171038826
2022-02-26,34.357142857142854,4.321428571428571,Panama Canal,Magellan Strait,americas_interocean,0.1257796257796258
2022-03-05,34.75,4.535714285714286,Panama Canal,Magellan Strait,americas_interocean,0.13052415210688592
2022-03-15,34.5,4.428571428571429,Panama Canal,Magellan Strait,americas_interocean,0.12836438923395446
2022-04-03,32.785714285714285,3.892857142857143,Panama Canal,Magellan Strait,americas_interocean,0.1187363834422658
2022-05-02,32.535714285714285,4.035714285714286,Panama Canal,Magellan Strait,americas_interocean,0.12403951701427003
2022-05-17,33.285714285714285,3.9642857142857144,Panama Canal,Magellan Strait,americas_interocean,0.11909871244635194
2022-08-04,32.107142857142854,4.357142857142857,Panama Canal,Magellan Strait,americas_interocean,0.135706340378198
2022-08-29,34.785714285714285,4.321428571428571,Panama Canal,Magellan Strait,americas_interocean,0.12422997946611909
2022-08-30,34.57142857142857,4.428571428571429,Panama Canal,Magellan Strait,americas_interocean,0.12809917355371903
2022-09-14,32.82142857142857,4.357142857142857,Panama Canal,Magellan Strait,americas_interocean,0.13275299238302501
2022-09-26,31.642857142857142,4.142857142857143,Panama Canal,Magellan Strait,americas_interocean,0.13092550790067722
2022-10-27,33.17857142857143,4.321428571428571,Panama Canal,Magellan Strait,americas_interocean,0.13024757804090417
2022-11-17,34.17857142857143,4.071428571428571,Panama Canal,Magellan Strait,americas_interocean,0.11912225705329152
2022-12-09,33.607142857142854,3.892857142857143,Panama Canal,Magellan Strait,americas_interocean,0.11583421891604677
2023-01-05,34.07142857142857,3.0714285714285716,Panama Canal,Magellan Strait,americas_interocean,0.09014675052410903
2023-02-06,32.57142857142857,3.607142857142857,Panama Canal,Magellan Strait,americas_interocean,0.11074561403508773
2023-03-12,32.535714285714285,3.857142857142857,Panama Canal,Magellan Strait,americas_interocean,0.1185510428100988
2023-04-01,33.142857142857146,3.857142857142857,Panama Canal,Magellan Strait,americas_interocean,0.11637931034482758
2023-04-08,33.25,3.9642857142857144,Panama Canal,Magellan Strait,americas_interocean,0.11922663802363051
2023-05-16,31.714285714285715,4.392857142857143,Panama Canal,Magellan Strait,americas_interocean,0.13851351351351351
2023-05-27,31.321428571428573,3.9285714285714284,Panama Canal,Magellan Strait,americas_interocean,0.12542759407069554
2023-07-03,30.75,3.9642857142857144,Panama Canal,Magellan Strait,americas_interocean,0.1289198606271777
2023-07-08,30.928571428571427,4.214285714285714,Panama Canal,Magellan Strait,americas_interocean,0.13625866050808316
2023-07-18,31.678571428571427,4.321428571428571,Panama Canal,Magellan Strait,americas_interocean,0.13641488162344984
2023-07-20,31.75,4.75,Panama Canal,Magellan Strait,americas_interocean,0.14960629921259844
2023-08-15,31.142857142857142,4.321428571428571,Panama Canal,Magellan Strait,americas_interocean,0.13876146788990826
2023-08-22,31.071428571428573,4.321428571428571,Panama Canal,Magellan Strait,americas_interocean,0.13908045977011493
2023-09-06,30.821428571428573,4.678571428571429,Panama Canal,Magellan Strait,americas_interocean,0.15179606025492468
2023-09-11,31.071428571428573,4.571428571428571,Panama Canal,Magellan Strait,americas_interocean,0.1471264367816092
2023-10-02,30.928571428571427,3.7857142857142856,Panama Canal,Magellan Strait,americas_interocean,0.12240184757505773
2023-11-30,23.714285714285715,4.607142857142857,Panama Canal,Magellan Strait,americas_interocean,0.1942771084337349
2023-12-08,23.107142857142858,5.25,Panama Canal,Magellan Strait,americas_interocean,0.22720247295208654
2024-01-05,21.107142857142858,7.25,Panama Canal,Magellan Strait,americas_interocean,0.34348561759729274
2024-01-11,20.821428571428573,7.107142857142857,Panama Canal,Magellan Strait,americas_interocean,0.3413379073756432
2024-02-09,19.785714285714285,6.285714285714286,Panama Canal,Magellan Strait,americas_interocean,0.3176895306859206
2024-02-13,19.785714285714285,6.25,Panama Canal,Magellan Strait,americas_interocean,0.315884476534296
2024-02-18,20.25,5.857142857142857,Panama Canal,Magellan Strait,americas_interocean,0.2892416225749559
2024-02-20,20.571428571428573,5.75,Panama Canal,Magellan Strait,americas_interocean,0.2795138888888889
2024-03-27,21.607142857142858,4.25,Panama Canal,Magellan Strait,americas_interocean,0.19669421487603306
2024-04-14,23.25,5.607142857142857,Panama Canal,Magellan Strait,americas_interocean,0.2411674347158218
2024-05-12,23.571428571428573,6.071428571428571,Panama Canal,Magellan Strait,americas_interocean,0.25757575757575757
2024-06-29,27.571428571428573,4.035714285714286,Panama Canal,Magellan Strait,americas_interocean,0.14637305699481865
2024-07-08,27.357142857142858,4.214285714285714,Panama Canal,Magellan Strait,americas_interocean,0.15404699738903394
2024-07-26,28.857142857142858,4.75,Panama Canal,Magellan Strait,americas_interocean,0.1646039603960396
2024-08-08,28.571428571428573,4.964285714285714,Panama Canal,Magellan Strait,americas_interocean,0.17375
2024-09-11,31.0,4.571428571428571,Panama Canal,Magellan Strait,americas_interocean,0.14746543778801843
2024-09-23,30.642857142857142,4.535714285714286,Panama Canal,Magellan Strait,americas_interocean,0.14801864801864803
2024-10-04,29.964285714285715,4.571428571428571,Panama Canal,Magellan Strait,americas_interocean,0.15256257449344457
2024-11-08,30.714285714285715,3.75,Panama Canal,Magellan Strait,americas_interocean,0.12209302325581395
2024-11-10,31.178571428571427,3.5714285714285716,Panama Canal,Magellan Strait,americas_interocean,0.11454753722794961
2024-11-26,31.535714285714285,3.357142857142857,Panama Canal,Magellan Strait,americas_interocean,0.10645526613816535
2024-12-07,30.785714285714285,3.2142857142857144,Panama Canal,Magellan Strait,americas_interocean,0.10440835266821347
2024-12-11,30.571428571428573,3.4285714285714284,Panama Canal,Magellan Strait,americas_interocean,0.11214953271028036
2025-01-14,31.428571428571427,3.5714285714285716,Panama Canal,Magellan Strait,americas_interocean,0.11363636363636365
2025-03-01,31.785714285714285,3.9285714285714284,Panama Canal,Magellan Strait,americas_interocean,0.12359550561797752
2025-03-21,31.75,3.4642857142857144,Panama Canal,Magellan Strait,americas_interocean,0.10911136107986502
2025-04-23,31.642857142857142,3.5714285714285716,Panama Canal,Magellan Strait,americas_interocean,0.11286681715575622
2025-05-03,31.464285714285715,4.107142857142857,Panama Canal,Magellan Strait,americas_interocean,0.13053348467650397
2025-05-04,31.535714285714285,4.035714285714286,Panama Canal,Magellan Strait,americas_interocean,0.12797281993204984
2025-05-11,31.535714285714285,4.25,Panama Canal,Magellan Strait,americas_interocean,0.1347678369195923
2025-05-13,31.035714285714285,4.285714285714286,Panama Canal,Magellan Strait,americas_interocean,0.1380897583429229
2025-06-09,29.75,3.9285714285714284,Panama Canal,Magellan Strait,americas_interocean,0.13205282112845138
2025-06-17,29.678571428571427,4.321428571428571,Panama Canal,Magellan Strait,americas_interocean,0.14560770156438027
2025-06-30,29.928571428571427,4.285714285714286,Panama Canal,Magellan Strait,americas_interocean,0.1431980906921241
2025-07-03,29.178571428571427,4.428571428571429,Panama Canal,Magellan Strait,americas_interocean,0.1517747858017136
2025-07-04,29.392857142857142,4.535714285714286,Panama Canal,Magellan Strait,americas_interocean,0.1543134872417983
2025-07-07,29.964285714285715,4.535714285714286,Panama Canal,Magellan Strait,americas_interocean,0.15137067938021453
2025-07-10,30.821428571428573,4.75,Panama Canal,Magellan Strait,americas_interocean,0.1541135573580533
2025-08-07,30.714285714285715,5.25,Panama Canal,Magellan Strait,americas_interocean,0.17093023255813952
2025-08-15,30.607142857142858,5.25,Panama Canal,Magellan Strait,americas_interocean,0.17152858809801633
2025-09-09,31.25,4.25,Panama Canal,Magellan Strait,americas_interocean,0.136
2025-09-23,31.178571428571427,4.428571428571429,Panama Canal,Magellan Strait,americas_interocean,0.14203894616265753
2025-09-24,31.464285714285715,4.321428571428571,Panama Canal,Magellan Strait,americas_interocean,0.1373439273552781
2025-09-26,31.464285714285715,4.428571428571429,Panama Canal,Magellan Strait,americas_interocean,0.14074914869466515
2025-10-01,31.857142857142858,4.178571428571429,Panama Canal,Magellan Strait,americas_interocean,0.13116591928251123
2025-10-02,31.857142857142858,4.214285714285714,Panama Canal,Magellan Strait,americas_interocean,0.13228699551569506
2025-10-03,31.928571428571427,4.25,Panama Canal,Magellan Strait,americas_interocean,0.1331096196868009
2025-11-12,31.785714285714285,3.5714285714285716,Panama Canal,Magellan Strait,americas_interocean,0.11235955056179776
2025-11-16,31.5,3.25,Panama Canal,Magellan Strait,americas_interocean,0.10317460317460317
2025-11-30,31.5,3.5357142857142856,Panama Canal,Magellan Strait,americas_interocean,0.11224489795918367
2025-12-28,31.75,3.642857142857143,Panama Canal,Magellan Strait,americas_interocean,0.11473565804274466
2026-01-05,30.142857142857142,3.5714285714285716,Panama Canal,Magellan Strait,americas_interocean,0.11848341232227488
2026-01-08,30.214285714285715,3.5714285714285716,Panama Canal,Magellan Strait,americas_interocean,0.1182033096926714
2026-01-09,30.25,3.607142857142857,Panama Canal,Magellan Strait,americas_interocean,0.1192443919716647
2026-01-17,30.464285714285715,3.8214285714285716,Panama Canal,Magellan Strait,americas_interocean,0.1254396248534584
2026-02-15,30.607142857142858,3.142857142857143,Panama Canal,Magellan Strait,americas_interocean,0.10268378063010501
2026-02-25,32.142857142857146,2.7857142857142856,Panama Canal,Magellan Strait,americas_interocean,0.08666666666666666
2026-03-09,33.892857142857146,2.9285714285714284,Panama Canal,Magellan Strait,americas_interocean,0.0864067439409905
2026-03-11,33.92857142857143,2.9642857142857144,Panama Canal,Magellan Strait,americas_interocean,0.08736842105263158
2026-04-22,34.32142857142857,3.6785714285714284,Panama Canal,Magellan Strait,americas_interocean,0.10718002081165452
2026-04-23,34.392857142857146,3.6785714285714284,Panama Canal,Magellan Strait,americas_interocean,0.10695742471443405
2026-04-24,34.42857142857143,3.857142857142857,Panama Canal,Magellan Strait,americas_interocean,0.11203319502074688
2026-04-30,34.892857142857146,3.6785714285714284,Panama Canal,Magellan Strait,americas_interocean,0.10542476970317297
2026-05-11,35.57142857142857,4.357142857142857,Panama Canal,Magellan Strait,americas_interocean,0.12248995983935743
2026-06-06,33.214285714285715,4.25,Panama Canal,Magellan Strait,americas_interocean,0.12795698924731183
2026-06-18,29.607142857142858,4.392857142857143,Panama Canal,Magellan Strait,americas_interocean,0.14837153196622438
2026-07-16,33.642857142857146,5.321428571428571,Panama Canal,Magellan Strait,americas_interocean,0.1581740976645435
2026-08-03,31.785714285714285,5.25,Panama Canal,Magellan Strait,americas_interocean,0.1651685393258427
2026-08-08,31.821428571428573,4.892857142857143,Panama Canal,Magellan Strait,americas_interocean,0.1537598204264871
2026-08-09,31.642857142857142,4.928571428571429,Panama Canal,Magellan Strait,americas_interocean,0.15575620767494358
2026-08-14,29.607142857142858,5.071428571428571,Panama Canal,Magellan Strait,americas_interocean,0.17129071170084437
2026-08-19,29.571428571428573,5.535714285714286,Panama Canal,Magellan Strait,americas_interocean,0.18719806763285024
2019-01-19,30.68421052631579,2.8947368421052633,Panama Canal,Magellan Strait,americas_interocean,0.09433962264150943
2019-01-27,31.185185185185187,3.4814814814814814,Panama Canal,Magellan Strait,americas_interocean,0.11163895486935867
2019-02-10,32.464285714285715,4.071428571428571,Panama Canal,Magellan Strait,americas_interocean,0.1254125412541254
2019-02-16,32.07142857142857,4.071428571428571,Panama Canal,Magellan Strait,americas_interocean,0.12694877505567928
2019-02-19,31.5,3.9642857142857144,Panama Canal,Magellan Strait,americas_interocean,0.12585034013605442
2019-03-10,31.285714285714285,3.107142857142857,Panama Canal,Magellan Strait,americas_interocean,0.0993150684931507
2019-04-03,31.0,3.7142857142857144,Panama Canal,Magellan Strait,americas_interocean,0.11981566820276499
2019-04-24,29.75,4.0,Panama Canal,Magellan Strait,americas_interocean,0.13445378151260504
2019-04-25,29.857142857142858,3.9642857142857144,Panama Canal,Magellan Strait,americas_interocean,0.13277511961722488
2019-05-21,31.5,3.642857142857143,Panama Canal,Magellan Strait,americas_interocean,0.11564625850340136
2019-06-03,31.214285714285715,3.25,Panama Canal,Magellan Strait,americas_interocean,0.10411899313501144
2019-06-28,30.392857142857142,3.3214285714285716,Panama Canal,Magellan Strait,americas_interocean,0.10928319623971798
2019-07-02,30.25,3.2142857142857144,Panama Canal,Magellan Strait,americas_interocean,0.10625737898465172
2019-07-12,30.071428571428573,3.5714285714285716,Panama Canal,Magellan Strait,americas_interocean,0.11876484560570072
2019-08-23,33.785714285714285,4.321428571428571,Panama Canal,Magellan Strait,americas_interocean,0.12790697674418605
2019-09-17,33.0,4.25,Panama Canal,Magellan Strait,americas_interocean,0.12878787878787878
2019-09-18,33.107142857142854,4.214285714285714,Panama Canal,Magellan Strait,americas_interocean,0.12729234088457392
2019-09-28,31.785714285714285,4.0,Panama Canal,Magellan Strait,americas_interocean,0.1258426966292135
2019-10-05,31.821428571428573,4.142857142857143,Panama Canal,Magellan Strait,americas_interocean,0.13019079685746354
2019-10-16,32.67857142857143,3.857142857142857,Panama Canal,Magellan Strait,americas_interocean,0.11803278688524589
2019-11-26,34.92857142857143,3.75,Panama Canal,Magellan Strait,americas_interocean,0.10736196319018404
2019-11-28,34.857142857142854,3.607142857142857,Panama Canal,Magellan Strait,americas_interocean,0.10348360655737707
2019-12-15,34.42857142857143,3.5714285714285716,Panama Canal,Magellan Strait,americas_interocean,0.1037344398340249
2019-12-24,33.857142857142854,3.4285714285714284,Panama Canal,Magellan Strait,americas_interocean,0.10126582278481013
2020-01-02,32.464285714285715,3.5,Panama Canal,Magellan Strait,americas_interocean,0.1078107810781078
2020-01-15,31.857142857142858,3.2142857142857144,Panama Canal,Magellan Strait,americas_interocean,0.10089686098654709
2020-01-24,31.928571428571427,2.9285714285714284,Panama Canal,Magellan Strait,americas_interocean,0.09172259507829977
2020-01-30,41.857142857142854,9.285714285714286,Panama Canal,Magellan Strait,americas_interocean,0.2218430034129693
2020-02-01,47.357142857142854,12.964285714285714,Panama Canal,Magellan Strait,americas_interocean,0.2737556561085973
2020-02-11,49.0,13.464285714285714,Panama Canal,Magellan Strait,americas_interocean,0.2747813411078717
2020-03-19,32.0,3.0714285714285716,Panama Canal,Magellan Strait,americas_interocean,0.09598214285714286
2020-04-05,30.857142857142858,3.107142857142857,Panama Canal,Magellan Strait,americas_interocean,0.10069444444444445
2020-05-29,26.714285714285715,3.142857142857143,Panama Canal,Magellan Strait,americas_interocean,0.11764705882352941
2020-06-04,26.071428571428573,3.0714285714285716,Panama Canal,Magellan Strait,americas_interocean,0.1178082191780822
2020-06-15,25.464285714285715,3.2142857142857144,Panama Canal,Magellan Strait,americas_interocean,0.12622720897615708
2020-06-17,25.75,3.3214285714285716,Panama Canal,Magellan Strait,americas_interocean,0.1289875173370319
2020-06-18,25.785714285714285,3.142857142857143,Panama Canal,Magellan Strait,americas_interocean,0.12188365650969529
2020-06-26,26.178571428571427,2.642857142857143,Panama Canal,Magellan Strait,americas_interocean,0.1009549795361528
2020-06-30,26.107142857142858,2.6785714285714284,Panama Canal,Magellan Strait,americas_interocean,0.10259917920656633
2020-07-03,26.035714285714285,2.607142857142857,Panama Canal,Magellan Strait,americas_interocean,0.10013717421124829
2020-08-26,30.714285714285715,3.75,Panama Canal,Magellan Strait,americas_interocean,0.12209302325581395
2020-09-06,29.964285714285715,3.25,Panama Canal,Magellan Strait,americas_interocean,0.10846245530393325
2020-09-08,29.928571428571427,3.607142857142857,Panama Canal,Magellan Strait,americas_interocean,0.12052505966587113
2020-09-28,29.75,3.0357142857142856,Panama Canal,Magellan Strait,americas_interocean,0.10204081632653061
2020-09-29,29.928571428571427,3.0,Panama Canal,Magellan Strait,americas_interocean,0.10023866348448687
2020-10-20,32.25,3.3214285714285716,Panama Canal,Magellan Strait,americas_interocean,0.10299003322259137
2020-11-11,33.5,3.0,Panama Canal,Magellan Strait,americas_interocean,0.08955223880597014
2020-11-21,32.392857142857146,3.142857142857143,Panama Canal,Magellan Strait,americas_interocean,0.09702315325248069
2020-12-11,33.642857142857146,2.7857142857142856,Panama Canal,Magellan Strait,americas_interocean,0.08280254777070063
2020-12-14,33.92857142857143,2.6785714285714284,Panama Canal,Magellan Strait,americas_interocean,0.07894736842105263
2020-12-19,34.0,2.5357142857142856,Panama Canal,Magellan Strait,americas_interocean,0.07457983193277311
2021-01-02,33.392857142857146,2.642857142857143,Panama Canal,Magellan Strait,americas_interocean,0.07914438502673796
2021-01-12,32.67857142857143,2.642857142857143,Panama Canal,Magellan Strait,americas_interocean,0.08087431693989071
2021-01-23,32.464285714285715,2.9642857142857144,Panama Canal,Magellan Strait,americas_interocean,0.09130913091309131
2021-01-24,32.67857142857143,2.892857142857143,Panama Canal,Magellan Strait,americas_interocean,0.08852459016393442
2021-02-09,33.035714285714285,3.0357142857142856,Panama Canal,Magellan Strait,americas_interocean,0.0918918918918919
2021-03-06,33.42857142857143,2.8214285714285716,Panama Canal,Magellan Strait,americas_interocean,0.08440170940170941
2021-04-10,32.107142857142854,3.5,Panama Canal,Magellan Strait,americas_interocean,0.10901001112347053
2021-05-19,30.678571428571427,3.6785714285714284,Panama Canal,Magellan Strait,americas_interocean,0.119906868451688
2021-05-20,30.607142857142858,3.7857142857142856,Panama Canal,Magellan Strait,americas_interocean,0.12368728121353559
2021-06-10,31.678571428571427,3.357142857142857,Panama Canal,Magellan Strait,americas_interocean,0.10597519729425028
2021-06-20,31.678571428571427,3.5,Panama Canal,Magellan Strait,americas_interocean,0.1104847801578354
2021-06-24,31.357142857142858,3.642857142857143,Panama Canal,Magellan Strait,americas_interocean,0.11617312072892938
2021-06-27,31.285714285714285,3.7142857142857144,Panama Canal,Magellan Strait,americas_interocean,0.11872146118721462
2021-07-13,28.892857142857142,4.0,Panama Canal,Magellan Strait,americas_interocean,0.138442521631644
2021-08-24,33.75,5.285714285714286,Panama Canal,Magellan Strait,americas_interocean,0.15661375661375662
2021-09-07,32.142857142857146,4.714285714285714,Panama Canal,Magellan Strait,americas_interocean,0.14666666666666667
2021-09-16,30.571428571428573,4.285714285714286,Panama Canal,Magellan Strait,americas_interocean,0.14018691588785046
2021-09-24,29.0,4.285714285714286,Panama Canal,Magellan Strait,americas_interocean,0.14778325123152708
2021-09-27,28.464285714285715,4.428571428571429,Panama Canal,Magellan Strait,americas_interocean,0.15558343789209536
2021-10-10,29.071428571428573,4.678571428571429,Panama Canal,Magellan Strait,americas_interocean,0.16093366093366093
2021-10-30,32.42857142857143,4.5,Panama Canal,Magellan Strait,americas_interocean,0.13876651982378854
2021-12-03,35.857142857142854,3.9642857142857144,Panama Canal,Magellan Strait,americas_interocean,0.1105577689243028
2021-12-22,36.035714285714285,4.214285714285714,Panama Canal,Magellan Strait,americas_interocean,0.11694747274529238
2022-01-09,34.25,3.75,Panama Canal,Magellan Strait,americas_interocean,0.10948905109489052
2022-02-21,34.107142857142854,4.25,Panama Canal,Magellan Strait,americas_interocean,0.12460732984293195
2022-02-28,34.5,4.357142857142857,Panama Canal,Magellan Strait,americas_interocean,0.12629399585921325
2022-03-10,34.32142857142857,4.5,Panama Canal,Magellan Strait,americas_interocean,0.13111342351716962
2022-03-23,33.892857142857146,3.9642857142857144,Panama Canal,Magellan Strait,americas_interocean,0.11696522655426764
2022-05-05,32.857142857142854,3.857142857142857,Panama Canal,Magellan Strait,americas_interocean,0.1173913043478261
2022-06-28,34.82142857142857,3.5714285714285716,Panama Canal,Magellan Strait,americas_interocean,0.10256410256410257
2022-07-18,32.32142857142857,3.7857142857142856,Panama Canal,Magellan Strait,americas_interocean,0.11712707182320442
2022-08-03,32.035714285714285,4.357142857142857,Panama Canal,Magellan Strait,americas_interocean,0.13600891861761427
2022-08-31,34.535714285714285,4.178571428571429,Panama Canal,Magellan Strait,americas_interocean,0.12099276111685627
2022-09-24,31.785714285714285,4.285714285714286,Panama Canal,Magellan Strait,americas_interocean,0.1348314606741573
2022-09-27,31.821428571428573,4.035714285714286,Panama Canal,Magellan Strait,americas_interocean,0.12682379349046013
2022-09-30,32.0,4.107142857142857,Panama Canal,Magellan Strait,americas_interocean,0.12834821428571427
2022-10-30,33.285714285714285,4.071428571428571,Panama Canal,Magellan Strait,americas_interocean,0.1223175965665236
2022-11-18,34.107142857142854,4.142857142857143,Panama Canal,Magellan Strait,americas_interocean,0.12146596858638746
2022-11-24,33.785714285714285,3.8214285714285716,Panama Canal,Magellan Strait,americas_interocean,0.113107822410148
2022-12-06,33.607142857142854,4.0,Panama Canal,Magellan Strait,americas_interocean,0.11902231668437833
2022-12-14,33.42857142857143,3.857142857142857,Panama Canal,Magellan Strait,americas_interocean,0.11538461538461538
2022-12-18,33.32142857142857,3.7857142857142856,Panama Canal,Magellan Strait,americas_interocean,0.11361200428724545
2023-01-22,33.0,3.5357142857142856,Panama Canal,Magellan Strait,americas_interocean,0.10714285714285714
2023-03-22,32.607142857142854,4.178571428571429,Panama Canal,Magellan Strait,americas_interocean,0.1281489594742607
2023-03-24,32.785714285714285,3.9285714285714284,Panama Canal,Magellan Strait,americas_interocean,0.11982570806100218
2023-04-28,33.67857142857143,4.357142857142857,Panama Canal,Magellan Strait,americas_interocean,0.12937433722163308
2023-05-10,32.714285714285715,4.107142857142857,Panama Canal,Magellan Strait,americas_interocean,0.12554585152838427
2023-05-18,31.357142857142858,4.107142857142857,Panama Canal,Magellan Strait,americas_interocean,0.13097949886104782
2023-06-08,31.142857142857142,3.8214285714285716,Panama Canal,Magellan Strait,americas_interocean,0.12270642201834864
2023-06-10,31.285714285714285,3.8214285714285716,Panama Canal,Magellan Strait,americas_interocean,0.1221461187214612
2023-06-15,31.178571428571427,3.7142857142857144,Panama Canal,Magellan Strait,americas_interocean,0.11912943871706759
2023-08-10,31.142857142857142,4.071428571428571,Panama Canal,Magellan Strait,americas_interocean,0.13073394495412843
2023-08-14,31.071428571428573,4.214285714285714,Panama Canal,Magellan Strait,americas_interocean,0.13563218390804596
2023-10-01,31.0,3.8214285714285716,Panama Canal,Magellan Strait,americas_interocean,0.12327188940092167
2023-11-09,28.571428571428573,4.535714285714286,Panama Canal,Magellan Strait,americas_interocean,0.15874999999999997
2023-12-04,23.678571428571427,4.785714285714286,Panama Canal,Magellan Strait,americas_interocean,0.20211161387631976
2023-12-07,23.285714285714285,5.107142857142857,Panama Canal,Magellan Strait,americas_interocean,0.2193251533742331
2024-01-09,21.035714285714285,7.214285714285714,Panama Canal,Magellan Strait,americas_interocean,0.34295415959252973
2024-01-12,20.857142857142858,6.964285714285714,Panama Canal,Magellan Strait,americas_interocean,0.3339041095890411
2024-01-16,20.607142857142858,6.5,Panama Canal,Magellan Strait,americas_interocean,0.31542461005199307
2024-01-23,20.035714285714285,6.464285714285714,Panama Canal,Magellan Strait,americas_interocean,0.322638146167558
2024-01-30,19.321428571428573,6.357142857142857,Panama Canal,Magellan Strait,americas_interocean,0.32902033271719033
2024-02-03,19.642857142857142,6.178571428571429,Panama Canal,Magellan Strait,americas_interocean,0.3145454545454546
2024-02-12,19.75,6.25,Panama Canal,Magellan Strait,americas_interocean,0.31645569620253167
2024-02-27,20.928571428571427,5.785714285714286,Panama Canal,Magellan Strait,americas_interocean,0.2764505119453925
2024-04-15,23.214285714285715,5.821428571428571,Panama Canal,Magellan Strait,americas_interocean,0.25076923076923074
2024-04-17,23.142857142857142,6.071428571428571,Panama Canal,Magellan Strait,americas_interocean,0.2623456790123457
2024-04-21,23.5,6.107142857142857,Panama Canal,Magellan Strait,americas_interocean,0.25987841945288753
2024-05-17,23.964285714285715,5.178571428571429,Panama Canal,Magellan Strait,americas_interocean,0.21609538002980627
2024-06-17,26.75,4.035714285714286,Panama Canal,Magellan Strait,americas_interocean,0.15086782376502003
2024-06-21,27.035714285714285,4.107142857142857,Panama Canal,Magellan Strait,americas_interocean,0.15191545574636722
2024-07-07,27.214285714285715,4.0,Panama Canal,Magellan Strait,americas_interocean,0.14698162729658792
2024-07-15,27.821428571428573,4.571428571428571,Panama Canal,Magellan Strait,americas_interocean,0.1643132220795892
2024-07-22,28.357142857142858,4.678571428571429,Panama Canal,Magellan Strait,americas_interocean,0.16498740554156172
2024-08-07,28.607142857142858,4.928571428571429,Panama Canal,Magellan Strait,americas_interocean,0.17228464419475656
2024-08-15,28.678571428571427,4.357142857142857,Panama Canal,Magellan Strait,americas_interocean,0.1519302615193026
2024-08-20,28.714285714285715,4.357142857142857,Panama Canal,Magellan Strait,americas_interocean,0.15174129353233828
2024-08-23,28.642857142857142,4.321428571428571,Panama Canal,Magellan Strait,americas_interocean,0.1508728179551122
2024-08-24,28.607142857142858,4.392857142857143,Panama Canal,Magellan Strait,americas_interocean,0.15355805243445694
2024-09-22,30.75,4.821428571428571,Panama Canal,Magellan Strait,americas_interocean,0.156794425087108
2024-10-23,28.928571428571427,3.9642857142857144,Panama Canal,Magellan Strait,americas_interocean,0.13703703703703704
2024-11-11,31.285714285714285,3.5714285714285716,Panama Canal,Magellan Strait,americas_interocean,0.11415525114155252
2024-11-21,31.678571428571427,3.2142857142857144,Panama Canal,Magellan Strait,americas_interocean,0.10146561443066517
2024-12-14,30.071428571428573,3.5714285714285716,Panama Canal,Magellan Strait,americas_interocean,0.11876484560570072
2024-12-19,30.678571428571427,3.392857142857143,Panama Canal,Magellan Strait,americas_interocean,0.11059371362048895
2024-12-22,31.25,3.4642857142857144,Panama Canal,Magellan Strait,americas_interocean,0.11085714285714286
2025-01-03,31.285714285714285,3.892857142857143,Panama Canal,Magellan Strait,americas_interocean,0.12442922374429224
2025-01-06,31.321428571428573,3.7857142857142856,Panama Canal,Magellan Strait,americas_interocean,0.12086659064994298
2025-02-10,29.821428571428573,3.75,Panama Canal,Magellan Strait,americas_interocean,0.12574850299401197
2025-02-21,30.714285714285715,4.107142857142857,Panama Canal,Magellan Strait,americas_interocean,0.13372093023255813
2025-03-08,31.642857142857142,3.75,Panama Canal,Magellan Strait,americas_interocean,0.11851015801354402
2025-03-30,31.142857142857142,3.3214285714285716,Panama Canal,Magellan Strait,americas_interocean,0.106651376146789
2025-05-06,31.678571428571427,3.9642857142857144,Panama Canal,Magellan Strait,americas_interocean,0.12514092446448705
2025-05-10,31.607142857142858,4.214285714285714,Panama Canal,Magellan Strait,americas_interocean,0.13333333333333333
2025-05-14,30.928571428571427,4.321428571428571,Panama Canal,Magellan Strait,americas_interocean,0.1397228637413395
2025-05-17,30.75,4.25,Panama Canal,Magellan Strait,americas_interocean,0.13821138211382114
2025-06-21,29.285714285714285,4.142857142857143,Panama Canal,Magellan Strait,americas_interocean,0.14146341463414636
2025-07-14,31.107142857142858,4.785714285714286,Panama Canal,Magellan Strait,americas_interocean,0.15384615384615383
2025-07-15,31.285714285714285,4.785714285714286,Panama Canal,Magellan Strait,americas_interocean,0.15296803652968036
2025-07-22,32.07142857142857,5.571428571428571,Panama Canal,Magellan Strait,americas_interocean,0.17371937639198218
2025-07-25,32.107142857142854,5.75,Panama Canal,Magellan Strait,americas_interocean,0.17908787541713017
2025-07-27,31.892857142857142,5.714285714285714,Panama Canal,Magellan Strait,americas_interocean,0.1791713325867861
2025-08-08,30.714285714285715,5.25,Panama Canal,Magellan Strait,americas_interocean,0.17093023255813952
2025-08-10,30.785714285714285,5.321428571428571,Panama Canal,Magellan Strait,americas_interocean,0.1728538283062645
2025-08-13,30.714285714285715,5.25,Panama Canal,Magellan Strait,americas_interocean,0.17093023255813952
2025-08-28,31.392857142857142,4.535714285714286,Panama Canal,Magellan Strait,americas_interocean,0.14448236632536973
2025-09-22,31.214285714285715,4.285714285714286,Panama Canal,Magellan Strait,americas_interocean,0.13729977116704806
2025-10-05,31.75,4.321428571428571,Panama Canal,Magellan Strait,americas_interocean,0.1361079865016873
2025-10-11,31.928571428571427,3.892857142857143,Panama Canal,Magellan Strait,americas_interocean,0.12192393736017898
2025-10-25,32.357142857142854,3.8214285714285716,Panama Canal,Magellan Strait,americas_interocean,0.11810154525386315
2025-11-10,31.75,3.5357142857142856,Panama Canal,Magellan Strait,americas_interocean,0.11136107986501687
2025-11-17,31.321428571428573,3.2857142857142856,Panama Canal,Magellan Strait,americas_interocean,0.104903078677309
2025-11-29,31.535714285714285,3.4642857142857144,Panama Canal,Magellan Strait,americas_interocean,0.10985277463193659
2025-12-29,31.535714285714285,3.8214285714285716,Panama Canal,Magellan Strait,americas_interocean,0.12117780294450738
2026-01-12,30.321428571428573,3.7857142857142856,Panama Canal,Magellan Strait,americas_interocean,0.12485276796230858
2026-01-21,30.785714285714285,3.607142857142857,Panama Canal,Magellan Strait,americas_interocean,0.11716937354988399
2026-01-25,30.821428571428573,3.6785714285714284,Panama Canal,Magellan Strait,americas_interocean,0.11935110081112398
2026-02-04,31.035714285714285,3.357142857142857,Panama Canal,Magellan Strait,americas_interocean,0.10817031070195628
2026-02-08,30.892857142857142,3.142857142857143,Panama Canal,Magellan Strait,americas_interocean,0.10173410404624278
2026-02-21,31.392857142857142,3.107142857142857,Panama Canal,Magellan Strait,americas_interocean,0.09897610921501707
2026-03-03,33.035714285714285,2.75,Panama Canal,Magellan Strait,americas_interocean,0.08324324324324324
2026-03-24,33.785714285714285,3.4285714285714284,Panama Canal,Magellan Strait,americas_interocean,0.1014799154334038
2026-05-15,34.892857142857146,4.428571428571429,Panama Canal,Magellan Strait,americas_interocean,0.1269191402251791
2026-06-21,29.571428571428573,4.535714285714286,Panama Canal,Magellan Strait,americas_interocean,0.15338164251207728
2026-07-13,33.5,5.25,Panama Canal,Magellan Strait,americas_interocean,0.15671641791044777
2026-07-18,33.57142857142857,5.321428571428571,Panama Canal,Magellan Strait,americas_interocean,0.15851063829787235
2026-08-17,29.392857142857142,5.178571428571429,Panama Canal,Magellan Strait,americas_interocean,0.1761846901579587
2019-01-14,30.428571428571427,2.7142857142857144,Panama Canal,Magellan Strait,americas_interocean,0.08920187793427231
2019-01-29,31.178571428571427,3.5357142857142856,Panama Canal,Magellan Strait,americas_interocean,0.1134020618556701
2019-01-30,31.285714285714285,3.5357142857142856,Panama Canal,Magellan Strait,americas_interocean,0.11301369863013698
2019-02-18,31.75,4.035714285714286,Panama Canal,Magellan Strait,americas_interocean,0.12710911136107986
2019-03-07,31.035714285714285,2.8214285714285716,Panama Canal,Magellan Strait,americas_interocean,0.09090909090909091
2019-03-14,31.821428571428573,3.2142857142857144,Panama Canal,Magellan Strait,americas_interocean,0.10101010101010101
2019-04-26,30.142857142857142,3.9285714285714284,Panama Canal,Magellan Strait,americas_interocean,0.13033175355450236
2019-05-05,30.178571428571427,4.035714285714286,Panama Canal,Magellan Strait,americas_interocean,0.13372781065088757
2019-05-13,31.285714285714285,3.6785714285714284,Panama Canal,Magellan Strait,americas_interocean,0.11757990867579908
2019-05-24,31.285714285714285,3.4642857142857144,Panama Canal,Magellan Strait,americas_interocean,0.11073059360730594
2019-05-31,31.178571428571427,3.5357142857142856,Panama Canal,Magellan Strait,americas_interocean,0.1134020618556701
2019-06-04,31.107142857142858,3.4285714285714284,Panama Canal,Magellan Strait,americas_interocean,0.11021814006888633
2019-06-18,30.142857142857142,2.857142857142857,Panama Canal,Magellan Strait,americas_interocean,0.09478672985781991
2019-07-22,30.178571428571427,3.3214285714285716,Panama Canal,Magellan Strait,americas_interocean,0.11005917159763315
2019-07-30,30.75,3.6785714285714284,Panama Canal,Magellan Strait,americas_interocean,0.11962833914053425
2019-08-03,30.928571428571427,3.75,Panama Canal,Magellan Strait,americas_interocean,0.1212471131639723
2019-08-26,33.607142857142854,4.357142857142857,Panama Canal,Magellan Strait,americas_interocean,0.12964930924548354
2019-09-02,34.714285714285715,4.142857142857143,Panama Canal,Magellan Strait,americas_interocean,0.11934156378600824
2019-09-15,32.857142857142854,4.107142857142857,Panama Canal,Magellan Strait,americas_interocean,0.125
2019-10-18,32.714285714285715,3.9642857142857144,Panama Canal,Magellan Strait,americas_interocean,0.12117903930131005
2019-10-27,33.714285714285715,3.7142857142857144,Panama Canal,Magellan Strait,americas_interocean,0.11016949152542373
2019-10-31,33.92857142857143,3.892857142857143,Panama Canal,Magellan Strait,americas_interocean,0.11473684210526315
2019-11-08,33.857142857142854,3.5714285714285716,Panama Canal,Magellan Strait,americas_interocean,0.10548523206751056
2020-01-08,32.32142857142857,3.357142857142857,Panama Canal,Magellan Strait,americas_interocean,0.10386740331491713
2020-01-26,33.5,3.4642857142857144,Panama Canal,Magellan Strait,americas_interocean,0.10341151385927505
2020-01-27,35.892857142857146,4.535714285714286,Panama Canal,Magellan Strait,americas_interocean,0.1263681592039801
2020-02-25,42.607142857142854,10.714285714285714,Panama Canal,Magellan Strait,americas_interocean,0.2514668901927913
2020-03-09,31.785714285714285,2.6785714285714284,Panama Canal,Magellan Strait,americas_interocean,0.08426966292134831
2020-03-20,32.0,3.0357142857142856,Panama Canal,Magellan Strait,americas_interocean,0.09486607142857142
2020-03-25,31.928571428571427,3.0357142857142856,Panama Canal,Magellan Strait,americas_interocean,0.09507829977628636
2020-03-29,31.857142857142858,3.2142857142857144,Panama Canal,Magellan Strait,americas_interocean,0.10089686098654709
2020-04-12,30.25,3.107142857142857,Panama Canal,Magellan Strait,americas_interocean,0.10271546635182999
2020-05-02,29.464285714285715,3.107142857142857,Panama Canal,Magellan Strait,americas_interocean,0.10545454545454545
2020-05-25,26.964285714285715,3.0714285714285716,Panama Canal,Magellan Strait,americas_interocean,0.11390728476821192
2020-06-23,26.25,2.6785714285714284,Panama Canal,Magellan Strait,americas_interocean,0.1020408163265306
2020-07-05,25.892857142857142,2.5714285714285716,Panama Canal,Magellan Strait,americas_interocean,0.09931034482758622
2020-07-14,26.714285714285715,2.5,Panama Canal,Magellan Strait,americas_interocean,0.09358288770053476
2020-07-17,27.0,2.6785714285714284,Panama Canal,Magellan Strait,americas_interocean,0.0992063492063492
2020-07-26,27.964285714285715,3.0714285714285716,Panama Canal,Magellan Strait,americas_interocean,0.10983397190293742
2020-07-27,28.142857142857142,3.0357142857142856,Panama Canal,Magellan Strait,americas_interocean,0.10786802030456853
2020-08-24,30.535714285714285,3.857142857142857,Panama Canal,Magellan Strait,americas_interocean,0.12631578947368421
2020-08-27,30.75,3.7857142857142856,Panama Canal,Magellan Strait,americas_interocean,0.12311265969802555
2020-10-08,31.035714285714285,3.142857142857143,Panama Canal,Magellan Strait,americas_interocean,0.10126582278481013
2020-10-14,31.464285714285715,3.5357142857142856,Panama Canal,Magellan Strait,americas_interocean,0.11237230419977298
2020-10-18,31.928571428571427,3.5357142857142856,Panama Canal,Magellan Strait,americas_interocean,0.11073825503355705
2020-12-10,33.642857142857146,2.8214285714285716,Panama Canal,Magellan Strait,americas_interocean,0.08386411889596602
2020-12-17,34.035714285714285,2.607142857142857,Panama Canal,Magellan Strait,americas_interocean,0.07660020986358868
2020-12-29,33.785714285714285,2.6785714285714284,Panama Canal,Magellan Strait,americas_interocean,0.07928118393234672
2021-01-22,32.535714285714285,3.0357142857142856,Panama Canal,Magellan Strait,americas_interocean,0.09330406147091108
2021-01-27,32.67857142857143,2.9642857142857144,Panama Canal,Magellan Strait,americas_interocean,0.0907103825136612
2021-02-06,32.857142857142854,3.1785714285714284,Panama Canal,Magellan Strait,americas_interocean,0.0967391304347826
2021-02-11,33.32142857142857,2.857142857142857,Panama Canal,Magellan Strait,americas_interocean,0.08574490889603431
2021-02-19,32.964285714285715,2.4285714285714284,Panama Canal,Magellan Strait,americas_interocean,0.07367280606717226
2021-02-22,33.25,2.6785714285714284,Panama Canal,Magellan Strait,americas_interocean,0.08055853920515574
2021-03-12,33.5,2.7857142857142856,Panama Canal,Magellan Strait,americas_interocean,0.08315565031982942
2021-05-02,32.0,3.4285714285714284,Panama Canal,Magellan Strait,americas_interocean,0.10714285714285714
2021-06-22,31.214285714285715,3.5357142857142856,Panama Canal,Magellan Strait,americas_interocean,0.11327231121281464
2021-06-30,31.25,3.892857142857143,Panama Canal,Magellan Strait,americas_interocean,0.12457142857142857
2021-07-05,30.857142857142858,3.8214285714285716,Panama Canal,Magellan Strait,americas_interocean,0.1238425925925926
2021-08-09,34.42857142857143,4.857142857142857,Panama Canal,Magellan Strait,americas_interocean,0.14107883817427383
2021-08-18,34.892857142857146,5.214285714285714,Panama Canal,Magellan Strait,americas_interocean,0.14943705220061412
2021-08-19,34.67857142857143,5.178571428571429,Panama Canal,Magellan Strait,americas_interocean,0.14933058702368693
2021-09-20,29.642857142857142,4.25,Panama Canal,Magellan Strait,americas_interocean,0.14337349397590363
2021-10-11,29.25,4.428571428571429,Panama Canal,Magellan Strait,americas_interocean,0.15140415140415142
2021-10-26,32.285714285714285,4.607142857142857,Panama Canal,Magellan Strait,americas_interocean,0.1426991150442478
2021-11-09,33.67857142857143,4.5,Panama Canal,Magellan Strait,americas_interocean,0.13361611876988333
2021-11-10,33.535714285714285,4.357142857142857,Panama Canal,Magellan Strait,americas_interocean,0.12992545260915866
2021-12-07,36.07142857142857,4.142857142857143,Panama Canal,Magellan Strait,americas_interocean,0.11485148514851487
2021-12-27,35.535714285714285,4.214285714285714,Panama Canal,Magellan Strait,americas_interocean,0.11859296482412061
2022-01-14,33.607142857142854,3.6785714285714284,Panama Canal,Magellan Strait,americas_interocean,0.10945802337938364
2022-03-19,34.392857142857146,4.5,Panama Canal,Magellan Strait,americas_interocean,0.1308411214953271
2022-04-21,32.107142857142854,4.214285714285714,Panama Canal,Magellan Strait,americas_interocean,0.13125695216907676
2022-04-26,32.285714285714285,4.0,Panama Canal,Magellan Strait,americas_interocean,0.12389380530973451
2022-05-06,32.892857142857146,3.7142857142857144,Panama Canal,Magellan Strait,americas_interocean,0.11292073832790445
2022-05-28,33.107142857142854,4.071428571428571,Panama Canal,Magellan Strait,americas_interocean,0.12297734627831716
2022-06-19,34.714285714285715,3.75,Panama Canal,Magellan Strait,americas_interocean,0.10802469135802469
2022-06-24,35.32142857142857,3.5714285714285716,Panama Canal,Magellan Strait,americas_interocean,0.10111223458038424
2022-07-08,34.0,3.642857142857143,Panama Canal,Magellan Strait,americas_interocean,0.10714285714285714
2022-07-24,31.714285714285715,3.9285714285714284,Panama Canal,Magellan Strait,americas_interocean,0.12387387387387386
2022-07-31,31.964285714285715,3.857142857142857,Panama Canal,Magellan Strait,americas_interocean,0.12067039106145251
2022-09-03,33.92857142857143,4.071428571428571,Panama Canal,Magellan Strait,americas_interocean,0.11999999999999998
2022-09-18,32.357142857142854,4.178571428571429,Panama Canal,Magellan Strait,americas_interocean,0.12913907284768214
2022-10-19,32.214285714285715,4.107142857142857,Panama Canal,Magellan Strait,americas_interocean,0.12749445676274943
2022-11-15,34.285714285714285,4.0,Panama Canal,Magellan Strait,americas_interocean,0.11666666666666667
2022-12-03,33.464285714285715,4.0,Panama Canal,Magellan Strait,americas_interocean,0.11953041622198506
2022-12-04,33.535714285714285,3.9642857142857144,Panama Canal,Magellan Strait,americas_interocean,0.11821086261980832
2022-12-11,33.5,3.9285714285714284,Panama Canal,Magellan Strait,americas_interocean,0.11727078891257996
2022-12-15,33.5,3.857142857142857,Panama Canal,Magellan Strait,americas_interocean,0.11513859275053305
2022-12-20,33.357142857142854,3.642857142857143,Panama Canal,Magellan Strait,americas_interocean,0.10920770877944326
2022-12-24,33.714285714285715,3.2857142857142856,Panama Canal,Magellan Strait,americas_interocean,0.09745762711864406
2022-12-29,34.142857142857146,2.857142857142857,Panama Canal,Magellan Strait,americas_interocean,0.08368200836820083
2023-01-01,34.214285714285715,2.9642857142857144,Panama Canal,Magellan Strait,americas_interocean,0.08663883089770355
2023-01-09,33.642857142857146,3.0714285714285716,Panama Canal,Magellan Strait,americas_interocean,0.09129511677282377
2023-01-24,32.82142857142857,3.5357142857142856,Panama Canal,Magellan Strait,americas_interocean,0.10772578890097932
2023-02-23,31.714285714285715,3.7857142857142856,Panama Canal,Magellan Strait,americas_interocean,0.11936936936936936
2023-02-26,31.892857142857142,3.607142857142857,Panama Canal,Magellan Strait,americas_interocean,0.11310190369540873
2023-03-07,32.357142857142854,3.5357142857142856,Panama Canal,Magellan Strait,americas_interocean,0.10927152317880795
2023-03-19,32.75,4.0,Panama Canal,Magellan Strait,americas_interocean,0.12213740458015267
2023-03-31,32.964285714285715,3.6785714285714284,Panama Canal,Magellan Strait,americas_interocean,0.11159263271939328
2023-04-02,33.107142857142854,4.035714285714286,Panama Canal,Magellan Strait,americas_interocean,0.12189859762675298
2023-04-13,33.357142857142854,3.607142857142857,Panama Canal,Magellan Strait,americas_interocean,0.1081370449678801
2023-04-27,33.67857142857143,4.357142857142857,Panama Canal,Magellan Strait,americas_interocean,0.12937433722163308
2023-05-30,31.214285714285715,4.035714285714286,Panama Canal,Magellan Strait,americas_interocean,0.12929061784897025
2023-06-01,31.071428571428573,4.178571428571429,Panama Canal,Magellan Strait,americas_interocean,0.13448275862068965
2023-07-07,30.928571428571427,4.107142857142857,Panama Canal,Magellan Strait,americas_interocean,0.13279445727482678
2023-07-13,31.464285714285715,4.607142857142857,Panama Canal,Magellan Strait,americas_interocean,0.14642451759364358
2023-07-25,31.75,4.571428571428571,Panama Canal,Magellan Strait,americas_interocean,0.14398200224971877
2023-07-29,31.535714285714285,4.607142857142857,Panama Canal,Magellan Strait,americas_interocean,0.14609286523216308
2023-08-03,31.357142857142858,4.392857142857143,Panama Canal,Magellan Strait,americas_interocean,0.14009111617312073
2023-08-13,31.071428571428573,4.178571428571429,Panama Canal,Magellan Strait,americas_interocean,0.13448275862068965
2023-09-13,31.071428571428573,4.571428571428571,Panama Canal,Magellan Strait,americas_interocean,0.1471264367816092
2023-10-18,30.285714285714285,4.892857142857143,Panama Canal,Magellan Strait,americas_interocean,0.1615566037735849
2023-11-01,30.142857142857142,4.892857142857143,Panama Canal,Magellan Strait,americas_interocean,0.1623222748815166
2023-12-21,22.142857142857142,6.5,Panama Canal,Magellan Strait,americas_interocean,0.2935483870967742
2023-12-23,22.071428571428573,6.857142857142857,Panama Canal,Magellan Strait,americas_interocean,0.3106796116504854
2023-12-24,22.035714285714285,6.857142857142857,Panama Canal,Magellan Strait,americas_interocean,0.3111831442463533
2024-01-08,21.142857142857142,7.357142857142857,Panama Canal,Magellan Strait,americas_interocean,0.34797297297297297
2024-01-19,20.535714285714285,6.357142857142857,Panama Canal,Magellan Strait,americas_interocean,0.3095652173913043
2024-02-04,19.607142857142858,6.178571428571429,Panama Canal,Magellan Strait,americas_interocean,0.3151183970856102
2024-03-01,20.785714285714285,5.607142857142857,Panama Canal,Magellan Strait,americas_interocean,0.2697594501718213
2024-03-10,20.892857142857142,4.964285714285714,Panama Canal,Magellan Strait,americas_interocean,0.23760683760683762
2024-03-15,21.035714285714285,5.035714285714286,Panama Canal,Magellan Strait,americas_interocean,0.23938879456706283
2024-03-22,21.25,4.571428571428571,Panama Canal,Magellan Strait,americas_interocean,0.21512605042016805
2024-03-23,21.357142857142858,4.464285714285714,Panama Canal,Magellan Strait,americas_interocean,0.20903010033444816
2024-04-22,23.535714285714285,6.285714285714286,Panama Canal,Magellan Strait,americas_interocean,0.26707132018209406
2024-05-01,23.75,6.25,Panama Canal,Magellan Strait,americas_interocean,0.2631578947368421
2024-05-06,23.714285714285715,6.285714285714286,Panama Canal,Magellan Strait,americas_interocean,0.2650602409638554
2024-05-08,23.464285714285715,6.321428571428571,Panama Canal,Magellan Strait,americas_interocean,0.2694063926940639
2024-05-09,23.607142857142858,6.5,Panama Canal,Magellan Strait,americas_interocean,0.27534039334341903
2024-05-10,23.535714285714285,6.392857142857143,Panama Canal,Magellan Strait,americas_interocean,0.27162367223065254
2024-06-23,27.5,4.142857142857143,Panama Canal,Magellan Strait,americas_interocean,0.15064935064935067
2024-07-27,28.857142857142858,4.785714285714286,Panama Canal,Magellan Strait,americas_interocean,0.16584158415841582
2024-08-05,28.607142857142858,4.928571428571429,Panama Canal,Magellan Strait,americas_interocean,0.17228464419475656
2024-08-21,28.607142857142858,4.25,Panama Canal,Magellan Strait,americas_interocean,0.14856429463171036
2024-09-07,30.535714285714285,4.214285714285714,Panama Canal,Magellan Strait,americas_interocean,0.13801169590643275
2024-09-18,30.535714285714285,4.714285714285714,Panama Canal,Magellan Strait,americas_interocean,0.1543859649122807
2024-09-24,30.535714285714285,4.464285714285714,Panama Canal,Magellan Strait,americas_interocean,0.14619883040935674
2024-10-08,29.357142857142858,4.357142857142857,Panama Canal,Magellan Strait,americas_interocean,0.1484184914841849
2024-10-11,28.821428571428573,4.107142857142857,Panama Canal,Magellan Strait,americas_interocean,0.14250309789343243
2024-10-12,28.928571428571427,4.071428571428571,Panama Canal,Magellan Strait,americas_interocean,0.14074074074074075
2024-10-19,28.607142857142858,3.5714285714285716,Panama Canal,Magellan Strait,americas_interocean,0.12484394506866417
2024-10-20,28.535714285714285,3.6785714285714284,Panama Canal,Magellan Strait,americas_interocean,0.12891113892365458
2024-10-25,28.964285714285715,3.8214285714285716,Panama Canal,Magellan Strait,americas_interocean,0.1319358816276202
2024-11-15,32.17857142857143,3.25,Panama Canal,Magellan Strait,americas_interocean,0.10099889012208657
2024-11-20,31.857142857142858,3.0357142857142856,Panama Canal,Magellan Strait,americas_interocean,0.0952914798206278
2024-12-29,31.5,3.5357142857142856,Panama Canal,Magellan Strait,americas_interocean,0.11224489795918367
2025-01-02,31.142857142857142,3.7857142857142856,Panama Canal,Magellan Strait,americas_interocean,0.12155963302752293
2025-01-29,29.964285714285715,3.1785714285714284,Panama Canal,Magellan Strait,americas_interocean,0.10607866507747317
2025-01-30,29.892857142857142,3.2142857142857144,Panama Canal,Magellan Strait,americas_interocean,0.10752688172043011
2025-02-24,31.0,3.9285714285714284,Panama Canal,Magellan Strait,americas_interocean,0.12672811059907835
2025-02-26,31.392857142857142,3.892857142857143,Panama Canal,Magellan Strait,americas_interocean,0.12400455062571103
2025-02-28,31.714285714285715,3.892857142857143,Panama Canal,Magellan Strait,americas_interocean,0.12274774774774774
2025-03-09,31.678571428571427,3.7142857142857144,Panama Canal,Magellan Strait,americas_interocean,0.11724915445321309
2025-03-31,31.035714285714285,3.2857142857142856,Panama Canal,Magellan Strait,americas_interocean,0.10586881472957423
2025-04-08,31.285714285714285,3.7857142857142856,Panama Canal,Magellan Strait,americas_interocean,0.12100456621004566
2025-04-12,31.571428571428573,3.7142857142857144,Panama Canal,Magellan Strait,americas_interocean,0.11764705882352941
2025-04-20,31.5,3.5,Panama Canal,Magellan Strait,americas_interocean,0.1111111111111111
2025-05-20,30.571428571428573,4.107142857142857,Panama Canal,Magellan Strait,americas_interocean,0.13434579439252334
2025-06-05,29.535714285714285,3.892857142857143,Panama Canal,Magellan Strait,americas_interocean,0.13180169286577992
2025-06-13,29.785714285714285,4.071428571428571,Panama Canal,Magellan Strait,americas_interocean,0.13669064748201437
2025-07-18,31.857142857142858,5.035714285714286,Panama Canal,Magellan Strait,americas_interocean,0.15807174887892375
2025-07-28,31.642857142857142,5.785714285714286,Panama Canal,Magellan Strait,americas_interocean,0.18284424379232506
2025-08-14,30.714285714285715,5.285714285714286,Panama Canal,Magellan Strait,americas_interocean,0.17209302325581394
2025-09-06,31.107142857142858,4.607142857142857,Panama Canal,Magellan Strait,americas_interocean,0.148105625717566
2025-09-13,31.178571428571427,4.357142857142857,Panama Canal,Magellan Strait,americas_interocean,0.13974799541809851
2025-10-07,31.678571428571427,4.321428571428571,Panama Canal,Magellan Strait,americas_interocean,0.13641488162344984
2025-10-18,31.857142857142858,3.75,Panama Canal,Magellan Strait,americas_interocean,0.11771300448430493
2025-10-21,32.464285714285715,3.8214285714285716,Panama Canal,Magellan Strait,americas_interocean,0.11771177117711772
2025-11-08,32.0,3.607142857142857,Panama Canal,Magellan Strait,americas_interocean,0.11272321428571429
2025-11-27,31.142857142857142,3.392857142857143,Panama Canal,Magellan Strait,americas_interocean,0.10894495412844037
2025-12-01,31.535714285714285,3.5,Panama Canal,Magellan Strait,americas_interocean,0.11098527746319366
2025-12-23,32.642857142857146,3.5357142857142856,Panama Canal,Magellan Strait,americas_interocean,0.10831509846827132
2026-01-31,31.0,3.4285714285714284,Panama Canal,Magellan Strait,americas_interocean,0.11059907834101382
2026-02-23,31.75,2.8214285714285716,Panama Canal,Magellan Strait,americas_interocean,0.08886389201349831
2026-04-11,33.285714285714285,4.035714285714286,Panama Canal,Magellan Strait,americas_interocean,0.12124463519313304
2026-04-12,33.357142857142854,3.9285714285714284,Panama Canal,Magellan Strait,americas_interocean,0.11777301927194861
2026-04-25,34.67857142857143,3.75,Panama Canal,Magellan Strait,americas_interocean,0.10813594232749742
2026-05-07,35.857142857142854,4.178571428571429,Panama Canal,Magellan Strait,americas_interocean,0.11653386454183269
2026-05-17,34.75,4.571428571428571,Panama Canal,Magellan Strait,americas_interocean,0.131551901336074
2026-05-18,34.785714285714285,4.571428571428571,Panama Canal,Magellan Strait,americas_interocean,0.13141683778234087
2026-05-27,34.67857142857143,4.392857142857143,Panama Canal,Magellan Strait,americas_interocean,0.1266735324407827
2026-05-31,34.107142857142854,4.642857142857143,Panama Canal,Magellan Strait,americas_interocean,0.1361256544502618
2026-06-10,32.357142857142854,4.535714285714286,Panama Canal,Magellan Strait,americas_interocean,0.14017660044150113
2026-06-23,29.607142857142858,4.464285714285714,Panama Canal,Magellan Strait,americas_interocean,0.15078407720144754
2026-07-25,32.67857142857143,5.178571428571429,Panama Canal,Magellan Strait,americas_interocean,0.15846994535519127
2026-08-18,29.285714285714285,5.428571428571429,Panama Canal,Magellan Strait,americas_interocean,0.1853658536585366
2019-01-13,30.384615384615383,2.5384615384615383,Panama Canal,Magellan Strait,americas_interocean,0.08354430379746836
2019-02-11,32.142857142857146,3.9642857142857144,Panama Canal,Magellan Strait,americas_interocean,0.12333333333333332
2019-03-16,31.821428571428573,3.142857142857143,Panama Canal,Magellan Strait,americas_interocean,0.09876543209876543
2019-03-21,32.035714285714285,3.107142857142857,Panama Canal,Magellan Strait,americas_interocean,0.09698996655518395
2019-03-23,32.214285714285715,2.9285714285714284,Panama Canal,Magellan Strait,americas_interocean,0.0909090909090909
2019-04-18,29.571428571428573,3.4285714285714284,Panama Canal,Magellan Strait,americas_interocean,0.11594202898550723
2019-05-20,31.464285714285715,3.5357142857142856,Panama Canal,Magellan Strait,americas_interocean,0.11237230419977298
2019-06-16,30.357142857142858,3.0714285714285716,Panama Canal,Magellan Strait,americas_interocean,0.1011764705882353
2019-06-22,30.142857142857142,3.0714285714285716,Panama Canal,Magellan Strait,americas_interocean,0.10189573459715641
2019-07-19,30.035714285714285,3.5714285714285716,Panama Canal,Magellan Strait,americas_interocean,0.11890606420927469
2019-09-08,33.892857142857146,3.892857142857143,Panama Canal,Magellan Strait,americas_interocean,0.11485774499473128
2019-09-21,32.785714285714285,3.9642857142857144,Panama Canal,Magellan Strait,americas_interocean,0.12091503267973858
2019-09-22,32.857142857142854,3.892857142857143,Panama Canal,Magellan Strait,americas_interocean,0.11847826086956523
2019-09-23,32.642857142857146,4.035714285714286,Panama Canal,Magellan Strait,americas_interocean,0.12363238512035009
2019-10-21,33.0,3.857142857142857,Panama Canal,Magellan Strait,americas_interocean,0.11688311688311688
2019-10-26,33.535714285714285,3.75,Panama Canal,Magellan Strait,americas_interocean,0.11182108626198084
2019-11-01,34.142857142857146,3.7142857142857144,Panama Canal,Magellan Strait,americas_interocean,0.10878661087866108
2019-11-22,34.464285714285715,3.75,Panama Canal,Magellan Strait,americas_interocean,0.10880829015544041
2019-11-27,34.857142857142854,3.5714285714285716,Panama Canal,Magellan Strait,americas_interocean,0.10245901639344264
2019-11-30,34.714285714285715,3.6785714285714284,Panama Canal,Magellan Strait,americas_interocean,0.1059670781893004
2019-12-05,34.714285714285715,3.5714285714285716,Panama Canal,Magellan Strait,americas_interocean,0.102880658436214
2019-12-16,34.607142857142854,3.5714285714285716,Panama Canal,Magellan Strait,americas_interocean,0.10319917440660477
2020-01-12,32.142857142857146,3.142857142857143,Panama Canal,Magellan Strait,americas_interocean,0.09777777777777777
2020-01-21,32.035714285714285,3.0357142857142856,Panama Canal,Magellan Strait,americas_interocean,0.0947603121516165
2020-01-29,40.25,8.107142857142858,Panama Canal,Magellan Strait,americas_interocean,0.20141969831410828
2020-02-02,48.785714285714285,13.571428571428571,Panama Canal,Magellan Strait,americas_interocean,0.2781844802342606
2020-02-07,49.0,13.75,Panama Canal,Magellan Strait,americas_interocean,0.28061224489795916
2020-02-09,48.92857142857143,13.75,Panama Canal,Magellan Strait,americas_interocean,0.28102189781021897
2020-02-10,49.035714285714285,13.571428571428571,Panama Canal,Magellan Strait,americas_interocean,0.2767662053896577
2020-03-10,31.821428571428573,2.6785714285714284,Panama Canal,Magellan Strait,americas_interocean,0.08417508417508417
2020-04-01,31.571428571428573,3.142857142857143,Panama Canal,Magellan Strait,americas_interocean,0.09954751131221719
2020-04-08,30.5,3.2857142857142856,Panama Canal,Magellan Strait,americas_interocean,0.10772833723653395
2020-04-10,30.178571428571427,3.142857142857143,Panama Canal,Magellan Strait,americas_interocean,0.10414201183431954
2020-04-23,29.75,3.2142857142857144,Panama Canal,Magellan Strait,americas_interocean,0.10804321728691477
2020-05-15,28.892857142857142,3.25,Panama Canal,Magellan Strait,americas_interocean,0.11248454882571075
2020-05-26,26.892857142857142,3.142857142857143,Panama Canal,Magellan Strait,americas_interocean,0.11686586985391766
2020-07-04,26.035714285714285,2.5714285714285716,Panama Canal,Magellan Strait,americas_interocean,0.09876543209876544
2020-07-24,27.75,3.107142857142857,Panama Canal,Magellan Strait,americas_interocean,0.11196911196911197
2020-08-05,28.928571428571427,3.2857142857142856,Panama Canal,Magellan Strait,americas_interocean,0.11358024691358025
2020-08-07,29.285714285714285,3.5357142857142856,Panama Canal,Magellan Strait,americas_interocean,0.12073170731707317
2020-08-09,29.464285714285715,3.4642857142857144,Panama Canal,Magellan Strait,americas_interocean,0.11757575757575757
2020-09-30,30.071428571428573,3.0714285714285716,Panama Canal,Magellan Strait,americas_interocean,0.10213776722090262
2020-10-05,30.714285714285715,2.9285714285714284,Panama Canal,Magellan Strait,americas_interocean,0.09534883720930232
2020-10-12,31.392857142857142,3.4642857142857144,Panama Canal,Magellan Strait,americas_interocean,0.11035267349260523
2020-10-23,32.964285714285715,3.2857142857142856,Panama Canal,Magellan Strait,americas_interocean,0.09967497291440952
2020-10-30,33.785714285714285,3.2142857142857144,Panama Canal,Magellan Strait,americas_interocean,0.09513742071881608
2020-11-02,34.035714285714285,3.25,Panama Canal,Magellan Strait,americas_interocean,0.09548793284365163
2020-11-07,33.964285714285715,3.0714285714285716,Panama Canal,Magellan Strait,americas_interocean,0.0904311251314406
2020-11-22,32.32142857142857,3.2142857142857144,Panama Canal,Magellan Strait,americas_interocean,0.0994475138121547
2020-11-29,32.642857142857146,2.9642857142857144,Panama Canal,Magellan Strait,americas_interocean,0.09080962800875272
2020-11-30,32.607142857142854,2.892857142857143,Panama Canal,Magellan Strait,americas_interocean,0.0887185104052574
2020-12-07,33.464285714285715,3.0357142857142856,Panama Canal,Magellan Strait,americas_interocean,0.09071504802561366
2020-12-09,33.642857142857146,2.892857142857143,Panama Canal,Magellan Strait,americas_interocean,0.08598726114649681
2021-01-06,33.107142857142854,2.5,Panama Canal,Magellan Strait,americas_interocean,0.07551240560949299
2021-01-18,32.57142857142857,3.107142857142857,Panama Canal,Magellan Strait,americas_interocean,0.09539473684210527
2021-01-25,32.57142857142857,2.857142857142857,Panama Canal,Magellan Strait,americas_interocean,0.08771929824561404
2021-02-26,33.07142857142857,2.7142857142857144,Panama Canal,Magellan Strait,americas_interocean,0.08207343412526999
2021-04-17,32.464285714285715,3.5357142857142856,Panama Canal,Magellan Strait,americas_interocean,0.10891089108910891
2021-05-05,31.892857142857142,3.4285714285714284,Panama Canal,Magellan Strait,americas_interocean,0.10750279955207166
2021-05-18,30.857142857142858,3.7142857142857144,Panama Canal,Magellan Strait,americas_interocean,0.12037037037037038
2021-05-24,31.214285714285715,3.9285714285714284,Panama Canal,Magellan Strait,americas_interocean,0.12585812356979403
2021-06-05,31.321428571428573,3.4285714285714284,Panama Canal,Magellan Strait,americas_interocean,0.10946408209806156
2021-06-09,31.535714285714285,3.5,Panama Canal,Magellan Strait,americas_interocean,0.11098527746319366
2021-06-14,31.928571428571427,3.5,Panama Canal,Magellan Strait,americas_interocean,0.10961968680089486
2021-07-19,29.178571428571427,4.285714285714286,Panama Canal,Magellan Strait,americas_interocean,0.14687882496940025
2021-08-16,35.07142857142857,5.035714285714286,Panama Canal,Magellan Strait,americas_interocean,0.14358452138492872
2021-09-12,30.857142857142858,4.75,Panama Canal,Magellan Strait,americas_interocean,0.15393518518518517
2021-10-20,31.214285714285715,4.821428571428571,Panama Canal,Magellan Strait,americas_interocean,0.15446224256292904
2021-11-01,32.642857142857146,4.571428571428571,Panama Canal,Magellan Strait,americas_interocean,0.14004376367614876
2021-11-25,34.42857142857143,4.142857142857143,Panama Canal,Magellan Strait,americas_interocean,0.12033195020746888
2021-11-28,35.142857142857146,4.178571428571429,Panama Canal,Magellan Strait,americas_interocean,0.11890243902439024
2021-12-09,36.285714285714285,4.142857142857143,Panama Canal,Magellan Strait,americas_interocean,0.11417322834645671
2021-12-15,36.285714285714285,3.8214285714285716,Panama Canal,Magellan Strait,americas_interocean,0.10531496062992127
2022-01-23,33.214285714285715,3.4285714285714284,Panama Canal,Magellan Strait,americas_interocean,0.10322580645161289
2022-02-04,33.392857142857146,3.75,Panama Canal,Magellan Strait,americas_interocean,0.1122994652406417
2022-03-22,33.964285714285715,4.214285714285714,Panama Canal,Magellan Strait,americas_interocean,0.12407991587802314
2022-04-08,32.57142857142857,4.107142857142857,Panama Canal,Magellan Strait,americas_interocean,0.12609649122807018
2022-04-22,32.142857142857146,4.071428571428571,Panama Canal,Magellan Strait,americas_interocean,0.12666666666666665
2022-06-12,33.92857142857143,4.107142857142857,Panama Canal,Magellan Strait,americas_interocean,0.12105263157894736
2022-07-11,33.82142857142857,3.5357142857142856,Panama Canal,Magellan Strait,americas_interocean,0.10454065469904963
2022-07-19,31.928571428571427,3.7142857142857144,Panama Canal,Magellan Strait,americas_interocean,0.11633109619686802
2022-07-23,31.75,3.857142857142857,Panama Canal,Magellan Strait,americas_interocean,0.12148481439820023
2022-07-27,31.857142857142858,4.035714285714286,Panama Canal,Magellan Strait,americas_interocean,0.1266816143497758
2022-08-02,32.035714285714285,4.0,Panama Canal,Magellan Strait,americas_interocean,0.12486064659977704
2022-08-07,32.535714285714285,4.714285714285714,Panama Canal,Magellan Strait,americas_interocean,0.14489571899012074
2022-08-26,34.857142857142854,4.464285714285714,Panama Canal,Magellan Strait,americas_interocean,0.1280737704918033
2022-09-07,33.107142857142854,3.9642857142857144,Panama Canal,Magellan Strait,americas_interocean,0.11974110032362462
2022-09-19,32.17857142857143,4.392857142857143,Panama Canal,Magellan Strait,americas_interocean,0.1365149833518313
2022-10-14,32.07142857142857,3.857142857142857,Panama Canal,Magellan Strait,americas_interocean,0.1202672605790646
2022-10-26,33.17857142857143,4.285714285714286,Panama Canal,Magellan Strait,americas_interocean,0.12917115177610333
2022-11-04,33.535714285714285,4.071428571428571,Panama Canal,Magellan Strait,americas_interocean,0.12140575079872204
2022-11-11,33.92857142857143,4.142857142857143,Panama Canal,Magellan Strait,americas_interocean,0.12210526315789474
2022-11-23,33.607142857142854,3.892857142857143,Panama Canal,Magellan Strait,americas_interocean,0.11583421891604677
2022-12-07,33.42857142857143,4.0,Panama Canal,Magellan Strait,americas_interocean,0.11965811965811965
2022-12-12,33.357142857142854,3.857142857142857,Panama Canal,Magellan Strait,americas_interocean,0.11563169164882228
2022-12-25,33.857142857142854,3.142857142857143,Panama Canal,Magellan Strait,americas_interocean,0.09282700421940929
2023-01-06,33.785714285714285,3.107142857142857,Panama Canal,Magellan Strait,americas_interocean,0.0919661733615222
2023-01-18,33.5,3.4642857142857144,Panama Canal,Magellan Strait,americas_interocean,0.10341151385927505
2023-02-01,32.57142857142857,3.4642857142857144,Panama Canal,Magellan Strait,americas_interocean,0.10635964912280703
2023-02-02,32.607142857142854,3.4285714285714284,Panama Canal,Magellan Strait,americas_interocean,0.10514786418400876
2023-02-12,32.464285714285715,3.357142857142857,Panama Canal,Magellan Strait,americas_interocean,0.1034103410341034
2023-02-21,31.928571428571427,3.5357142857142856,Panama Canal,Magellan Strait,americas_interocean,0.11073825503355705
2023-03-17,32.535714285714285,4.071428571428571,Panama Canal,Magellan Strait,americas_interocean,0.12513721185510426
2023-03-20,32.82142857142857,4.107142857142857,Panama Canal,Magellan Strait,americas_interocean,0.1251360174102285
2023-04-24,33.857142857142854,4.178571428571429,Panama Canal,Magellan Strait,americas_interocean,0.12341772151898736
2023-05-03,33.464285714285715,3.9285714285714284,Panama Canal,Magellan Strait,americas_interocean,0.11739594450373532
2023-05-19,31.321428571428573,4.142857142857143,Panama Canal,Magellan Strait,americas_interocean,0.13226909920182442
2023-05-20,31.321428571428573,4.071428571428571,Panama Canal,Magellan Strait,americas_interocean,0.12998859749144812
2023-05-22,31.321428571428573,4.0,Panama Canal,Magellan Strait,americas_interocean,0.12770809578107184
2023-05-25,31.392857142857142,4.035714285714286,Panama Canal,Magellan Strait,americas_interocean,0.1285551763367463
2023-06-07,31.035714285714285,4.035714285714286,Panama Canal,Magellan Strait,americas_interocean,0.13003452243958574
2023-07-11,31.214285714285715,4.571428571428571,Panama Canal,Magellan Strait,americas_interocean,0.14645308924485126
2023-07-19,31.75,4.607142857142857,Panama Canal,Magellan Strait,americas_interocean,0.1451068616422947
2023-09-14,31.25,4.642857142857143,Panama Canal,Magellan Strait,americas_interocean,0.14857142857142858
2023-09-17,31.214285714285715,4.285714285714286,Panama Canal,Magellan Strait,americas_interocean,0.13729977116704806
2023-10-06,30.857142857142858,4.107142857142857,Panama Canal,Magellan Strait,americas_interocean,0.13310185185185183
2023-11-23,25.214285714285715,4.5,Panama Canal,Magellan Strait,americas_interocean,0.17847025495750707
2023-12-13,22.571428571428573,5.5,Panama Canal,Magellan Strait,americas_interocean,0.24367088607594936
2023-12-25,22.0,6.785714285714286,Panama Canal,Magellan Strait,americas_interocean,0.30844155844155846
2023-12-28,21.678571428571427,7.035714285714286,Panama Canal,Magellan Strait,americas_interocean,0.3245469522240527
2024-01-04,21.142857142857142,7.214285714285714,Panama Canal,Magellan Strait,americas_interocean,0.34121621621621623
2024-02-05,19.785714285714285,6.321428571428571,Panama Canal,Magellan Strait,americas_interocean,0.3194945848375451
2024-02-24,20.964285714285715,5.857142857142857,Panama Canal,Magellan Strait,americas_interocean,0.27938671209540034
2024-03-06,20.642857142857142,5.142857142857143,Panama Canal,Magellan Strait,americas_interocean,0.24913494809688583
2024-04-03,22.357142857142858,4.892857142857143,Panama Canal,Magellan Strait,americas_interocean,0.21884984025559107
2024-04-05,22.607142857142858,4.821428571428571,Panama Canal,Magellan Strait,americas_interocean,0.21327014218009477
2024-04-16,23.178571428571427,6.0,Panama Canal,Magellan Strait,americas_interocean,0.25885978428351314
2024-04-23,23.714285714285715,6.285714285714286,Panama Canal,Magellan Strait,americas_interocean,0.2650602409638554
2024-04-26,23.607142857142858,6.214285714285714,Panama Canal,Magellan Strait,americas_interocean,0.2632375189107413
2024-05-02,23.607142857142858,6.285714285714286,Panama Canal,Magellan Strait,americas_interocean,0.26626323751891073
2024-05-19,24.25,5.428571428571429,Panama Canal,Magellan Strait,americas_interocean,0.22385861561119294
2024-05-30,24.607142857142858,4.714285714285714,Panama Canal,Magellan Strait,americas_interocean,0.19158200290275762
2024-06-04,24.964285714285715,4.428571428571429,Panama Canal,Magellan Strait,americas_interocean,0.17739628040057226
2024-07-21,28.071428571428573,4.607142857142857,Panama Canal,Magellan Strait,americas_interocean,0.16412213740458012
2024-08-11,28.5,4.5,Panama Canal,Magellan Strait,americas_interocean,0.15789473684210525
2024-08-17,28.821428571428573,4.464285714285714,Panama Canal,Magellan Strait,americas_interocean,0.15489467162329615
2024-08-26,28.964285714285715,4.642857142857143,Panama Canal,Magellan Strait,americas_interocean,0.16029593094944514
2024-08-27,29.214285714285715,4.642857142857143,Panama Canal,Magellan Strait,americas_interocean,0.15892420537897312
2024-08-28,29.321428571428573,4.321428571428571,Panama Canal,Magellan Strait,americas_interocean,0.1473812423873325
2024-10-15,28.857142857142858,3.75,Panama Canal,Magellan Strait,americas_interocean,0.12995049504950495
2024-10-21,28.714285714285715,3.6785714285714284,Panama Canal,Magellan Strait,americas_interocean,0.1281094527363184
2024-11-28,31.214285714285715,3.392857142857143,Panama Canal,Magellan Strait,americas_interocean,0.10869565217391304
2024-12-09,30.571428571428573,3.357142857142857,Panama Canal,Magellan Strait,americas_interocean,0.10981308411214953
2024-12-26,31.5,3.7142857142857144,Panama Canal,Magellan Strait,americas_interocean,0.11791383219954649
2024-12-27,31.464285714285715,3.5714285714285716,Panama Canal,Magellan Strait,americas_interocean,0.11350737797956867
2024-12-28,31.464285714285715,3.5,Panama Canal,Magellan Strait,americas_interocean,0.1112372304199773
2024-12-30,31.321428571428573,3.642857142857143,Panama Canal,Magellan Strait,americas_interocean,0.11630558722919042
2025-01-16,31.142857142857142,3.6785714285714284,Panama Canal,Magellan Strait,americas_interocean,0.11811926605504587
2025-01-18,30.75,3.75,Panama Canal,Magellan Strait,americas_interocean,0.12195121951219512
2025-01-19,30.75,3.607142857142857,Panama Canal,Magellan Strait,americas_interocean,0.11730545876887341
2025-01-26,30.178571428571427,3.2857142857142856,Panama Canal,Magellan Strait,americas_interocean,0.10887573964497041
2025-01-28,30.035714285714285,3.4285714285714284,Panama Canal,Magellan Strait,americas_interocean,0.11414982164090369
2025-01-31,29.571428571428573,3.1785714285714284,Panama Canal,Magellan Strait,americas_interocean,0.107487922705314
2025-02-02,29.75,3.2857142857142856,Panama Canal,Magellan Strait,americas_interocean,0.11044417767106843
2025-02-14,30.214285714285715,3.75,Panama Canal,Magellan Strait,americas_interocean,0.12411347517730496
2025-02-25,31.285714285714285,3.642857142857143,Panama Canal,Magellan Strait,americas_interocean,0.11643835616438357
2025-04-16,31.714285714285715,3.642857142857143,Panama Canal,Magellan Strait,americas_interocean,0.11486486486486486
2025-04-24,31.678571428571427,3.7142857142857144,Panama Canal,Magellan Strait,americas_interocean,0.11724915445321309
2025-05-31,29.714285714285715,3.7857142857142856,Panama Canal,Magellan Strait,americas_interocean,0.12740384615384615
2025-06-29,29.857142857142858,4.25,Panama Canal,Magellan Strait,americas_interocean,0.1423444976076555
2025-07-01,29.714285714285715,4.321428571428571,Panama Canal,Magellan Strait,americas_interocean,0.1454326923076923
2025-07-13,30.857142857142858,4.714285714285714,Panama Canal,Magellan Strait,americas_interocean,0.1527777777777778
2025-09-01,31.071428571428573,4.607142857142857,Panama Canal,Magellan Strait,americas_interocean,0.1482758620689655
2025-10-31,31.964285714285715,3.5,Panama Canal,Magellan Strait,americas_interocean,0.10949720670391061
2025-11-09,32.214285714285715,3.642857142857143,Panama Canal,Magellan Strait,americas_interocean,0.1130820399113082
2025-12-10,32.107142857142854,3.642857142857143,Panama Canal,Magellan Strait,americas_interocean,0.11345939933259178
2025-12-25,32.392857142857146,3.5714285714285716,Panama Canal,Magellan Strait,americas_interocean,0.11025358324145534
2026-02-03,31.25,3.357142857142857,Panama Canal,Magellan Strait,americas_interocean,0.10742857142857143
2026-02-26,32.17857142857143,2.892857142857143,Panama Canal,Magellan Strait,americas_interocean,0.08990011098779134
2026-03-21,34.25,3.142857142857143,Panama Canal,Magellan Strait,americas_interocean,0.09176225234619395
2026-03-28,33.75,3.642857142857143,Panama Canal,Magellan Strait,americas_interocean,0.10793650793650793
2026-03-29,33.785714285714285,3.75,Panama Canal,Magellan Strait,americas_interocean,0.11099365750528542
2026-05-02,35.0,3.75,Panama Canal,Magellan Strait,americas_interocean,0.10714285714285714
2026-05-20,35.035714285714285,4.821428571428571,Panama Canal,Magellan Strait,americas_interocean,0.13761467889908258
2026-07-01,29.75,4.75,Panama Canal,Magellan Strait,americas_interocean,0.15966386554621848
2026-07-08,30.392857142857142,5.285714285714286,Panama Canal,Magellan Strait,americas_interocean,0.17391304347826086
2026-07-29,32.142857142857146,5.107142857142857,Panama Canal,Magellan Strait,americas_interocean,0.15888888888888886
2026-08-07,31.857142857142858,5.0,Panama Canal,Magellan Strait,americas_interocean,0.15695067264573992
2019-01-17,30.58823529411765,2.9411764705882355,Panama Canal,Magellan Strait,americas_interocean,0.09615384615384616
2019-02-09,32.42857142857143,3.9642857142857144,Panama Canal,Magellan Strait,americas_interocean,0.12224669603524228
2019-03-31,31.357142857142858,3.642857142857143,Panama Canal,Magellan Strait,americas_interocean,0.11617312072892938
2019-04-11,29.892857142857142,3.357142857142857,Panama Canal,Magellan Strait,americas_interocean,0.11230585424133811
2019-04-12,30.0,3.25,Panama Canal,Magellan Strait,americas_interocean,0.10833333333333334
2019-04-19,29.642857142857142,3.642857142857143,Panama Canal,Magellan Strait,americas_interocean,0.12289156626506025
2019-04-21,29.464285714285715,3.75,Panama Canal,Magellan Strait,americas_interocean,0.12727272727272726
2019-04-23,29.607142857142858,3.892857142857143,Panama Canal,Magellan Strait,americas_interocean,0.13148371531966224
2019-05-26,30.964285714285715,3.5,Panama Canal,Magellan Strait,americas_interocean,0.11303344867358708
2019-06-10,30.785714285714285,3.1785714285714284,Panama Canal,Magellan Strait,americas_interocean,0.10324825986078887
2019-06-11,30.642857142857142,3.25,Panama Canal,Magellan Strait,americas_interocean,0.10606060606060606
2019-06-27,30.357142857142858,3.2142857142857144,Panama Canal,Magellan Strait,americas_interocean,0.10588235294117647
2019-06-30,30.25,3.25,Panama Canal,Magellan Strait,americas_interocean,0.10743801652892562
2019-07-06,29.75,3.5,Panama Canal,Magellan Strait,americas_interocean,0.11764705882352941
2019-08-02,30.857142857142858,3.7857142857142856,Panama Canal,Magellan Strait,americas_interocean,0.12268518518518517
2019-08-30,34.17857142857143,4.178571428571429,Panama Canal,Magellan Strait,americas_interocean,0.12225705329153605
2019-09-06,34.07142857142857,4.035714285714286,Panama Canal,Magellan Strait,americas_interocean,0.11844863731656184
2019-09-26,32.035714285714285,4.178571428571429,Panama Canal,Magellan Strait,americas_interocean,0.13043478260869568
2019-11-04,34.07142857142857,3.7142857142857144,Panama Canal,Magellan Strait,americas_interocean,0.10901467505241091
2019-11-07,34.035714285714285,3.642857142857143,Panama Canal,Magellan Strait,americas_interocean,0.10703043022035677
2019-11-21,34.357142857142854,3.857142857142857,Panama Canal,Magellan Strait,americas_interocean,0.11226611226611227
2019-11-24,34.607142857142854,3.75,Panama Canal,Magellan Strait,americas_interocean,0.108359133126935
2019-12-23,33.964285714285715,3.4642857142857144,Panama Canal,Magellan Strait,americas_interocean,0.10199789695057834
2019-12-25,33.82142857142857,3.5357142857142856,Panama Canal,Magellan Strait,americas_interocean,0.10454065469904963
2019-12-30,33.142857142857146,3.4285714285714284,Panama Canal,Magellan Strait,americas_interocean,0.10344827586206895
2020-01-20,31.892857142857142,2.9642857142857144,Panama Canal,Magellan Strait,americas_interocean,0.0929451287793953
2020-02-17,48.82142857142857,13.357142857142858,Panama Canal,Magellan Strait,americas_interocean,0.27359180687637163
2020-05-05,29.75,3.2857142857142856,Panama Canal,Magellan Strait,americas_interocean,0.11044417767106843
2020-08-14,29.214285714285715,3.2857142857142856,Panama Canal,Magellan Strait,americas_interocean,0.11246943765281173
2020-08-29,30.75,3.5357142857142856,Panama Canal,Magellan Strait,americas_interocean,0.11498257839721254
2020-09-27,29.571428571428573,3.0357142857142856,Panama Canal,Magellan Strait,americas_interocean,0.10265700483091786
2020-10-10,31.142857142857142,3.3214285714285716,Panama Canal,Magellan Strait,americas_interocean,0.106651376146789
2020-11-26,32.17857142857143,3.142857142857143,Panama Canal,Magellan Strait,americas_interocean,0.09766925638179799
2020-11-27,32.32142857142857,3.0,Panama Canal,Magellan Strait,americas_interocean,0.09281767955801105
2020-11-28,32.535714285714285,3.0357142857142856,Panama Canal,Magellan Strait,americas_interocean,0.09330406147091108
2020-12-08,33.57142857142857,2.9285714285714284,Panama Canal,Magellan Strait,americas_interocean,0.08723404255319149
2021-01-07,33.17857142857143,2.4642857142857144,Panama Canal,Magellan Strait,americas_interocean,0.07427341227125941
2021-01-10,32.785714285714285,2.5357142857142856,Panama Canal,Magellan Strait,americas_interocean,0.07734204793028322
2021-02-14,32.857142857142854,2.5714285714285716,Panama Canal,Magellan Strait,americas_interocean,0.0782608695652174
2021-03-10,33.285714285714285,2.7857142857142856,Panama Canal,Magellan Strait,americas_interocean,0.08369098712446352
2021-03-19,33.67857142857143,2.9642857142857144,Panama Canal,Magellan Strait,americas_interocean,0.088016967126193
2021-04-22,32.392857142857146,3.607142857142857,Panama Canal,Magellan Strait,americas_interocean,0.11135611907386989
2021-05-29,31.5,3.642857142857143,Panama Canal,Magellan Strait,americas_interocean,0.11564625850340136
2021-06-07,31.428571428571427,3.642857142857143,Panama Canal,Magellan Strait,americas_interocean,0.1159090909090909
2021-06-12,31.892857142857142,3.2857142857142856,Panama Canal,Magellan Strait,americas_interocean,0.10302351623740201
2021-08-30,33.392857142857146,4.964285714285714,Panama Canal,Magellan Strait,americas_interocean,0.14866310160427806
2021-09-09,31.785714285714285,4.821428571428571,Panama Canal,Magellan Strait,americas_interocean,0.15168539325842698
2021-09-28,28.428571428571427,4.357142857142857,Panama Canal,Magellan Strait,americas_interocean,0.15326633165829145
2021-10-04,28.642857142857142,4.428571428571429,Panama Canal,Magellan Strait,americas_interocean,0.1546134663341646
2021-10-05,28.714285714285715,4.571428571428571,Panama Canal,Magellan Strait,americas_interocean,0.15920398009950248
2021-10-15,30.107142857142858,4.785714285714286,Panama Canal,Magellan Strait,americas_interocean,0.15895610913404506
2021-10-17,30.428571428571427,4.75,Panama Canal,Magellan Strait,americas_interocean,0.15610328638497653
2021-10-18,30.857142857142858,4.642857142857143,Panama Canal,Magellan Strait,americas_interocean,0.15046296296296297
2021-12-11,36.42857142857143,4.035714285714286,Panama Canal,Magellan Strait,americas_interocean,0.11078431372549019
2021-12-31,35.107142857142854,4.0,Panama Canal,Magellan Strait,americas_interocean,0.11393692777212615
2022-01-10,34.142857142857146,3.6785714285714284,Panama Canal,Magellan Strait,americas_interocean,0.10774058577405857
2022-01-21,33.464285714285715,3.5714285714285716,Panama Canal,Magellan Strait,americas_interocean,0.10672358591248667
2022-01-26,33.25,3.75,Panama Canal,Magellan Strait,americas_interocean,0.11278195488721804
2022-01-31,33.214285714285715,3.6785714285714284,Panama Canal,Magellan Strait,americas_interocean,0.110752688172043
2022-02-01,33.285714285714285,3.642857142857143,Panama Canal,Magellan Strait,americas_interocean,0.10944206008583691
2022-02-16,33.92857142857143,4.178571428571429,Panama Canal,Magellan Strait,americas_interocean,0.1231578947368421
2022-04-16,32.142857142857146,3.9285714285714284,Panama Canal,Magellan Strait,americas_interocean,0.1222222222222222
2022-05-12,33.142857142857146,3.892857142857143,Panama Canal,Magellan Strait,americas_interocean,0.11745689655172413
2022-05-15,33.17857142857143,3.9285714285714284,Panama Canal,Magellan Strait,americas_interocean,0.11840688912809472
2022-05-19,33.214285714285715,4.0,Panama Canal,Magellan Strait,americas_interocean,0.12043010752688171
2022-05-23,33.214285714285715,4.142857142857143,Panama Canal,Magellan Strait,americas_interocean,0.12473118279569893
2022-05-24,33.17857142857143,4.142857142857143,Panama Canal,Magellan Strait,americas_interocean,0.12486544671689989
2022-07-01,34.92857142857143,3.7857142857142856,Panama Canal,Magellan Strait,americas_interocean,0.1083844580777096
2022-07-17,32.5,3.8214285714285716,Panama Canal,Magellan Strait,americas_interocean,0.1175824175824176
2022-08-08,32.5,4.714285714285714,Panama Canal,Magellan Strait,americas_interocean,0.14505494505494507
2022-08-16,34.464285714285715,4.821428571428571,Panama Canal,Magellan Strait,americas_interocean,0.13989637305699482
2022-09-09,33.035714285714285,4.035714285714286,Panama Canal,Magellan Strait,americas_interocean,0.12216216216216216
2022-09-25,31.892857142857142,4.214285714285714,Panama Canal,Magellan Strait,americas_interocean,0.13213885778275478
2022-10-09,32.17857142857143,4.071428571428571,Panama Canal,Magellan Strait,americas_interocean,0.12652608213096558
2022-10-21,32.464285714285715,4.107142857142857,Panama Canal,Magellan Strait,americas_interocean,0.1265126512651265
2022-10-24,32.75,4.357142857142857,Panama Canal,Magellan Strait,americas_interocean,0.13304252998909485
2022-11-08,33.67857142857143,4.25,Panama Canal,Magellan Strait,americas_interocean,0.12619300106044537
2022-11-09,33.82142857142857,4.214285714285714,Panama Canal,Magellan Strait,americas_interocean,0.12460401267159452
2022-11-27,33.892857142857146,4.035714285714286,Panama Canal,Magellan Strait,americas_interocean,0.119072708113804
2022-11-28,33.857142857142854,3.9285714285714284,Panama Canal,Magellan Strait,americas_interocean,0.1160337552742616
2022-12-01,33.67857142857143,4.107142857142857,Panama Canal,Magellan Strait,americas_interocean,0.1219512195121951
2023-01-04,34.142857142857146,2.9285714285714284,Panama Canal,Magellan Strait,americas_interocean,0.08577405857740585
2023-01-10,33.714285714285715,3.0714285714285716,Panama Canal,Magellan Strait,americas_interocean,0.09110169491525424
2023-01-15,33.57142857142857,3.25,Panama Canal,Magellan Strait,americas_interocean,0.09680851063829787
2023-02-09,32.67857142857143,3.5,Panama Canal,Magellan Strait,americas_interocean,0.10710382513661201
2023-02-15,32.214285714285715,3.392857142857143,Panama Canal,Magellan Strait,americas_interocean,0.10532150776053215
2023-02-25,31.964285714285715,3.7142857142857144,Panama Canal,Magellan Strait,americas_interocean,0.11620111731843576
2023-03-04,32.07142857142857,3.6785714285714284,Panama Canal,Magellan Strait,americas_interocean,0.11469933184855234
2023-03-08,32.392857142857146,3.5714285714285716,Panama Canal,Magellan Strait,americas_interocean,0.11025358324145534
2023-03-14,32.5,3.7857142857142856,Panama Canal,Magellan Strait,americas_interocean,0.11648351648351649
2023-04-04,33.285714285714285,4.035714285714286,Panama Canal,Magellan Strait,americas_interocean,0.12124463519313304
2023-04-12,33.464285714285715,3.75,Panama Canal,Magellan Strait,americas_interocean,0.11205976520811099
2023-04-14,33.57142857142857,3.5714285714285716,Panama Canal,Magellan Strait,americas_interocean,0.10638297872340427
2023-07-17,31.714285714285715,4.428571428571429,Panama Canal,Magellan Strait,americas_interocean,0.13963963963963966
2023-07-27,31.714285714285715,4.464285714285714,Panama Canal,Magellan Strait,americas_interocean,0.14076576576576577
2023-08-02,31.25,4.535714285714286,Panama Canal,Magellan Strait,americas_interocean,0.14514285714285713
2023-08-04,31.392857142857142,4.321428571428571,Panama Canal,Magellan Strait,americas_interocean,0.13765642775881684
2023-08-23,30.964285714285715,4.25,Panama Canal,Magellan Strait,americas_interocean,0.1372549019607843
2023-09-19,31.285714285714285,4.214285714285714,Panama Canal,Magellan Strait,americas_interocean,0.13470319634703198
2023-09-20,31.321428571428573,4.321428571428571,Panama Canal,Magellan Strait,americas_interocean,0.1379703534777651
2023-09-30,31.0,3.8214285714285716,Panama Canal,Magellan Strait,americas_interocean,0.12327188940092167
2023-10-07,31.0,4.107142857142857,Panama Canal,Magellan Strait,americas_interocean,0.1324884792626728
2023-10-22,29.964285714285715,4.892857142857143,Panama Canal,Magellan Strait,americas_interocean,0.1632896305125149
2023-10-28,30.178571428571427,5.357142857142857,Panama Canal,Magellan Strait,americas_interocean,0.17751479289940827
2023-11-04,29.285714285714285,4.821428571428571,Panama Canal,Magellan Strait,americas_interocean,0.16463414634146342
2023-11-05,29.214285714285715,4.857142857142857,Panama Canal,Magellan Strait,americas_interocean,0.16625916870415647
2023-11-22,25.464285714285715,4.571428571428571,Panama Canal,Magellan Strait,americas_interocean,0.17952314165497896
2023-11-27,24.357142857142858,4.357142857142857,Panama Canal,Magellan Strait,americas_interocean,0.1788856304985337
2023-12-22,22.178571428571427,6.607142857142857,Panama Canal,Magellan Strait,americas_interocean,0.29790660225442833
2024-01-14,20.678571428571427,6.964285714285714,Panama Canal,Magellan Strait,americas_interocean,0.3367875647668394
2024-01-18,20.714285714285715,6.285714285714286,Panama Canal,Magellan Strait,americas_interocean,0.30344827586206896
2024-01-22,20.035714285714285,6.607142857142857,Panama Canal,Magellan Strait,americas_interocean,0.32976827094474154
2024-01-27,19.357142857142858,6.178571428571429,Panama Canal,Magellan Strait,americas_interocean,0.3191881918819188
2024-01-31,19.357142857142858,6.25,Panama Canal,Magellan Strait,americas_interocean,0.32287822878228783
2024-04-19,23.25,6.392857142857143,Panama Canal,Magellan Strait,americas_interocean,0.2749615975422427
2024-04-28,23.785714285714285,6.0,Panama Canal,Magellan Strait,americas_interocean,0.2522522522522523
2024-05-11,23.642857142857142,6.25,Panama Canal,Magellan Strait,americas_interocean,0.26435045317220546
2024-08-01,28.821428571428573,5.035714285714286,Panama Canal,Magellan Strait,americas_interocean,0.17472118959107805
2024-08-12,28.357142857142858,4.357142857142857,Panama Canal,Magellan Strait,americas_interocean,0.15365239294710326
2024-08-13,28.571428571428573,4.428571428571429,Panama Canal,Magellan Strait,americas_interocean,0.155
2024-09-28,30.321428571428573,4.321428571428571,Panama Canal,Magellan Strait,americas_interocean,0.14252061248527678
2024-09-30,29.964285714285715,4.285714285714286,Panama Canal,Magellan Strait,americas_interocean,0.1430274135876043
2024-10-18,28.892857142857142,3.607142857142857,Panama Canal,Magellan Strait,americas_interocean,0.12484548825710755
2024-11-09,30.928571428571427,3.642857142857143,Panama Canal,Magellan Strait,americas_interocean,0.11778290993071594
2024-11-14,32.0,3.3214285714285716,Panama Canal,Magellan Strait,americas_interocean,0.10379464285714286
2024-11-22,31.75,3.25,Panama Canal,Magellan Strait,americas_interocean,0.10236220472440945
2024-12-25,31.464285714285715,3.6785714285714284,Panama Canal,Magellan Strait,americas_interocean,0.11691259931895573
2025-01-08,31.25,3.857142857142857,Panama Canal,Magellan Strait,americas_interocean,0.12342857142857143
2025-01-25,30.178571428571427,3.2857142857142856,Panama Canal,Magellan Strait,americas_interocean,0.10887573964497041
2025-02-01,29.5,3.2142857142857144,Panama Canal,Magellan Strait,americas_interocean,0.1089588377723971
2025-02-15,30.535714285714285,3.75,Panama Canal,Magellan Strait,americas_interocean,0.12280701754385966
2025-03-10,31.75,3.7142857142857144,Panama Canal,Magellan Strait,americas_interocean,0.11698537682789652
2025-03-18,31.25,3.4642857142857144,Panama Canal,Magellan Strait,americas_interocean,0.11085714285714286
2025-03-20,31.607142857142858,3.5,Panama Canal,Magellan Strait,americas_interocean,0.11073446327683616
2025-04-14,31.678571428571427,3.642857142857143,Panama Canal,Magellan Strait,americas_interocean,0.11499436302142052
2025-04-29,31.321428571428573,4.035714285714286,Panama Canal,Magellan Strait,americas_interocean,0.12884834663625996
2025-05-12,31.214285714285715,4.321428571428571,Panama Canal,Magellan Strait,americas_interocean,0.13844393592677345
2025-05-16,30.607142857142858,4.25,Panama Canal,Magellan Strait,americas_interocean,0.13885647607934656
2025-06-08,29.75,3.9285714285714284,Panama Canal,Magellan Strait,americas_interocean,0.13205282112845138
2025-07-05,29.535714285714285,4.571428571428571,Panama Canal,Magellan Strait,americas_interocean,0.154776299879081
2025-07-06,29.857142857142858,4.5,Panama Canal,Magellan Strait,americas_interocean,0.1507177033492823
2025-07-12,30.785714285714285,4.714285714285714,Panama Canal,Magellan Strait,americas_interocean,0.15313225058004643
2025-07-17,31.857142857142858,4.964285714285714,Panama Canal,Magellan Strait,americas_interocean,0.15582959641255606
2025-09-03,31.035714285714285,4.678571428571429,Panama Canal,Magellan Strait,americas_interocean,0.15074798619102417
2025-10-08,31.785714285714285,4.285714285714286,Panama Canal,Magellan Strait,americas_interocean,0.1348314606741573
2025-10-16,31.928571428571427,3.892857142857143,Panama Canal,Magellan Strait,americas_interocean,0.12192393736017898
2025-10-20,32.25,3.892857142857143,Panama Canal,Magellan Strait,americas_interocean,0.12070874861572536
2025-10-23,32.17857142857143,3.892857142857143,Panama Canal,Magellan Strait,americas_interocean,0.12097669256381798
2025-11-28,31.464285714285715,3.4642857142857144,Panama Canal,Magellan Strait,americas_interocean,0.11010215664018161
2025-12-13,32.32142857142857,3.4285714285714284,Panama Canal,Magellan Strait,americas_interocean,0.10607734806629834
2026-01-14,30.25,3.9285714285714284,Panama Canal,Magellan Strait,americas_interocean,0.12987012987012986
2026-01-16,30.428571428571427,3.8214285714285716,Panama Canal,Magellan Strait,americas_interocean,0.1255868544600939
2026-01-19,30.714285714285715,3.642857142857143,Panama Canal,Magellan Strait,americas_interocean,0.11860465116279069
2026-03-02,32.75,2.7857142857142856,Panama Canal,Magellan Strait,americas_interocean,0.08505997818974918
2026-05-12,35.464285714285715,4.214285714285714,Panama Canal,Magellan Strait,americas_interocean,0.11883182275931521
2026-06-19,29.607142857142858,4.464285714285714,Panama Canal,Magellan Strait,americas_interocean,0.15078407720144754
2026-07-24,32.785714285714285,5.25,Panama Canal,Magellan Strait,americas_interocean,0.16013071895424838
2026-07-31,32.035714285714285,5.107142857142857,Panama Canal,Magellan Strait,americas_interocean,0.15942028985507245
2026-08-12,29.678571428571427,4.892857142857143,Panama Canal,Magellan Strait,americas_interocean,0.16486161251504214
2026-08-16,29.571428571428573,5.142857142857143,Panama Canal,Magellan Strait,americas_interocean,0.17391304347826086
2026-08-21,29.285714285714285,5.571428571428571,Panama Canal,Magellan Strait,americas_interocean,0.1902439024390244
2026-08-22,29.107142857142858,5.75,Panama Canal,Magellan Strait,americas_interocean,0.19754601226993865
2019-01-16,30.625,2.9375,Panama Canal,Magellan Strait,americas_interocean,0.09591836734693877
2019-02-02,31.25,3.8214285714285716,Panama Canal,Magellan Strait,americas_interocean,0.12228571428571429
2019-02-04,31.607142857142858,3.892857142857143,Panama Canal,Magellan Strait,americas_interocean,0.1231638418079096
2019-02-17,31.785714285714285,3.9285714285714284,Panama Canal,Magellan Strait,americas_interocean,0.12359550561797752
2019-02-25,31.392857142857142,3.5357142857142856,Panama Canal,Magellan Strait,americas_interocean,0.11262798634812286
2019-03-05,30.928571428571427,3.0357142857142856,Panama Canal,Magellan Strait,americas_interocean,0.09815242494226328
2019-03-18,31.678571428571427,2.857142857142857,Panama Canal,Magellan Strait,americas_interocean,0.09019165727170238
2019-03-22,32.0,2.892857142857143,Panama Canal,Magellan Strait,americas_interocean,0.09040178571428571
2019-04-06,30.678571428571427,3.4285714285714284,Panama Canal,Magellan Strait,americas_interocean,0.11175785797438882
2019-04-16,29.821428571428573,3.357142857142857,Panama Canal,Magellan Strait,americas_interocean,0.11257485029940119
2019-04-30,30.535714285714285,3.5714285714285716,Panama Canal,Magellan Strait,americas_interocean,0.11695906432748539
2019-05-14,31.642857142857142,3.6785714285714284,Panama Canal,Magellan Strait,americas_interocean,0.11625282167042889
2019-05-19,31.821428571428573,3.642857142857143,Panama Canal,Magellan Strait,americas_interocean,0.11447811447811447
2019-05-25,31.107142857142858,3.5,Panama Canal,Magellan Strait,americas_interocean,0.11251435132032146
2019-06-19,30.0,2.75,Panama Canal,Magellan Strait,americas_interocean,0.09166666666666666
2019-06-25,30.5,3.1785714285714284,Panama Canal,Magellan Strait,americas_interocean,0.10421545667447306
2019-07-14,30.071428571428573,3.5,Panama Canal,Magellan Strait,americas_interocean,0.1163895486935867
2019-08-25,33.5,4.392857142857143,Panama Canal,Magellan Strait,americas_interocean,0.13113006396588486
2019-10-02,31.571428571428573,4.0,Panama Canal,Magellan Strait,americas_interocean,0.12669683257918551
2019-10-24,33.32142857142857,3.607142857142857,Panama Canal,Magellan Strait,americas_interocean,0.10825294748124331
2019-10-25,33.32142857142857,3.607142857142857,Panama Canal,Magellan Strait,americas_interocean,0.10825294748124331
2019-10-30,33.92857142857143,3.9642857142857144,Panama Canal,Magellan Strait,americas_interocean,0.11684210526315789
2019-11-12,33.82142857142857,3.9285714285714284,Panama Canal,Magellan Strait,americas_interocean,0.11615628299894404
2019-11-20,34.285714285714285,3.7857142857142856,Panama Canal,Magellan Strait,americas_interocean,0.11041666666666666
2019-12-11,34.535714285714285,3.5,Panama Canal,Magellan Strait,americas_interocean,0.10134436401240951
2020-01-03,32.5,3.5357142857142856,Panama Canal,Magellan Strait,americas_interocean,0.1087912087912088
2020-01-31,45.17857142857143,11.642857142857142,Panama Canal,Magellan Strait,americas_interocean,0.2577075098814229
2020-02-06,48.857142857142854,13.714285714285714,Panama Canal,Magellan Strait,americas_interocean,0.2807017543859649
2020-02-23,46.964285714285715,12.964285714285714,Panama Canal,Magellan Strait,americas_interocean,0.27604562737642585
2020-03-15,31.642857142857142,3.0357142857142856,Panama Canal,Magellan Strait,americas_interocean,0.09593679458239278
2020-03-27,31.785714285714285,3.0714285714285716,Panama Canal,Magellan Strait,americas_interocean,0.09662921348314607
2020-03-31,31.642857142857142,3.1785714285714284,Panama Canal,Magellan Strait,americas_interocean,0.10045146726862302
2020-04-04,31.25,3.1785714285714284,Panama Canal,Magellan Strait,americas_interocean,0.1017142857142857
2020-05-03,29.642857142857142,3.1785714285714284,Panama Canal,Magellan Strait,americas_interocean,0.1072289156626506
2020-06-01,26.178571428571427,3.2142857142857144,Panama Canal,Magellan Strait,americas_interocean,0.1227830832196453
2020-06-05,25.964285714285715,3.0,Panama Canal,Magellan Strait,americas_interocean,0.1155433287482806
2020-06-13,25.5,3.142857142857143,Panama Canal,Magellan Strait,americas_interocean,0.12324929971988795
2020-06-25,26.321428571428573,2.642857142857143,Panama Canal,Magellan Strait,americas_interocean,0.10040705563093621
2020-07-28,28.25,3.0,Panama Canal,Magellan Strait,americas_interocean,0.10619469026548672
2020-09-07,29.821428571428573,3.5,Panama Canal,Magellan Strait,americas_interocean,0.11736526946107784
2020-10-25,33.32142857142857,3.142857142857143,Panama Canal,Magellan Strait,americas_interocean,0.09431939978563773
2020-11-10,33.67857142857143,3.107142857142857,Panama Canal,Magellan Strait,americas_interocean,0.09225874867444327
2020-12-05,33.107142857142854,2.892857142857143,Panama Canal,Magellan Strait,americas_interocean,0.08737864077669903
2020-12-06,33.17857142857143,2.9285714285714284,Panama Canal,Magellan Strait,americas_interocean,0.0882669537136706
2020-12-24,34.07142857142857,2.607142857142857,Panama Canal,Magellan Strait,americas_interocean,0.07651991614255765
2021-01-01,33.57142857142857,2.5714285714285716,Panama Canal,Magellan Strait,americas_interocean,0.07659574468085108
2021-01-11,32.92857142857143,2.5714285714285716,Panama Canal,Magellan Strait,americas_interocean,0.07809110629067245
2021-03-11,33.25,2.8214285714285716,Panama Canal,Magellan Strait,americas_interocean,0.08485499462943072
2021-03-27,33.42857142857143,3.107142857142857,Panama Canal,Magellan Strait,americas_interocean,0.09294871794871795
2021-04-18,32.5,3.642857142857143,Panama Canal,Magellan Strait,americas_interocean,0.11208791208791209
2021-04-26,32.17857142857143,3.642857142857143,Panama Canal,Magellan Strait,americas_interocean,0.11320754716981131
2021-04-29,32.214285714285715,3.5714285714285716,Panama Canal,Magellan Strait,americas_interocean,0.11086474501108648
2021-05-12,31.678571428571427,3.5,Panama Canal,Magellan Strait,americas_interocean,0.1104847801578354
2021-05-26,31.25,3.8214285714285716,Panama Canal,Magellan Strait,americas_interocean,0.12228571428571429
2021-06-01,31.357142857142858,3.607142857142857,Panama Canal,Magellan Strait,americas_interocean,0.11503416856492027
2021-07-02,31.214285714285715,3.9285714285714284,Panama Canal,Magellan Strait,americas_interocean,0.12585812356979403
2021-07-10,29.642857142857142,4.178571428571429,Panama Canal,Magellan Strait,americas_interocean,0.14096385542168677
2021-07-21,29.678571428571427,4.357142857142857,Panama Canal,Magellan Strait,americas_interocean,0.14681107099879662
2021-07-28,31.142857142857142,4.071428571428571,Panama Canal,Magellan Strait,americas_interocean,0.13073394495412843
2021-07-29,31.392857142857142,4.178571428571429,Panama Canal,Magellan Strait,americas_interocean,0.13310580204778158
2021-08-14,35.5,4.607142857142857,Panama Canal,Magellan Strait,americas_interocean,0.12977867203219315
2021-09-23,29.142857142857142,4.321428571428571,Panama Canal,Magellan Strait,americas_interocean,0.1482843137254902
2021-09-30,28.535714285714285,4.428571428571429,Panama Canal,Magellan Strait,americas_interocean,0.15519399249061328
2021-10-09,29.25,4.642857142857143,Panama Canal,Magellan Strait,americas_interocean,0.15873015873015875
2021-10-28,32.32142857142857,4.571428571428571,Panama Canal,Magellan Strait,americas_interocean,0.1414364640883978
2021-11-30,35.214285714285715,4.035714285714286,Panama Canal,Magellan Strait,americas_interocean,0.11460446247464502
2021-12-04,35.857142857142854,3.9285714285714284,Panama Canal,Magellan Strait,americas_interocean,0.10956175298804781
2021-12-26,35.5,4.107142857142857,Panama Canal,Magellan Strait,americas_interocean,0.11569416498993963
2022-01-19,33.464285714285715,3.5,Panama Canal,Magellan Strait,americas_interocean,0.10458911419423693
2022-01-29,33.07142857142857,3.75,Panama Canal,Magellan Strait,americas_interocean,0.11339092872570194
2022-02-09,33.785714285714285,4.071428571428571,Panama Canal,Magellan Strait,americas_interocean,0.12050739957716701
2022-03-04,34.67857142857143,4.535714285714286,Panama Canal,Magellan Strait,americas_interocean,0.13079299691040164
2022-03-09,34.535714285714285,4.464285714285714,Panama Canal,Magellan Strait,americas_interocean,0.12926577042399173
2022-03-17,34.535714285714285,4.428571428571429,Panama Canal,Magellan Strait,americas_interocean,0.1282316442605998
2022-04-12,32.142857142857146,4.107142857142857,Panama Canal,Magellan Strait,americas_interocean,0.12777777777777774
2022-06-01,33.285714285714285,4.321428571428571,Panama Canal,Magellan Strait,americas_interocean,0.1298283261802575
2022-06-17,34.464285714285715,3.9285714285714284,Panama Canal,Magellan Strait,americas_interocean,0.11398963730569947
2022-06-18,34.642857142857146,3.7142857142857144,Panama Canal,Magellan Strait,americas_interocean,0.10721649484536082
2022-06-29,34.714285714285715,3.6785714285714284,Panama Canal,Magellan Strait,americas_interocean,0.1059670781893004
2022-07-14,33.107142857142854,3.8214285714285716,Panama Canal,Magellan Strait,americas_interocean,0.11542610571736787
2022-08-14,33.82142857142857,4.678571428571429,Panama Canal,Magellan Strait,americas_interocean,0.13833157338965155
2022-08-24,34.92857142857143,4.285714285714286,Panama Canal,Magellan Strait,americas_interocean,0.12269938650306747
2022-09-01,34.32142857142857,4.321428571428571,Panama Canal,Magellan Strait,americas_interocean,0.1259105098855359
2022-09-22,31.892857142857142,4.321428571428571,Panama Canal,Magellan Strait,americas_interocean,0.135498320268757
2022-11-05,33.67857142857143,4.107142857142857,Panama Canal,Magellan Strait,americas_interocean,0.1219512195121951
2022-12-08,33.392857142857146,3.9642857142857144,Panama Canal,Magellan Strait,americas_interocean,0.11871657754010695
2022-12-17,33.142857142857146,3.7142857142857144,Panama Canal,Magellan Strait,americas_interocean,0.11206896551724137
2022-12-28,34.25,2.892857142857143,Panama Canal,Magellan Strait,americas_interocean,0.08446298227320125
2023-01-25,32.67857142857143,3.5,Panama Canal,Magellan Strait,americas_interocean,0.10710382513661201
2023-01-27,32.92857142857143,3.4642857142857144,Panama Canal,Magellan Strait,americas_interocean,0.10520607375271149
2023-02-20,31.785714285714285,3.4642857142857144,Panama Canal,Magellan Strait,americas_interocean,0.10898876404494383
2023-02-27,31.928571428571427,3.607142857142857,Panama Canal,Magellan Strait,americas_interocean,0.11297539149888144
2023-03-01,32.07142857142857,3.8214285714285716,Panama Canal,Magellan Strait,americas_interocean,0.11915367483296214
2023-04-07,33.285714285714285,4.035714285714286,Panama Canal,Magellan Strait,americas_interocean,0.12124463519313304
2023-04-16,33.535714285714285,3.6785714285714284,Panama Canal,Magellan Strait,americas_interocean,0.10969116080937166
2023-06-04,30.964285714285715,3.9642857142857144,Panama Canal,Magellan Strait,americas_interocean,0.12802768166089964
2023-07-31,31.392857142857142,4.642857142857143,Panama Canal,Magellan Strait,americas_interocean,0.1478953356086462
2023-08-21,31.25,4.357142857142857,Panama Canal,Magellan Strait,americas_interocean,0.13942857142857143
2023-09-22,31.142857142857142,4.285714285714286,Panama Canal,Magellan Strait,americas_interocean,0.13761467889908258
2023-10-31,30.107142857142858,5.071428571428571,Panama Canal,Magellan Strait,americas_interocean,0.16844602609727163
2023-11-26,24.535714285714285,4.25,Panama Canal,Magellan Strait,americas_interocean,0.17321688500727803
2023-12-01,23.678571428571427,4.678571428571429,Panama Canal,Magellan Strait,americas_interocean,0.19758672699849172
2023-12-26,21.607142857142858,6.892857142857143,Panama Canal,Magellan Strait,americas_interocean,0.31900826446280994
2023-12-29,21.642857142857142,7.035714285714286,Panama Canal,Magellan Strait,americas_interocean,0.3250825082508251
2024-01-07,21.178571428571427,7.321428571428571,Panama Canal,Magellan Strait,americas_interocean,0.3456998313659359
2024-01-13,20.75,7.0,Panama Canal,Magellan Strait,americas_interocean,0.3373493975903614
2024-02-11,19.821428571428573,6.214285714285714,Panama Canal,Magellan Strait,americas_interocean,0.3135135135135135
2024-03-02,20.678571428571427,5.535714285714286,Panama Canal,Magellan Strait,americas_interocean,0.26770293609671847
2024-03-09,20.892857142857142,5.142857142857143,Panama Canal,Magellan Strait,americas_interocean,0.24615384615384617
2024-03-17,21.0,4.785714285714286,Panama Canal,Magellan Strait,americas_interocean,0.22789115646258504
2024-03-24,21.357142857142858,4.571428571428571,Panama Canal,Magellan Strait,americas_interocean,0.2140468227424749
2024-03-25,21.357142857142858,4.535714285714286,Panama Canal,Magellan Strait,americas_interocean,0.21237458193979933
2024-04-04,22.607142857142858,4.964285714285714,Panama Canal,Magellan Strait,americas_interocean,0.21958925750394945
2024-04-06,22.678571428571427,4.607142857142857,Panama Canal,Magellan Strait,americas_interocean,0.20314960629921258
2024-04-25,23.642857142857142,6.428571428571429,Panama Canal,Magellan Strait,americas_interocean,0.2719033232628399
2024-05-28,24.357142857142858,4.857142857142857,Panama Canal,Magellan Strait,americas_interocean,0.19941348973607037
2024-06-06,25.464285714285715,4.285714285714286,Panama Canal,Magellan Strait,americas_interocean,0.16830294530154277
2024-06-25,27.357142857142858,4.142857142857143,Panama Canal,Magellan Strait,americas_interocean,0.1514360313315927
2024-07-05,27.464285714285715,3.9285714285714284,Panama Canal,Magellan Strait,americas_interocean,0.14304291287386214
2024-07-11,27.428571428571427,4.285714285714286,Panama Canal,Magellan Strait,americas_interocean,0.15625
2024-07-17,27.964285714285715,4.321428571428571,Panama Canal,Magellan Strait,americas_interocean,0.15453384418901658
2024-07-23,28.714285714285715,4.678571428571429,Panama Canal,Magellan Strait,americas_interocean,0.16293532338308458
2024-07-30,28.857142857142858,4.714285714285714,Panama Canal,Magellan Strait,americas_interocean,0.16336633663366337
2024-08-14,28.607142857142858,4.357142857142857,Panama Canal,Magellan Strait,americas_interocean,0.15230961298377027
2024-08-25,28.75,4.392857142857143,Panama Canal,Magellan Strait,americas_interocean,0.15279503105590064
2024-09-09,30.785714285714285,4.428571428571429,Panama Canal,Magellan Strait,americas_interocean,0.14385150812064967
2024-10-01,30.107142857142858,4.25,Panama Canal,Magellan Strait,americas_interocean,0.14116251482799524
2024-10-05,29.821428571428573,4.607142857142857,Panama Canal,Magellan Strait,americas_interocean,0.15449101796407183
2024-10-30,29.107142857142858,3.4285714285714284,Panama Canal,Magellan Strait,americas_interocean,0.11779141104294477
2024-11-24,31.464285714285715,3.2857142857142856,Panama Canal,Magellan Strait,americas_interocean,0.10442678774120318
2024-12-18,30.5,3.4642857142857144,Panama Canal,Magellan Strait,americas_interocean,0.11358313817330211
2024-12-20,30.857142857142858,3.357142857142857,Panama Canal,Magellan Strait,americas_interocean,0.1087962962962963
2025-03-04,31.571428571428573,3.892857142857143,Panama Canal,Magellan Strait,americas_interocean,0.12330316742081447
2025-03-05,31.714285714285715,3.75,Panama Canal,Magellan Strait,americas_interocean,0.11824324324324324
2025-03-23,31.678571428571427,3.5,Panama Canal,Magellan Strait,americas_interocean,0.1104847801578354
2025-03-25,31.5,3.857142857142857,Panama Canal,Magellan Strait,americas_interocean,0.12244897959183673
2025-03-27,31.178571428571427,3.5,Panama Canal,Magellan Strait,americas_interocean,0.11225658648339061
2025-04-25,31.571428571428573,3.8214285714285716,Panama Canal,Magellan Strait,americas_interocean,0.12104072398190045
2025-05-05,31.642857142857142,3.9285714285714284,Panama Canal,Magellan Strait,americas_interocean,0.12415349887133183
2025-05-25,30.821428571428573,4.142857142857143,Panama Canal,Magellan Strait,americas_interocean,0.13441483198146004
2025-06-12,29.821428571428573,4.0,Panama Canal,Magellan Strait,americas_interocean,0.1341317365269461
2025-06-23,28.857142857142858,4.107142857142857,Panama Canal,Magellan Strait,americas_interocean,0.14232673267326731
2025-06-26,29.5,4.25,Panama Canal,Magellan Strait,americas_interocean,0.1440677966101695
2025-07-26,32.035714285714285,5.75,Panama Canal,Magellan Strait,americas_interocean,0.1794871794871795
2025-08-09,30.75,5.107142857142857,Panama Canal,Magellan Strait,americas_interocean,0.16608594657375145
2025-08-31,30.964285714285715,4.464285714285714,Panama Canal,Magellan Strait,americas_interocean,0.14417531718569782
2025-09-08,31.178571428571427,4.392857142857143,Panama Canal,Magellan Strait,americas_interocean,0.14089347079037803
2025-09-25,31.464285714285715,4.428571428571429,Panama Canal,Magellan Strait,americas_interocean,0.14074914869466515
2025-09-30,31.892857142857142,4.285714285714286,Panama Canal,Magellan Strait,americas_interocean,0.1343784994400896
2025-10-04,31.928571428571427,4.178571428571429,Panama Canal,Magellan Strait,americas_interocean,0.13087248322147652
2025-10-22,32.25,3.892857142857143,Panama Canal,Magellan Strait,americas_interocean,0.12070874861572536
2025-11-03,32.142857142857146,3.2142857142857144,Panama Canal,Magellan Strait,americas_interocean,0.09999999999999999
2025-11-15,31.571428571428573,3.5714285714285716,Panama Canal,Magellan Strait,americas_interocean,0.11312217194570136
2025-11-21,31.0,3.0357142857142856,Panama Canal,Magellan Strait,americas_interocean,0.09792626728110598
2025-12-03,31.821428571428573,3.4285714285714284,Panama Canal,Magellan Strait,americas_interocean,0.10774410774410774
2025-12-15,32.285714285714285,3.5357142857142856,Panama Canal,Magellan Strait,americas_interocean,0.10951327433628319
2025-12-18,32.75,3.642857142857143,Panama Canal,Magellan Strait,americas_interocean,0.11123227917121047
2025-12-19,32.857142857142854,3.6785714285714284,Panama Canal,Magellan Strait,americas_interocean,0.11195652173913044
2026-01-11,30.285714285714285,3.8214285714285716,Panama Canal,Magellan Strait,americas_interocean,0.12617924528301888
2026-01-18,30.607142857142858,3.75,Panama Canal,Magellan Strait,americas_interocean,0.12252042007001167
2026-03-18,34.285714285714285,3.1785714285714284,Panama Canal,Magellan Strait,americas_interocean,0.09270833333333334
2026-03-20,34.464285714285715,3.107142857142857,Panama Canal,Magellan Strait,americas_interocean,0.09015544041450776
2026-04-02,33.607142857142854,4.071428571428571,Panama Canal,Magellan Strait,americas_interocean,0.12114771519659936
2026-04-08,33.42857142857143,3.857142857142857,Panama Canal,Magellan Strait,americas_interocean,0.11538461538461538
2026-04-28,34.714285714285715,3.7142857142857144,Panama Canal,Magellan Strait,americas_interocean,0.10699588477366255
2026-05-04,35.142857142857146,4.0,Panama Canal,Magellan Strait,americas_interocean,0.11382113821138211
2026-06-09,32.67857142857143,4.392857142857143,Panama Canal,Magellan Strait,americas_interocean,0.13442622950819672
2026-06-16,30.285714285714285,4.5,Panama Canal,Magellan Strait,americas_interocean,0.14858490566037735
2026-07-07,30.142857142857142,5.178571428571429,Panama Canal,Magellan Strait,americas_interocean,0.17180094786729858
2026-07-11,31.107142857142858,5.428571428571429,Panama Canal,Magellan Strait,americas_interocean,0.17451205510907003
2026-07-14,33.67857142857143,5.285714285714286,Panama Canal,Magellan Strait,americas_interocean,0.1569459172852598
2026-07-17,33.642857142857146,5.25,Panama Canal,Magellan Strait,americas_interocean,0.15605095541401273
2026-07-22,33.07142857142857,5.214285714285714,Panama Canal,Magellan Strait,americas_interocean,0.15766738660907129
2019-01-12,30.416666666666668,2.75,Panama Canal,Magellan Strait,americas_interocean,0.09041095890410959
2019-01-21,31.047619047619047,3.238095238095238,Panama Canal,Magellan Strait,americas_interocean,0.10429447852760737
2019-01-23,31.130434782608695,3.4347826086956523,Panama Canal,Magellan Strait,americas_interocean,0.11033519553072627
2019-02-13,32.0,3.9642857142857144,Panama Canal,Magellan Strait,americas_interocean,0.12388392857142858
2019-02-15,31.857142857142858,3.857142857142857,Panama Canal,Magellan Strait,americas_interocean,0.1210762331838565
2019-03-25,31.857142857142858,2.857142857142857,Panama Canal,Magellan Strait,americas_interocean,0.08968609865470852
2019-03-27,31.714285714285715,3.0,Panama Canal,Magellan Strait,americas_interocean,0.09459459459459459
2019-04-13,29.785714285714285,3.2857142857142856,Panama Canal,Magellan Strait,americas_interocean,0.11031175059952038
2019-07-03,30.178571428571427,3.1785714285714284,Panama Canal,Magellan Strait,americas_interocean,0.10532544378698225
2019-07-05,29.857142857142858,3.392857142857143,Panama Canal,Magellan Strait,americas_interocean,0.11363636363636363
2019-07-15,30.107142857142858,3.7142857142857144,Panama Canal,Magellan Strait,americas_interocean,0.12336892052194544
2019-08-01,30.714285714285715,3.857142857142857,Panama Canal,Magellan Strait,americas_interocean,0.1255813953488372
2019-08-07,31.035714285714285,4.107142857142857,Panama Canal,Magellan Strait,americas_interocean,0.13233601841196777
2019-08-08,31.25,4.214285714285714,Panama Canal,Magellan Strait,americas_interocean,0.13485714285714287
2019-08-10,31.821428571428573,4.178571428571429,Panama Canal,Magellan Strait,americas_interocean,0.13131313131313133
2019-08-20,33.32142857142857,4.142857142857143,Panama Canal,Magellan Strait,americas_interocean,0.12433011789924975
2019-09-19,32.857142857142854,4.142857142857143,Panama Canal,Magellan Strait,americas_interocean,0.12608695652173915
2019-09-30,31.357142857142858,3.9642857142857144,Panama Canal,Magellan Strait,americas_interocean,0.1264236902050114
2019-10-10,32.5,3.9642857142857144,Panama Canal,Magellan Strait,americas_interocean,0.12197802197802199
2019-10-15,32.82142857142857,3.9642857142857144,Panama Canal,Magellan Strait,americas_interocean,0.12078346028291623
2019-12-08,34.642857142857146,3.392857142857143,Panama Canal,Magellan Strait,americas_interocean,0.09793814432989689
2019-12-26,33.75,3.607142857142857,Panama Canal,Magellan Strait,americas_interocean,0.10687830687830688
2020-03-02,31.678571428571427,2.607142857142857,Panama Canal,Magellan Strait,americas_interocean,0.08229988726042842
2020-03-07,31.5,2.5,Panama Canal,Magellan Strait,americas_interocean,0.07936507936507936
2020-03-14,31.678571428571427,3.0,Panama Canal,Magellan Strait,americas_interocean,0.0947012401352875
2020-03-24,32.0,3.0714285714285716,Panama Canal,Magellan Strait,americas_interocean,0.09598214285714286
2020-06-27,26.285714285714285,2.607142857142857,Panama Canal,Magellan Strait,americas_interocean,0.09918478260869566
2020-07-19,26.964285714285715,2.7857142857142856,Panama Canal,Magellan Strait,americas_interocean,0.10331125827814569
2020-08-04,28.964285714285715,3.2857142857142856,Panama Canal,Magellan Strait,americas_interocean,0.11344019728729962
2020-09-04,30.071428571428573,3.392857142857143,Panama Canal,Magellan Strait,americas_interocean,0.11282660332541566
2020-09-11,30.071428571428573,3.5,Panama Canal,Magellan Strait,americas_interocean,0.1163895486935867
2020-09-13,29.892857142857142,3.2142857142857144,Panama Canal,Magellan Strait,americas_interocean,0.10752688172043011
2020-10-07,30.964285714285715,3.0357142857142856,Panama Canal,Magellan Strait,americas_interocean,0.09803921568627451
2020-10-27,33.535714285714285,3.0714285714285716,Panama Canal,Magellan Strait,americas_interocean,0.09158679446219384
2020-11-03,34.0,3.2857142857142856,Panama Canal,Magellan Strait,americas_interocean,0.09663865546218486
2020-11-16,32.964285714285715,3.0,Panama Canal,Magellan Strait,americas_interocean,0.09100758396533044
2020-11-20,32.42857142857143,3.0357142857142856,Panama Canal,Magellan Strait,americas_interocean,0.0936123348017621
2020-12-26,33.892857142857146,2.7142857142857144,Panama Canal,Magellan Strait,americas_interocean,0.08008429926238145
2021-01-15,32.67857142857143,2.9642857142857144,Panama Canal,Magellan Strait,americas_interocean,0.0907103825136612
2021-01-17,32.642857142857146,3.1785714285714284,Panama Canal,Magellan Strait,americas_interocean,0.0973741794310722
2021-02-16,32.892857142857146,2.4642857142857144,Panama Canal,Magellan Strait,americas_interocean,0.07491856677524429
2021-03-05,33.107142857142854,2.7857142857142856,Panama Canal,Magellan Strait,americas_interocean,0.08414239482200647
2021-04-09,32.25,3.5,Panama Canal,Magellan Strait,americas_interocean,0.10852713178294573
2021-05-10,31.785714285714285,3.642857142857143,Panama Canal,Magellan Strait,americas_interocean,0.11460674157303372
2021-05-28,31.428571428571427,3.75,Panama Canal,Magellan Strait,americas_interocean,0.11931818181818182
2021-06-15,32.035714285714285,3.392857142857143,Panama Canal,Magellan Strait,americas_interocean,0.10590858416945374
2021-07-01,31.035714285714285,3.8214285714285716,Panama Canal,Magellan Strait,americas_interocean,0.12313003452243959
2021-07-17,28.75,4.285714285714286,Panama Canal,Magellan Strait,americas_interocean,0.14906832298136646
2021-08-04,33.142857142857146,4.678571428571429,Panama Canal,Magellan Strait,americas_interocean,0.14116379310344826
2021-08-13,35.607142857142854,4.678571428571429,Panama Canal,Magellan Strait,americas_interocean,0.13139418254764296
2021-08-15,35.392857142857146,4.678571428571429,Panama Canal,Magellan Strait,americas_interocean,0.13218970736629668
2021-08-20,34.5,5.178571428571429,Panama Canal,Magellan Strait,americas_interocean,0.15010351966873706
2021-10-01,28.535714285714285,4.285714285714286,Panama Canal,Magellan Strait,americas_interocean,0.15018773466833543
2021-10-06,28.821428571428573,4.607142857142857,Panama Canal,Magellan Strait,americas_interocean,0.15985130111524162
2021-10-21,31.464285714285715,4.821428571428571,Panama Canal,Magellan Strait,americas_interocean,0.1532349602724177
2021-10-22,31.714285714285715,4.857142857142857,Panama Canal,Magellan Strait,americas_interocean,0.15315315315315314
2021-10-27,32.25,4.75,Panama Canal,Magellan Strait,americas_interocean,0.14728682170542637
2021-11-16,33.714285714285715,4.285714285714286,Panama Canal,Magellan Strait,americas_interocean,0.1271186440677966
2021-12-08,36.17857142857143,4.142857142857143,Panama Canal,Magellan Strait,americas_interocean,0.11451135241855874
2021-12-13,36.42857142857143,3.892857142857143,Panama Canal,Magellan Strait,americas_interocean,0.10686274509803921
2021-12-21,36.07142857142857,4.214285714285714,Panama Canal,Magellan Strait,americas_interocean,0.11683168316831684
2022-01-07,34.25,3.7857142857142856,Panama Canal,Magellan Strait,americas_interocean,0.11053180396246089
2022-01-08,34.214285714285715,3.7142857142857144,Panama Canal,Magellan Strait,americas_interocean,0.10855949895615867
2022-02-03,33.17857142857143,3.642857142857143,Panama Canal,Magellan Strait,americas_interocean,0.10979547900968782
2022-03-16,34.464285714285715,4.428571428571429,Panama Canal,Magellan Strait,americas_interocean,0.12849740932642487
2022-03-20,34.285714285714285,4.392857142857143,Panama Canal,Magellan Strait,americas_interocean,0.12812500000000002
2022-04-19,31.964285714285715,4.071428571428571,Panama Canal,Magellan Strait,americas_interocean,0.12737430167597763
2022-05-01,32.5,4.0,Panama Canal,Magellan Strait,americas_interocean,0.12307692307692308
2022-05-27,33.035714285714285,4.142857142857143,Panama Canal,Magellan Strait,americas_interocean,0.12540540540540543
2022-06-06,33.32142857142857,4.25,Panama Canal,Magellan Strait,americas_interocean,0.12754555198285103
2022-06-08,33.5,4.035714285714286,Panama Canal,Magellan Strait,americas_interocean,0.12046908315565032
2022-06-11,33.785714285714285,4.107142857142857,Panama Canal,Magellan Strait,americas_interocean,0.1215644820295983
2022-07-12,33.642857142857146,3.75,Panama Canal,Magellan Strait,americas_interocean,0.11146496815286623
2022-07-13,33.357142857142854,3.8214285714285716,Panama Canal,Magellan Strait,americas_interocean,0.11456102783725912
2022-07-20,31.75,3.7857142857142856,Panama Canal,Magellan Strait,americas_interocean,0.11923509561304836
2022-09-21,31.857142857142858,4.357142857142857,Panama Canal,Magellan Strait,americas_interocean,0.13677130044843047
2022-09-29,31.892857142857142,4.035714285714286,Panama Canal,Magellan Strait,americas_interocean,0.1265397536394177
2022-10-02,32.17857142857143,4.285714285714286,Panama Canal,Magellan Strait,americas_interocean,0.1331853496115427
2022-10-05,32.5,4.321428571428571,Panama Canal,Magellan Strait,americas_interocean,0.13296703296703297
2022-10-08,32.32142857142857,4.035714285714286,Panama Canal,Magellan Strait,americas_interocean,0.12486187845303867
2022-12-13,33.285714285714285,3.892857142857143,Panama Canal,Magellan Strait,americas_interocean,0.11695278969957082
2022-12-16,33.42857142857143,3.7857142857142856,Panama Canal,Magellan Strait,americas_interocean,0.11324786324786323
2022-12-30,34.214285714285715,2.9642857142857144,Panama Canal,Magellan Strait,americas_interocean,0.08663883089770355
2023-01-07,33.82142857142857,3.2142857142857144,Panama Canal,Magellan Strait,americas_interocean,0.09503695881731786
2023-01-17,33.535714285714285,3.4642857142857144,Panama Canal,Magellan Strait,americas_interocean,0.1033013844515442
2023-01-28,32.75,3.5357142857142856,Panama Canal,Magellan Strait,americas_interocean,0.1079607415485278
2023-03-03,32.107142857142854,3.7857142857142856,Panama Canal,Magellan Strait,americas_interocean,0.11790878754171302
2023-03-25,32.92857142857143,4.0,Panama Canal,Magellan Strait,americas_interocean,0.12147505422993492
2023-04-03,33.17857142857143,3.9285714285714284,Panama Canal,Magellan Strait,americas_interocean,0.11840688912809472
2023-05-07,33.142857142857146,4.035714285714286,Panama Canal,Magellan Strait,americas_interocean,0.12176724137931033
2023-05-21,31.25,4.035714285714286,Panama Canal,Magellan Strait,americas_interocean,0.12914285714285714
2023-05-23,31.357142857142858,4.178571428571429,Panama Canal,Magellan Strait,americas_interocean,0.13325740318906606
2023-05-31,31.0,4.107142857142857,Panama Canal,Magellan Strait,americas_interocean,0.1324884792626728
2023-06-21,30.428571428571427,3.75,Panama Canal,Magellan Strait,americas_interocean,0.12323943661971831
2023-06-23,30.285714285714285,3.8214285714285716,Panama Canal,Magellan Strait,americas_interocean,0.12617924528301888
2023-06-30,30.607142857142858,3.857142857142857,Panama Canal,Magellan Strait,americas_interocean,0.12602100350058343
2023-07-10,31.0,4.642857142857143,Panama Canal,Magellan Strait,americas_interocean,0.14976958525345624
2023-07-14,31.642857142857142,4.642857142857143,Panama Canal,Magellan Strait,americas_interocean,0.14672686230248308
2023-07-23,31.464285714285715,4.607142857142857,Panama Canal,Magellan Strait,americas_interocean,0.14642451759364358
2023-08-17,31.107142857142858,4.142857142857143,Panama Canal,Magellan Strait,americas_interocean,0.13318025258323768
2023-08-31,30.75,4.857142857142857,Panama Canal,Magellan Strait,americas_interocean,0.15795586527293842
2023-09-02,30.857142857142858,4.857142857142857,Panama Canal,Magellan Strait,americas_interocean,0.15740740740740738
2023-10-12,30.714285714285715,4.357142857142857,Panama Canal,Magellan Strait,americas_interocean,0.14186046511627906
2023-10-15,30.678571428571427,4.642857142857143,Panama Canal,Magellan Strait,americas_interocean,0.1513387660069849
2023-10-29,30.142857142857142,5.357142857142857,Panama Canal,Magellan Strait,americas_interocean,0.17772511848341233
2023-11-16,26.964285714285715,4.428571428571429,Panama Canal,Magellan Strait,americas_interocean,0.16423841059602648
2023-11-21,25.714285714285715,4.678571428571429,Panama Canal,Magellan Strait,americas_interocean,0.18194444444444444
2024-02-10,19.821428571428573,6.25,Panama Canal,Magellan Strait,americas_interocean,0.3153153153153153
2024-03-21,21.214285714285715,4.75,Panama Canal,Magellan Strait,americas_interocean,0.22390572390572389
2024-03-30,21.821428571428573,4.571428571428571,Panama Canal,Magellan Strait,americas_interocean,0.2094926350245499
2024-04-24,23.678571428571427,6.464285714285714,Panama Canal,Magellan Strait,americas_interocean,0.27300150829562597
2024-05-05,23.607142857142858,6.464285714285714,Panama Canal,Magellan Strait,americas_interocean,0.27382753403933435
2024-05-22,24.321428571428573,5.392857142857143,Panama Canal,Magellan Strait,americas_interocean,0.22173274596182085
2024-05-31,24.75,4.821428571428571,Panama Canal,Magellan Strait,americas_interocean,0.1948051948051948
2024-06-08,25.892857142857142,4.321428571428571,Panama Canal,Magellan Strait,americas_interocean,0.16689655172413792
2024-06-18,26.928571428571427,4.107142857142857,Panama Canal,Magellan Strait,americas_interocean,0.15251989389920423
2024-06-27,27.428571428571427,4.142857142857143,Panama Canal,Magellan Strait,americas_interocean,0.15104166666666669
2024-07-18,27.964285714285715,4.357142857142857,Panama Canal,Magellan Strait,americas_interocean,0.15581098339719027
2024-07-29,28.642857142857142,4.678571428571429,Panama Canal,Magellan Strait,americas_interocean,0.1633416458852868
2024-08-31,29.964285714285715,4.357142857142857,Panama Canal,Magellan Strait,americas_interocean,0.14541120381406433
2024-09-02,30.357142857142858,4.25,Panama Canal,Magellan Strait,americas_interocean,0.13999999999999999
2024-09-13,30.892857142857142,4.464285714285714,Panama Canal,Magellan Strait,americas_interocean,0.14450867052023122
2024-10-06,29.821428571428573,4.464285714285714,Panama Canal,Magellan Strait,americas_interocean,0.1497005988023952
2024-12-08,30.785714285714285,3.25,Panama Canal,Magellan Strait,americas_interocean,0.10556844547563805
2024-12-17,30.285714285714285,3.6785714285714284,Panama Canal,Magellan Strait,americas_interocean,0.1214622641509434
2025-01-17,30.857142857142858,3.7142857142857144,Panama Canal,Magellan Strait,americas_interocean,0.12037037037037038
2025-02-04,29.821428571428573,3.357142857142857,Panama Canal,Magellan Strait,americas_interocean,0.11257485029940119
2025-02-22,30.928571428571427,4.035714285714286,Panama Canal,Magellan Strait,americas_interocean,0.13048498845265588
2025-03-07,31.607142857142858,3.607142857142857,Panama Canal,Magellan Strait,americas_interocean,0.11412429378531073
2025-03-29,31.107142857142858,3.4285714285714284,Panama Canal,Magellan Strait,americas_interocean,0.11021814006888633
2025-05-08,31.964285714285715,3.9285714285714284,Panama Canal,Magellan Strait,americas_interocean,0.12290502793296089
2025-05-21,30.642857142857142,4.142857142857143,Panama Canal,Magellan Strait,americas_interocean,0.1351981351981352
2025-05-26,30.928571428571427,4.071428571428571,Panama Canal,Magellan Strait,americas_interocean,0.13163972286374134
2025-06-06,29.607142857142858,3.75,Panama Canal,Magellan Strait,americas_interocean,0.12665862484921592
2025-06-22,29.142857142857142,4.142857142857143,Panama Canal,Magellan Strait,americas_interocean,0.14215686274509806
2025-07-11,30.892857142857142,4.678571428571429,Panama Canal,Magellan Strait,americas_interocean,0.15144508670520232
2025-08-26,31.285714285714285,4.464285714285714,Panama Canal,Magellan Strait,americas_interocean,0.14269406392694065
2025-09-16,31.392857142857142,4.357142857142857,Panama Canal,Magellan Strait,americas_interocean,0.13879408418657566
2025-10-15,32.035714285714285,3.7857142857142856,Panama Canal,Magellan Strait,americas_interocean,0.11817168338907469
2025-11-05,31.892857142857142,3.25,Panama Canal,Magellan Strait,americas_interocean,0.1019036954087346
2026-01-01,31.071428571428573,3.8214285714285716,Panama Canal,Magellan Strait,americas_interocean,0.12298850574712644
2026-02-02,31.178571428571427,3.392857142857143,Panama Canal,Magellan Strait,americas_interocean,0.10882016036655212
2026-02-05,30.964285714285715,3.357142857142857,Panama Canal,Magellan Strait,americas_interocean,0.10841983852364476
2026-03-12,33.82142857142857,3.0,Panama Canal,Magellan Strait,americas_interocean,0.08870116156282999
2026-03-31,33.67857142857143,3.9642857142857144,Panama Canal,Magellan Strait,americas_interocean,0.11770943796394485
2026-04-04,33.75,3.9642857142857144,Panama Canal,Magellan Strait,americas_interocean,0.11746031746031746
2026-04-09,33.285714285714285,4.035714285714286,Panama Canal,Magellan Strait,americas_interocean,0.12124463519313304
2026-05-09,35.714285714285715,4.285714285714286,Panama Canal,Magellan Strait,americas_interocean,0.12
2026-05-22,35.035714285714285,4.75,Panama Canal,Magellan Strait,americas_interocean,0.13557594291539246
2026-06-02,33.785714285714285,4.285714285714286,Panama Canal,Magellan Strait,americas_interocean,0.12684989429175475
2026-06-03,33.642857142857146,4.357142857142857,Panama Canal,Magellan Strait,americas_interocean,0.1295116772823779
2026-06-29,29.5,4.678571428571429,Panama Canal,Magellan Strait,americas_interocean,0.15859564164648912
2026-07-03,29.964285714285715,4.964285714285714,Panama Canal,Magellan Strait,americas_interocean,0.16567342073897498
2026-07-19,33.5,5.321428571428571,Panama Canal,Magellan Strait,americas_interocean,0.15884861407249465
2026-07-27,32.392857142857146,5.178571428571429,Panama Canal,Magellan Strait,americas_interocean,0.15986769570011025
2026-08-23,29.214285714285715,5.785714285714286,Panama Canal,Magellan Strait,americas_interocean,0.1980440097799511
2019-01-09,31.0,2.5555555555555554,Panama Canal,Magellan Strait,americas_interocean,0.08243727598566307
2019-01-15,30.266666666666666,2.6,Panama Canal,Magellan Strait,americas_interocean,0.08590308370044053
2019-03-03,31.285714285714285,3.0357142857142856,Panama Canal,Magellan Strait,americas_interocean,0.09703196347031963
2019-04-07,30.607142857142858,3.25,Panama Canal,Magellan Strait,americas_interocean,0.10618436406067677
2019-04-09,30.321428571428573,3.357142857142857,Panama Canal,Magellan Strait,americas_interocean,0.11071849234393404
2019-05-04,30.428571428571427,3.9285714285714284,Panama Canal,Magellan Strait,americas_interocean,0.12910798122065728
2019-05-15,31.821428571428573,3.7142857142857144,Panama Canal,Magellan Strait,americas_interocean,0.11672278338945005
2019-05-16,31.821428571428573,3.75,Panama Canal,Magellan Strait,americas_interocean,0.11784511784511784
2019-06-07,31.178571428571427,3.25,Panama Canal,Magellan Strait,americas_interocean,0.10423825887743414
2019-06-24,30.428571428571427,3.142857142857143,Panama Canal,Magellan Strait,americas_interocean,0.10328638497652583
2019-07-01,30.214285714285715,3.2857142857142856,Panama Canal,Magellan Strait,americas_interocean,0.10874704491725767
2019-07-20,30.285714285714285,3.4285714285714284,Panama Canal,Magellan Strait,americas_interocean,0.11320754716981132
2019-08-14,32.57142857142857,4.107142857142857,Panama Canal,Magellan Strait,americas_interocean,0.12609649122807018
2019-08-15,32.964285714285715,4.071428571428571,Panama Canal,Magellan Strait,americas_interocean,0.12351029252437702
2019-08-24,33.642857142857146,4.285714285714286,Panama Canal,Magellan Strait,americas_interocean,0.1273885350318471
2019-08-31,34.285714285714285,4.392857142857143,Panama Canal,Magellan Strait,americas_interocean,0.12812500000000002
2019-09-29,31.5,4.0,Panama Canal,Magellan Strait,americas_interocean,0.12698412698412698
2019-10-17,32.785714285714285,3.892857142857143,Panama Canal,Magellan Strait,americas_interocean,0.1187363834422658
2019-10-22,33.17857142857143,3.7857142857142856,Panama Canal,Magellan Strait,americas_interocean,0.11410118406889128
2019-11-05,34.035714285714285,3.607142857142857,Panama Canal,Magellan Strait,americas_interocean,0.10598111227701994
2019-11-09,33.785714285714285,3.7857142857142856,Panama Canal,Magellan Strait,americas_interocean,0.11205073995771671
2019-11-13,33.82142857142857,4.0,Panama Canal,Magellan Strait,americas_interocean,0.11826821541710666
2019-11-25,34.92857142857143,3.9285714285714284,Panama Canal,Magellan Strait,americas_interocean,0.11247443762781185
2019-12-01,34.607142857142854,3.7142857142857144,Panama Canal,Magellan Strait,americas_interocean,0.10732714138286895
2019-12-06,34.75,3.607142857142857,Panama Canal,Magellan Strait,americas_interocean,0.10380267214799589
2020-01-01,32.464285714285715,3.4285714285714284,Panama Canal,Magellan Strait,americas_interocean,0.1056105610561056
2020-01-05,32.392857142857146,3.642857142857143,Panama Canal,Magellan Strait,americas_interocean,0.11245865490628444
2020-01-10,32.17857142857143,3.142857142857143,Panama Canal,Magellan Strait,americas_interocean,0.09766925638179799
2020-01-13,31.857142857142858,3.2857142857142856,Panama Canal,Magellan Strait,americas_interocean,0.10313901345291479
2020-01-25,32.17857142857143,2.892857142857143,Panama Canal,Magellan Strait,americas_interocean,0.08990011098779134
2020-02-03,48.785714285714285,13.642857142857142,Panama Canal,Magellan Strait,americas_interocean,0.2796486090775988
2020-02-04,48.785714285714285,13.607142857142858,Panama Canal,Magellan Strait,americas_interocean,0.27891654465592974
2020-02-15,48.92857142857143,13.392857142857142,Panama Canal,Magellan Strait,americas_interocean,0.2737226277372263
2020-03-03,31.678571428571427,2.5714285714285716,Panama Canal,Magellan Strait,americas_interocean,0.08117249154453214
2020-03-16,31.714285714285715,3.0714285714285716,Panama Canal,Magellan Strait,americas_interocean,0.09684684684684684
2020-03-28,31.821428571428573,3.107142857142857,Panama Canal,Magellan Strait,americas_interocean,0.09764309764309764
2020-04-17,29.928571428571427,3.2142857142857144,Panama Canal,Magellan Strait,americas_interocean,0.10739856801909309
2020-04-26,29.714285714285715,3.107142857142857,Panama Canal,Magellan Strait,americas_interocean,0.1045673076923077
2020-05-07,29.75,3.25,Panama Canal,Magellan Strait,americas_interocean,0.1092436974789916
2020-06-14,25.5,3.25,Panama Canal,Magellan Strait,americas_interocean,0.12745098039215685
2020-06-16,25.571428571428573,3.25,Panama Canal,Magellan Strait,americas_interocean,0.1270949720670391
2020-08-08,29.5,3.5,Panama Canal,Magellan Strait,americas_interocean,0.11864406779661017
2020-08-10,29.464285714285715,3.4285714285714284,Panama Canal,Magellan Strait,americas_interocean,0.11636363636363635
2020-08-15,29.214285714285715,3.392857142857143,Panama Canal,Magellan Strait,americas_interocean,0.11613691931540342
2020-08-21,30.107142857142858,3.607142857142857,Panama Canal,Magellan Strait,americas_interocean,0.11981020166073547
2020-08-22,30.25,3.642857142857143,Panama Canal,Magellan Strait,americas_interocean,0.1204250295159386
2020-08-23,30.5,3.75,Panama Canal,Magellan Strait,americas_interocean,0.12295081967213115
2020-08-25,30.642857142857142,3.857142857142857,Panama Canal,Magellan Strait,americas_interocean,0.1258741258741259
2020-09-15,29.892857142857142,3.25,Panama Canal,Magellan Strait,americas_interocean,0.10872162485065712
2020-09-16,29.821428571428573,3.25,Panama Canal,Magellan Strait,americas_interocean,0.1089820359281437
2020-09-20,29.607142857142858,2.7857142857142856,Panama Canal,Magellan Strait,americas_interocean,0.09408926417370325
2020-09-26,29.464285714285715,3.142857142857143,Panama Canal,Magellan Strait,americas_interocean,0.10666666666666666
2020-11-14,33.214285714285715,3.0357142857142856,Panama Canal,Magellan Strait,americas_interocean,0.09139784946236558
2020-11-17,32.785714285714285,3.107142857142857,Panama Canal,Magellan Strait,americas_interocean,0.09477124183006537
2020-11-25,32.17857142857143,3.142857142857143,Panama Canal,Magellan Strait,americas_interocean,0.09766925638179799
2020-12-15,34.17857142857143,2.6785714285714284,Panama Canal,Magellan Strait,americas_interocean,0.07836990595611285
2020-12-20,34.0,2.5357142857142856,Panama Canal,Magellan Strait,americas_interocean,0.07457983193277311
2020-12-27,33.67857142857143,2.7142857142857144,Panama Canal,Magellan Strait,americas_interocean,0.08059384941675504
2020-12-30,33.607142857142854,2.6785714285714284,Panama Canal,Magellan Strait,americas_interocean,0.07970244420828905
2021-02-05,33.07142857142857,3.107142857142857,Panama Canal,Magellan Strait,americas_interocean,0.09395248380129591
2021-04-05,32.57142857142857,3.4285714285714284,Panama Canal,Magellan Strait,americas_interocean,0.10526315789473684
2021-04-14,32.25,3.75,Panama Canal,Magellan Strait,americas_interocean,0.11627906976744186
2021-04-15,32.25,3.642857142857143,Panama Canal,Magellan Strait,americas_interocean,0.11295681063122924
2021-04-24,32.214285714285715,3.5,Panama Canal,Magellan Strait,americas_interocean,0.10864745011086474
2021-05-21,30.821428571428573,3.9285714285714284,Panama Canal,Magellan Strait,americas_interocean,0.12746234067207415
2021-06-04,31.392857142857142,3.5,Panama Canal,Magellan Strait,americas_interocean,0.11149032992036405
2021-06-21,31.464285714285715,3.4642857142857144,Panama Canal,Magellan Strait,americas_interocean,0.11010215664018161
2021-06-25,31.285714285714285,3.7142857142857144,Panama Canal,Magellan Strait,americas_interocean,0.11872146118721462
2021-07-23,30.0,4.285714285714286,Panama Canal,Magellan Strait,americas_interocean,0.14285714285714285
2021-07-27,30.964285714285715,4.142857142857143,Panama Canal,Magellan Strait,americas_interocean,0.13379469434832758
2021-08-12,35.25,4.892857142857143,Panama Canal,Magellan Strait,americas_interocean,0.13880445795339413
2021-08-31,33.25,4.964285714285714,Panama Canal,Magellan Strait,americas_interocean,0.14930182599355532
2021-09-11,31.0,4.785714285714286,Panama Canal,Magellan Strait,americas_interocean,0.1543778801843318
2021-10-16,30.214285714285715,4.857142857142857,Panama Canal,Magellan Strait,americas_interocean,0.16075650118203308
2021-11-11,33.42857142857143,4.321428571428571,Panama Canal,Magellan Strait,americas_interocean,0.12927350427350426
2021-11-22,33.892857142857146,4.142857142857143,Panama Canal,Magellan Strait,americas_interocean,0.12223393045310854
2021-11-27,34.857142857142854,4.142857142857143,Panama Canal,Magellan Strait,americas_interocean,0.11885245901639346
2021-12-01,35.357142857142854,4.0,Panama Canal,Magellan Strait,americas_interocean,0.11313131313131314
2021-12-06,35.82142857142857,4.0,Panama Canal,Magellan Strait,americas_interocean,0.11166500498504488
2021-12-19,36.42857142857143,4.142857142857143,Panama Canal,Magellan Strait,americas_interocean,0.11372549019607843
2021-12-30,35.25,4.071428571428571,Panama Canal,Magellan Strait,americas_interocean,0.1155015197568389
2022-01-05,34.42857142857143,3.7857142857142856,Panama Canal,Magellan Strait,americas_interocean,0.10995850622406637
2022-01-13,33.607142857142854,3.7857142857142856,Panama Canal,Magellan Strait,americas_interocean,0.1126461211477152
2022-01-20,33.357142857142854,3.5714285714285716,Panama Canal,Magellan Strait,americas_interocean,0.10706638115631693
2022-01-22,33.285714285714285,3.4285714285714284,Panama Canal,Magellan Strait,americas_interocean,0.10300429184549356
2022-02-02,33.392857142857146,3.607142857142857,Panama Canal,Magellan Strait,americas_interocean,0.10802139037433155
2022-03-18,34.392857142857146,4.535714285714286,Panama Canal,Magellan Strait,americas_interocean,0.13187954309449634
2022-03-21,34.214285714285715,4.214285714285714,Panama Canal,Magellan Strait,americas_interocean,0.12317327766179541
2022-03-27,33.25,4.0,Panama Canal,Magellan Strait,americas_interocean,0.12030075187969924
2022-04-14,32.0,4.071428571428571,Panama Canal,Magellan Strait,americas_interocean,0.12723214285714285
2022-04-17,32.25,4.071428571428571,Panama Canal,Magellan Strait,americas_interocean,0.12624584717607973
2022-06-10,33.714285714285715,4.035714285714286,Panama Canal,Magellan Strait,americas_interocean,0.11970338983050846
2022-06-13,33.964285714285715,4.107142857142857,Panama Canal,Magellan Strait,americas_interocean,0.120925341745531
2022-06-14,34.214285714285715,4.107142857142857,Panama Canal,Magellan Strait,americas_interocean,0.12004175365344466
2022-06-30,34.82142857142857,3.6785714285714284,Panama Canal,Magellan Strait,americas_interocean,0.10564102564102563
2022-07-07,34.214285714285715,3.6785714285714284,Panama Canal,Magellan Strait,americas_interocean,0.10751565762004174
2022-07-30,31.785714285714285,3.75,Panama Canal,Magellan Strait,americas_interocean,0.11797752808988765
2022-08-01,31.892857142857142,3.9285714285714284,Panama Canal,Magellan Strait,americas_interocean,0.12318029115341544
2022-08-23,34.964285714285715,4.5,Panama Canal,Magellan Strait,americas_interocean,0.12870275791624106
2022-09-23,31.821428571428573,4.214285714285714,Panama Canal,Magellan Strait,americas_interocean,0.1324354657687991
2022-10-03,32.285714285714285,4.285714285714286,Panama Canal,Magellan Strait,americas_interocean,0.13274336283185842
2022-10-17,32.17857142857143,4.25,Panama Canal,Magellan Strait,americas_interocean,0.1320754716981132
2022-10-20,32.285714285714285,4.107142857142857,Panama Canal,Magellan Strait,americas_interocean,0.12721238938053098
2022-10-23,32.57142857142857,4.142857142857143,Panama Canal,Magellan Strait,americas_interocean,0.12719298245614036
2022-11-06,33.607142857142854,4.107142857142857,Panama Canal,Magellan Strait,americas_interocean,0.12221041445270989
2022-11-07,33.642857142857146,4.285714285714286,Panama Canal,Magellan Strait,americas_interocean,0.1273885350318471
2022-11-22,33.892857142857146,3.892857142857143,Panama Canal,Magellan Strait,americas_interocean,0.11485774499473128
2022-12-22,33.57142857142857,3.5,Panama Canal,Magellan Strait,americas_interocean,0.10425531914893618
2023-01-12,33.392857142857146,3.107142857142857,Panama Canal,Magellan Strait,americas_interocean,0.09304812834224599
2023-01-14,33.67857142857143,3.25,Panama Canal,Magellan Strait,americas_interocean,0.09650053022269353
2023-01-16,33.607142857142854,3.3214285714285716,Panama Canal,Magellan Strait,americas_interocean,0.09883103081827845
2023-01-21,33.214285714285715,3.4642857142857144,Panama Canal,Magellan Strait,americas_interocean,0.10430107526881721
2023-01-31,32.67857142857143,3.607142857142857,Panama Canal,Magellan Strait,americas_interocean,0.11038251366120218
2023-02-07,32.5,3.642857142857143,Panama Canal,Magellan Strait,americas_interocean,0.11208791208791209
2023-02-14,32.464285714285715,3.357142857142857,Panama Canal,Magellan Strait,americas_interocean,0.1034103410341034
2023-02-22,32.035714285714285,3.607142857142857,Panama Canal,Magellan Strait,americas_interocean,0.11259754738015608
2023-03-26,33.0,4.0,Panama Canal,Magellan Strait,americas_interocean,0.12121212121212122
2023-04-11,33.42857142857143,3.8214285714285716,Panama Canal,Magellan Strait,americas_interocean,0.11431623931623931
2023-06-11,31.107142857142858,3.6785714285714284,Panama Canal,Magellan Strait,americas_interocean,0.11825487944890929
2023-06-13,31.321428571428573,3.5,Panama Canal,Magellan Strait,americas_interocean,0.11174458380843785
2023-06-14,31.25,3.5714285714285716,Panama Canal,Magellan Strait,americas_interocean,0.1142857142857143
2023-06-17,31.035714285714285,3.857142857142857,Panama Canal,Magellan Strait,americas_interocean,0.12428078250863062
2023-06-27,30.107142857142858,3.9285714285714284,Panama Canal,Magellan Strait,americas_interocean,0.13048635824436536
2023-07-06,31.0,4.0,Panama Canal,Magellan Strait,americas_interocean,0.12903225806451613
2023-07-28,31.642857142857142,4.714285714285714,Panama Canal,Magellan Strait,americas_interocean,0.1489841986455982
2023-08-24,30.821428571428573,4.214285714285714,Panama Canal,Magellan Strait,americas_interocean,0.13673232908458866
2023-08-28,30.892857142857142,4.464285714285714,Panama Canal,Magellan Strait,americas_interocean,0.14450867052023122
2023-10-08,30.857142857142858,4.214285714285714,Panama Canal,Magellan Strait,americas_interocean,0.13657407407407407
2023-10-11,30.892857142857142,4.535714285714286,Panama Canal,Magellan Strait,americas_interocean,0.14682080924855492
2023-10-16,30.5,4.714285714285714,Panama Canal,Magellan Strait,americas_interocean,0.15456674473067916
2023-10-24,30.178571428571427,4.857142857142857,Panama Canal,Magellan Strait,americas_interocean,0.16094674556213018
2023-10-27,30.142857142857142,5.107142857142857,Panama Canal,Magellan Strait,americas_interocean,0.16943127962085308
2023-10-30,30.178571428571427,5.214285714285714,Panama Canal,Magellan Strait,americas_interocean,0.1727810650887574
2023-11-11,28.142857142857142,4.357142857142857,Panama Canal,Magellan Strait,americas_interocean,0.1548223350253807
2023-12-10,22.928571428571427,5.25,Panama Canal,Magellan Strait,americas_interocean,0.22897196261682246
2023-12-27,21.535714285714285,7.035714285714286,Panama Canal,Magellan Strait,americas_interocean,0.32669983416252074
2024-01-03,21.214285714285715,7.285714285714286,Panama Canal,Magellan Strait,americas_interocean,0.3434343434343434
2024-01-15,20.607142857142858,6.785714285714286,Panama Canal,Magellan Strait,americas_interocean,0.3292894280762565
2024-01-28,19.392857142857142,6.357142857142857,Panama Canal,Magellan Strait,americas_interocean,0.3278084714548803
2024-02-06,19.785714285714285,6.178571428571429,Panama Canal,Magellan Strait,americas_interocean,0.312274368231047
2024-02-15,19.892857142857142,6.178571428571429,Panama Canal,Magellan Strait,americas_interocean,0.31059245960502696
2024-03-28,21.678571428571427,4.428571428571429,Panama Canal,Magellan Strait,americas_interocean,0.20428336079077433
2024-04-09,23.0,4.928571428571429,Panama Canal,Magellan Strait,americas_interocean,0.2142857142857143
2024-04-13,23.142857142857142,5.428571428571429,Panama Canal,Magellan Strait,americas_interocean,0.23456790123456792
2024-04-20,23.25,6.285714285714286,Panama Canal,Magellan Strait,americas_interocean,0.27035330261136714
2024-05-04,23.75,6.392857142857143,Panama Canal,Magellan Strait,americas_interocean,0.26917293233082706
2024-05-07,23.571428571428573,6.428571428571429,Panama Canal,Magellan Strait,americas_interocean,0.2727272727272727
2024-05-18,24.178571428571427,5.321428571428571,Panama Canal,Magellan Strait,americas_interocean,0.22008862629246675
2024-06-13,26.714285714285715,4.25,Panama Canal,Magellan Strait,americas_interocean,0.1590909090909091
2024-06-15,26.75,4.178571428571429,Panama Canal,Magellan Strait,americas_interocean,0.15620827770360482
2024-06-20,26.892857142857142,4.107142857142857,Panama Canal,Magellan Strait,americas_interocean,0.15272244355909692
2024-08-04,28.357142857142858,5.142857142857143,Panama Canal,Magellan Strait,americas_interocean,0.18136020151133503
2024-08-19,28.678571428571427,4.285714285714286,Panama Canal,Magellan Strait,americas_interocean,0.14943960149439603
2024-08-30,29.857142857142858,4.392857142857143,Panama Canal,Magellan Strait,americas_interocean,0.14712918660287083
2024-09-06,30.535714285714285,4.071428571428571,Panama Canal,Magellan Strait,americas_interocean,0.13333333333333333
2024-09-15,30.821428571428573,4.5,Panama Canal,Magellan Strait,americas_interocean,0.14600231749710313
2024-09-21,30.642857142857142,4.857142857142857,Panama Canal,Magellan Strait,americas_interocean,0.1585081585081585
2024-10-13,28.785714285714285,4.071428571428571,Panama Canal,Magellan Strait,americas_interocean,0.141439205955335
2024-11-06,30.392857142857142,3.5357142857142856,Panama Canal,Magellan Strait,americas_interocean,0.11633372502937721
2024-11-12,31.642857142857142,3.5357142857142856,Panama Canal,Magellan Strait,americas_interocean,0.11173814898419865
2024-11-23,31.714285714285715,3.2857142857142856,Panama Canal,Magellan Strait,americas_interocean,0.1036036036036036
2024-12-04,30.928571428571427,3.4285714285714284,Panama Canal,Magellan Strait,americas_interocean,0.11085450346420324
2025-02-11,29.821428571428573,3.75,Panama Canal,Magellan Strait,americas_interocean,0.12574850299401197
2025-03-26,31.392857142857142,3.5714285714285716,Panama Canal,Magellan Strait,americas_interocean,0.11376564277588169
2025-04-15,31.714285714285715,3.642857142857143,Panama Canal,Magellan Strait,americas_interocean,0.11486486486486486
2025-05-02,31.25,4.178571428571429,Panama Canal,Magellan Strait,americas_interocean,0.13371428571428573
2025-05-18,30.642857142857142,4.285714285714286,Panama Canal,Magellan Strait,americas_interocean,0.13986013986013987
2025-05-28,30.535714285714285,3.9642857142857144,Panama Canal,Magellan Strait,americas_interocean,0.1298245614035088
2025-06-10,29.75,3.892857142857143,Panama Canal,Magellan Strait,americas_interocean,0.13085234093637454
2025-06-14,29.928571428571427,4.214285714285714,Panama Canal,Magellan Strait,americas_interocean,0.14081145584725538
2025-07-08,30.321428571428573,4.571428571428571,Panama Canal,Magellan Strait,americas_interocean,0.15076560659599528
2025-07-19,31.857142857142858,5.142857142857143,Panama Canal,Magellan Strait,americas_interocean,0.16143497757847536
2025-07-23,32.17857142857143,5.535714285714286,Panama Canal,Magellan Strait,americas_interocean,0.17203107658157601
2025-08-19,30.321428571428573,4.678571428571429,Panama Canal,Magellan Strait,americas_interocean,0.15429917550058894
2025-09-12,31.071428571428573,4.25,Panama Canal,Magellan Strait,americas_interocean,0.1367816091954023
2025-09-14,31.285714285714285,4.357142857142857,Panama Canal,Magellan Strait,americas_interocean,0.13926940639269406
2025-10-12,31.928571428571427,3.892857142857143,Panama Canal,Magellan Strait,americas_interocean,0.12192393736017898
2025-10-13,32.25,3.9285714285714284,Panama Canal,Magellan Strait,americas_interocean,0.12181616832779622
2025-12-14,32.25,3.4642857142857144,Panama Canal,Magellan Strait,americas_interocean,0.10741971207087486
2025-12-27,32.035714285714285,3.6785714285714284,Panama Canal,Magellan Strait,americas_interocean,0.11482720178372352
2026-01-06,30.071428571428573,3.5714285714285716,Panama Canal,Magellan Strait,americas_interocean,0.11876484560570072
2026-01-07,30.071428571428573,3.4642857142857144,Panama Canal,Magellan Strait,americas_interocean,0.11520190023752969
2026-01-13,30.285714285714285,3.892857142857143,Panama Canal,Magellan Strait,americas_interocean,0.12853773584905662
2026-01-15,30.285714285714285,3.9285714285714284,Panama Canal,Magellan Strait,americas_interocean,0.12971698113207547
2026-01-23,30.607142857142858,3.5714285714285716,Panama Canal,Magellan Strait,americas_interocean,0.11668611435239207
2026-01-26,30.928571428571427,3.5357142857142856,Panama Canal,Magellan Strait,americas_interocean,0.11431870669745958
2026-02-07,30.928571428571427,3.142857142857143,Panama Canal,Magellan Strait,americas_interocean,0.10161662817551963
2026-02-11,30.75,2.9642857142857144,Panama Canal,Magellan Strait,americas_interocean,0.09639953542392567
2026-02-19,30.964285714285715,3.0357142857142856,Panama Canal,Magellan Strait,americas_interocean,0.09803921568627451
2026-03-06,33.607142857142854,2.75,Panama Canal,Magellan Strait,americas_interocean,0.08182784272051011
2026-03-10,33.92857142857143,2.892857142857143,Panama Canal,Magellan Strait,americas_interocean,0.08526315789473683
2026-03-22,33.92857142857143,3.2142857142857144,Panama Canal,Magellan Strait,americas_interocean,0.09473684210526316
2026-03-26,33.857142857142854,3.5,Panama Canal,Magellan Strait,americas_interocean,0.10337552742616035
2026-03-27,33.892857142857146,3.5357142857142856,Panama Canal,Magellan Strait,americas_interocean,0.10432033719704951
2026-03-30,33.892857142857146,3.75,Panama Canal,Magellan Strait,americas_interocean,0.11064278187565858
2026-04-15,33.57142857142857,3.7857142857142856,Panama Canal,Magellan Strait,americas_interocean,0.1127659574468085
2026-05-28,34.57142857142857,4.571428571428571,Panama Canal,Magellan Strait,americas_interocean,0.1322314049586777
2026-06-05,33.285714285714285,4.142857142857143,Panama Canal,Magellan Strait,americas_interocean,0.12446351931330474
2026-06-07,33.07142857142857,4.178571428571429,Panama Canal,Magellan Strait,americas_interocean,0.12634989200863933
2026-06-13,31.285714285714285,4.464285714285714,Panama Canal,Magellan Strait,americas_interocean,0.14269406392694065
2026-07-23,32.964285714285715,5.25,Panama Canal,Magellan Strait,americas_interocean,0.15926327193932827
2026-08-10,29.607142857142858,5.071428571428571,Panama Canal,Magellan Strait,americas_interocean,0.17129071170084437
2019-01-06,32.0,2.8333333333333335,Panama Canal,Magellan Strait,americas_interocean,0.08854166666666667
2019-01-08,31.375,2.875,Panama Canal,Magellan Strait,americas_interocean,0.09163346613545817
2019-01-25,31.24,3.44,Panama Canal,Magellan Strait,americas_interocean,0.11011523687580026
2019-02-03,31.392857142857142,3.7857142857142856,Panama Canal,Magellan Strait,americas_interocean,0.12059158134243458
2019-02-14,32.107142857142854,3.892857142857143,Panama Canal,Magellan Strait,americas_interocean,0.12124582869855396
2019-02-28,31.5,3.6785714285714284,Panama Canal,Magellan Strait,americas_interocean,0.11678004535147392
2019-03-09,31.107142857142858,3.0,Panama Canal,Magellan Strait,americas_interocean,0.09644087256027555
2019-04-04,30.821428571428573,3.5,Panama Canal,Magellan Strait,americas_interocean,0.11355735805330243
2019-04-17,29.642857142857142,3.4285714285714284,Panama Canal,Magellan Strait,americas_interocean,0.11566265060240963
2019-04-29,30.714285714285715,3.607142857142857,Panama Canal,Magellan Strait,americas_interocean,0.11744186046511627
2019-05-11,31.107142857142858,3.8214285714285716,Panama Canal,Magellan Strait,americas_interocean,0.12284730195177956
2019-06-02,31.357142857142858,3.357142857142857,Panama Canal,Magellan Strait,americas_interocean,0.1070615034168565
2019-06-13,30.357142857142858,3.0357142857142856,Panama Canal,Magellan Strait,americas_interocean,0.09999999999999999
2019-06-20,30.142857142857142,2.8214285714285716,Panama Canal,Magellan Strait,americas_interocean,0.09360189573459717
2019-07-10,29.857142857142858,3.4642857142857144,Panama Canal,Magellan Strait,americas_interocean,0.1160287081339713
2019-07-21,30.357142857142858,3.5,Panama Canal,Magellan Strait,americas_interocean,0.11529411764705882
2019-07-25,30.25,3.3214285714285716,Panama Canal,Magellan Strait,americas_interocean,0.10979929161747344
2019-08-16,33.357142857142854,4.035714285714286,Panama Canal,Magellan Strait,americas_interocean,0.12098501070663813
2019-08-17,33.214285714285715,4.142857142857143,Panama Canal,Magellan Strait,americas_interocean,0.12473118279569893
2019-09-01,34.607142857142854,4.214285714285714,Panama Canal,Magellan Strait,americas_interocean,0.12177502579979362
2019-09-14,32.785714285714285,4.285714285714286,Panama Canal,Magellan Strait,americas_interocean,0.13071895424836602
2019-09-16,32.857142857142854,4.178571428571429,Panama Canal,Magellan Strait,americas_interocean,0.12717391304347828
2019-10-07,32.17857142857143,4.178571428571429,Panama Canal,Magellan Strait,americas_interocean,0.12985571587125416
2019-10-08,32.285714285714285,4.107142857142857,Panama Canal,Magellan Strait,americas_interocean,0.12721238938053098
2019-11-06,34.035714285714285,3.6785714285714284,Panama Canal,Magellan Strait,americas_interocean,0.1080797481636936
2019-12-02,34.75,3.607142857142857,Panama Canal,Magellan Strait,americas_interocean,0.10380267214799589
2019-12-04,34.92857142857143,3.642857142857143,Panama Canal,Magellan Strait,americas_interocean,0.10429447852760736
2019-12-07,34.714285714285715,3.5,Panama Canal,Magellan Strait,americas_interocean,0.10082304526748971
2020-01-04,32.42857142857143,3.5,Panama Canal,Magellan Strait,americas_interocean,0.1079295154185022
2020-01-06,32.285714285714285,3.5,Panama Canal,Magellan Strait,americas_interocean,0.1084070796460177
2020-01-17,32.0,3.0714285714285716,Panama Canal,Magellan Strait,americas_interocean,0.09598214285714286
2020-01-28,37.714285714285715,5.821428571428571,Panama Canal,Magellan Strait,americas_interocean,0.1543560606060606
2020-02-14,48.892857142857146,13.535714285714286,Panama Canal,Magellan Strait,americas_interocean,0.2768444119795471
2020-02-27,38.785714285714285,7.071428571428571,Panama Canal,Magellan Strait,americas_interocean,0.18232044198895028
2020-03-05,31.5,2.5357142857142856,Panama Canal,Magellan Strait,americas_interocean,0.08049886621315193
2020-03-06,31.571428571428573,2.5357142857142856,Panama Canal,Magellan Strait,americas_interocean,0.08031674208144796
2020-04-21,29.75,3.0,Panama Canal,Magellan Strait,americas_interocean,0.10084033613445378
2020-04-25,29.785714285714285,3.142857142857143,Panama Canal,Magellan Strait,americas_interocean,0.10551558752997602
2020-04-28,29.714285714285715,3.2857142857142856,Panama Canal,Magellan Strait,americas_interocean,0.11057692307692307
2020-05-13,29.142857142857142,3.2142857142857144,Panama Canal,Magellan Strait,americas_interocean,0.11029411764705883
2020-05-20,28.071428571428573,2.9642857142857144,Panama Canal,Magellan Strait,americas_interocean,0.10559796437659033
2020-05-23,27.464285714285715,3.142857142857143,Panama Canal,Magellan Strait,americas_interocean,0.11443433029908973
2020-05-30,26.535714285714285,3.25,Panama Canal,Magellan Strait,americas_interocean,0.1224764468371467
2020-05-31,26.392857142857142,3.142857142857143,Panama Canal,Magellan Strait,americas_interocean,0.11907983761840325
2020-06-06,26.071428571428573,3.142857142857143,Panama Canal,Magellan Strait,americas_interocean,0.12054794520547944
2020-06-24,26.357142857142858,2.642857142857143,Panama Canal,Magellan Strait,americas_interocean,0.10027100271002709
2020-07-06,26.035714285714285,2.6785714285714284,Panama Canal,Magellan Strait,americas_interocean,0.102880658436214
2020-07-22,27.357142857142858,2.9642857142857144,Panama Canal,Magellan Strait,americas_interocean,0.10835509138381201
2020-07-29,28.5,3.142857142857143,Panama Canal,Magellan Strait,americas_interocean,0.11027568922305764
2020-07-31,28.678571428571427,3.25,Panama Canal,Magellan Strait,americas_interocean,0.11332503113325032
2020-08-13,29.321428571428573,3.1785714285714284,Panama Canal,Magellan Strait,americas_interocean,0.10840438489646771
2020-09-05,30.0,3.3214285714285716,Panama Canal,Magellan Strait,americas_interocean,0.11071428571428572
2020-10-01,30.214285714285715,3.0357142857142856,Panama Canal,Magellan Strait,americas_interocean,0.10047281323877068
2020-10-02,30.357142857142858,2.9642857142857144,Panama Canal,Magellan Strait,americas_interocean,0.09764705882352942
2020-10-03,30.392857142857142,3.0,Panama Canal,Magellan Strait,americas_interocean,0.09870740305522914
2020-10-06,30.857142857142858,2.9642857142857144,Panama Canal,Magellan Strait,americas_interocean,0.09606481481481481
2020-10-15,31.428571428571427,3.4642857142857144,Panama Canal,Magellan Strait,americas_interocean,0.11022727272727274
2020-11-05,33.892857142857146,3.142857142857143,Panama Canal,Magellan Strait,americas_interocean,0.09272918861959957
2020-11-13,33.392857142857146,3.0357142857142856,Panama Canal,Magellan Strait,americas_interocean,0.0909090909090909
2021-01-04,33.42857142857143,2.5,Panama Canal,Magellan Strait,americas_interocean,0.07478632478632478
2021-01-16,32.642857142857146,3.107142857142857,Panama Canal,Magellan Strait,americas_interocean,0.09518599562363238
2021-01-26,32.67857142857143,3.0,Panama Canal,Magellan Strait,americas_interocean,0.09180327868852459
2021-01-30,32.964285714285715,2.9285714285714284,Panama Canal,Magellan Strait,americas_interocean,0.08884073672806066
2021-02-08,33.0,3.1785714285714284,Panama Canal,Magellan Strait,americas_interocean,0.09632034632034632
2021-02-15,32.892857142857146,2.5,Panama Canal,Magellan Strait,americas_interocean,0.0760043431053203
2021-02-17,32.82142857142857,2.5,Panama Canal,Magellan Strait,americas_interocean,0.07616974972796518
2021-02-23,33.142857142857146,2.7142857142857144,Panama Canal,Magellan Strait,americas_interocean,0.08189655172413793
2021-02-25,33.17857142857143,2.6785714285714284,Panama Canal,Magellan Strait,americas_interocean,0.08073196986006458
2021-03-07,33.285714285714285,2.75,Panama Canal,Magellan Strait,americas_interocean,0.08261802575107297
2021-03-14,33.75,2.6785714285714284,Panama Canal,Magellan Strait,americas_interocean,0.07936507936507936
2021-03-20,33.535714285714285,3.1785714285714284,Panama Canal,Magellan Strait,americas_interocean,0.09478168264110756
2021-03-21,33.357142857142854,3.0714285714285716,Panama Canal,Magellan Strait,americas_interocean,0.09207708779443256
2021-05-08,32.035714285714285,3.6785714285714284,Panama Canal,Magellan Strait,americas_interocean,0.11482720178372352
2021-05-31,31.357142857142858,3.607142857142857,Panama Canal,Magellan Strait,americas_interocean,0.11503416856492027
2021-07-04,31.107142857142858,3.892857142857143,Panama Canal,Magellan Strait,americas_interocean,0.12514351320321468
2021-08-11,34.92857142857143,5.035714285714286,Panama Canal,Magellan Strait,americas_interocean,0.1441717791411043
2021-08-26,33.75,5.25,Panama Canal,Magellan Strait,americas_interocean,0.15555555555555556
2021-09-01,33.107142857142854,4.892857142857143,Panama Canal,Magellan Strait,americas_interocean,0.14778856526429343
2021-09-06,32.32142857142857,4.928571428571429,Panama Canal,Magellan Strait,americas_interocean,0.15248618784530388
2021-10-14,29.785714285714285,4.678571428571429,Panama Canal,Magellan Strait,americas_interocean,0.15707434052757796
2021-11-12,33.5,4.285714285714286,Panama Canal,Magellan Strait,americas_interocean,0.1279317697228145
2021-11-14,33.67857142857143,4.321428571428571,Panama Canal,Magellan Strait,americas_interocean,0.1283138918345705
2021-12-05,35.82142857142857,4.071428571428571,Panama Canal,Magellan Strait,americas_interocean,0.11365902293120637
2021-12-20,36.142857142857146,4.214285714285714,Panama Canal,Magellan Strait,americas_interocean,0.11660079051383399
2022-01-04,34.464285714285715,3.642857142857143,Panama Canal,Magellan Strait,americas_interocean,0.10569948186528497
2022-01-11,33.964285714285715,3.75,Panama Canal,Magellan Strait,americas_interocean,0.11041009463722397
2022-01-18,33.642857142857146,3.5,Panama Canal,Magellan Strait,americas_interocean,0.10403397027600848
2022-01-24,33.17857142857143,3.392857142857143,Panama Canal,Magellan Strait,americas_interocean,0.10226049515608181
2022-01-25,33.214285714285715,3.5714285714285716,Panama Canal,Magellan Strait,americas_interocean,0.10752688172043011
2022-02-05,33.464285714285715,3.857142857142857,Panama Canal,Magellan Strait,americas_interocean,0.1152614727854856
2022-02-08,33.607142857142854,3.9285714285714284,Panama Canal,Magellan Strait,americas_interocean,0.11689691817215729
2022-02-14,34.07142857142857,4.0,Panama Canal,Magellan Strait,americas_interocean,0.11740041928721175
2022-02-15,33.82142857142857,4.071428571428571,Panama Canal,Magellan Strait,americas_interocean,0.12038014783526928
2022-02-20,34.07142857142857,4.25,Panama Canal,Magellan Strait,americas_interocean,0.12473794549266248
2022-02-27,34.464285714285715,4.464285714285714,Panama Canal,Magellan Strait,americas_interocean,0.12953367875647667
2022-03-01,34.57142857142857,4.428571428571429,Panama Canal,Magellan Strait,americas_interocean,0.12809917355371903
2022-03-03,34.714285714285715,4.5,Panama Canal,Magellan Strait,americas_interocean,0.12962962962962962
2022-03-11,34.285714285714285,4.428571428571429,Panama Canal,Magellan Strait,americas_interocean,0.12916666666666668
2022-03-12,34.142857142857146,4.392857142857143,Panama Canal,Magellan Strait,americas_interocean,0.12866108786610878
2022-03-26,33.5,4.071428571428571,Panama Canal,Magellan Strait,americas_interocean,0.12153518123667377
2022-04-02,32.67857142857143,3.8214285714285716,Panama Canal,Magellan Strait,americas_interocean,0.11693989071038251
2022-04-10,32.42857142857143,4.25,Panama Canal,Magellan Strait,americas_interocean,0.13105726872246695
2022-04-24,32.42857142857143,4.071428571428571,Panama Canal,Magellan Strait,americas_interocean,0.12555066079295152
2022-05-08,33.107142857142854,3.642857142857143,Panama Canal,Magellan Strait,americas_interocean,0.11003236245954694
2022-05-14,33.17857142857143,3.9285714285714284,Panama Canal,Magellan Strait,americas_interocean,0.11840688912809472
2022-05-16,33.357142857142854,3.9642857142857144,Panama Canal,Magellan Strait,americas_interocean,0.11884368308351179
2022-05-25,33.035714285714285,4.142857142857143,Panama Canal,Magellan Strait,americas_interocean,0.12540540540540543
2022-06-05,33.25,4.285714285714286,Panama Canal,Magellan Strait,americas_interocean,0.1288936627282492
2022-06-07,33.357142857142854,4.214285714285714,Panama Canal,Magellan Strait,americas_interocean,0.12633832976445397
2022-06-09,33.642857142857146,4.035714285714286,Panama Canal,Magellan Strait,americas_interocean,0.11995753715498937
2022-07-04,34.642857142857146,3.7142857142857144,Panama Canal,Magellan Strait,americas_interocean,0.10721649484536082
2022-07-10,33.57142857142857,3.392857142857143,Panama Canal,Magellan Strait,americas_interocean,0.10106382978723405
2022-07-16,32.785714285714285,3.7857142857142856,Panama Canal,Magellan Strait,americas_interocean,0.11546840958605664
2022-08-12,33.32142857142857,4.535714285714286,Panama Canal,Magellan Strait,americas_interocean,0.13612004287245444
2022-08-21,34.607142857142854,4.678571428571429,Panama Canal,Magellan Strait,americas_interocean,0.13519091847265224
2022-08-27,34.785714285714285,4.464285714285714,Panama Canal,Magellan Strait,americas_interocean,0.12833675564681726
2022-09-08,33.0,4.035714285714286,Panama Canal,Magellan Strait,americas_interocean,0.12229437229437229
2022-11-13,34.07142857142857,3.857142857142857,Panama Canal,Magellan Strait,americas_interocean,0.11320754716981132
2022-12-27,34.07142857142857,3.0,Panama Canal,Magellan Strait,americas_interocean,0.08805031446540881
2023-01-19,33.42857142857143,3.392857142857143,Panama Canal,Magellan Strait,americas_interocean,0.10149572649572648
2023-02-18,31.928571428571427,3.5357142857142856,Panama Canal,Magellan Strait,americas_interocean,0.11073825503355705
2023-03-02,32.107142857142854,3.7857142857142856,Panama Canal,Magellan Strait,americas_interocean,0.11790878754171302
2023-03-09,32.285714285714285,3.7857142857142856,Panama Canal,Magellan Strait,americas_interocean,0.1172566371681416
2023-03-13,32.5,3.857142857142857,Panama Canal,Magellan Strait,americas_interocean,0.11868131868131869
2023-04-05,33.142857142857146,4.071428571428571,Panama Canal,Magellan Strait,americas_interocean,0.12284482758620688
2023-04-06,33.214285714285715,4.035714285714286,Panama Canal,Magellan Strait,americas_interocean,0.12150537634408601
2023-04-22,33.82142857142857,3.892857142857143,Panama Canal,Magellan Strait,americas_interocean,0.11510031678986272
2023-05-08,33.107142857142854,4.285714285714286,Panama Canal,Magellan Strait,americas_interocean,0.12944983818770228
2023-06-19,30.607142857142858,3.8214285714285716,Panama Canal,Magellan Strait,americas_interocean,0.12485414235705951
2023-07-26,31.642857142857142,4.571428571428571,Panama Canal,Magellan Strait,americas_interocean,0.14446952595936793
2023-09-09,31.0,4.785714285714286,Panama Canal,Magellan Strait,americas_interocean,0.1543778801843318
2023-09-15,31.178571428571427,4.535714285714286,Panama Canal,Magellan Strait,americas_interocean,0.145475372279496
2023-10-03,30.964285714285715,3.9642857142857144,Panama Canal,Magellan Strait,americas_interocean,0.12802768166089964
2023-10-10,30.892857142857142,4.321428571428571,Panama Canal,Magellan Strait,americas_interocean,0.1398843930635838
2023-11-10,28.392857142857142,4.464285714285714,Panama Canal,Magellan Strait,americas_interocean,0.15723270440251574
2024-02-02,19.535714285714285,6.285714285714286,Panama Canal,Magellan Strait,americas_interocean,0.3217550274223035
2024-02-17,20.107142857142858,6.107142857142857,Panama Canal,Magellan Strait,americas_interocean,0.3037300177619893
2024-02-23,20.892857142857142,5.75,Panama Canal,Magellan Strait,americas_interocean,0.27521367521367524
2024-03-13,21.107142857142858,5.0,Panama Canal,Magellan Strait,americas_interocean,0.23688663282571912
2024-03-29,21.75,4.428571428571429,Panama Canal,Magellan Strait,americas_interocean,0.20361247947454844
2024-03-31,21.928571428571427,4.785714285714286,Panama Canal,Magellan Strait,americas_interocean,0.2182410423452769
2024-04-29,23.821428571428573,6.214285714285714,Panama Canal,Magellan Strait,americas_interocean,0.2608695652173913
2024-05-15,23.642857142857142,5.535714285714286,Panama Canal,Magellan Strait,americas_interocean,0.23413897280966767
2024-05-21,24.071428571428573,5.357142857142857,Panama Canal,Magellan Strait,americas_interocean,0.22255192878338276
2024-05-29,24.5,4.857142857142857,Panama Canal,Magellan Strait,americas_interocean,0.19825072886297374
2024-06-05,25.285714285714285,4.428571428571429,Panama Canal,Magellan Strait,americas_interocean,0.17514124293785313
2024-06-19,26.785714285714285,4.071428571428571,Panama Canal,Magellan Strait,americas_interocean,0.152
2024-06-22,27.321428571428573,4.142857142857143,Panama Canal,Magellan Strait,americas_interocean,0.1516339869281046
2024-07-19,28.142857142857142,4.428571428571429,Panama Canal,Magellan Strait,americas_interocean,0.15736040609137056
2024-08-06,28.535714285714285,5.0,Panama Canal,Magellan Strait,americas_interocean,0.17521902377972468
2024-08-29,29.678571428571427,4.428571428571429,Panama Canal,Magellan Strait,americas_interocean,0.1492178098676294
2024-09-04,30.607142857142858,4.214285714285714,Panama Canal,Magellan Strait,americas_interocean,0.13768961493582263
2024-09-05,30.5,4.107142857142857,Panama Canal,Magellan Strait,americas_interocean,0.13466042154566743
2024-09-16,30.785714285714285,4.75,Panama Canal,Magellan Strait,americas_interocean,0.154292343387471
2024-09-17,30.642857142857142,4.678571428571429,Panama Canal,Magellan Strait,americas_interocean,0.1526806526806527
2024-09-19,30.285714285714285,4.75,Panama Canal,Magellan Strait,americas_interocean,0.15683962264150944
2024-10-22,28.785714285714285,3.857142857142857,Panama Canal,Magellan Strait,americas_interocean,0.1339950372208437
2024-10-27,28.857142857142858,3.75,Panama Canal,Magellan Strait,americas_interocean,0.12995049504950495
2024-10-29,28.928571428571427,3.607142857142857,Panama Canal,Magellan Strait,americas_interocean,0.12469135802469136
2024-11-01,29.535714285714285,3.4285714285714284,Panama Canal,Magellan Strait,americas_interocean,0.11608222490931076
2025-01-20,30.642857142857142,3.6785714285714284,Panama Canal,Magellan Strait,americas_interocean,0.12004662004662005
2025-01-23,30.392857142857142,3.2857142857142856,Panama Canal,Magellan Strait,americas_interocean,0.1081081081081081
2025-02-13,30.142857142857142,3.6785714285714284,Panama Canal,Magellan Strait,americas_interocean,0.12203791469194313
2025-02-19,30.678571428571427,3.892857142857143,Panama Canal,Magellan Strait,americas_interocean,0.12689173457508732
2025-03-06,31.821428571428573,3.607142857142857,Panama Canal,Magellan Strait,americas_interocean,0.11335578002244669
2025-03-11,31.535714285714285,3.5357142857142856,Panama Canal,Magellan Strait,americas_interocean,0.11211778029445074
2025-03-22,31.607142857142858,3.5357142857142856,Panama Canal,Magellan Strait,americas_interocean,0.11186440677966102
2025-03-28,31.142857142857142,3.607142857142857,Panama Canal,Magellan Strait,americas_interocean,0.1158256880733945
2025-04-03,30.821428571428573,3.607142857142857,Panama Canal,Magellan Strait,americas_interocean,0.11703360370799536
2025-05-01,31.357142857142858,4.0,Panama Canal,Magellan Strait,americas_interocean,0.1275626423690205
2025-05-27,30.857142857142858,3.9285714285714284,Panama Canal,Magellan Strait,americas_interocean,0.1273148148148148
2025-05-29,30.25,3.857142857142857,Panama Canal,Magellan Strait,americas_interocean,0.12750885478158205
2025-06-03,29.714285714285715,3.8214285714285716,Panama Canal,Magellan Strait,americas_interocean,0.12860576923076925
2025-06-07,29.785714285714285,3.8214285714285716,Panama Canal,Magellan Strait,americas_interocean,0.12829736211031176
2025-06-27,29.642857142857142,4.178571428571429,Panama Canal,Magellan Strait,americas_interocean,0.14096385542168677
2025-07-09,30.607142857142858,4.821428571428571,Panama Canal,Magellan Strait,americas_interocean,0.15752625437572929
2025-08-02,31.678571428571427,5.464285714285714,Panama Canal,Magellan Strait,americas_interocean,0.17249154453213078
2025-08-11,30.821428571428573,5.178571428571429,Panama Canal,Magellan Strait,americas_interocean,0.16801853997682503
2025-08-20,30.392857142857142,4.678571428571429,Panama Canal,Magellan Strait,americas_interocean,0.1539365452408931
2025-08-27,31.321428571428573,4.642857142857143,Panama Canal,Magellan Strait,americas_interocean,0.14823261117445838
2025-09-05,31.142857142857142,4.571428571428571,Panama Canal,Magellan Strait,americas_interocean,0.14678899082568805
2025-09-19,31.535714285714285,4.392857142857143,Panama Canal,Magellan Strait,americas_interocean,0.13929784824462063
2025-11-02,32.142857142857146,3.2857142857142856,Panama Canal,Magellan Strait,americas_interocean,0.10222222222222221
2025-11-25,30.857142857142858,3.25,Panama Canal,Magellan Strait,americas_interocean,0.10532407407407407
2025-12-16,32.535714285714285,3.5357142857142856,Panama Canal,Magellan Strait,americas_interocean,0.10867178924259056
2025-12-26,32.214285714285715,3.607142857142857,Panama Canal,Magellan Strait,americas_interocean,0.11197339246119734
2026-01-27,30.928571428571427,3.357142857142857,Panama Canal,Magellan Strait,americas_interocean,0.10854503464203234
2026-02-10,30.714285714285715,3.142857142857143,Panama Canal,Magellan Strait,americas_interocean,0.10232558139534884
2026-03-05,33.464285714285715,2.75,Panama Canal,Magellan Strait,americas_interocean,0.08217716115261472
2026-03-15,34.0,2.9642857142857144,Panama Canal,Magellan Strait,americas_interocean,0.08718487394957984
2026-03-19,34.607142857142854,3.25,Panama Canal,Magellan Strait,americas_interocean,0.09391124871001033
2026-03-23,33.92857142857143,3.357142857142857,Panama Canal,Magellan Strait,americas_interocean,0.09894736842105263
2026-03-25,33.857142857142854,3.5357142857142856,Panama Canal,Magellan Strait,americas_interocean,0.10443037974683544
2026-04-21,34.25,3.75,Panama Canal,Magellan Strait,americas_interocean,0.10948905109489052
2026-05-21,35.107142857142854,4.857142857142857,Panama Canal,Magellan Strait,americas_interocean,0.13835198372329605
2026-06-22,29.607142857142858,4.428571428571429,Panama Canal,Magellan Strait,americas_interocean,0.14957780458383596
2026-06-25,29.357142857142858,4.607142857142857,Panama Canal,Magellan Strait,americas_interocean,0.15693430656934304
2026-06-27,29.428571428571427,4.642857142857143,Panama Canal,Magellan Strait,americas_interocean,0.15776699029126215
2026-07-02,29.928571428571427,4.928571428571429,Panama Canal,Magellan Strait,americas_interocean,0.16467780429594273
2026-07-06,30.071428571428573,5.107142857142857,Panama Canal,Magellan Strait,americas_interocean,0.169833729216152
2019-01-28,31.321428571428573,3.5714285714285716,Panama Canal,Magellan Strait,americas_interocean,0.11402508551881414
2019-03-01,31.285714285714285,3.392857142857143,Panama Canal,Magellan Strait,americas_interocean,0.1084474885844749
2019-03-12,31.571428571428573,3.0714285714285716,Panama Canal,Magellan Strait,americas_interocean,0.09728506787330317
2019-03-13,31.857142857142858,3.107142857142857,Panama Canal,Magellan Strait,americas_interocean,0.09753363228699552
2019-03-28,31.535714285714285,3.0714285714285716,Panama Canal,Magellan Strait,americas_interocean,0.09739524348810873
2019-03-29,31.5,3.2857142857142856,Panama Canal,Magellan Strait,americas_interocean,0.10430839002267574
2019-04-14,29.678571428571427,3.4285714285714284,Panama Canal,Magellan Strait,americas_interocean,0.11552346570397112
2019-05-01,30.642857142857142,3.642857142857143,Panama Canal,Magellan Strait,americas_interocean,0.11888111888111888
2019-05-22,31.5,3.607142857142857,Panama Canal,Magellan Strait,americas_interocean,0.1145124716553288
2019-06-06,31.142857142857142,3.2857142857142856,Panama Canal,Magellan Strait,americas_interocean,0.1055045871559633
2019-07-04,29.964285714285715,3.3214285714285716,Panama Canal,Magellan Strait,americas_interocean,0.11084624553039332
2019-07-09,29.928571428571427,3.392857142857143,Panama Canal,Magellan Strait,americas_interocean,0.11336515513126492
2019-07-18,30.142857142857142,3.607142857142857,Panama Canal,Magellan Strait,americas_interocean,0.11966824644549763
2019-10-09,32.42857142857143,4.0,Panama Canal,Magellan Strait,americas_interocean,0.12334801762114536
2019-10-20,32.892857142857146,3.9642857142857144,Panama Canal,Magellan Strait,americas_interocean,0.12052117263843648
2019-10-23,33.214285714285715,3.75,Panama Canal,Magellan Strait,americas_interocean,0.11290322580645161
2019-11-03,34.07142857142857,3.607142857142857,Panama Canal,Magellan Strait,americas_interocean,0.1058700209643606
2019-11-17,34.107142857142854,3.7857142857142856,Panama Canal,Magellan Strait,americas_interocean,0.11099476439790576
2019-11-19,34.357142857142854,3.75,Panama Canal,Magellan Strait,americas_interocean,0.10914760914760915
2019-11-29,34.75,3.7142857142857144,Panama Canal,Magellan Strait,americas_interocean,0.10688591983556013
2020-01-19,31.785714285714285,3.0714285714285716,Panama Canal,Magellan Strait,americas_interocean,0.09662921348314607
2020-01-22,32.142857142857146,2.9285714285714284,Panama Canal,Magellan Strait,americas_interocean,0.0911111111111111
2020-02-22,48.32142857142857,13.464285714285714,Panama Canal,Magellan Strait,americas_interocean,0.278640059127864
2020-03-01,31.678571428571427,2.642857142857143,Panama Canal,Magellan Strait,americas_interocean,0.0834272829763247
2020-04-11,30.285714285714285,3.142857142857143,Panama Canal,Magellan Strait,americas_interocean,0.10377358490566038
2020-05-18,28.571428571428573,3.142857142857143,Panama Canal,Magellan Strait,americas_interocean,0.10999999999999999
2020-05-24,27.321428571428573,3.142857142857143,Panama Canal,Magellan Strait,americas_interocean,0.11503267973856209
2020-06-02,26.071428571428573,3.1785714285714284,Panama Canal,Magellan Strait,americas_interocean,0.12191780821917807
2020-06-07,26.25,3.0714285714285716,Panama Canal,Magellan Strait,americas_interocean,0.11700680272108845
2020-06-08,26.178571428571427,3.0,Panama Canal,Magellan Strait,americas_interocean,0.11459754433833562
2020-07-20,27.071428571428573,2.892857142857143,Panama Canal,Magellan Strait,americas_interocean,0.10686015831134564
2020-08-19,29.928571428571427,3.2857142857142856,Panama Canal,Magellan Strait,americas_interocean,0.10978520286396182
2020-10-26,33.464285714285715,3.0357142857142856,Panama Canal,Magellan Strait,americas_interocean,0.09071504802561366
2020-11-06,34.035714285714285,3.1785714285714284,Panama Canal,Magellan Strait,americas_interocean,0.09338929695697797
2020-11-18,32.607142857142854,3.0714285714285716,Panama Canal,Magellan Strait,americas_interocean,0.0941949616648412
2020-12-03,33.107142857142854,2.9642857142857144,Panama Canal,Magellan Strait,americas_interocean,0.08953613807982741
2020-12-28,33.857142857142854,2.75,Panama Canal,Magellan Strait,americas_interocean,0.08122362869198313
2021-01-09,32.92857142857143,2.5357142857142856,Panama Canal,Magellan Strait,americas_interocean,0.07700650759219088
2021-01-21,32.42857142857143,3.107142857142857,Panama Canal,Magellan Strait,americas_interocean,0.09581497797356828
2021-01-29,32.82142857142857,2.9642857142857144,Panama Canal,Magellan Strait,americas_interocean,0.09031556039173015
2021-02-07,33.107142857142854,3.2142857142857144,Panama Canal,Magellan Strait,americas_interocean,0.09708737864077671
2021-02-28,33.035714285714285,2.75,Panama Canal,Magellan Strait,americas_interocean,0.08324324324324324
2021-03-09,33.42857142857143,2.607142857142857,Panama Canal,Magellan Strait,americas_interocean,0.07799145299145299
2021-04-04,32.75,3.357142857142857,Panama Canal,Magellan Strait,americas_interocean,0.1025081788440567
2021-04-12,32.392857142857146,3.4285714285714284,Panama Canal,Magellan Strait,americas_interocean,0.10584343991179712
2021-04-30,32.214285714285715,3.5357142857142856,Panama Canal,Magellan Strait,americas_interocean,0.1097560975609756
2021-05-06,31.75,3.4642857142857144,Panama Canal,Magellan Strait,americas_interocean,0.10911136107986502
2021-05-13,31.5,3.5714285714285716,Panama Canal,Magellan Strait,americas_interocean,0.11337868480725624
2021-05-22,30.964285714285715,4.0,Panama Canal,Magellan Strait,americas_interocean,0.12918108419838523
2021-05-25,31.25,3.9642857142857144,Panama Canal,Magellan Strait,americas_interocean,0.12685714285714286
2021-06-06,31.285714285714285,3.4285714285714284,Panama Canal,Magellan Strait,americas_interocean,0.1095890410958904
2021-09-03,32.857142857142854,5.035714285714286,Panama Canal,Magellan Strait,americas_interocean,0.1532608695652174
2021-09-05,32.42857142857143,5.0,Panama Canal,Magellan Strait,americas_interocean,0.1541850220264317
2021-09-17,30.178571428571427,4.25,Panama Canal,Magellan Strait,americas_interocean,0.14082840236686392
2021-09-21,29.571428571428573,4.357142857142857,Panama Canal,Magellan Strait,americas_interocean,0.1473429951690821
2021-10-29,32.392857142857146,4.607142857142857,Panama Canal,Magellan Strait,americas_interocean,0.14222712238147736
2021-11-08,33.714285714285715,4.607142857142857,Panama Canal,Magellan Strait,americas_interocean,0.13665254237288135
2021-11-20,33.785714285714285,4.214285714285714,Panama Canal,Magellan Strait,americas_interocean,0.12473572938689219
2021-11-21,33.964285714285715,4.107142857142857,Panama Canal,Magellan Strait,americas_interocean,0.120925341745531
2021-12-02,35.464285714285715,3.892857142857143,Panama Canal,Magellan Strait,americas_interocean,0.10976837865055387
2021-12-14,36.535714285714285,3.8214285714285716,Panama Canal,Magellan Strait,americas_interocean,0.10459433040078202
2021-12-24,35.75,4.107142857142857,Panama Canal,Magellan Strait,americas_interocean,0.11488511488511488
2021-12-29,35.285714285714285,3.9642857142857144,Panama Canal,Magellan Strait,americas_interocean,0.11234817813765183
2022-01-15,33.607142857142854,3.4642857142857144,Panama Canal,Magellan Strait,americas_interocean,0.10308182784272052
2022-01-16,33.57142857142857,3.6785714285714284,Panama Canal,Magellan Strait,americas_interocean,0.10957446808510639
2022-02-06,33.5,3.8214285714285716,Panama Canal,Magellan Strait,americas_interocean,0.1140724946695096
2022-03-06,34.67857142857143,4.571428571428571,Panama Canal,Magellan Strait,americas_interocean,0.13182286302780638
2022-04-06,32.75,3.892857142857143,Panama Canal,Magellan Strait,americas_interocean,0.11886586695747
2022-04-11,32.464285714285715,4.142857142857143,Panama Canal,Magellan Strait,americas_interocean,0.1276127612761276
2022-04-28,32.607142857142854,4.107142857142857,Panama Canal,Magellan Strait,americas_interocean,0.12595837897042717
2022-05-09,33.035714285714285,3.7857142857142856,Panama Canal,Magellan Strait,americas_interocean,0.11459459459459459
2022-05-29,33.25,4.035714285714286,Panama Canal,Magellan Strait,americas_interocean,0.12137486573576799
2022-06-04,33.17857142857143,4.321428571428571,Panama Canal,Magellan Strait,americas_interocean,0.13024757804090417
2022-06-20,34.785714285714285,3.607142857142857,Panama Canal,Magellan Strait,americas_interocean,0.10369609856262835
2022-08-05,32.285714285714285,4.571428571428571,Panama Canal,Magellan Strait,americas_interocean,0.1415929203539823
2022-08-25,34.892857142857146,4.321428571428571,Panama Canal,Magellan Strait,americas_interocean,0.12384851586489251
2022-09-13,32.82142857142857,4.285714285714286,Panama Canal,Magellan Strait,americas_interocean,0.1305767138193689
2022-10-13,32.035714285714285,3.7857142857142856,Panama Canal,Magellan Strait,americas_interocean,0.11817168338907469
2022-10-15,32.07142857142857,4.178571428571429,Panama Canal,Magellan Strait,americas_interocean,0.13028953229398665
2022-10-22,32.535714285714285,4.178571428571429,Panama Canal,Magellan Strait,americas_interocean,0.12843029637760703
2022-12-02,33.464285714285715,3.9285714285714284,Panama Canal,Magellan Strait,americas_interocean,0.11739594450373532
2022-12-10,33.392857142857146,3.8214285714285716,Panama Canal,Magellan Strait,americas_interocean,0.1144385026737968
2023-01-11,33.464285714285715,3.0357142857142856,Panama Canal,Magellan Strait,americas_interocean,0.09071504802561366
2023-01-29,32.82142857142857,3.5357142857142856,Panama Canal,Magellan Strait,americas_interocean,0.10772578890097932
2023-02-05,32.642857142857146,3.5,Panama Canal,Magellan Strait,americas_interocean,0.10722100656455141
2023-02-13,32.357142857142854,3.357142857142857,Panama Canal,Magellan Strait,americas_interocean,0.10375275938189847
2023-03-23,32.857142857142854,3.9642857142857144,Panama Canal,Magellan Strait,americas_interocean,0.12065217391304349
2023-03-29,33.035714285714285,3.75,Panama Canal,Magellan Strait,americas_interocean,0.11351351351351352
2023-06-09,31.142857142857142,3.8214285714285716,Panama Canal,Magellan Strait,americas_interocean,0.12270642201834864
2023-06-16,31.107142857142858,3.75,Panama Canal,Magellan Strait,americas_interocean,0.12055109070034443
2023-08-08,31.285714285714285,4.321428571428571,Panama Canal,Magellan Strait,americas_interocean,0.13812785388127855
2023-08-29,30.928571428571427,4.571428571428571,Panama Canal,Magellan Strait,americas_interocean,0.14780600461893764
2023-09-18,31.392857142857142,4.214285714285714,Panama Canal,Magellan Strait,americas_interocean,0.1342434584755404
2023-09-21,31.214285714285715,4.392857142857143,Panama Canal,Magellan Strait,americas_interocean,0.14073226544622428
2023-09-23,31.214285714285715,4.142857142857143,Panama Canal,Magellan Strait,americas_interocean,0.13272311212814647
2023-09-27,31.142857142857142,4.0,Panama Canal,Magellan Strait,americas_interocean,0.12844036697247707
2023-11-07,28.857142857142858,4.75,Panama Canal,Magellan Strait,americas_interocean,0.1646039603960396
2023-11-15,27.285714285714285,4.392857142857143,Panama Canal,Magellan Strait,americas_interocean,0.16099476439790578
2023-11-19,26.464285714285715,4.535714285714286,Panama Canal,Magellan Strait,americas_interocean,0.17139001349527663
2023-11-25,24.714285714285715,4.142857142857143,Panama Canal,Magellan Strait,americas_interocean,0.1676300578034682
2023-12-15,22.392857142857142,5.571428571428571,Panama Canal,Magellan Strait,americas_interocean,0.24880382775119617
2023-12-30,21.428571428571427,7.107142857142857,Panama Canal,Magellan Strait,americas_interocean,0.33166666666666667
2024-01-10,21.035714285714285,7.142857142857143,Panama Canal,Magellan Strait,americas_interocean,0.33955857385398985
2024-02-28,20.928571428571427,5.75,Panama Canal,Magellan Strait,americas_interocean,0.2747440273037543
2024-03-04,20.571428571428573,5.178571428571429,Panama Canal,Magellan Strait,americas_interocean,0.2517361111111111
2024-04-07,22.857142857142858,4.857142857142857,Panama Canal,Magellan Strait,americas_interocean,0.21249999999999997
2024-05-20,24.357142857142858,5.464285714285714,Panama Canal,Magellan Strait,americas_interocean,0.22434017595307917
2024-05-23,24.464285714285715,5.25,Panama Canal,Magellan Strait,americas_interocean,0.2145985401459854
2024-05-27,24.285714285714285,4.892857142857143,Panama Canal,Magellan Strait,americas_interocean,0.20147058823529415
2024-07-03,27.357142857142858,3.9642857142857144,Panama Canal,Magellan Strait,americas_interocean,0.14490861618798956
2024-07-04,27.321428571428573,4.035714285714286,Panama Canal,Magellan Strait,americas_interocean,0.14771241830065357
2024-07-20,28.178571428571427,4.535714285714286,Panama Canal,Magellan Strait,americas_interocean,0.16096324461343473
2024-08-03,28.571428571428573,5.107142857142857,Panama Canal,Magellan Strait,americas_interocean,0.17874999999999996
2024-08-16,28.75,4.5,Panama Canal,Magellan Strait,americas_interocean,0.1565217391304348
2024-08-22,28.607142857142858,4.321428571428571,Panama Canal,Magellan Strait,americas_interocean,0.15106117353308363
2024-09-10,30.75,4.464285714285714,Panama Canal,Magellan Strait,americas_interocean,0.14518002322880372
2024-11-29,31.035714285714285,3.392857142857143,Panama Canal,Magellan Strait,americas_interocean,0.1093210586881473
2024-11-30,31.142857142857142,3.4285714285714284,Panama Canal,Magellan Strait,americas_interocean,0.11009174311926605
2024-12-05,30.964285714285715,3.4285714285714284,Panama Canal,Magellan Strait,americas_interocean,0.1107266435986159
2024-12-16,30.142857142857142,3.5,Panama Canal,Magellan Strait,americas_interocean,0.11611374407582939
2024-12-21,31.0,3.392857142857143,Panama Canal,Magellan Strait,americas_interocean,0.10944700460829493
2025-01-15,31.321428571428573,3.75,Panama Canal,Magellan Strait,americas_interocean,0.11972633979475485
2025-02-07,30.035714285714285,3.6785714285714284,Panama Canal,Magellan Strait,americas_interocean,0.12247324613555291
2025-04-02,30.857142857142858,3.5357142857142856,Panama Canal,Magellan Strait,americas_interocean,0.11458333333333333
2025-04-10,31.321428571428573,3.7857142857142856,Panama Canal,Magellan Strait,americas_interocean,0.12086659064994298
2025-05-15,30.678571428571427,4.357142857142857,Panama Canal,Magellan Strait,americas_interocean,0.1420256111757858
2025-05-22,30.678571428571427,4.107142857142857,Panama Canal,Magellan Strait,americas_interocean,0.13387660069848661
2025-06-01,29.678571428571427,3.857142857142857,Panama Canal,Magellan Strait,americas_interocean,0.12996389891696752
2025-06-02,29.642857142857142,3.8214285714285716,Panama Canal,Magellan Strait,americas_interocean,0.12891566265060242
2025-06-25,29.25,4.178571428571429,Panama Canal,Magellan Strait,americas_interocean,0.14285714285714288
2025-08-12,30.678571428571427,5.321428571428571,Panama Canal,Magellan Strait,americas_interocean,0.17345750873108265
2025-08-30,31.178571428571427,4.392857142857143,Panama Canal,Magellan Strait,americas_interocean,0.14089347079037803
2025-09-02,31.0,4.571428571428571,Panama Canal,Magellan Strait,americas_interocean,0.14746543778801843
2025-10-14,32.07142857142857,3.7857142857142856,Panama Canal,Magellan Strait,americas_interocean,0.11804008908685969
2025-10-26,32.25,3.6785714285714284,Panama Canal,Magellan Strait,americas_interocean,0.1140642303433001
2025-11-07,32.0,3.5714285714285716,Panama Canal,Magellan Strait,americas_interocean,0.11160714285714286
2025-12-22,32.75,3.5357142857142856,Panama Canal,Magellan Strait,americas_interocean,0.1079607415485278
2026-01-03,30.678571428571427,3.6785714285714284,Panama Canal,Magellan Strait,americas_interocean,0.119906868451688
2026-02-12,30.714285714285715,2.9285714285714284,Panama Canal,Magellan Strait,americas_interocean,0.09534883720930232
2026-02-14,30.607142857142858,3.0714285714285716,Panama Canal,Magellan Strait,americas_interocean,0.10035005834305719
2026-02-17,30.821428571428573,3.107142857142857,Panama Canal,Magellan Strait,americas_interocean,0.10081112398609501
2026-02-18,30.821428571428573,3.107142857142857,Panama Canal,Magellan Strait,americas_interocean,0.10081112398609501
2026-03-04,33.32142857142857,2.75,Panama Canal,Magellan Strait,americas_interocean,0.08252947481243302
2026-03-16,34.142857142857146,3.0714285714285716,Panama Canal,Magellan Strait,americas_interocean,0.0899581589958159
2026-03-17,34.17857142857143,3.142857142857143,Panama Canal,Magellan Strait,americas_interocean,0.09195402298850575
2026-04-01,33.67857142857143,4.035714285714286,Panama Canal,Magellan Strait,americas_interocean,0.11983032873806998
2026-04-10,33.392857142857146,4.0,Panama Canal,Magellan Strait,americas_interocean,0.11978609625668449
2026-04-13,33.392857142857146,3.892857142857143,Panama Canal,Magellan Strait,americas_interocean,0.11657754010695186
2026-05-01,34.964285714285715,3.607142857142857,Panama Canal,Magellan Strait,americas_interocean,0.10316649642492338
2026-05-08,35.75,4.285714285714286,Panama Canal,Magellan Strait,americas_interocean,0.11988011988011987
2026-06-17,29.678571428571427,4.464285714285714,Panama Canal,Magellan Strait,americas_interocean,0.15042117930204574
2026-07-04,29.928571428571427,4.928571428571429,Panama Canal,Magellan Strait,americas_interocean,0.16467780429594273
2026-08-11,29.642857142857142,4.857142857142857,Panama Canal,Magellan Strait,americas_interocean,0.16385542168674697
